game_id,screen_title_en,screen_title_native,cover_title_en,cover_title_native,release_date
powerslave,1999,,Seireki 1999: Pharaoh no Fukkatsu,西暦1999 ファラオの復活,1996-11-29
2taxgold,2Tax Gold,,2Tax Gold,2Tax Gold ニタックスゴールド,1997-01-17
3dbaseball,3D Baseball: The Majors,,3D Baseball: The Majors,3D Baseball: The Majors 3Dベースボール ザ・メジャー,1997-01-31
3dlemmings,3D Lemmings,,3D Lemmings,3D Lemmings 3Dレミングス,1996-08-23
3x3eyeskyuuseikoushu,3x3 Eyes: Kyūsei Kōshu,3x3 Eyes 吸精公主,3x3 Eyes: Kyūsei Kōshu S,3x3 Eyes サザンアイズ 吸精公主 S,1996-04-19
3x3eyeskyuuseikoushu,3x3 Eyes: Kyūsei Kōshu,3x3 Eyes 吸精公主,3x3 Eyes: Kyūsei Kōshu S,3x3 Eyes サザンアイズ 吸精公主 S,1996-04-19
3x3eyeskyuuseikoushu,3x3 Eyes: Kyūsei Kōshu,3x3 Eyes 吸精公主,3x3 Eyes: Kyūsei Kōshu S (Special CD-ROM),3x3 Eyes サザンアイズ 吸精公主 S (スペシャル CD-ROM),1996-04-19
6inchmydarling,6 Inch My Darling,6インチまいだーりん,6 Inch My Darling,6インチまいだーりん,1998-12-23
actuagolf,Actua Golf,Actua Golf アクチャー ゴルフ,Actua Golf,Actua Golf アクチャーゴルフ,1997-04-04
actuasoccer,Actua Soccer,Actua Soccer アクチャー・サッカー,Actua Soccer,Actua Soccer アクチャーサッカー,1996-10-04
advancedvg,Advanced V.G. Variable Geo,Advanced V.G. ヴァリアブル・ジオ,Advanced V.G. Variable Geo,Advanced V.G. ヴァリアブル・ジオ,1997-03-14
advancedvg,Advanced V.G. Variable Geo,Advanced V.G. ヴァリアブル・ジオ,Advanced V.G. Variable Geo,Advanced V.G. ヴァリアブル・ジオ,1997-03-14
advancedworldwarsennenteikokunokouboulotm,Advanced World War: Sennen Teikoku no Kōbō: Last of the Millennium,Advanced World War 千年帝国の興亡 Last of the Millennium,Advanced World War 千年帝国の興亡 Last of the Millennium アドバンスド ワールド ウォー 千年帝国の興亡,,1997-03-20
advancedworldwarsennenteikokunokouboulotm,Advanced World War: Sennen Teikoku no Kōbō: Last of the Millennium,Advanced World War 千年帝国の興亡 Last of the Millennium,Advanced World War 千年帝国の興亡 Last of the Millennium アドバンスド ワールド ウォー 千年帝国の興亡,,1998-02-11
afterburner2,After Burner II,,SEGA Ages: After Burner II,SEGA Ages: After Burner II アフターバーナーII,1996-09-27
aiigo,AI Igo,AI囲碁,AI Igo,AI囲碁,1997-07-11
goodislandcafe,Ai Iijima: Good Island Cafe,,Ai Iijima Interactive Video Clip: Good Island Cafe,,1996-09-27
aishougi,AI Shōgi,AI将棋,AI Shōgi,AI将棋,1995-08-25
aishougi2,AI Shōgi 2,AI将棋2,AI Shōgi 2,AI将棋2,1998-06-11
airmanagement96,Air Management '96,Air Management '96 エアーマネジメント,Air Management '96,Air Management '96 エアーマネジメント,1996-03-26
airmanagement96,Air Management '96,Air Management '96 エアーマネジメント,Air Management '96,Air Management '96 エアーマネジメント,1998-04-09
airsadventure,AirsAdventure,,AirsAdventure,,1996-12-20
akumajoudraculaxgekkanoyasoukyoku,Akumajō Dracula X: Gekka no Yasōkyoku,悪魔城ドラキュラX 月下の夜想曲,Akumajō Dracula X: Gekka no Yasōkyoku,悪魔城ドラキュラX 月下の夜想曲,1998-06-25
albertodysseygaidenlegendofeldean,Albert Odyssey Gaiden: Legend of Eldean,Albert Odyssey 外伝 Legend of Eldean,Albert Odyssey Gaiden: Legend of Eldean,Albert Odyssey アルバート オデッセイ 外伝 Legend of Eldean,1996-08-09
albertodysseygaidenlegendofeldean,Albert Odyssey Gaiden: Legend of Eldean,Albert Odyssey 外伝 Legend of Eldean,Albert Odyssey Gaiden: Legend of Eldean (Shokai Press Gentei),Albert Odyssey アルバート オデッセイ 外伝 Legend of Eldean (初回プレス限定),1996-08-09
albertodysseygaidenlegendofeldean,Albert Odyssey Gaiden: Legend of Eldean,Albert Odyssey 外伝 Legend of Eldean,Albert Odyssey Gaiden: Legend of Eldean,Albert Odyssey アルバート オデッセイ 外伝 Legend of Eldean,1997-06-20
albumclubmunekyunsaintpauliajogakuin,Album Club: Mune Kyun: St. Paulia Jogakuin,アルバム倶楽部 胸キュン セントポーリア女学院,Album Club: Mune Kyun: St. Paulia Jogakuin,アルバム倶楽部 胸キュン セントポーリア女学院,1997-07-11
ateliermariesalburgnorenkinjutsushi,Alchemist Atelier Marie,Alchemist Atelier Marie マリーのアトリエ,Alchemist Atelier Marie Ver. 1.3: Salburg no Renkinjutsushi,Alchemist Atelier Marie マリーのアトリエ Ver.1.3 ザールブルグの錬金術士,1997-12-11
alientrilogy,Alien Trilogy,,Alien Trilogy,Alien Trilogy エイリアントリロジー,1996-08-30
aloneinthedark2,Alone in the Dark 2,,Alone in the Dark 2,Alone in the Dark 2 アローン・イン・ザ・ダーク2,1996-02-23
amagishien,Amagi Shien,天城紫苑,Amagi Shien,天城紫苑,1997-02-14
americaoudanultraquiz,America Ōdan Ultra Quiz,アメリカ横断ウルトラクイズ,America Ōdan Ultra Quiz,アメリカ横断ウルトラクイズ,1995-10-27
amok,A+M+O+K,,A+M+O+K,,1997-06-20
seiyamonogatariafs,AnEarth Fantasy Stories: The First Volume,,AnEarth Fantasy Stories: The First Volume,AnEarth Fantasy Stories エイナス ファンタジー ストーリーズ The First Volume,1997-03-28
angelgraffitianataenoprofile,Angel Graffiti S: Anata e no Profile,エンジェルグラフィティS あなたへのプロフィール,Angel Graffiti S: Anata e no Profile,エンジェルグラフィティS あなたへのプロフィール,1997-07-25
angelparadisevol1sakakiyukokoinoyokaninhollywood,Angel Paradise Vol. 1: Sakaki Yuko: Koi no Yokan in Hollywood,Angel Paradise Vol.1 坂木優子 恋の予感 in Hollywood,Angel Paradise Vol. 1: Sakaki Yuko: Koi no Yokan in Hollywood,Angel Paradise Vol.1 坂木優子 恋の予感 in Hollywood,1996-04-19
angelparadisevol2yoshinokimikaisshoniitaiinhawaii,Angel Paradise Vol. 2: Yoshino Kimika: Isshoni I・ta・i in Hawaii,Angel Paradise Vol. 2 吉野公佳 いっしょにい・た・い in Hawaii,Angel Paradise Vol. 2: Yoshino Kimika: Isshoni I・ta・i in Hawaii,Angel Paradise Vol. 2 吉野公佳 いっしょにい・た・い in Hawaii,1996-09-13
angeliqueduet,Angelique Duet,アンジェリーク デュエット,Angelique Duet,アンジェリーク デュエット,1998-07-30
angeliqueduet,Angelique Duet,アンジェリーク デュエット,Angelique Duet (Premium Box),アンジェリーク デュエット (プレミアム Box),1998-07-30
angelique,Angelique Special,アンジェリーク Special,Angelique Special,アンジェリーク Special,1996-03-29
angelique,Angelique Special,アンジェリーク Special,Angelique Special (Premium Box),アンジェリーク Special (プレミアム Box),1996-10-04
angelique,Angelique Special,アンジェリーク Special,Angelique Special (Premium Pack),アンジェリーク Special (プレミアムパック),1997-11-20
angeliquespecial2,Angelique Special 2,アンジェリーク Special 2,Angelique Special 2,アンジェリーク Special 2,1997-04-04
angeliquespecial2,Angelique Special 2,アンジェリーク Special 2,Angelique Special 2 (Premium Box),アンジェリーク Special 2 (プレミアム Box),1997-04-04
anothermemories,Another Memories,,Another Memories,,1998-07-02
aquaworldumimonogatari,AquaWorld: Umi Monogatari,AquaWorld 海美物語,Aqua-World: Umi Monogatari,Aqua-World 海美物語,1996-07-12
aquazonedesktoplife,Aquazone: Desktop Life,,Aquazone: Desktop Life,,1996-07-12
aquazonedesktoplifeoptiondiscseries1angelfish,Aquazone: Desktop Life,,Aquazone: Desktop Life Option Disc Series 1: Angel Fish,Aquazone: Desktop Life Option Disc Series 1 オプションナンバー1 Angel Fish,1996-12-20
aquazonedesktoplifeoptiondiscseries2blackmolly,Aquazone: Desktop Life,,Aquazone: Desktop Life Option Disc Series 2: Black Molly,Aquazone: Desktop Life Option Disc Series 2 オプションナンバー2 Black Molly,1996-12-20
aquazonedesktoplifeoptiondiscseries3blueemperor,Aquazone: Desktop Life,,Aquazone: Desktop Life Option Disc Series 3: Blue Emperor,Aquazone: Desktop Life Option Disc Series 3 オプションナンバー3 Blue Emperor,1996-12-20
aquazonedesktoplifeoptiondiscseries4clownloach,Aquazone: Desktop Life,,Aquazone: Desktop Life Option Disc Series 4: Clown Loach,Aquazone: Desktop Life Option Disc Series 4 オプションナンバー4 Clown Loach,1996-12-20
aquazonedesktoplifeoptiondiscseries5falserummynose,Aquazone: Desktop Life,,Aquazone: Desktop Life Option Disc Series 5: False Rummy-Nose,Aquazone: Desktop Life Option Disc Series 5 オプションナンバー5 False Rummy-Nose,1996-12-20
arcanastrikes,Arcana Strikes,Arcana Strikes アルカナ・ストライクス,Arcana Strikes,Arcana Strikes アルカナ・ストライクス,1997-12-11
area51,Area 51,,Area 51,Area 51 エリア51,1997-02-07
sidandalsincredibletoons,Arthur to Astaroth no Nazo Makaimura: Incredible Toons,アーサーとアスタロトの謎魔界村 Nazomakaimura: Incredible Toons,Arthur to Astaroth no Nazo Makaimura: Incredible Toons,アーサーとアスタロトの謎魔界村 Nazomakaimura: Incredible Toons インクレディブル トゥーンズ,1996-08-30
assaultrigs,Assault Rigs,Assault Rigs アサルト リグス,Assault Rigs,Assault Rigs アサルト リグス,1997-09-11
assaultsuitleynos2,Assault Suit Leynos 2,,Assault Suit Leynos 2,,1997-02-21
astrasuperstars,Astra Superstars,Astra Superstars アストラスーパースターズ,Astra Superstars,Astra Superstars アストラスーパースターズ,1998-08-06
asuka120limitedburningfest,Asuka 120% Limited: Burning Fest. Limited,あすか120%リミテッド Burning Fest. Limited,Asuka 120% Limited: Burning Fest. Limited,あすか120%リミテッド Burning Fest. Limited,1997-10-09
ayakashinindenkunoichiban,Ayakashi Ninden Kunoichiban Plus,あやかし忍伝くの一番プラス,Ayakashi Ninden Kunoichiban Plus,あやかし忍伝くの一番プラス,1998-04-09
ayakashinindenkunoichiban,Ayakashi Ninden Kunoichiban Plus,あやかし忍伝くの一番プラス,Ayakashi Ninden Kunoichiban Plus,あやかし忍伝くの一番プラス,1998-04-09
ayrtonsennapersonaltalkmessageforthefuture,Ayrton Senna Personal Talk: Message for the Future,,Ayrton Senna Personal Talk: Message for the Future,Ayrton Senna Personal Talk アイルトン・セナ パーソナルトーク Message for the Future,1995-04-28
azelpanzerdragoonrpg,Azel: Panzer Dragoon RPG,Azel: Panzer Dragoon RPG アゼル パンツァードラグーン,Azel: Panzer Dragoon RPG,Azel: Panzer Dragoon RPG アゼル パンツァードラグーン,1998-01-29
azelpanzerdragoonrpg,Azel: Panzer Dragoon RPG,Azel: Panzer Dragoon RPG アゼル パンツァードラグーン,Azel: Panzer Dragoon RPG,Azel: Panzer Dragoon RPG アゼル パンツァードラグーン,1998-01-29
azelpanzerdragoonrpg,Azel: Panzer Dragoon RPG,Azel: Panzer Dragoon RPG アゼル パンツァードラグーン,Azel: Panzer Dragoon RPG,Azel: Panzer Dragoon RPG アゼル パンツァードラグーン,1998-01-29
azelpanzerdragoonrpg,Azel: Panzer Dragoon RPG,Azel: Panzer Dragoon RPG アゼル パンツァードラグーン,Azel: Panzer Dragoon RPG,Azel: Panzer Dragoon RPG アゼル パンツァードラグーン,1998-01-29
azelpanzerdragoonrpg,Azel: Panzer Dragoon RPG,Azel: Panzer Dragoon RPG アゼル パンツァードラグーン,Azel: Panzer Dragoon RPG,Azel: Panzer Dragoon RPG アゼル パンツァードラグーン,1998-01-29
azelpanzerdragoonrpg,Azel: Panzer Dragoon RPG,Azel: Panzer Dragoon RPG アゼル パンツァードラグーン,Azel: Panzer Dragoon RPG,Azel: Panzer Dragoon RPG アゼル パンツァードラグーン,1998-01-29
backguineryomigaeruyuushatachikakuseihenguinertensei,BackGuiner: Yomigaeru Yūsha-tachi: Kakusei-hen 「Guiner Tensei」,バックガイナー よみがえる勇者たち 覚醒編「ガイナー転生」,BackGuiner: Yomigaeru Yūsha-tachi: Kakusei-hen 「Guiner Tensei」,バックガイナー よみがえる勇者たち 覚醒編「ガイナー転生」,1998-07-30
backguineryomigaeruyuushatachikakuseihenguinertensei,BackGuiner: Yomigaeru Yūsha-tachi: Kakusei-hen 「Guiner Tensei」,バックガイナー よみがえる勇者たち 覚醒編「ガイナー転生」,BackGuiner: Yomigaeru Yūsha-tachi: Kakusei-hen 「Guiner Tensei」,バックガイナー よみがえる勇者たち 覚醒編「ガイナー転生」,1998-07-30
backguineryomigaeruyuushatachihishouhenuragirinosenjou,BackGuiner: Yomigaeru Yūsha-tachi: Hishō-hen 「Uragiri no Senjō」,バックガイナー よみがえる勇者たち 飛翔編「うらぎりの戦場」,BackGuiner: Yomigaeru Yūsha-tachi: Hishō-hen 「Uragiri no Senjō」,バックガイナー よみがえる勇者たち 飛翔編「うらぎりの戦場」,1998-10-01
backguineryomigaeruyuushatachihishouhenuragirinosenjou,BackGuiner: Yomigaeru Yūsha-tachi: Hishō-hen 「Uragiri no Senjō」,バックガイナー よみがえる勇者たち 飛翔編「うらぎりの戦場」,BackGuiner: Yomigaeru Yūsha-tachi: Hishō-hen 「Uragiri no Senjō」,バックガイナー よみがえる勇者たち 飛翔編「うらぎりの戦場」,1998-10-01
bakubakuanimal,Baku Baku Animal: Sekai Shiikugakari Senshuken,ばくばくアニマル 世界飼育係選手権,Baku Baku Animal: Sekai Shiikugakari Senshuken,ばくばくアニマル 世界飼育係選手権,1995-11-10
bakubakuanimal,Baku Baku Animal: Sekai Shiikugakari Senshuken,ばくばくアニマル 世界飼育係選手権,Baku Baku Animal: Sekai Shiikugakari Senshuken,ばくばくアニマル 世界飼育係選手権,1997-04-25
bakuretsuhunter,Bakuretsu Hunter,爆れつハンター,Bakuretsu Hunter,爆れつハンター,1996-04-26
bakuretsuhunter,Bakuretsu Hunter,爆れつハンター,Bakuretsu Hunter (Omake CD),爆れつハンター (おまけCD),1996-04-26
bakuretsuhunterr,Bakuretsu Hunter R,爆れつハンターR,Bakuretsu Hunter R,爆れつハンターR,1997-08-08
bakushouallyoshimotoquizouketteisendx,Bakushō!! All Yoshimoto Quiz-ō Kettei-sen DX,爆笑!! オール吉本クイズ王決定戦DX デラックス,Bakushō!! All Yoshimoto Quiz-ō Kettei-sen DX,爆笑!! オール吉本クイズ王決定戦DX デラックス,1995-12-01
baldyland,Baldy Land,ボールディランド,Baldy Land,ボールディランド,1998-11-26
baroque,Baroque,Baroque バロック,Baroque,,1998-05-21
batmanforeverac,Batman Forever,,Batman Forever: The Arcade Game,バットマンフォーエヴァー・ジ・アーケードゲーム Batman Forever: The Arcade Game,1997-02-14
batsugun,Batsugun,,Batsugun,Batsugun バツグン,1996-10-25
battleathletessdaiundoukai,Battle Athletess Daiundōkai,Battle Athletess バトルアスリーテス 大運動会,Battle Athletess Daiundōkai,Battle Athletess バトルアスリーテス 大運動会,1996-12-13
battlegaregga,Battle Garegga,,Battle Garegga,Battle Garegga バトルガレッガ,1998-02-26
battlemonsters,Battle Monsters,,Battle Monsters,Battle Monsters バトルモンスターズ,1995-06-02
beachdereach,Beach de Reach!,海辺でリーチ!,Beach de Reach!,海辺でリーチ!,1998-08-20
bigichigekipachislodaikouryakuuniversalmuseum,Big Ichigeki! PachiSlo Daikōryaku: Universal Museum,ビッグ一撃! パチスロ大攻略 ユニバーサル・ミュージアム,Big Ichigeki! PachiSlo Daikōryaku: Universal Museum,ビッグ一撃! パチスロ大攻略 ユニバーサル・ミュージアム,1996-06-14
bigichigekipachislodaikouryakuuniversalmuseum,Big Ichigeki! PachiSlo Daikōryaku: Universal Museum,ビッグ一撃! パチスロ大攻略 ユニバーサル・ミュージアム,Big Ichigeki! PachiSlo Daikōryaku: Universal Museum,ビッグ一撃! パチスロ大攻略 ユニバーサル・ミュージアム,
bigthankssuperkeirindreamwithkeirin50years,Big Thanks: Super Keirin: Dream with Keirin 50 Years,,Big Thanks: Super Keirin: Dream with Keirin 50 Years,,1998
biohazard,Bio Hazard,,Bio Hazard,Bio Hazard バイオ ハザード,1997-07-25
bishoujohanafudakikoumichinokuhitoukoimonogatarispecial,Bishōjo Hanafuda Kikō: Michinoku Hitō Koi Monogatari Special,美少女花札紀行 みちのく秘湯恋物語 Michinoku Hitou Koi Monogatari Special,Bishōjo Hanafuda Kikō: Michinoku Hitō Koi Monogatari Special,美少女花札紀行 みちのく秘湯恋物語 Michinoku Hitou Koi Monogatari Special,1997-12-11
bishoujosenshisailormoonsuperszeninsankashuyakusoudatsusen,Bishōjo Senshi Sailor Moon SuperS: Various Emotion,美少女戦士セーラームーンSuperS Various Emotion,Bishōjo Senshi Sailor Moon SuperS: Various Emotion,美少女戦士セーラームーンSuperS Various Emotion,1996-11-29
bishoujovarietygamerapyuluspanic,Bishōjo Variety Game: Rapyulus Panic,美少女バラエティゲーム ラピュラスパニック,Bishōjo Variety Game: Rapyulus Panic,美少女バラエティゲーム ラピュラスパニック,1996-04-26
blackdawn,Black Dawn,,Black Dawn,,1997-04-25
blackmatrix,Black/Matrix,,Black/Matrix,Black/Matrix ブラック マトリクス,1998-08-27
blackmatrix,Black/Matrix,,Black/Matrix,Black/Matrix ブラック マトリクス,1998-11-06
blackmatrix,Black/Matrix,,Black/Matrix,Black/Matrix ブラック マトリクス,1999-09-02
blackfire,Black Fire,,Black Fire,Black Fire ブラックファイアー,1995-12-22
blammachinehead,Blam Machinehead,,Blam! Machinehead,,1997-05-23
blastwind,Blast Wind,,Blast Wind,Blast Wind ブラストウインド,1997-01-17
loaded,Blood Factory,Blood Factory ブラッドファクトリー,Blood Factory,Blood Factory ブラッドファクトリー,1996-11-29
bluebreakerkenyorimohohoemiwo,Blue Breaker: Ken yori mo Hohoemi wo,Blue Breaker ブルーブレイカー 剣よりも微笑みを,Blue Breaker: Ken yori mo Hohoemi wo,Blue Breaker ブルーブレイカー 剣よりも微笑みを,1997-11-27
blueseedkushinadahirokuden,Blue Seed: Kushinada Hirokuden,Blue Seed ブルーシード 奇稲田秘録伝,Blue Seed: Kushinada Hirokuden,Blue Seed ブルーシード 奇稲田秘録伝,1995-06-23
bodyspecial264girlsinmotionpuzzlevol2,Body Special 264: Girls in Motion Puzzle Vol.2,,Body Special 264: Girls in Motion Puzzle Vol.2,,1996-08-02
bombermanwars,Bomberman Wars,,Bomberman Wars,Bomberman Wars ボンバーマンウォーズ,1998-04-16
boukenkatsugekimonomono,Bōken Katsugeki Monomono,冒険活劇モノモノ,Bōken Katsugeki Monomono,冒険活劇モノモノ,1997-07-24
brainbattleq,Brain Battle Q,,Brain Battle Q,Brain Battle Q ブレインバトルQ,1996-03-15
braindead13,Brain Dead 13,,Brain Dead 13,,1996-10-10
breakpoint,Break Point,Break Point ブレイクポイント,Break Point,Break Point ブレイクポイント,1997-06-27
breakthruzoo,BreakThru!,,BreakThru!,BreakThru! ブレイク スルー,1995-09-22
bubblesymphony,Bubble Symphony,Bubble Symphony バブルシンフォニー,Bubble Symphony,Bubble Symphony バブルシンフォニー,1997-11-27
bug,Bug! Jump Shite‚ Funzukechatte‚ Petchanko,Bug! ジャンプして、ふんづけちゃって、ぺっちゃんこ,Bug! Jump Shite‚ Funzukechatte‚ Petchanko,Bug! バグ! ジャンプして、ふんづけちゃって、ぺっちゃんこ,1995-12-08
bugtoo,Bug Too! Motto Motto Jump Shite‚ Funzukechatte‚ Petchanko,Bug Too! もっともっとジャンプして、ふんづけちゃって、ぺっちゃんこ,Bug Too! Motto Motto Jump Shite‚ Funzukechatte‚ Petchanko,Bug Too! バグ・トゥー! もっともっとジャンプして、ふんづけちゃって、ぺっちゃんこ Jump'em Stomp'em Squash'em,1997-01-31
bulkslash,Bulk Slash,,Bulk Slash,Bulk Slash バルク スラッシュ,1997-07-11
bulkslash,Bulk Slash,,Bulk Slash,Bulk Slash バルク スラッシュ,1998-08-20
burningrangers,Burning Rangers,,Burning Rangers,Burning Rangers バーニングレンジャー,1998-02-26
cancanbunnyextra,Can Can Bunny Extra,きゃんきゃん★バニー エクストラ Can Can Bunny,Can Can Bunny Extra,きゃんきゃん★バニー エクストラ Can Can Bunny,1997-10-02
cancanbunnypremiere,Can Can Bunny Premiere,Can Can Bunny きゃんきゃん★バニー プルミエール,Can Can Bunny Premiere,きゃんきゃんバニー プルミエール Can Can Bunny,1996-04-05
cancanbunnypremiere,Can Can Bunny Premiere,Can Can Bunny きゃんきゃん★バニー プルミエール,Can Can Bunny Premiere (Thank You Soft),きゃんきゃんバニー プルミエール Can Can Bunny (サンキューソフト),1996-12-13
cancanbunnypremiere2,Can Can Bunny Premiere 2,Can Can Bunny きゃんきゃん★バニー プルミエール2,Can Can Bunny Premiere 2,Can Can Bunny きゃんきゃん★バニー プルミエール2,1996-12-20
cancanbunnypremiere2,Can Can Bunny Premiere 2,Can Can Bunny きゃんきゃん★バニー プルミエール2,Can Can Bunny Premiere 2 (Can Bani Himekuri Calendar),Can Can Bunny きゃんきゃん★バニー プルミエール2 (きゃんバニ　日めくりカレンダー),1996-12-20
cancanbunnypremiere2,Can Can Bunny Premiere 2,Can Can Bunny きゃんきゃん★バニー プルミエール2,Can Can Bunny Premiere 2 (Thank You Soft),Can Can Bunny きゃんきゃん★バニー プルミエール2 (サンキューソフト),1997-08-01
cancanbunnypremiere2,Can Can Bunny Premiere 2,Can Can Bunny きゃんきゃん★バニー プルミエール2,Can Can Bunny Premiere 2 (Can Bani Himekuri Calendar) (Hibaihin),Can Can Bunny きゃんきゃん★バニー プルミエール2 (きゃんバニ　日めくりカレンダー) (非売品),1996-12-20
capcomgeneration1,CAPCOM Generation: Dai-1-shū Gekitsuiō no Jidai,CAPCOM Generation 第1集 撃墜王の時代,CAPCOM Generation: Dai-1-shū Gekitsuiō no Jidai,CAPCOM Generation カプコン ジェネレーション 第1集 撃墜王の時代,1998-08-27
capcomgeneration2,CAPCOM Generation: Dai-2-shū Makai to Kishi,CAPCOM Generation 第2集 魔界と騎士,CAPCOM Generation: Dai-2-shū Makai to Kishi,CAPCOM Generation カプコン ジェネレーション 第2集 魔界と騎士,1998-09-23
capcomgeneration3,CAPCOM Generation: Dai-3-shū Koko ni Rekishi Hajimaru,CAPCOM Generation 第3集 ここに歴史はじまる,CAPCOM Generation: Dai-3-shū Koko ni Rekishi Hajimaru,CAPCOM Generation カプコン ジェネレーション 第3集 ここに歴史はじまる,1998-10-15
capcomgeneration4,CAPCOM Generation: Dai-4-shū Kokō no Eiyū,CAPCOM Generation 第4集 孤高の英雄,CAPCOM Generation: Dai-4-shū Kokō no Eiyū,CAPCOM Generation カプコン ジェネレーション 第4集 孤高の英雄,1998-11-12
capcomgeneration5,CAPCOM Generation: Dai-5-shū Kakutōka-tachi,CAPCOM Generation 第5集 格闘家たち,CAPCOM Generation: Dai-5-shū Kakutōka-tachi,CAPCOM Generation カプコン ジェネレーション 第5集 格闘家たち,1998-12-03
casper,Casper,Casper キャスパー,Casper,Casper キャスパー,1997-04-25
cattheripper13ninmenotanteishi,Cat the Ripper: 13-ninme no Tanteishi,Cat the Ripper: 13人目の探偵士,Cat the Ripper: 13-ninme no Tanteishi,Cat the Ripper キャット・ザ・リパー 13人目の探偵士,1997-07-18
cebuisland96mahjongkyoujidai,Cebu Island '96: Mahjong-kyō Jidai,Cebu Island '96 麻雀狂時代,Cebu Island '96: Mahjong-kyō Jidai,Cebu Island セブアイランド '96 麻雀狂時代,1996-07-19
cebuisland96mahjongkyoujidai,Cebu Island '96: Mahjong-kyō Jidai,Cebu Island '96 麻雀狂時代,Cebu Island '96: Mahjong-kyō Jidai (Omake Disk),Cebu Island セブアイランド '96 麻雀狂時代 (おまけDisk),1996-07-19
chaoscontrol,Chaos Control,,Chaos Control,Chaos Control カオスコントロール,1995-12-29
chaoscontrol,Chaos Control,,Chaos Control Remix,カオスコントロール リミックス Chaos Control Remix,1996-11-22
chibimarukochannotaisenpuzzledama,Chibi Maruko-chan no Taisen Puzzle-dama,ちびまる子ちゃんの対戦ぱずるだま,Chibi Maruko-chan no Taisen Puzzle-dama,ちびまる子ちゃんの対戦ぱずるだま,1995-12-15
choroqpark,Choro Q Park,チョロQパーク,Choro Q Park,チョロQパーク,1998-03-26
choroqpark,Choro Q Park,チョロQパーク,Choro Q Park,チョロQパーク,1999-03-11
chouanikikyuukyokumutekigingasaikyouotoko,Chō Aniki: Kyūkyoku... Otoko no Gyakushū!,超兄貴 究極…男の逆襲!,Chō Aniki: Kyūkyoku... Otoko no Gyakushū,超兄貴 究極…男の逆襲,1996-03-29
christmasnightsintodreams,Christmas NiGHTS into Dreams...,,Christmas NiGHTS into Dreams... (Tōki Genteiban),Christmas NiGHTS クリスマスナイツ into Dreams... (冬季限定版),1996-11-22
civilization,Civilization,Sid Meier's Civilization,Civilization: Shin Sekai Shichidai Bunmei,Sid Meier's Civilization シヴィライゼーション 新・世界七大文明,1997-05-02
cleopatrafortune,Cleopatra Fortune,Cleopatra Fortune クレオパトラ フォーチュン,Cleopatra Fortune,Cleopatra Fortune クレオパトラ フォーチュン,1997-02-14
clockwerx,ClockWerx,クロックワークス,ClockWerx,クロックワークス,1996-08-09
clockworkknightpepperouchaunofukubukuro,Clockwork Knight: Pepperouchau no Fukubukuro,Clockwork Knight ペパルーチョの福袋,Clockwork Knight: Pepperouchau no Fukubukuro (Gentei Hatsubai),Clockwork Knight クロックワークナイト ペパルーチョの福袋 (限定発売),1995-12-15
clockworkknightpepperouchausadventure,Clockwork Knight: Pepperouchau's Adventure,,Clockwork Knight: Pepperouchau no Daibōken・Jōkan,Clockwork Knight: Pepperouchau's Adventure クロックワークナイト ペパルーチョの大冒険・上巻,1994-12-09
clockworkknightpepperouchausadventure2,Clockwork Knight: Pepperouchau's Adventure,,Clockwork Knight: Pepperouchau no Daibōken・Gekan,Clockwork Knight: Pepperouchau's Adventure クロックワークナイト ペパルーチョの大冒険・下巻,1995-07-28
coder,Code R,,Code R,Code R コード・アール,1998-07-09
segaagescolumnsarcadecollection,Columns: Arcade Collection,,SEGA Ages: Columns Arcade Collection,SEGA Ages: Columns Arcade Collection コラムス アーケードコレクション,1997-10-30
commandandconquer,Command & Conquer,,Command & Conquer (GDI Disc),Command & Conquer コマンド&コンカー (GDI ディスク),1997-04-25
commandandconquer,Command & Conquer,,Command & Conquer (NOD Disc),Command & Conquer コマンド&コンカー (NOD ディスク),1997-04-25
commandandconquer,Command & Conquer,,Command & Conquer (GDI Disc),Command & Conquer コマンド&コンカー (GDI ディスク),1998-03-12
commandandconquer,Command & Conquer,,Command & Conquer (NOD Disc),Command & Conquer コマンド&コンカー (NOD ディスク),1998-03-12
couriercrisis,Courier Crisis: The Saga of the Modern Fatalist,,Courier Crisis,Courier Crisis クーリエ・クライシス,1998-03-26
creatureshock,Creature Shock,,Creature Shock,,1996-01-19
creatureshock,Creature Shock,,Creature Shock,,1996-01-19
crimewave,Crimewave,,Crimewave,Crimewave クライムウェーブ,1997-06-27
criticom,Criticom: The Critical Combat,,Criticom: The Critical Combat,Criticom ザ・クリティカル コンバット,1997-02-28
croclegendofthegobbos,Croc! Pau-Pau Island,クロック! パウパウアイランド,Croc! Pau-Pau Island,クロック! パウパウアイランド,1997-12-19
crossromancekoitomahjongtohanafudato,Cross Romance: Koi to Mahjong to Hanafuda to,Cross Romance クロス・ロマンス 恋と麻雀と花札と,Cross Romance: Koi to Mahjong to Hanafuda to,Cross Romance クロス・ロマンス 恋と麻雀と花札と,1997-10-09
crosstanteimonogatarimotsuretananatsunolabyrinth,Cross Tantei Monogatari,X クロス探偵物語,Cross Tantei Monogatari: Motsureta Nanatsu no Labyrinth,X クロス探偵物語 もつれた７つのラビリンス,1998-06-25
crosstanteimonogatarimotsuretananatsunolabyrinth,Cross Tantei Monogatari,X クロス探偵物語,Cross Tantei Monogatari: Motsureta Nanatsu no Labyrinth,X クロス探偵物語 もつれた７つのラビリンス,1998-06-25
crowsthebattleactionforsegasaturn,Crows: The Battle Action for SegaSaturn,クローズ Crows: The Battle Action for SegaSaturn,Crows: The Battle Action for SegaSaturn,クローズ Crows: The Battle Action for SegaSaturn,1997-12-18
cubebattlerstoryofanna,Cube Battler: Story of Anna,,Cube Battler: Story of Anna,Cube Battler: Story of Anna キューブバトラー アンナ未来編,1997-05-23
cubebattlerstoryofshou,Cube Battler: Story of Shou,,Cube Battler: Story of Shou,Cube Battler: Story of Shou キューブバトラー デバッガー翔編,1997-02-28
cubicgalleryedyanddisy,Cubic Gallery: Edy & Disy,Cubic Gallery キュービックギャラリー Edy & Disy,Cubic Gallery: Edy & Disy,Cubic Gallery キュービックギャラリー Edy & Disy,1996-05-17
culdcept,Culdcept,,Culdcept,Culdcept カルドセプト,1997-10-30
culdcept,Culdcept,,Culdcept,Culdcept カルドセプト,1998-10-22
cyberdoll,Cyber Doll,Cyber Doll サイバードール,Cyber Doll,Cyber Doll サイバードール,1996-08-09
cyberdoll,Cyber Doll,Cyber Doll サイバードール,Cyber Doll (Fukkokuban),Cyber Doll サイバードール (復刻版),1997-06-06
cyberbots,Cyberbots: FullMetal Madness,,Cyberbots: FullMetal Madness,Cyberbots サイバーボッツ FullMetal Madness,1997-03-28
cyberbots,Cyberbots: FullMetal Madness,,Cyberbots: FullMetal Madness (Chō Genteiban: The Limited Edition),Cyberbots サイバーボッツ FullMetal Madness (超 限定版 The Limited Edition),1997-03-28
cyberia,Cyberia,サイベリア Cyberia,Cyberia,サイベリア Cyberia,1996-02-16
dnoshokutaku,D no Shokutaku,Dの食卓,D no Shokutaku,Dの食卓,1995-07-28
dnoshokutaku,D no Shokutaku,Dの食卓,D no Shokutaku,Dの食卓,1995-07-28
dnoshokutaku,D no Shokutaku,Dの食卓,D no Shokutaku,Dの食卓,1997-06-20
dnoshokutaku,D no Shokutaku,Dの食卓,D no Shokutaku,Dの食卓,1997-06-20
dxhird,D-Xhird,D-Xhird ディ・サード,D-Xhird,D-Xhird ディ・サード,1997-05-30
dxhird,D-Xhird,D-Xhird ディ・サード,D-Xhird,D-Xhird ディ・サード,1997-05-30
daiboukensaintelmosnokiseki,Daibōken: Great Adventure: Saint Elmos no Kiseki,大冒険 Great Adventure セントエルモスの奇跡,Daibōken: Great Adventure: Saint Elmos no Kiseki,大冒険 Great Adventure セントエルモスの奇跡,1996-04-19
daikoukaijidai,Daikōkai Jidai Gaiden,大航海時代外伝,Daikōkai Jidai Gaiden,大航海時代外伝,1998-01-29
daikoukaijidai2,Daikōkai Jidai II,大航海時代II,Daikōkai Jidai II,大航海時代II,1997-03-28
daikoukaijidai2,Daikōkai Jidai II,大航海時代II,Daikōkai Jidai II (Premium Pack) (Campaign Genteiban),大航海時代II (プレミアムパック) (キャンペーン 限定版),1997-03-28
daisenryakustrongstyle,Daisenryaku: Strong Style,大戦略 Strong Style,Daisenryaku: Strong Style,大戦略 Strong Style,1997-06-27
daisukeasakuramediaromancer,Daisuke Asakura: MediaROMancer,,MediaROMancer: DA: Daisuke Asakura,,1996-03-01
daisuki,Daisuki,だいすき♥ Daisuki,Daisuki,だいすき♥ Daisuki,1997-07-04
daisuki,Daisuki,だいすき♥ Daisuki,Daisuki Special,だいすき♥ Special,1997-07-04
daitoride,Daitoride,大牌砦 Daitoride,Daitoride,大牌砦 Daitoride,1996-06-28
dariusgaiden,Darius Gaiden,Darius 外伝 Gaiden,Darius Gaiden,Darius 外伝 Gaiden,1995-12-15
dariusgaiden,Darius Gaiden,Darius 外伝 Gaiden,Darius Gaiden,Darius 外伝 Gaiden,1995-12-15
darius2,Darius II,,Darius II,,1996-06-07
darkhuntergeyoumanomori,Dark Hunter: (Ge) Yōma no Mori,Dark Hunter ダークハンター ㊦妖魔の森,Dark Hunter: (Ge) Yōma no Mori,Dark Hunter ダークハンター ㊦妖魔の森,1997-05-30
darkhunterjouijigengakuen,Dark Hunter: (Jō) Ijigen Gakuen,Dark Hunter ダークハンター ㊤異次元学園,Dark Hunter: (Jō) Ijigen Gakuen,Dark Hunter ダークハンター ㊤異次元学園,1997-04-04
darksavior,Dark Savior,Dark Savior ダークセイバー,Dark Savior,Dark Savior ダークセイバー,1996-08-30
darkseed2,Dark Seed II,,Dark Seed II,Dark Seed II ダークシード II,1997-08-29
darkseed,Darkseed,,Darkseed,Darkseed ダークシード,1995-07-07
daytonausa,Daytona USA,,Daytona USA,Daytona USA デイトナUSA,1995-04-01
daytonausa,Daytona USA: Circuit Edition,,Daytona USA: Circuit Edition,Daytona USA: Circuit Edition デイトナUSA サーキット エディション,1997-01-24
deadoralive,Dead or Alive,,Dead or Alive,Dead or Alive デッド オア アライブ,1997-10-09
deadoralive,Dead or Alive,,Dead or Alive (Gentei Seisanban),Dead or Alive デッド オア アライブ (限定生産版),1997-10-09
deadoralive,Dead or Alive,,Dead or Alive,Dead or Alive デッド オア アライブ,
deadalus,Deadalus,,Deadalus,Deadalus ダイダロス,1995-03-24
deadalus,Deadalus,,Deadalus,Deadalus ダイダロス,1995-03-24
deadalus,Deadalus,,Deadalus,Deadalus ダイダロス,1995-03-24
deathcrimson,Death Crimson,,Death Crimson,Death Crimson デスクリムゾン,1996-08-09
deaththrottlekakuzetsutoshikaranodasshutsu,Death Throttle,,Death Throttle: Kakuzetsu Toshi kara no Dasshutsu,Death Throttle デススロットル 隔絶都市からの脱出,1996-07-12
angeldevoidfaceoftheenemy,DeathMask,,DeathMask,DeathMask デスマスク,1996-02-16
angeldevoidfaceoftheenemy,DeathMask,,DeathMask,DeathMask デスマスク,1996-02-16
angeldevoidfaceoftheenemy,DeathMask,,DeathMask,DeathMask デスマスク,1996-02-16
decathlete,DecAthlete,DecAthlete デカスリート,DecAthlete,DecAthlete デカスリート,1996-07-12
decathlete,DecAthlete,DecAthlete デカスリート,DecAthlete,DecAthlete デカスリート,1996-07-12
decathlete,DecAthlete,DecAthlete デカスリート,DecAthlete,DecAthlete デカスリート,
decathlete,DecAthlete,DecAthlete デカスリート,DecAthlete,DecAthlete デカスリート,1997-06-20
decathlete,DecAthlete,DecAthlete デカスリート,DecAthlete for SegaNet,DecAthlete for SegaNet デカスリート フォーセガネット,1997
deepfear,Deep Fear,,Deep Fear,Deep Fear ディープ フィアー,1998-07-16
deepfear,Deep Fear,,Deep Fear,Deep Fear ディープ フィアー,1998-07-16
defcon5,Defcon 5,,Defcon 5,,1996-05-31
dejigaquaworld,DeJig: Aqua World,,DeJig: Aqua World,,1997-04-25
dejiglassenartcollection,DeJig: Lassen: Art Collection,,DeJig: Lassen: Art Collection,DeJig: Lassen: Art Collection デジグ ラッセン アートコレクション,1997-12-04
dejigmcknightartcollection,DeJig: McKnight: Art Collection,,DeJig: McKnight: Art Collection,DeJig: McKnight: Art Collection デジグ マックナイト アートコレクション,1997-12-04
dejigtintoy,DeJig: Tin Toy,,DeJig: Tin Toy,,1997-04-25
hardcore4x4,Deka 4-ku: Tough the Truck,Deka 4駆 Tough the Truck,Deka 4-ku: Tough the Truck,Deka 4駆 Tough the Truck,1997-05-02
delisobadeluxe,Delisoba Deluxe,デリソバ デラックス,Delisoba Deluxe (Hibaihin),デリソバ デラックス (非売品),1998
dennousenkivirtualon,Dennō Senki: Virtual On: Cyber Troopers,電脳戦機 Virtual On: Cyber Troopers バーチャロン,Dennō Senki: Virtual On: Cyber Troopers,電脳戦機 Virtual On: Cyber Troopers 電脳戦機バーチャロン,1996-11-29
dennousenkivirtualon,Dennō Senki: Virtual On: Cyber Troopers for SegaNet,電脳戦機 Virtual On: Cyber Troopers バーチャロン for SegaNet,Dennō Senki: Virtual On: Cyber Troopers for SegaNet,電脳戦機 Virtual On: Cyber Troopers for SegaNet 電脳戦機バーチャロン フォー　セガネット,1996-12-31
denpashounentekigame,Denpa Shōnen-teki Game,電波少年的ゲーム,Denpa Shōnen-teki Game,電波少年的ゲーム,1997
denpashounentekigame,Denpa Shōnen-teki Game,電波少年的ゲーム,Denpa Shōnen-teki Game,電波少年的ゲーム,1998-03-05
denpashounentekigame2,Denpa Shōnen-teki Game 2,電波少年的ゲーム2,Denpa Shōnen-teki Game 2,電波少年的ゲーム2,1997
densetsunoogrebattle,Densetsu no Ogre Battle,伝説のオウガバトル Ogre Battle,Densetsu no Ogre Battle: Ogre Battle Saga Episode Five: The March of the Black Queen,伝説のオウガバトル Ogre Battle Saga Episode Five: The March of the Black Queen,1996-11-01
denshadego,Densha de Go! EX,電車でGo! EX,Densha de Go! EX,電車でGo! EX,1998-10-01
derbyanalyst,Derby Analyst,ダ～ビ～アナリスト,Derby Analyst,ダ～ビ～アナリスト,1997-05-30
derbystallion,Derby Stallion,ダービースタリオン Derby Stallion,Derby Stallion,ダービースタリオン Derby Stallion,1999-03-25
deroonderodero,Deroon Dero Dero,でろ～んでろでろ,Deroon Dero Dero,でろ～んでろでろ,1996-01-26
desire,Desire,,Desire,Desire デザイア,1997-09-11
desire,Desire,,Desire,Desire デザイア,1997-09-11
desire,Desire,,Desire (Premium Pack),Desire デザイア (Premium Pack),1998-02-26
desire,Desire,,Desire (Premium Pack),Desire デザイア (Premium Pack),1998-02-26
destructionderby,Destruction Derby,,Destruction Derby,,1996-09-20
detanatwinbeeyahhodeluxepack,Detana Twinbee Yahho! Deluxe Pack,出たなツインビーヤッホー! Deluxe Pack,Detana Twinbee Yahho! Deluxe Pack,出たなツインビーヤッホー! Deluxe Pack,1995-09-29
devicereign,Devicereign,Devicereign デバイスレイン,Devicereign,Devicereign デバイスレイン,1999-02-25
devilsummonersoulhackers,Devil Summoner: Soul Hackers,デビルサマナー ソウル ハッカーズ Soul Hackers,Devil Summoner: Soul Hackers,デビルサマナー ソウル ハッカーズ Soul Hackers,1997-11-13
devilsummonersoulhackers,Devil Summoner: Soul Hackers,デビルサマナー ソウル ハッカーズ Soul Hackers,Devil Summoner: Soul Hackers,デビルサマナー ソウル ハッカーズ Soul Hackers,1997-11-13
devilsummonersoulhackersakumazenshodainishuu,Devil Summoner: Soul Hackers: Akuma Zensho Daini-shū,デビルサマナー ソウルハッカーズ Soul Hackers 悪魔全書 第二集,Devil Summoner: Soul Hackers: Akuma Zensho Daini-shū,デビルサマナー ソウルハッカーズ Soul Hackers 悪魔全書 第二集,1997-12-23
devilsummonersoulhackers,Devil Summoner: Soul Hackers: Extra Dungeon,デビルサマナー ソウル ハッカーズ Soul Hackers: Extra Dungeon,Devil Summoner: Soul Hackers: Extra Dungeon (Hibaihin),デビルサマナー ソウル ハッカーズ Soul Hackers: Extraダンジョン (非売品),1998
dezaemon2,Dezaemon 2,デザエモン2,Dezaemon 2,デザエモン2,1997-10-09
diehardtrilogy,Die Hard Trilogy,,Die Hard Trilogy,Die Hard Trilogy ダイハード・トリロジー,1997-01-31
dennoutenshidigitalange,Digital Ange: Dennō Tenshi SS,デジタルアンジュ 電脳天使SS,Digital Ange: Dennō Tenshi SS,デジタルアンジュ 電脳天使SS,1997-06-20
digitaldancemixamuronamie,Digital Dance Mix: Amuro Namie,Digital Dance Mix 安室 奈美恵,Digital Dance Mix: Amuro Namie,Digital Dance Mix 安室 奈美恵,1997-01-10
digitaldancemixamuronamie,Digital Dance Mix: Amuro Namie,Digital Dance Mix 安室 奈美恵,Digital Dance Mix: Amuro Namie,Digital Dance Mix 安室 奈美恵,1997-01-10
digitalmonsterversdigimontamers,Digital Monster Ver. S: Digimon Tamers,デジタルモンスター Digital Monsters バジョン Ver.S デジモンテイマーズ,Digital Monster Ver. S: Digimon Tamers,デジタルモンスター Digital Monsters バジョン Ver.S デジモンテイマーズ,1998-09-23
necronomicondigitalpinball,Digital Pinball: The Necronomicon,,Necronomicon: Digital Pinball,,1996-11-15
dinoisland,Dino Island,だいな♥ あいらん,Dino Island,だいな♥ あいらん,1997-02-14
discworld,Discworld,,Discworld,Discworld ディスクワールド,1996-12-13
djwars,DJ Wars,,DJ Wars,DJ Wars DJウォーズ,1997-12-18
dodonpachi,DoDonPachi,怒首領蜂 DoDonPachi,DoDonPachi,怒首領蜂 DoDonPachi,1997-09-18
dodonpachi,DoDonPachi,怒首領蜂 DoDonPachi,DoDonPachi,怒首領蜂 DoDonPachi,1998-09-17
donpachi,DonPachi,首領蜂 DonPachi,DonPachi,首領蜂 DonPachi,1996-04-26
doom,Doom,,Doom,Doom ドゥーム,1997-07-11
doraemonnobitatofukkatsunohoshi,Doraemon: Nobita to Fukkatsu no Hoshi,ドラえもん のび太と復活の星,Doraemon: Nobita to Fukkatsu no Hoshi,ドラえもん のび太と復活の星,1996-03-15
doukokusoshite,Dōkoku Soshite...,慟哭 そして… Doukoku,Dōkoku Soshite...,慟哭 そして… Doukoku,1998-02-26
doukokusoshite,Dōkoku Soshite...,慟哭 そして… Doukoku,Dōkoku Soshite... Final Edition,慟哭 そして… Doukoku: Final Edition ファイナルエディション,1998-08-06
doukyuusei,Dōkyūsei: if,同級生if,Dōkyūsei: if,同級生if,1996-08-09
doukyuusei2,Dōkyūsei 2,同級生2,Dōkyūsei 2,同級生2,1997-07-11
doukyuusei2,Dōkyūsei 2,同級生2,Dōkyūsei 2,同級生2,1997-07-11
dragonballzidainarudragonballdensetsu,Dragon Ball Z: Idainaru Dragon Ball Densetsu,Dragon Ball Z ドラゴンボール 偉大なるドラゴンボール伝説,Dragon Ball Z: Idainaru Dragon Ball Densetsu,Dragon Ball Z ドラゴンボール 偉大なるドラゴンボール伝説,1996-05-31
dragonballzidainarudragonballdensetsu,Dragon Ball Z: Idainaru Dragon Ball Densetsu,Dragon Ball Z ドラゴンボール 偉大なるドラゴンボール伝説,Dragon Ball Z: Idainaru Dragon Ball Densetsu,Dragon Ball Z ドラゴンボール 偉大なるドラゴンボール伝説,1997-06-20
dragonballzshinbutouden,Dragon Ball Z: Shinbutōden,Dragon Ball Z ドラゴンボール 真武闘伝,Dragon Ball Z: Shinbutōden,Dragon Ball Z ドラゴンボール 真武闘伝,1995-11-17
dragonforce,Dragon Force,,Dragon Force,Dragon Force ドラゴンフォース,1996-03-29
dragonforce,Dragon Force,,Dragon Force,Dragon Force ドラゴンフォース,1996-03-29
dragonforce,Dragon Force,,Dragon Force,Dragon Force ドラゴンフォース,1997-04-25
dragonforce2kamisarishidaichini,Dragon Force II: Kami Sarishi Daichi ni,Dragon Force II 神去りし大地に,Dragon Force II: Kami Sarishi Daichi ni,Dragon Force II ドラゴンフォースII 神去りし大地に,1998-04-02
dragonforce2kamisarishidaichini,Dragon Force II: Kami Sarishi Daichi ni,Dragon Force II 神去りし大地に,Dragon Force II: Kami Sarishi Daichi ni,Dragon Force II ドラゴンフォースII 神去りし大地に,
dragonmastersilk,Dragon Master Silk,,Dragon Master Silk,Dragon Master Silk ドラゴンマスターシルク,1997-03-28
dragonsdream,Dragon's Dream,,Dragon's Dream,Dragon's Dream ドラゴンズドリーム,1997-12-20
dreamgenerationkoikashigotoka,Dream Generation: Koi ka? Shigoto ka!?...,ドリーム・ジェネレーション Dream Generation 恋か? 仕事か!?…,Dream Generation: Koi ka? Shigoto ka!?...,ドリーム・ジェネレーション Dream Generation 恋か? 仕事か!?…,1998-07-30
dreamsquarehinagataakiko,Dream Square: Hinagata Akiko,Dream Square 雛形あきこ,Dream Square: Hinagata Akiko,Dream Square 雛形あきこ,1997-02-14
druiddaemonsofthemind,Druid: Yami e no Tsuisekisha,Druid ドルイド 闇への追跡者,Druid: Yami e no Tsuisekisha,Druid ドルイド 闇への追跡者,1998-07-02
dungeonmasternexus,Dungeon Master Nexus,Dungeon Master Nexus ダンジョン・マスター ネクサス,Dungeon Master Nexus,Dungeon Master Nexus ダンジョン・マスター ネクサス,1998-03-26
dungeonsanddragonscollection,Dungeons & Dragons: Tower of Doom,,Dungeons & Dragons Collection,Dungeons & Dragons Collection ダンジョンズ&ドラゴンズ コレクション,1999-03-04
dungeonsanddragonscollection,Dungeons & Dragons: Shadow over Mystara,,Dungeons & Dragons Collection,Dungeons & Dragons Collection ダンジョンズ&ドラゴンズ コレクション,1999-03-04
dxnippontokkyuuryokougame,DX Nippon Tokkyū Ryokō Game: Let's Travel in Japan,DX日本特急旅行ゲーム Let's Travel in Japan,DX Nippon Tokkyū Ryokō Game: Let's Travel in Japan,DX日本特急旅行ゲーム Let's Travel in Japan,1996-12-20
dynamitedeka,Dynamite Deka,ダイナマイト刑事 Deka,Dynamite Deka,ダイナマイト刑事 Deka,1997-01-24
dynamitedeka,Dynamite Deka,ダイナマイト刑事 Deka,Dynamite Deka,ダイナマイト刑事 Deka,1998-03-12
earthwormjim2,Earthworm Jim 2,,Earthworm Jim 2,Earthworm Jim 2 アースワームジム2,1996-11-11
eberouge,Eberouge: Worland Series,Eberouge エーベルージュ Worland Series ワーランドシリーズ,Eberouge,Eberouge エーベルージュ,1997-05-30
eberouge,Eberouge: Worland Series,Eberouge エーベルージュ Worland Series ワーランドシリーズ,Eberouge,Eberouge エーベルージュ,1997-05-30
eberougespecialkoitomahounogakuenseikatsu,Eberouge Special: Koi to Mahō no Gakuen Seikatsu,Eberouge Special エーベルージュ スペシャル 恋と魔法の学園生活,Eberouge Special: Koi to Mahō no Gakuen Seikatsu,Eberouge Special エーベルージュ スペシャル 恋と魔法の学園生活,1998-06-11
egword,EGWord,,SegaSaturn-yō WoPro,EGWord: SegaSaturn 用　ワープロ,1996-11-22
egword,EGWord Version 1.02,,SegaSaturn-yō WoPro,EGWord: SegaSaturn 用　ワープロ,1997
egword,EGWord Version 2.00,,SegaSaturn-yō WoPro: Ver 2.00,EGWord: SegaSaturn 用　ワープロ Ver 2.00,1997
eiseimeijin,Eisei Meijin,永世名人,Eisei Meijin,永世名人,1995-09-29
eiseimeijin2,Eisei Meijin II,永世名人II,Eisei Meijin II,永世名人II,1996-12-20
eiyuushigangalactheroism,Eiyū Shigan: Gal Act Heroism,英雄志願 Gal Act Heroism,Eiyū Shigan: Gal Act Heroism,英雄志願 Gal Act Heroism,1998-04-16
elevatoractionreturns,Elevator Action: Returns,,Elevator Action² Returns,Elevator Action² Returns エレベーターアクション・エレベーターアクション リターンズ,1997-02-14
elfwokarumonotachi,Elf wo Karu Monotachi,エルフを狩るモノたち,Elf wo Karu Monotachi,エルフを狩るモノたち,1997-04-25
elfwokarumonotachi,Elf wo Karu Monotachi,エルフを狩るモノたち,Elf wo Karu Monotachi (Omake Disc),エルフを狩るモノたち (おまけ Disc),1997-04-25
elfwokarumonotachihanafudahen,Elf wo Karu Monotachi: Hanafuda-hen,エルフを狩るモノたち 花札編,Elf wo Karu Monotachi: Hanafuda-hen,エルフを狩るモノたち 花札編,1997-09-04
elfwokarumonotachi2,Elf wo Karu Monotachi II,エルフを狩るモノたちII,Elf wo Karu Monotachi II,エルフを狩るモノたち II,1998-07-16
elfwokarumonotachi2,Elf wo Karu Monotachi II,エルフを狩るモノたちII,Elf wo Karu Monotachi II (Omake Disc),エルフを狩るモノたちII (おまけ Disc),1998-07-16
emitvol1tokinomaigo,EMIT Vol.1: Toki no Maigo,EMIT Vol.1 時の迷子,EMIT Vol.1: Toki no Maigo,EMIT エミット Vol.1 時の迷子,1995-03-25
emitvol2inochigakenotabi,EMIT Vol.2: Inochigake no Tabi,EMIT Vol.2 命がけの旅,EMIT Vol.2: Inochigake no Tabi,EMIT エミット Vol.2 命がけの旅,1995-03-25
emitvol3watashinisayonarawo,EMIT Vol.3: Watashi ni Sayonara wo,EMIT Vol.3 私にさよならを,EMIT Vol.3: Watashi ni Sayonara wo,EMIT エミット Vol.3 私にさよならを,1995-03-25
enemyzero,Enemy Zero,E0: Enemy Zero,Enemy Zero (Opening Disk),E0: Enemy Zero エネミー・ゼロ (Opening Disk),1996-12-13
enemyzero,Enemy Zero,E0: Enemy Zero,Enemy Zero,E0: Enemy Zero エネミー・ゼロ,1996-12-13
enemyzero,Enemy Zero,E0: Enemy Zero,Enemy Zero,E0: Enemy Zero エネミー・ゼロ,1996-12-13
enemyzero,Enemy Zero,E0: Enemy Zero,Enemy Zero,E0: Enemy Zero エネミー・ゼロ,1996-12-13
enemyzero,Enemy Zero,E0: Enemy Zero,Enemy Zero (Opening Disk),E0: Enemy Zero エネミー・ゼロ (Opening Disk),1996-12-13
enemyzero,Enemy Zero,E0: Enemy Zero,Enemy Zero,E0: Enemy Zero エネミー・ゼロ,1996-12-13
enemyzero,Enemy Zero,E0: Enemy Zero,Enemy Zero,E0: Enemy Zero エネミー・ゼロ,1996-12-13
enemyzero,Enemy Zero,E0: Enemy Zero,Enemy Zero,E0: Enemy Zero エネミー・ゼロ,1996-12-13
enemyzero,Enemy Zero,E0: Enemy Zero,Enemy Zero (Opening Disk),E0: Enemy Zero エネミー・ゼロ (Opening Disk),1996-12-13
enemyzero,Enemy Zero,E0: Enemy Zero,Enemy Zero,E0: Enemy Zero エネミー・ゼロ,1996-12-13
enemyzero,Enemy Zero,E0: Enemy Zero,Enemy Zero,E0: Enemy Zero エネミー・ゼロ,1996-12-13
enemyzero,Enemy Zero,E0: Enemy Zero,Enemy Zero,E0: Enemy Zero エネミー・ゼロ,1996-12-13
enemyzero,Enemy Zero,E0: Enemy Zero,Enemy Zero (Opening Disk),E0: Enemy Zero エネミー・ゼロ (Opening Disk),1997-12-11
enemyzero,Enemy Zero,E0: Enemy Zero,Enemy Zero,E0: Enemy Zero エネミー・ゼロ,1997-12-11
enemyzero,Enemy Zero,E0: Enemy Zero,Enemy Zero,E0: Enemy Zero エネミー・ゼロ,1997-12-11
enemyzero,Enemy Zero,E0: Enemy Zero,Enemy Zero,E0: Enemy Zero エネミー・ゼロ,1997-12-11
eternalmelody,Eternal Melody,Eternal Melody エターナメロディ,Eternal Melody,Eternal Melody エターナメロディ,1996-10-04
eternalmelody,Eternal Melody,Eternal Melody エターナメロディ,Eternal Melody,Eternal Melody エターナメロディ,
etudeprologueyureugokukokoronokatachi,Étude Prologue: Yureugoku Kokoro no Katachi,Étude Prologue 揺れ動く心のかたち,Étude Prologue: Yureugoku Kokoro no Katachi,Étude Prologue 揺れ動く心のかたち,1998-11-26
evebursterror,EVE: Burst Error,,EVE: Burst Error (Kojiroh Disc),EVE: Burst Error (Kojiroh Disc / 小次郎編Disc),1997-01-24
evebursterror,EVE: Burst Error,,EVE: Burst Error (Marina Disc),EVE: Burst Error (Marina Disc / まりな編Disc),1997-01-24
evebursterror,EVE: Burst Error,,EVE: Burst Error (Terror Disc),EVE: Burst Error (Terror Disc / テラー編Disc),1997-01-24
evebursterror,EVE: Burst Error,,EVE: Burst Error (Making Disc),EVE: Burst Error (Making Disc / Making of EVE Burset Error Disc),1997-01-24
evebursterror,EVE: Burst Error,,EVE: Burst Error (Kojiroh Disc),EVE: Burst Error (Kojiroh Disc / 小次郎編Disc),1997-03-07
evebursterror,EVE: Burst Error,,EVE: Burst Error (Marina Disc),EVE: Burst Error (Marina Disc / まりな編Disc),1997-03-07
evebursterror,EVE: Burst Error,,EVE: Burst Error (Terror Disc),EVE: Burst Error (Terror Disc / テラー編Disc),1997-03-07
evebursterror,EVE: Burst Error,,EVE: Burst Error (Making Disc),EVE: Burst Error (Making Disc / Making of EVE Burset Error Disc),1997-03-07
evebursterror,EVE: Burst Error,,EVE: Burst Error (Kojiroh Disc) (Premium Pack),EVE: Burst Error (Kojiroh Disc / 小次郎編Disc) (Premium Pack),1997-08-29
evebursterror,EVE: Burst Error,,EVE: Burst Error (Marina Disc) (Premium Pack),EVE: Burst Error (Marina Disc / まりな編Disc) (Premium Pack),1997-08-29
evebursterror,EVE: Burst Error,,EVE: Burst Error (Terror Disc) (Premium Pack),EVE: Burst Error (Terror Disc / テラー編Disc) (Premium Pack),1997-08-29
evebursterror,EVE: Burst Error,,EVE: Burst Error (Making Disc) (Premium Pack),EVE: Burst Error (Making Disc / Making of EVE Burset Error Disc) (Premium Pack),1997-08-29
evethelostone,EVE: The Lost One,,EVE: The Lost One (Kyoko Disc),,1998-03-12
evethelostone,EVE: The Lost One,,EVE: The Lost One (Snake Disc),,1998-03-12
evethelostone,EVE: The Lost One,,EVE: The Lost One (Lost One Disc),,1998-03-12
evethelostone,EVE: The Lost One,,EVE: The Lost One (Lost One Disc),,1998-03-12
evethelostone,EVE: The Lost One,,EVE: The Lost One (Extra Disc),,1998-03-12
evethelostone,EVE: The Lost One,,EVE: The Lost One (Extra Disc),,1998-03-12
eyefulhome,Eyeful Home: Oregon and Basic,Welcome to Eyeful Home アイフルホーム Oregon and Basic,Eyeful Home: Oregon and Basic (Hibaihin),Welcome to アイフルホーム Eyeful Home: Oregon and Basic (非売品),1995
f1liveinformation,F-1 Live Information,,F-1 Live Information,F-1 Live Information F-1 ライブインフォメーション,1995-11-02
falcomclassics,Falcom Classics,ファルコム クラシックス Falcom Classics,Falcom Classics,ファルコム クラシックス Falcom Classics,1997-11-06
falcomclassics,Falcom Classics,ファルコム クラシックス Falcom Classics,Falcom Classics,ファルコム クラシックス Falcom Classics,1997-11-06
falcomclassics,Falcom Classics: Special CD,ファルコムクラシックス Falcom Classics: Special CD,Falcom Classics (Special CD),ファルコム クラシックス Falcom Classics (Special CD),1997-11-06
falcomclassics,Falcom Classics,ファルコムクラシックス Falcom Classics,Falcom Classics,ファルコム クラシックス Falcom Classics,1998-09-17
falcomclassics2,Falcom Classics II,ファルコム クラシックスII,Falcom Classics II,ファルコム クラシックスII Falcom Classics II,1998-10-29
falcomclassics2,Falcom Classics II,ファルコム クラシックスII,Falcom Classics II,ファルコム クラシックスII Falcom Classics II,1998-10-29
falcomclassics2,Falcom Classics II,ファルコム クラシックスII,Falcom Classics II (MusicColection),ファルコム クラシックスII Falcom Classics II (MusicColection),1998-10-29
fantastep,Fantastep,ファンタステップ,Fantastep,ファンタステップ,1997-04-25
fantasyzone,Fantasy Zone,,SEGA Ages: Fantasy Zone,SEGA Ages: Fantasy Zone ファンタジーゾーン,1997-02-21
farlandsaga,Farland Saga,Farland Saga ファーランド サーガ,Farland Saga,Farland Saga ファーランドサーガ,1998-01-29
farlandsagatokinomichishirube,Farland Saga: Toki no Michishirube,Farland Saga 時の道標,Farland Saga: Toki no Michishirube,Farland Saga ファーランドサーガ 時の道標,1998-12-17
farlandsagatokinomichishirube,Farland Saga: Toki no Michishirube,Farland Saga 時の道標,Farland Saga: Toki no Michishirube,Farland Saga ファーランドサーガ 時の道標,1998-12-17
farlandstory2,Farland Story: Habō no Mai,Farland Story ファーランド ストーリー 破亡の舞,Farland Story: Habō no Mai,Farland Story ファーランド ストーリー 破亡の舞,1997-03-28
fatherchristmas,Father Christmas,ファーザー・クリスマス Father Christmas,Father Christmas,ファーザー・クリスマス Father Christmas,1995-12-08
fedatheemblemofjustice,Feda: The Emblem of Justice Remake!,Feda フェーダ The Emblem of Justice Remake!,Feda: The Emblem of Justice Remake!,Feda フェーダ The Emblem of Justice Remake!,1996-05-24
fifa96,FIFA 96: Virtual Stadium Soccer,,FIFA Soccer 96,FIFA Soccer 96 FIFAサッカー９６,1996-03-15
fightershistorydynamite,Fighter's History Dynamite,,Fighter's History Dynamite,Fighter's History Dynamite ファイターズヒストリー・ダイナマイト,1997-07-04
fightershistorydynamite,Fighter's History Dynamite,,Fighter's History Dynamite,Fighter's History Dynamite ファイターズヒストリー・ダイナマイト,1997-07-04
fightersmegamix,Fighters Megamix,,Fighters Megamix,Fighters Megamix ファイターズメガミックス,1996-12-21
fightersmegamix,Fighters Megamix,,Fighters Megamix,Fighters Megamix ファイターズメガミックス,1996-12-21
fightersmegamix,Fighters Megamix,,Fighters Megamix,Fighters Megamix ファイターズメガミックス,1996-12-21
fightingillusionshouk1grandprix,Fighting Illusion Shō: K-1 Grand Prix,Fighting Illusion 翔 K-1 Grand Prix,K-1: The King of Kings: Fighting Illusion Shō: K-1 Grand Prix,K-1: The King of Kings: Fighting Illusion 翔 K-1 Grand Prix,1997-01-31
fightingillusionshouk1grandprix,Fighting Illusion Shō: K-1 Grand Prix,Fighting Illusion 翔 K-1 Grand Prix,K-1: The King of Kings: Fighting Illusion Shō: K-1 Grand Prix,K-1: The King of Kings: Fighting Illusion 翔 K-1 Grand Prix,1998-02-11
fightingvipers,Fighting Vipers,,Fighting Vipers,Fighting Vipers ファイティングバイパーズ,1996-08-30
fightingvipers,Fighting Vipers,,Fighting Vipers,Fighting Vipers ファイティングバイパーズ,
finalfightrevenge,Final Fight Revenge,,Final Fight Revenge,Final Fight Revenge ファイナル ファイト リベンジ,2000-03-30
finalfightrevenge,Final Fight Revenge,,Final Fight Revenge (Kakuchō RAM Cartridge 4MB Fuzoku),Final Fight Revenge ファイナル ファイト リベンジ (拡張ラムカートリッジ4MB付属),2000-03-30
tunnelb1,Finalist,,3D Mission Shooting: Finalist,3D Mission Shooting: Finalist 3Dミッション・シューティング ファイナリスト,1997-08-29
findlove2rhapsody,Find Love 2: Rhapsody,Find Love 2 ファインド ラブ Rhapsody ラプソディ,Find Love 2: Rhapsody,Find Love 2 ファインド ラブ Rhapsody ラプソディ,1998-11-26
findlove2rhapsody,Find Love 2: Rhapsody,Find Love 2 ファインド ラブ Rhapsody ラプソディ,Find Love 2: Rhapsody,Find Love 2 ファインド ラブ Rhapsody ラプソディ,1998-11-26
findlove2theprologue,Find Love 2: The Prologue,Find Love 2 ファインド ラブ The Prologue,Find Love 2: The Prologue,Find Love 2 ファインド ラブ The Prologue,1998-06-04
blazingtornado,Fire Pro Gaiden Blazing Tornado,ファイプロ外伝 ブレイジングトルネード Blazing Tornado,Fire Pro Gaiden Blazing Tornado,ファイプロ外伝 ブレイジングトルネード Blazing Tornado,1995-08-25
fireprowrestlings6menscramble,Fire Prowrestling S: 6Men Scramble,,Fire Prowrestling S: 6Men Scramble,Fire Prowrestling S: 6Men Scramble ファイヤープロレスリングS 6Men Scramble,1996-12-27
fireprowrestlings6menscramble,Fire Prowrestling S: 6Men Scramble,,Fire Prowrestling S: 6Men Scramble,Fire Prowrestling S: 6Men Scramble ファイヤープロレスリングS 6Men Scramble,1997-11-20
fishingkoushien,Fishing Kōshien,フィッシング甲子園,Fishing Kōshien,フィッシング甲子園,1996-03-15
fishingkoushien2,Fishing Kōshien II,フィッシング甲子園II,Fishing Kōshien II,Fishing Koshien II フィッシング甲子園,1997-05-30
fist,Fist,,Fist,フィスト Fist,1996-11-22
formulagrandprixteamuneisimulation,Formula Grand Prix: Team Un'ei Simulation,Formula Grand Prix フォーミュラ グランプリ チーム運営シミュレーション,Formula Grand Prix: Team Un'ei Simulation,Formula Grand Prix フォーミュラ グランプリ チーム運営シミュレーション,1997-11-13
frankthomasbighurtbaseball32bit,Frank Thomas Big Hurt Baseball,,Frank Thomas Big Hurt Baseball フランク・トーマス ビッグ・ハート ベースボール,,1996-08-02
freetalkstudiomarinokimamanaoshaberi,Free Talk Studio: Mari no Kimamana Oshaberi,Free Talk Studio フリートーク・スタジオ Mari no Kimamana Oshaberi マリの気ままなおしゃべり,Free Talk Studio: Mari no Kimamana Oshaberi (Blue Case),Free Talk Studio フリートーク・スタジオ Mari no Kimamana Oshaberi マリの気ままなおしゃべり (Blue Case),1997-05-09
freetalkstudiomarinokimamanaoshaberi,Free Talk Studio: Mari no Kimamana Oshaberi,Free Talk Studio フリートーク・スタジオ Mari no Kimamana Oshaberi マリの気ままなおしゃべり,Free Talk Studio: Mari no Kimamana Oshaberi (Red Case),Free Talk Studio フリートーク・スタジオ Mari no Kimamana Oshaberi マリの気ままなおしゃべり (Red Case),1997-05-09
friendsseishunnokagayaki,Friends: Seishun no Kagayaki,フレンズ 青春の輝き,Friends: Seishun no Kagayaki,フレンズ 青春の輝き,1999-04-29
friendsseishunnokagayaki,Friends: Seishun no Kagayaki,フレンズ 青春の輝き,Friends: Seishun no Kagayaki (Special Disc),フレンズ 青春の輝き (スペシャルディスク),1999-04-29
fromtvanimationslamdunkilovebasketball,From TV Animation Slam Dunk: I Love Basketball,,From TV Animation Slam Dunk: I Love Basketball,,1995-08-11
fullcowlminiyonkusuperfactory,Full Cowl Mini Yonku: Super Factory,フルカウルミニ四駆 スーパーファクトリー,Full Cowl Mini Yonku: Super Factory,フルカウルミニ四駆 スーパーファクトリー,1997-07-31
fullcowlminiyonkusuperfactory,Full Cowl Mini Yonku: Super Factory,フルカウルミニ四駆 スーパーファクトリー,Full Cowl Mini Yonku: Super Factory,フルカウルミニ四駆 スーパーファクトリー,1997-07-31
funkyfantasy,Funky Fantasy,Funky Fantasy ファンキーファンタジー,Funky Fantasy,Funky Fantasy ファンキーファンタジー,1996-12-13
funkyheadboxers,Funky Head Boxers,Funky Head Boxers ファンキーヘッドボクサーズ,Funky Head Boxers,Funky Head Boxers ファンキーヘッドボクサーズ,1997-01-10
funkyheadboxers,Funky Head Boxers Plus,Funky Head Boxers Plus ファンキーヘッドボクサーズ+,Funky Head Boxers Plus,Funky Head Boxers Plus ファンキーヘッドボクサーズ+,1997-05-02
fushiginokuninoangelique,Fushigi no Kuni no Angelique,ふしぎの国のアンジェリーク,Fushigi no Kuni no Angelique,ふしぎの国のアンジェリーク,1997-02-28
fuusuisenseifengshuimaster,Fūsui Sensei: Feng-Shui Master,風水先生 Feng-Shui Master,Fūsui Sensei: Feng-Shui Master,風水先生 Feng-Shui Master,1996-11-15
gvector,G Vector,,G Vector,G Vector ジーベクター,1997-10-16
gaiabreeder,Gaia Breeder,,Gaia Breeder,Gaia Breeder ガイアブリーダー,1997-11-27
gakkounokaidan,Gakkō no Kaidan,学校の怪談 Gakkou no Kwaidan,Gakkō no Kaidan,学校の怪談,1995-07-14
gakkounokowaiuwasahanakosangakita,Gakkō no Kowai Uwasa: Hanako-san ga Kita!!,学校のコワイうわさ 花子さんがきた!!,Gakkō no Kowai Uwasa: Hanako-san ga Kita!!,学校のコワイうわさ 花子さんがきた!!,1995-08-11
galaxyfightuniversalwarriors,Galaxy Fight: Universal・Warriors,,Galaxy Fight: Universal・Warriors,Galaxy Fight ギャラクシーファイ Universal・Warriors,1995-11-22
galaxyforce2,Galaxy Force II,,SEGA Ages: Galaxy Force II,SEGA Ages: Galaxy Force II ギャラクシーフォースII,1998-07-02
radmobile,Gale Racer,,Gale Racer,Gale Racer ゲイルレーサー,1994-12-02
galspanic4,Gals Panic SS,,Gals Panic SS,Gals Panic SS ギャルズパニックSS,1996-09-27
gamblerjikochuushinsha2gtmh,Gambler Jiko Chūshinha: Tokyo Mahjongland,ぎゅわんぶらあ自己中心派 Tokyo Mahjongland,Gambler Jiko Chūshinha: Tokyo Mahjongland,ぎゅわんぶらあ自己中心派 Tokyo Mahjongland トーキョー マージャンランド,1996-10-18
gamblerjikochuushinsha2gtmh,Gambler Jiko Chūshinha: Tokyo Mahjongland,ぎゅわんぶらあ自己中心派 Tokyo Mahjongland,Gambler Jiko Chūshinha: Tokyo Mahjongland,ぎゅわんぶらあ自己中心派 Tokyo Mahjongland トーキョー マージャンランド,1998-02-11
gamebasicforsegasaturn,Game Basic for SegaSaturn ver 1.00,,Game Basic for SegaSaturn,Game Basic for SegaSaturn ゲームベーシック フォー セガサターン,1998-06-25
gamenihonshikakumeijiodanobunaga,Game Nihonshi: Kakumeiji Oda Nobunaga,ゲーム日本史 革命児 織田信長,Game Nihonshi: Kakumeiji Oda Nobunaga,ゲーム日本史 革命児 織田信長,1997-04-04
gametengokuthegameparadise,Game Tengoku: The Game Paradise!,ゲーム天国 The Game Paradise!,Game Tengoku: The Game Paradise!,ゲーム天国 The Game Paradise!,1997-06-06
gametengokuthegameparadise,Game Tengoku: The Game Paradise!,ゲーム天国 The Game Paradise!,Game Tengoku: The Game Paradise! (Gokuraku Pack),ゲーム天国 The Game Paradise! (極楽パック),1997-06-06
gamedeseishun,Game de Seishun,ゲームで青春,Game de Seishun,ゲームで青春,1998-04-23
gamenotatsujin,Game no Tatsujin,ゲームの達人,Game no Tatsujin,ゲームの達人,1995-06-09
gamenotatsujin,Game no Tatsujin,ゲームの達人,Game no Tatsujin,ゲームの達人,
gamenotatsujin2,Game no Tatsujin 2,ゲームの達人2,Game no Tatsujin 2,ゲームの達人2,1996-03-15
gamenotetsujintheshanghai,Game no Tetsujin: The Shanghai,ゲームの鉄人 The上海,Game no Tetsujin: The Shanghai,ゲームの鉄人 The上海,1995-10-13
garoudensetsu3ht,Garō Densetsu 3: Road to the Final Victory,餓狼伝説3 Road to the Final Victory,Garō Densetsu 3: Road to the Final Victory: Harukanaru Tatakai,餓狼伝説3 Road to the Final Victory 遥かなる闘い,1996-06-28
segaagesmegadrivebankanzenishoku,Garuzia Ō no Hihō / Fushigi no Oshiro Daibōken,グルジア王の秘宝 / ふしぎのお城 大冒険,SEGA Ages: MegaDrive Ban Kanzen Ishoku: I Love Mickey Mouse: Fushigi no Oshiro Daibōken / I Love Donald Duck: Garuzia Ō no Hihō,SEGA Ages メガドライブ版 完全移植 アイ ラブ ミッキーマウス ふしぎのお城 大冒険 Castle of Illusion Starring Mickey Mouse / Quackshot アイ ラブ ドナルドダック グルジア王の秘宝,1998-10-15
gegegenokitarougentoukaikitan,GeGeGe no Kitarō: Gentō Kaikitan,ゲゲゲの鬼太郎 幻冬怪奇譚,GeGeGe no Kitarō: Gentō Kaikitan,ゲゲゲの鬼太郎 幻冬怪奇譚,1996-12-27
gebockers,Gebockers,,Gebockers: Hyper 3D Taisen Battle,Gebockers ゲボッカーズ ハイパー3D対戦バトル,1996-02-23
gebockers,Gebockers,,Gebockers: Hyper 3D Taisen Battle (Taisen Cable tsuki Gentei Pack),Gebockers ゲボッカーズ ハイパー3D対戦バトル (大戦ケーブル　つき　限定パック),1996-02-23
gekiretsupachinkers,Gekiretsu Pachinkers,激烈パチンカーズ,Gekiretsu Pachinkers,激烈パチンカーズ,1996-08-02
gekirindan,Gekirindan,逆鱗弾 ゲキリンダン,Gekirindan,逆鱗弾 ゲキリンダン,1997-04-18
gekitotsukoushien,Gekitotsu Kōshien,激突 甲子園,Gekitotsu Kōshien,激突 甲子園,1997-08-01
gekkamugentantorico,Gekka Mugentan Torico (Kyōchō-hen),月花霧幻譚 Torico (凶兆篇),Gekka Mugentan Torico,月花霧幻譚 Gekka Mugentan Torico,1996-06-28
gekkamugentantorico,Gekka Mugentan Torico (Hōkai-hen),月花霧幻譚 Torico (崩壊篇),Gekka Mugentan Torico,月花霧幻譚 Gekka Mugentan Torico,1996-06-28
gekkamugentantorico,Gekka Mugentan Torico (Kyōchō-hen),月花霧幻譚 Torico (凶兆篇),Gekka Mugentan Torico,月花霧幻譚 Gekka Mugentan Torico,1996-06-28
gekkamugentantorico,Gekka Mugentan Torico (Hōkai-hen),月花霧幻譚 Torico (崩壊篇),Gekka Mugentan Torico,月花霧幻譚 Gekka Mugentan Torico,1996-06-28
gekkanokishiouryuusen,Gekka no Kishi: Ōryū-sen,月下の棋士 王竜戦,Gekka no Kishi: Ōryū-sen,月下の棋士 王竜戦,1996-11-22
gensousuikoden,Gensō Suikoden,幻想水滸伝 Genso Suikoden,Gensō Suikoden,幻想水滸伝 Genso Suikoden,1998-09-17
gex,Gex,,Gex,ゲックス Gex,1996-03-29
ghenwar,Ghen War,,Ghen War,Ghen War ゲン ウォー,1996-04-26
gingaeiyuudensetsu,Ginga Eiyū Densetsu,銀河英雄伝説,Ginga Eiyū Densetsu,銀河英雄伝説,1996-11-29
gingaeiyuudensetsu,Ginga Eiyū Densetsu Plus,銀河英雄伝説 Plus,Ginga Eiyū Densetsu Plus,銀河英雄伝説 Plus,1997-10-23
gingaojousamadensetsuyunamikaakitakaillustworks,Ginga Ojōsama Densetsu: Galaxy Fraulein Yuna: Mika Akitaka IllustWorks,銀河お嬢様伝説 Galaxy Fraulein ユナ♥ Mika Akitaka IllustWorks みか あきたか イラストワークス,Ginga Ojōsama Densetsu: Galaxy Fraulein Yuna: Mika Akitaka IllustWorks,銀河お嬢様伝説 Galaxy Fraulein ユナ Mika Akitaka IllustWorks あきたか みか イラストワークス,1996-12-27
gingaojousamadensetsuyunamikaakitakaillustworks2,Ginga Ojōsama Densetsu: Galaxy Fraulein Yuna: Mika Akitaka IllustWorks 2,銀河お嬢様伝説 Galaxy Fraulein ユナ Mika Akitaka IllustWorks 2 あきたか みか イラストワークス 2,Ginga Ojōsama Densetsu: Galaxy Fraulein Yuna: Mika Akitaka IllustWorks 2,銀河お嬢様伝説 Galaxy Fraulein ユナ Mika Akitaka IllustWorks 2 あきたか みか イラストワークス 2,1997-12-15
gingaojousamadensetsuyuna3lightningangel,Ginga Ojōsama Densetsu: Tactical Adventure Yuna 3: Lightning Angel,銀河お嬢様伝説 Tactical Adventure ユナ♥3: Lightning Angel,Ginga Ojōsama Densetsu: Tactical Adventure Yuna 3: Lightning Angel,銀河お嬢様伝説 Tactical Adventure ユナ♥3: Lightning Angel ライトニング・エンジェル,1997-12-04
gingaojousamadensetsuyuna,Ginga Ojōsama Densetsu Yuna Remix,銀河お嬢様伝説 Galaxy Fraulein ユナ Remix,Ginga Ojōsama Densetsu Yuna Remix,銀河お嬢様伝説 Galaxy Fraulein ユナ Remix リミックス,1996-12-27
girldolltoytamashiiwokudasai,Girl Doll Toy,Girl Doll Toy ガールドールトーイ,Girl Doll Toy: Tamashii wo Kudasai,Girl Doll Toy ガールドールトーイ 魂をください…,1998-12-23
go3professionaltaikyokuigo,Go III Professional: Taikyoku Igo,Go III Professional 対局囲碁,Go III Professional: Taikyoku Igo,Go III Professional 対局囲碁,1997-08-01
gojirarettoushinkan,Godzilla: Rettō Shinkan,ゴジラ 列島震撼,Godzilla: Rettō Shinkan,ゴジラ 列島震撼 Godzilla,1995-12-22
goikenmuyouanarchyinthenippon,Goiken Muyō: Anarchy in the Nippon,御意見無用 Anarchy in the Nippon,Goiken Muyō: Anarchy in the Nippon,御意見無用 Anarchy in the Nippon,1997-10-02
gokujouparodiusdadeluxepack,Gokujō Parodius Da! Deluxe Pack,極上パロディウスだ! Deluxe Pack,Gokujō Parodius Da! Deluxe Pack,極上パロディウスだ! Deluxe Pack,1995-05-19
gokujouparodiusdadeluxepack,Gokujō Parodius Da! Deluxe Pack,極上パロディウスだ! Deluxe Pack,Gokujō Parodius Da! Deluxe Pack,極上パロディウスだ! Deluxe Pack,
goldenaxetheduel,Golden Axe: The Duel,,Golden Axe: The Duel,Golden Axe: The Duel ゴールデンアックス・ザ・デュエル,1995-09-29
gothaismailiaseneki,Gotha: Ismailia Sen'eki,Gotha イスマイリア戦役,Gotha: Ismailia Sen'eki,Gotha ゴータ イスマイリア戦役,1995-01-27
gotha2tenkuunokishi,Gotha II: Tenkū no Kishi,Gotha II 天空の騎士,Gotha II: Tenkū no Kishi,Gotha II 天空の騎士,1996-03-01
gradiusdeluxepack,Gradius Deluxe Pack,,Gradius Deluxe Pack,,1996-03-29
granchaser,Gran Chaser,,Gran Chaser,Gran Chaser グランチェイサー,1995-05-26
grandread,GranDread,,GranDread,GranDread グランドレッド,1997-11-27
grandia,Grandia,Grandia グランディア,Grandia,Grandia グランディア,1997-12-18
grandia,Grandia,Grandia グランディア,Grandia,Grandia グランディア,1997-12-18
grandia,Grandia,Grandia グランディア,Grandia,Grandia グランディア,1997-12-18
grandia,Grandia,Grandia グランディア,Grandia,Grandia グランディア,1997-12-18
grandia,Grandia,Grandia グランディア,Grandia (Memorial Package),Grandia グランディア (メモリアルパッケージ),1998-11-26
grandia,Grandia,Grandia グランディア,Grandia (Memorial Package),Grandia グランディア (メモリアルパッケージ),1998-11-26
grandiadigitalmuseum,Grandia: Digital Museum,Grandia グランディア デジタル ミュージアム,Grandia: Digital Museum,Grandia グランディア デジタル ミュージアム,1998-05-28
grandiadigitalmuseum,Grandia: Digital Museum,Grandia グランディア デジタル ミュージアム,Grandia: Digital Museum,Grandia グランディア デジタル ミュージアム,
greatestnine96,Greatest Nine '96,,Greatest Nine '96,Greatest Nine '96 グレイテストナイン'96,1996-07-19
greatestnine96,Greatest Nine '96,,Greatest Nine '96,Greatest Nine '96 グレイテストナイン'96,1996-07-19
greatestnine96,Greatest Nine '96,,Greatest Nine '96,Greatest Nine '96 グレイテストナイン'96,
gridrunner,Grid Runner,,Grid Runner,,1996-12-27
grooveonfightgouketsujiichizoku3,Groove on Fight,,Groove on Fight: Gōketsuji Ichizoku 3,Groove on Fight 豪血寺一族3,1997-05-16
grooveonfightgouketsujiichizoku3,Groove on Fight,,Groove on Fight: Gōketsuji Ichizoku 3 (Kakuchō RAM Cartridge tsuki!),Groove on Fight 豪血寺一族3 (拡張ラムカートリッジ付き!),1997-05-16
supergt24h,GT24,,GT24,,1998-05-28
guardianforce,Guardian Force,Guardian Force ガーディアン フォース,Guardian Force,Guardian Force ガーディアン フォース,1998-08-06
guardianheroes,Guardian Heroes,,Guardian Heroes,Guardian Heroes ガーディアンヒーローズ,1996-01-26
kuusoukagakusekaigulliverboy,Gulliver Boy,,Kūsō Kagaku Sekai Gulliver Boy,Gulliver Boy 空想科学世界ガリバーボーイ,1996-03-22
kuusoukagakusekaigulliverboy,Gulliver Boy,,Kūsō Kagaku Sekai Gulliver Boy,Gulliver Boy 空想科学世界ガリバーボーイ,1996-03-22
gunfrontier,Gun Frontier,,Arcade Gears: Gun Frontier,AG アーケードギアーズ Gun Frontier ガンフロンティア,1997-09-25
gunblaze,GunBlaze S,,GunBlaze S,GunBlaze S ガンブレイズ,1998-01-29
gunbird,Gunbird,Gunbird ガンバード,Gunbird,Gunbird ガンバード,1995-12-15
gungriffontheeurasianconflict,Gungriffon: The Eurasian Conflict,,Gungriffon: The Eurasian Conflict,,1996-03-15
gungriffontheeurasianconflict,Gungriffon: The Eurasian Conflict,,Gungriffon: The Eurasian Conflict,,1998-03-12
gungriffon2,Gungriffon II,,Gungriffon II,Gungriffon II ガングリフォンII,1998-04-23
gungriffon2,Gungriffon II,,Gungriffon II (Taisen Cable Dōkonban),Gungriffon II ガングリフォンII (対戦ケーブル同梱版),1998-04-23
gussunoyoyo,Gussun Oyoyo,ぐっすんおよよ,Gussun Oyoyo・S,ぐっすんおよよ・S,1996-03-29
habitat2,Habitat II,,Habitat II,Habitat II ハビタット2,1996-07-27
hangongp95,Hang On GP '95,,Hang On GP '95,Hang On GP '95 ハングオン GP'95,1995-10-27
hangongp95,Hang On GP '95,,Hang On GP '95,Hang On GP '95 ハングオン GP'95,1995-10-27
hankoushashinshibararetashoujotachinomitamonowathephotographofacrime,Hankō Shashin: Shibarareta Shōjo-tachi no Mita Mono wa?: The Photograph of a Crime,犯行写真 縛られた少女たちの見たモノは? The Photograph of a Crime,Hankō Shashin: Shibarareta Shōjo-tachi no Mita Mono wa?: The Photograph of a Crime,犯行写真 縛られた少女たちの見たモノは? The Photograph of a Crime,1996-06-14
hanshadespark,Hansha de Spark!,反射でスパーク!,Hansha de Spark!,反射でスパーク!,1997-12-23
harukazesentaivforce,Harukaze Sentai V-Force,はるかぜ戦隊 Vフォー,Harukaze Sentai V-Force,はるかぜ戦隊 Vフォー,1997-06-27
harukazesentaivforce,Harukaze Sentai V-Force,はるかぜ戦隊 Vフォー,Harukaze Sentai V-Force,はるかぜ戦隊 Vフォー,1997-06-27
harukazesentaivforce,Harukaze Sentai V-Force,はるかぜ戦隊 Vフォー,Harukaze Sentai V-Force,はるかぜ戦隊 Vフォー,1997-06-27
hattrickhero95,HatTrick Hero S,HatTrick Hero S ハットトリックヒーロー,HatTrick Hero S,HatTrick Hero S ハットトリックヒーロー,1995-12-08
hatsukoimonogatari,Hatsukoi Monogatari,初恋物語,Hatsukoi Monogatari,初恋物語,1998-10-01
hauntedcasino,Haunted Casino,,Haunted Casino,Haunted Casino ホーンテッド カジノ,1996-09-27
hauntedcasino,Haunted Casino,,Haunted Casino,Haunted Casino ホーンテッド カジノ,1996-09-27
hauntedcasino,Haunted Casino,,Haunted Casino,Haunted Casino ホーンテッド カジノ,1996-09-27
heartbeatscramble,Heartbeat Scramble,ハートビート スクランブル,Heartbeat Scramble,ハートビート スクランブル Heartbeat Scramble,1996-09-06
heimwaltz,Heim Waltz,,Heim Waltz,Heim Waltz ハイム ワルツ,1996
heiseitensaibakabonsusumebakabons,Heisei Tensai Bakabon: Susume! Bakabons,平成天才バカボン すすめ!バカボンズ,Heisei Tensai Bakabon: Susume! Bakabons,平成天才バカボン すすめ!バカボンズ,1995-07-07
heiwapachinkosoushingeki,Heiwa Pachinko Sōshingeki,平和パチンコ総進撃,Heiwa Pachinko Sōshingeki,平和パチンコ総進撃,1996-10-04
henryexplorers,Henry Explorers,Henry Explorers ヘンリーエクスプローラーズ,Henry Explorers,Henry Explorers ヘンリーエクスプローラーズ,1997-03-07
hexen,Hexen,,Hexen: Beyond Heretic,,1998-03-26
hioctane,Hi-Octane,ハイオクタン,Hi-Octane,ハイオクタン Hi-Octane,1996-03-22
worldseriesbaseball,Hideo Nomo World Series Baseball,,Nomo Hideo World Series Baseball,野茂英雄 World Series Baseball ワールドシリーズベースボール,1995-11-17
highschoolterrastory,Highschool Terra Story,,Highschool Terra Story,Highschool Terra Story ハイスクールテラストーリー,1998-07-23
himitsusentaimetamorv,Himitsu Sentai Metamor V,ひみつ戦隊メタモルV,Himitsu Sentai Metamor V,ひみつ戦隊メタモルV,1998-04-23
hissatsu,Hissatsu!,必殺!,Hissatsu!,必殺!,1996-06-28
hissatsupachinkocollectionss,Hissatsu Pachinko Collection,必殺パチンココレクション,Hissatsu Pachinko Collection,必殺パチンココレクション,1996-01-19
hissatsupachinkocollectionss,Hissatsu Pachinko Collection,必殺パチンココレクション,Hissatsu Pachinko Collection,必殺パチンココレクション,
hiyakenoomoideplushimekurigirlsinmotionpuzzlevol1,Hiyake no Omoide + Himekuri: Girls in Motion Puzzle Vol.1,日灼けの想い出 +姫くり Girls in Motion Puzzle Vol.1,Hiyake no Omoide + Himekuri: Girls in Motion Puzzle Vol.1,日灼けの想い出 +姫くり Girls in Motion Puzzle Vol.1,1995-12-08
hokutonoken32bit,Hokuto no Ken,北斗の拳,Hokuto no Ken,北斗の拳,1995-12-22
honkaku4ninuchigeinoujintaikyokumahjongthewaremedepon,Honkaku 4-nin Uchi Geinōjin Taikyoku Mahjong: The Wareme de Pon,本格4人打ち 芸能人対極麻雀 Theわれめdeポン,Honkaku 4-nin Uchi Geinōjin Taikyoku Mahjong: The Wareme de Pon,本格4人打ち 芸能人対極麻雀 Theわれめdeポン,1996-10-10
honkakuhanafuda,Honkaku Hanafuda,本格花札,Honkaku Hanafuda,本格花札,1998-10-29
honkakupromahjongtetsumanspecial,Honkaku Pro Mahjong: Tetsuman Special,本格プロ麻雀 徹萬 Special,Honkaku Pro Mahjong: Tetsuman Special,本格プロ麻雀 徹萬 Special,1996-08-23
honkakupromahjongtetsumanspecial,Honkaku Pro Mahjong: Tetsuman Special,本格プロ麻雀 徹萬 Special,Honkaku Pro Mahjong: Tetsuman Special,本格プロ麻雀 徹萬 Special,1998-07-30
honkakushougishinanwakamatsushougijuku,Honkaku Shōgi Shinan: Wakamatsu Shōgi Juku,本格将棋指南 若松将棋塾,Hi Uma Ō: Honkaku Shōgi Shinan: Wakamatsu Shōgi Juku,飛 馬 王 本格将棋指南 若松将棋塾,1998-01-29
hopstepidol,Hop Step Idol,Hop Step あいどる☆,Hop Step Idol,Hop Step あいどる☆,1997-12-04
zeddasservantofsheol,Horror Tour,,Horror Tour,Horror Tour ホラーツアー,1996-03-29
zeddasservantofsheol,Horror Tour,,Horror Tour,Horror Tour ホラーツアー,
houkagorenaiclubkoinoetude,Hōkago Ren'ai Club: Koi no Etude,放課後恋愛クラブ 恋のエチュード,Hōkago Ren'ai Club: Koi no Etude,放課後恋愛クラブ 恋のエチュード,1998-01-15
houkagorenaiclubkoinoetude,Hōkago Ren'ai Club: Koi no Etude,放課後恋愛クラブ 恋のエチュード,Hōkago Ren'ai Club: Koi no Etude,放課後恋愛クラブ 恋のエチュード,1998-01-15
houkagorenaiclubkoinoetude,Hōkago Ren'ai Club: Koi no Etude,放課後恋愛クラブ 恋のエチュード,Hōkago Ren'ai Club: Koi no Etude,放課後恋愛クラブ 恋のエチュード,1998-01-15
houkagorenaiclubkoinoetude,Hōkago Ren'ai Club: Koi no Etude,放課後恋愛クラブ 恋のエチュード,Hōkago Ren'ai Club: Koi no Etude,放課後恋愛クラブ 恋のエチュード,1998-01-15
houmahunterlime,Hōma Hunter Lime,宝魔ハンター ライム,Hōma Hunter Lime Perfect Collection,宝魔ハンター ライム Lime Perfect Collection,1995-09-29
houmahunterlime,Hōma Hunter Lime,宝魔ハンター ライム,Hōma Hunter Lime Perfect Collection,宝魔ハンター ライム Lime Perfect Collection,1995-09-29
hyper3dpinball,Hyper 3D Pinball,,Hyper 3D Pinball,,1997-01-17
hyperduel,Hyper Duel,,Hyper Duel,,1996-11-22
hyperreverthion,Hyper Reverthion,,Hyper Reverthion,Hyper Reverthion ハイパーリヴァーシオン,1996-06-07
hypersecurities,Hyper Securities S,はいぱぁセキュリティーズS,Hyper Securities S,はいぱぁセキュリティーズS,1997-02-07
imissyoudiscstationbessatsu,I Miss You.,,I Miss You. DiscStation Bessatsu,I Miss You. DiscStation別冊,1997-10-30
ideyousukemeijinnoshinjissenmahjong,Ide Yōsuke Meijin no Shin Jissen Mahjong,井出洋介名人の新実戦麻雀,Ide Yōsuke Meijin no Shin Jissen Mahjong,井出洋介名人の新実戦麻雀,1996-06-28
idoljanshisuchiepai2,Idol Janshi Suchie-Pai II,アイドル雀士スーチーパイ♡ II,Idol Janshi Suchie-Pai II,アイドル雀士スーチーパイ♡ II,1996-04-26
idoljanshisuchiepai2,Idol Janshi Suchie-Pai II (Omake Disc),スーチーパイ おまけディスク♡,Idol Janshi Suchie-Pai II (Omake Disc),アイドル雀士スーチーパイ♡ II (おまけディスク),1996-04-26
idoljanshisuchiepaimechagenteibanhatsubai5shuunentokupackage,Idol Janshi Suchie-Pai Mecha Genteiban (Disc 1),アイドル雀士スーチーパイ♡ めちゃ限定版 ディスク1,Idol Janshi Suchie-Pai Mecha Genteiban: Hatsubai 5 Shūnen (Toku) Package,アイドル雀士スーチーパイ めちゃ限定版 発売5周年(得)パッケージ,1998-11-26
idoljanshisuchiepaimechagenteibanhatsubai5shuunentokupackage,Idol Janshi Suchie-Pai Mecha Genteiban (Disc 2),アイドル雀士スーチーパイ♡ めちゃ限定版 ディスク2,Idol Janshi Suchie-Pai Mecha Genteiban: Hatsubai 5 Shūnen (Toku) Package,アイドル雀士スーチーパイ めちゃ限定版 発売5周年(得)パッケージ,1998-11-26
idoljanshisuchiepaimechagenteibanhatsubai5shuunentokupackage,Idol Janshi Suchie-Pai Mecha Genteiban (Disc 3),アイドル雀士スーチーパイ♡ めちゃ限定版 ディスク3,Idol Janshi Suchie-Pai Mecha Genteiban: Hatsubai 5 Shūnen (Toku) Package,アイドル雀士スーチーパイ めちゃ限定版 発売5周年(得)パッケージ,1998-11-26
idoljanshisuchiepaispecial,Idol Janshi Suchie-Pai Remix,アイドル雀士スーチーパイ♡ Remix,Idol Janshi Suchie-Pai Remix,アイドル雀士スーチーパイ♡ Remix,1995-09-29
idoljanshisuchiepaisecretalbum,Idol Janshi Suchie-Pai Secret Album,アイドル雀士スーチーパイ♡ シークレットアルバム,Idol Janshi Suchie-Pai Secret Album,アイドル雀士スーチーパイ♡ シークレットアルバム,1999-03-18
idoljanshisuchiepaispecial,Idol Janshi Suchie-Pai Special,アイドル雀士スーチーパイ♡ Special,Idol Janshi Suchie-Pai Special,アイドル雀士スーチーパイ♡ Special,1995-02-24
idolmahjongfinalromance2,Idol Mahjong: Final Romance 2,アイドル麻雀 ファイナルロマンス2,Idol Mahjong: Final Romance 2,アイドル麻雀 ファイナルロマンス2,1995-08-11
idolmahjongfinalromance4,Idol Mahjong: Final Romance 4,アイドル麻雀 ファイナルロマンス4,Idol Mahjong: Final Romance 4,アイドル麻雀 ファイナルロマンス4,1998-05-21
idolmahjongfinalromancer,Idol Mahjong: Final Romance R,アイドル麻雀 ファイナルロマンスR,Idol Mahjong: Final Romance R,アイドル麻雀 ファイナルロマンスR,1996-03-15
idolmahjongfinalromancer,Idol Mahjong: Final Romance R,アイドル麻雀 ファイナルロマンスR,Idol Mahjong: Final Romance R: Premium Package,アイドル麻雀 ファイナルロマンスR プレミアムパッケージ,1996-05-31
idolmahjongfinalromancer,Idol Mahjong: Final Romance R,アイドル麻雀 ファイナルロマンスR,Idol Mahjong: Final Romance R: Premium Package (Kisekae Disc Kanzeban),アイドル麻雀 ファイナルロマンスR プレミアムパッケージ (着せかえ　ディスク 完全版),1996-05-31
idolmahjongfinalromancer,Idol Mahjong: Final Romance R,アイドル麻雀 ファイナルロマンスR,Idol Mahjong: Final Romance R: Kisekae Disc (Present-yō Keihin) (Hibaihin),アイドル麻雀 ファイナルロマンスR 着せかえ　ディスク (プレセント用景品) (非売品),1996
imagefightandxmultiply,ImageFight / X Multiply,,Arcade Gears: ImageFight & X Multiply,AG アーケードギアーズ ImageFight & X Multiply イメージファイト & エックスマルチプライ,1998-08-20
impactracing,Impact Racing,,Impact Racing,Impact Racing インパクトレーシング,1997-06-06
ippatsugyakutengamblingkingenomichi,Ippatsu Gyakuten: Gambling King e no Michi,一発逆転 ギャンブルキングへの道,Ippatsu Gyakuten: Gambling King e no Michi,一発逆転 ギャンブルキングへの道,1996-07-05
iremarcadeclassics,Irem Arcade Classics,,Irem Arcade Classics,Irem Arcade Classics アイレム アーケード クラシックス,1996-04-26
ironmanxomanowarinheavymetal,Iron Man / X-O Manowar in Heavy Metal,,Iron Man / X-O Manowar in Heavy Metal,Iron Man / X-O Manowar in Heavy Metal アイアンマン/XO,1996-11-22
ishinnoarashi,Ishin no Arashi,維新の嵐,Ishin no Arashi,維新の嵐,1997-09-25
istoezico,Isto é Zico,,Isto é Zico: Zico no Kangaeru Soccer,ジーコの考えるサッカー,1996-03-22
bluechicagoblues,J.B.Harold: Blue Chicago Blues,J.B.Harold ブルー シカゴ ブルース,J.B.Harold: Blue Chicago Blues,J.B.Harold ブルー シカゴ ブルース Blue Chicago Blues,1995-09-22
bluechicagoblues,J.B.Harold: Blue Chicago Blues,J.B.Harold ブルー シカゴ ブルース,J.B.Harold: Blue Chicago Blues,J.B.Harold ブルー シカゴ ブルース Blue Chicago Blues,1995-09-22
jleaguegogogoal,J.League Go Go Goal!,J.League Go Go Goal! ゴー　ゴー　ゴール!,J.League Go Go Goal!,J.League Go Go Goal! ゴー　ゴー　ゴール!,1997-05-30
jleaguejikkyouhonoonostriker,J.League Jikkyō Honoo no Striker,Jリーグ 実況 炎のストライカー,J.League Jikkyō Honoo no Striker,Jリーグ 実況 炎のストライカー,1998-02-26
jleaguejikkyouhonoonostriker,J.League Jikkyō Honoo no Striker,Jリーグ 実況 炎のストライカー,J.League Jikkyō Honoo no Striker,Jリーグ 実況 炎のストライカー,1998-02-26
jleagueprosoccerclubwotsukurou,J.League Pro Soccer Club wo Tsukurō!,J.League プロサッカークラブをつくろう!,J.League Pro Soccer Club wo Tsukurō!,J.League プロサッカークラブをつくろう!,1996-02-23
jleagueprosoccerclubwotsukurou,J.League Pro Soccer Club wo Tsukurō!,J.League プロサッカークラブをつくろう!,J.League Pro Soccer Club wo Tsukurō!,J.League プロサッカークラブをつくろう!,
jleagueprosoccerclubwotsukurou,J.League Pro Soccer Club wo Tsukurō!,J.League プロサッカークラブをつくろう!,J.League Pro Soccer Club wo Tsukurō!,J.League プロサッカークラブをつくろう!,
jleagueprosoccerclubwotsukurou2,J.League Pro Soccer Club wo Tsukurō! 2,J.League プロサッカークラブをつくろう! 2,J.League Pro Soccer Club wo Tsukurō! 2,J.League プロサッカークラブをつくろう! 2,1997-11-20
jleagueprosoccerclubwotsukurou2,J.League Pro Soccer Club wo Tsukurō! 2,J.League プロサッカークラブをつくろう! 2,J.League Pro Soccer Club wo Tsukurō! 2,J.League プロサッカークラブをつくろう! 2,1997-11-20
jleagueprosoccerclubwotsukurou2,J.League Pro Soccer Club wo Tsukurō! 2,J.League プロサッカークラブをつくろう! 2,J.League Pro Soccer Club wo Tsukurō! 2,J.League プロサッカークラブをつくろう! 2,1997-11-20
jleagueprosoccerclubwotsukurou2,J.League Pro Soccer Club wo Tsukurō! 2,J.League プロサッカークラブをつくろう! 2,J.League Pro Soccer Club wo Tsukurō! 2,J.League プロサッカークラブをつくろう! 2,1997-11-20
jleagueprosoccerclubwotsukurou2,J.League Pro Soccer Club wo Tsukurō! 2,J.League プロサッカークラブをつくろう! 2,J.League Pro Soccer Club wo Tsukurō! 2,J.League プロサッカークラブをつくろう! 2,
jleagueprosoccerclubwotsukurou2,J.League Pro Soccer Club wo Tsukurō! 2,J.League プロサッカークラブをつくろう! 2,J.League Pro Soccer Club wo Tsukurō! 2,J.League プロサッカークラブをつくろう! 2,1999-02-04
victorygoal,J.League Victory Goal: VGoal,,Victory Goal: VGoal,Victory Goal ビクトリーゴール VGoal,1995-01-20
victorygoal,J.League Victory Goal: VGoal,,Victory Goal: VGoal,Victory Goal ビクトリーゴール VGoal,1995-01-20
victorygoal96,J.League Victory Goal: VGoal '96,,J.League Victory Goal: VGoal '96,J.League Victory Goal ビクトリーゴール'96 VGoal '96,1996-03-29
victorygoal96,J.League Victory Goal: VGoal '96,,J.League Victory Goal: VGoal '96,J.League Victory Goal ビクトリーゴール'96 VGoal '96,1996-03-29
victorygoal97,J.League Victory Goal: VGoal '97,,J.League Victory Goal: VGoal '97,,1997-03-15
janteibattlecosplayer,Jantei Battle Cos-Player,雀帝 Battle Cos-Player,Jantei Battle Cos-Player,雀帝 Battle Cos-Player じゃんてい バトル コスプレイヤー,1997-04-18
janteibattlecosplayer,Jantei Battle Cos-Player,雀帝 Battle Cos-Player,Jantei Battle Cos-Player (Making Disc),雀帝 Battle Cos-Player じゃんてい バトル コスプレイヤー (Making Disc),1997-04-18
japansuperbassclassic96,Japan Super Bass Classic '96,Japan Super Bass Classic '96 ジャパンスーパーバスクラシック'96,Japan Super Bass Classic '96,Japan Super Bass Classic '96 ジャパンスーパーバスクラシック'96,1996-08-23
jikkyouoshaberiparodius,Jikkyō Oshaberi Parodius: Forever with Me,実況おしゃべりパロディウス Forever with Me,Jikkyō Oshaberi Parodius: Forever with Me,実況おしゃべりパロディウス Forever with Me フォーエバー・ウィズ・ミー,1996-12-13
jikkyoupowerfulproyakyuu2,Jikkyō Powerful Pro Yakyū '95: Kaimakuban,実況パワフルプロ野球'95 開幕版,Jikkyō Powerful Pro Yakyū '95: Kaimakuban,実況パワフルプロ野球'95 開幕版,1995-07-28
jikkyoupowerfulproyakyuu4,Jikkyō Powerful Pro Yakyū S,実況パワフルプロ野球S,Jikkyō Powerful Pro Yakyū S,実況パワフルプロ野球S,1997-12-04
jikuutanteidraculadetectivemaboroshinolorelei,Jikū Tantei DD: Dracula Detective: Maboroshi no Lorelei,時空探偵DD: Dracula Detective 幻のローレライ,Jikū Tantei DD: Dracula Detective: Maboroshi no Lorelei,時空探偵DD: Dracula Detective 幻のローレライ,1996-07-26
jikuutanteidraculadetectivemaboroshinolorelei,Jikū Tantei DD: Dracula Detective: Maboroshi no Lorelei,時空探偵DD: Dracula Detective 幻のローレライ,Jikū Tantei DD: Dracula Detective: Maboroshi no Lorelei,時空探偵DD: Dracula Detective 幻のローレライ,1996-07-26
jissenmahjong,Jissen Mahjong,実戦麻雀,Jissen Mahjong,実戦麻雀,1995-09-01
jissenpachinkohisshouhoutwin,Jissen Pachinko Hisshōhō! Twin,実戦 パチンコ必勝法! Twin,Jissen Pachinko Hisshōhō! Twin,実戦 パチンコ必勝法! Twin,1997-03-28
jissenpachislohisshouhou3,Jissen! PachiSlo Hisshōhō! 3,実戦! パチスロ必勝法! 3,Jissen PachiSlo Hisshōhō! 3,実戦 パチスロ必勝法! 3,1996-05-24
jissenpachislohisshouhou4,Jissen! PachiSlo Hisshōhō! 4,実戦! パチスロ必勝法! 4,Jissen! PachiSlo Hisshōhō! 4,実戦! パチスロ必勝法! 4,1997-03-15
jissenpachislohisshouhouironhook,Jissen! PachiSlo Hisshōhō! Iron Hook: The Great Marine Adventures,実践! パチスロ必勝法! Iron Hook: The Great Marine Adventures,Jissen! PachiSlo Hisshōhō! Iron Hook,実践! パチスロ必勝法! Iron Hook アイアンフック,1996
johnnybazookatone,Johnny Bazookatone,,Johnny Bazooka,ジョニー バズーカ Johnny Bazooka,1996-04-26
joshikouseinohoukagopukunpa,Joshikōsei no Hōkago... Pukunpa,女子高生の放課後… ぷくんパ,Joshikōsei no Hōkago... Pukunpa,女子高生の放課後… ぷくんパ,1996-09-27
junclassicccandropeclub,Junclassic C.C. & Rope Club,ジュンクラシックC.C. & ロペ倶楽部 Junclassic C.C. & Rope Club,Junclassic C.C. & Rope Club,ジュンクラシックC.C. & ロペ倶楽部 Junclassic C.C. & Rope Club,1997-12-18
jungrhythm,Jung Rhythm,じゃんぐ リズム,Jung Rhythm,じゃんぐ リズム Jung Rhythm,1998-01-15
jungleparksaturnjima,Jungle Park,ジャングルパーク,Jungle Park: Saturn-jima,ジャングルパーク サターン島,1998-01-15
jungleparksaturnjima,Jungle Park,ジャングルパーク,Jungle Park: Saturn-jima (Gentei Special Package-ban),ジャングルパーク サターン島 (限定スペシャルパッケージ版),1998-01-15
kaiteidaisensou,Kaitei Daisensō,海底大戦争,Kaitei Daisensō,海底大戦争,1995-12-15
kaitousainttailss,Kaitō Saint Tail,怪盗セイント・テール,Kaitō Saint Tail,怪盗セイント・テール,1997-07-25
kakinokishougi,Kakinoki Shōgi,柿木将棋,Kakinoki Shōgi,柿木将棋,1995-04-14
kakyuusei,Kakyūsei,下級生,Kakyūsei,下級生,1997-04-25
kakyuusei,Kakyūsei,下級生,Kakyūsei,下級生,1997-04-25
kakyuusei,Kakyūsei,下級生,Kakyūsei,下級生,1997-04-25
kamenridersakusenfile1,Kamen Rider: Sakusen File 1,仮面ライダー 作戦ファイル1,Kamen Rider: Sakusen File 1,仮面ライダー 作戦ファイル1 Masked Rider: File of Tactics,1997-11-13
kanazawashougi,Kanazawa Shōgi,金沢将棋,Kanazawa Shōgi,金沢将棋,1995-11-24
kanazawashougi,Kanazawa Shōgi,金沢将棋,Kanazawa Shōgi,金沢将棋,1995-11-24
kanzenchuukeiproyakyuugreatestnine,Kanzen Chūkei Pro Yakyū Greatest Nine,完全中継プロ野球 Greatest Nine,Kanzen Chūkei Pro Yakyū Greatest Nine,完全中継プロ野球 Greatest Nine グレイテストナイン,1995-05-26
kanzenchuukeiproyakyuugreatestnine,Kanzen Chūkei Pro Yakyū Greatest Nine,完全中継プロ野球 Greatest Nine,Kanzen Chūkei Pro Yakyū Greatest Nine,完全中継プロ野球 Greatest Nine グレイテストナイン,
keiouyuugekitaikatsugekihen,Keiō Yūgekitai: Katsugeki-hen,慶応遊撃隊 活劇編,Keiō Yūgekitai: Katsugeki-hen,慶応遊撃隊 活劇編,1996-05-17
kekkonmarriage,Kekkon: Marriage,結婚 Marriage,Kekkon: Marriage,結婚 Marriage,1995-12-15
kekkonmarriagezenya,Kekkon: Marriage 「Zen'ya」,結婚 Marriage 「前夜」,Kekkon: Marriage 「Zen'ya」,結婚 Marriage 「前夜」,1995-10-27
keriotosse,Keriotosse!,ケリオトッセ!,Keriotosse!,ケリオトッセ!,1998-06-18
kidousenkannadesicotheblankof3years,Kidō Senkan Nadesico: The Blank of 3 Years: Five Love,機動戦艦ナデシコ The Blank of 3 Years: Five Love,Kidō Senkan Nadesico: The Blank of 3 Years: Five Love,機動戦艦ナデシコ The Blank of 3 Years: Five Love,1998-09-23
kidousenkannadesicotheblankof3years,Kidō Senkan Nadesico: The Blank of 3 Years: Five Love,機動戦艦ナデシコ The Blank of 3 Years: Five Love,Kidō Senkan Nadesico: The Blank of 3 Years: Five Love,機動戦艦ナデシコ The Blank of 3 Years: Five Love,1998-09-23
kidousenkannadesicoyapparisaigohaaigakatsu,Kidō Senkan Nadesico: Yappari Saigo wa 「Ai ga Katsu」?,機動戦艦ナデシコ Martian Successor Nadesico やっぱり最後は「愛が勝つ」?,Kidō Senkan Nadesico: Yappari Saigo wa 「Ai ga Katsu」?,機動戦艦ナデシコ Martian Successor Nadesico やっぱり最後は「愛が勝つ」?,1997-05-02
kidousenshigundamgihrennoyabou,Kidō Senshi Gundam: Gihren no Yabō,機動戦士ガンダム ギレンの野望,Kidō Senshi Gundam: Gihren no Yabō,機動戦士ガンダム ギレンの野望,1998-04-09
kidousenshigundamgihrennoyabou,Kidō Senshi Gundam: Gihren no Yabō,機動戦士ガンダム ギレンの野望,Kidō Senshi Gundam: Gihren no Yabō (Shokai Genteiban),機動戦士ガンダム ギレンの野望 (初回限定版),1998-04-09
kidousenshigundamgihrennoyaboukouryakushireisho,Kidō Senshi Gundam: Gihren no Yabō: Kōryaku Shireisho,機動戦士ガンダム ギレンの野望 攻略指令書,Kidō Senshi Gundam: Gihren no Yabō: Kōryaku Shireisho,機動戦士ガンダム ギレンの野望 攻略指令書,1998-10-08
kidousenshizgundamkouhenuchuuwokakeru,Kidō Senshi Z Gundam: Kōhen Uchū wo Kakeru,機動戦士Zガンダム 後編 宇宙を駆ける,Kidō Senshi Z Gundam: Kōhen Uchū wo Kakeru,機動戦士Zガンダム 後編 宇宙を駆ける,1997-09-25
kidousenshizgundamzenpenzetanokodou,Kidō Senshi Z Gundam: Zenpen Zeta no Kodō,機動戦士Ｚガンダム 前編 ゼータの鼓動,Kidō Senshi Z Gundam: Zenpen Zeta no Kodō,機動戦士Ｚガンダム 前編 ゼータの鼓動,1997-04-25
kindaichishounennojikenbohoshimitoukanashiminofukushuuki,Kindaichi Shōnen no Jikenbo: Hoshimitō Kanashimi no Fukushūki,金田一少年の事件簿 星見島 悲しみの復讐鬼,Kindaichi Shōnen no Jikenbo: Hoshimitō Kanashimi no Fukushūki,金田一少年の事件簿 星見島 悲しみの復讐鬼,1998-01-15
kissyori,Kiss yori...,Kiss より…,Kiss yori...,Kiss より…,1999-03-18
kissyori,Kiss yori...,Kiss より…,Kiss yori... (Shokai Genteiban),Kiss より… (初回限定版),1999-03-18
kisuishoudensetsuastal,Kisuishō Densetsu Astal,Astal 輝水晶伝説 アスタル,Kisuishō Densetsu Astal,Astal 輝水晶伝説 アスタル,1995-04-28
kisuishoudensetsuastal,Kisuishō Densetsu Astal,Astal 輝水晶伝説 アスタル,Kisuishō Densetsu Astal,Astal 輝水晶伝説 アスタル,1995-04-28
taikyokushougikiwame2,Kiwame II,極 Kiwame II,Taikyoku Shōgi: Kiwame II,対局将棋 極II,1996-11-29
kochirakatsushikakukamearikouenmaehashutsujonakagawalanddairacenomaki,Kochira Katsushikaku Kameari Kōenmae: Hashutsujo: Nakagawa Land Dai-Race! no Maki,こちら葛飾区亀有公園前派出所 中川ランド大レース!の巻,Kochira Katsushikaku Kameari Kōenmae: Hashutsujo: Nakagawa Land Dai-Race! no Maki,こちら葛飾区亀有公園前派出所 中川ランド大レース!の巻,1997-08-29
kochirakatsushikakukamearikouenmaehashutsujonakagawalanddairacenomaki,Kochira Katsushikaku Kameari Kōenmae: Hashutsujo: Nakagawa Land Dai-Race! no Maki,こちら葛飾区亀有公園前派出所 中川ランド大レース!の巻,Kochira Katsushikaku Kameari Kōenmae: Hashutsujo: Nakagawa Land Dai-Race! no Maki,こちら葛飾区亀有公園前派出所 中川ランド大レース!の巻,1998-09-20
kodenkoureijutsuhyakumonogatarihontoniattakowaihanashi,Koden Kōreijutsu: Hyaku Monogatari,古伝降霊術 百物語,Koden Kōreijutsu: Hyaku Monogatari: Honto ni Atta Kowai Hanashi (Jōkan),古伝降霊術 百物語 ほんとにあった怖い話 (上巻),1997-08-08
kodenkoureijutsuhyakumonogatarihontoniattakowaihanashi,Koden Kōreijutsu: Hyaku Monogatari,古伝降霊術 百物語,Koden Kōreijutsu: Hyaku Monogatari: Honto ni Atta Kowai Hanashi (Gekan),古伝降霊術 百物語 ほんとにあった怖い話 (下巻),1997-08-08
kodenkoureijutsuhyakumonogatarihontoniattakowaihanashi,Koden Kōreijutsu: Hyaku Monogatari,古伝降霊術 百物語,Koden Kōreijutsu: Hyaku Monogatari: Honto ni Atta Kowai Hanashi (Jōkan),古伝降霊術 百物語 ほんとにあった怖い話 (上巻),1998-08-20
kodenkoureijutsuhyakumonogatarihontoniattakowaihanashi,Koden Kōreijutsu: Hyaku Monogatari,古伝降霊術 百物語,Koden Kōreijutsu: Hyaku Monogatari: Honto ni Atta Kowai Hanashi (Gekan),古伝降霊術 百物語 ほんとにあった怖い話 (下巻),1998-08-20
koudousaisokudensetsuinitiald,Kōdō Saisoku Densetsu: Initial D,頭文字 イニシャルD 公道最速伝説,Kōdō Saisoku Densetsu: Initial D,頭文字 イニシャルD 公道最速伝説,1998-06-25
koinosummerfantasyinmiyazakiseagaiaokinamegumi,Koi no Summer Fantasy: in Miyazaki Seagaia: Okina Megumi,恋のサマーファンタジー in 宮崎シーガイア 奥菜 恵,Koi no Summer Fantasy: in Miyazaki Seagaia: Okina Megumi,恋のサマーファンタジー in 宮崎シーガイア 奥菜 恵,1997-08-22
konamiantiquesmsxcollectionultrapack,Konami Antiques: MSX Collection Ultra Pack,コナミアンティークス MSXコレクション Konami Antiques: MSX Collection ウルトラパック,Konami Antiques: MSX Collection Ultra Pack,コナミアンティークス MSXコレクション Konami Antiques: MSX Collection ウルトラパック,1998-07-23
yunokonoyonohatedekoiwoutaushoujo,Konoyo no Hate de Koi wo Utau Shōjo: Yu-No,この世の果てで恋を唄う少女 Yu-No,Konoyo no Hate de Koi wo Utau Shōjo Yu-No,この世の果てで恋を唄う少女 Yu-No: A Girl Who Chants Love at the Bound of this World,1997-12-04
yunokonoyonohatedekoiwoutaushoujo,Konoyo no Hate de Koi wo Utau Shōjo: Yu-No,この世の果てで恋を唄う少女 Yu-No,Konoyo no Hate de Koi wo Utau Shōjo: Yu-No,この世の果てで恋を唄う少女 Yu-No: A Girl Who Chants Love at the Bound of this World,1997-12-04
yunokonoyonohatedekoiwoutaushoujo,Konoyo no Hate de Koi wo Utau Shōjo: Yu-No,この世の果てで恋を唄う少女 Yu-No,Konoyo no Hate de Koi wo Utau Shōjo: Yu-No,この世の果てで恋を唄う少女 Yu-No: A Girl Who Chants Love at the Bound of this World,1997-12-04
yunokonoyonohatedekoiwoutaushoujo,Konoyo no Hate de Koi wo Utau Shōjo: Yu-No,この世の果てで恋を唄う少女 Yu-No,Konoyo no Hate de Koi wo Utau Shōjo: Yu-No(Shuttle Mouse-tsuki Genteiban),この世の果てで恋を唄う少女 Yu-No: A Girl Who Chants Love at the Bound of this World (シャトルマウス付　限定版),1997-12-04
yunokonoyonohatedekoiwoutaushoujo,Konoyo no Hate de Koi wo Utau Shōjo: Yu-No,この世の果てで恋を唄う少女 Yu-No,Konoyo no Hate de Koi wo Utau Shōjo: Yu-No(Shuttle Mouse-tsuki Genteiban),この世の果てで恋を唄う少女 Yu-No: A Girl Who Chants Love at the Bound of this World (シャトルマウス付　限定版),1997-12-04
yunokonoyonohatedekoiwoutaushoujo,Konoyo no Hate de Koi wo Utau Shōjo: Yu-No,この世の果てで恋を唄う少女 Yu-No,Konoyo no Hate de Koi wo Utau Shōjo: Yu-No(Shuttle Mouse-tsuki Genteiban),この世の果てで恋を唄う少女 Yu-No: A Girl Who Chants Love at the Bound of this World (シャトルマウス付　限定版),1997-12-04
Kouryuusangokuengi,Kōryū Sangoku Engi,皇龍三國演義,Kōryū Sangoku Engi,皇龍三國演義,1996-12-06
koutetsureiikisteeldom,Kōtetsu Reiiki: Steeldom,鋼鉄霊域 Steeldom,Kōtetsu Reiiki: Steeldom,鋼鉄霊域 Steeldom,1996-09-06
koutetsureiikisteeldom,Kōtetsu Reiiki: Steeldom,鋼鉄霊域 Steeldom,Kōtetsu Reiiki: Steeldom (Taisen Cable Dōkonban),鋼鉄霊域 Steeldom (対戦ケーブル同梱版),1996-09-06
krazyivan,Krazy Ivan☆,,Krazy Ivan☆,,1997-06-27
kumitatebattlekuttuketto,Kumitate Battle Kuttu Ketto,組み立てバトルくっつけっと Kuttu Ketto,Kumitate Battle Kuttu Ketto,組み立てバトルくっつけっと,1998-04-02
kunoichitorimonochou,Kunoichi Torimonochō,くのいち捕物帖,Kunoichi Torimonochō,くのいち捕物帖,1998-02-05
kuronodanshoutheliteraryfragment,Kuro no Danshō: The Literary Fragment,黒の断章 The Literary Fragment,Kuro no Danshō: The Literary Fragment,黒の断章 The Literary Fragment,1997-08-08
kuronodanshoutheliteraryfragment,Kuro no Danshō: The Literary Fragment,黒の断章 The Literary Fragment,Kuro no Danshō: The Literary Fragment,黒の断章 The Literary Fragment,1997-08-08
kuronodanshoutheliteraryfragment,Kuro no Danshō: The Literary Fragment,黒の断章 The Literary Fragment,Kuro no Danshō (Omake CD),黒の断章 (おまけCD),1997-08-08
kurubushikyoudaigekijoudaiikkanmahjonghen,Kurubushi Kyōdai Gekijō Daiikkan: Mahjong-hen,踝兄弟劇場 第一巻 麻雀篇,Kurubushi Kyōdai Gekijō Daiikkan: Mahjong-hen,踝兄弟劇場 第一巻 麻雀篇,1996-06-28
kururinpa,Kururin Pa!,くるりんPa! Kururin Pa!,Kururin Pa!,くるりんPa! Kururin Pa!,1996-02-23
kyuukyokutiger2,Kyūkyoku Tiger II Plus,究極 Tiger II Plus,Kyūkyoku Tiger II Plus,究極 Tiger II Plus,1997-12-18
kyuutenkai,Kyūtenkai,球転界,Kyūtenkai,球転界,1995-08-25
langrisserdramaticedition,Langrisser: Dramatic Edition,,Langrisser: Dramatic Edition,Langrisser: Dramatic Edition ラングリッサー ドラマティックエディション,1998-02-26
langrissertribute,Langrisser: Dramatic Edition,,Langrisser Tribute,Langrisser Tribute ラングリッサー トリビュート,1998-12-23
langrisser3,Langrisser III,,Langrisser III,,1996-10-18
langrisser3,Langrisser III,,Langrisser III (Shokai Genteiban),Langrisser III (初回限定版),1996-10-18
langrisser3,Langrisser III,,Langrisser III,,1998-02-11
langrissertribute,Langrisser III,,Langrisser Tribute,Langrisser Tribute ラングリッサー トリビュート,1998-12-23
langrisser4,Langrisser IV,,Langrisser IV,Langrisser IV ラングリッサーIV,1997-08-01
langrisser4,Langrisser IV,,Langrisser IV (Shokai Genteiban),Langrisser IV ラングリッサーIV (初回限定版),1997-08-01
langrisser4,Langrisser IV,,Langrisser IV,Langrisser IV ラングリッサーIV,1998-07-30
langrissertribute,Langrisser IV,,Langrisser Tribute,Langrisser Tribute ラングリッサー トリビュート,1998-12-23
langrisser5theendoflegend,Langrisser V: The End of Legend,,Langrisser V: The End of Legend,,1998-06-18
langrissertribute,Langrisser V: The End of Legend,,Langrisser Tribute,Langrisser Tribute ラングリッサー トリビュート,1998-12-23
lastbronx,Last Bronx,,Last Bronx (Arcade Disc),Last Bronx ラストブロンクス (Arcade Disc),1997-08-01
lastbronx,Last Bronx (Special Disc),Last Bronx (すぺしゃる　でぃすく),Last Bronx (Special Disc),Last Bronx ラストブロンクス (Special Disc),1997-08-01
lastgladiators,Last Gladiators: Digital Pinball,,Last Gladiators: Digital Pinball,,1995-06-23
lastgladiators,Last Gladiators V.9.7: Digital Pinball,,Last Gladiators Ver.9.7: Digital Pinball,,1997-09-11
rayforce,Layer Section,,Layer Section,Layer Section レイヤーセクション,1995-09-14
rayforce,Layer Section,,Layer Section,Layer Section レイヤーセクション,1995-09-14
rayforce,Layer Section,,Layer Section,Layer Section レイヤーセクション,1997-04-25
raystorm,Layer Section II,Layer Section II レイヤーセクション2,Layer Section II,Layer Section II レイヤーセクション2,1997-10-30
legendofk1grandprix96,Legend of K-1: Grand Prix '96,,Legend of K-1: Grand Prix '96,,1997-04-18
legendofk1thebestcollection,Legend of K-1: The Best Collection,,Legend of K-1: The Best Collection,,1997-01-24
lifescapeseimei40okunenharukanatabi,LifeScape: Aquasphere: Umikara Umareta Seimei,LifeScape: アクアスフィア 海から生まれた生命,LifeScape: Seimei 40-okunen Harukana Tabi (Aquasphere),ライフスケイプ 生命40億年はるかな旅 (Aquasphere),1996-05-24
lifescapeseimei40okunenharukanatabi,LifeScape: Landsphere: Chijō ni Okeru Han'ei,LifeScape: ランドスフィア 地上における繁栄,LifeScape: Seimei 40-okunen Harukana Tabi (Landsphere),ライフスケイプ 生命40億年はるかな旅 (Landsphere),1996-05-24
lifescape2bodybionicskyouinoshouuchuujintai,LifeScape 2: Body Bionics: Kyōi no Shōuchū Jintai,ライフスケイプ2 ボディバイオニクス 驚異の小宇宙・人体,LifeScape 2: Body Bionics: Kyōi no Shōuchū Jintai,ライフスケイプ2 ボディバイオニクス 驚異の小宇宙・人体,1997-08-08
linda3,Linda³ Kanzenban,Linda³ リンダキューキューブ 完全版,Linda³ Kanzenban,Linda³ リンダキューキューブ 完全版,1998-06-18
linkleliverstory,Linkle Liver Story,リンクルリバーストーリー Linkle Liver Story,Linkle Liver Story,リンクルリバーストーリー,1996-03-15
loderunnerthelegendreturns,Lode Runner: The Legend Returns,,Lode Runner: The Legend Returns,Lode Runner ロードランナー The Legend Returns レジェンド リターンズ,1996-03-08
loderunnerextra,Lode Runner Extra,,Lode Runner Extra,Lode Runner Extra ロードランナー・エクストラ,1997-01-10
logicpuzzlerainbowtown,Logic Puzzle Rainbow Town,ロジック・パズル レインボータウン Rainbow Town,Logic Puzzle Rainbow Town,ロジック・パズル レインボータウン Rainbow Town,1996-02-23
lovelypop2in1janjankoishimasho,Lovely Pop 2 in 1: Jan Jan Koi Shimasho,ラブリーポップ2in1 雀じゃん恋しましょ,Lovely Pop 2 in 1: Jan Jan Koi Shimasho,ラブリーポップ2in1 雀じゃん恋しましょ,1998-07-30
lovelypop2in1janjankoishimasho,Lovely Pop 2 in 1: Jan Jan Koi Shimasho,ラブリーポップ2in1 雀じゃん恋しましょ,Lovely Pop 2 in 1: Jan Jan Koi Shimasho,ラブリーポップ2in1 雀じゃん恋しましょ,1998-07-30
lulu,Lulu,Lulu ルル,LuLu: Un Conte Interactif de Romain Victor-Pujebet,LuLu ルル Un Conte Interactif de Romain Victor-Pujebet,1996-11-01
lunarthesilverstar,Lunar: Silver Star Story,,Lunar: Silver Star Story,Lunar: Silver Star Story ルナ シルバースターストーリー,1996-10-25
lunarthesilverstar,Lunar: Silver Star Story,,Lunar: Silver Star Story,Lunar: Silver Star Story ルナ シルバースターストーリー,
lunarthesilverstar,Lunar: Silver Star Story,,Lunar: Silver Star Story Complete MPEG-ban,Lunar: Silver Star Story Complete ルナ シルバースターストーリー MPEG版,1997-07-04
lunareternalblue,Lunar²: Eternal Blue,,Lunar²: Eternal Blue,Lunar²: Eternal Blue ルナ2 エターナルブルー,1998-07-23
lunareternalblue,Lunar²: Eternal Blue,,Lunar²: Eternal Blue,Lunar²: Eternal Blue ルナ2 エターナルブルー,1998-07-23
lupinsanseipyramidnokenja,Lupin Sansei: Pyramid no Kenja: The Sage of Pyramid,ルパン三世 ピラミッドの賢者 Lupin the 3rd: The Sage of Pyramid,Lupin Sansei: Pyramid no Kenja,ルパン三世 ピラミッドの賢者,1998-08-06
lupinthe3rdthemasterfile,Lupin the 3rd: The Master File,,Lupin the 3rd: The Master File,,1996-03-29
lupinthe3rdchronicles,Lupin the 3rd Chronicles,,Lupin the 3rd Chronicles,Lupin the 3rd Chronicles ルパン三世 クロニクル,1997-08-08
lupinthe3rdchronicles,Lupin the 3rd Chronicles,,Lupin the 3rd Chronicles,Lupin the 3rd Chronicles ルパン三世 クロニクル,1997-08-08
lupinthe3rdchronicles,Lupin the 3rd Chronicles,,Lupin the 3rd Chronicles,Lupin the 3rd Chronicles ルパン三世 クロニクル,1997-08-08
lupinthe3rdchronicles,Lupin the 3rd Chronicles,,Lupin the 3rd Chronicles,Lupin the 3rd Chronicles ルパン三世 クロニクル,1997-08-08
lupinthe3rdchronicles,Lupin the 3rd Chronicles,,Lupin the 3rd Chronicles,Lupin the 3rd Chronicles ルパン三世 クロニクル,1997-08-08
lupinthe3rdchronicles,Lupin the 3rd Chronicles,,Lupin the 3rd Chronicles,Lupin the 3rd Chronicles ルパン三世 クロニクル,1997-08-08
emukimiwotsutaete,M: Kimi wo Tsutaete [emu],M 君を伝えて [emu],M: Kimi wo Tsutaete [emu],M 君を伝えて [emu],1996-12-20
maboroshinoblackbass,Maboroshi no Black Bass,幻のブラックバス,Maboroshi no Black Bass,幻のブラックバス,1997-03-28
machi,Machi,街,Machi,街 Machi,1998-01-22
machi,Machi,街,Machi,街 Machi,1998-01-22
machi,Machi,街,Machi,街 Machi,1998-01-22
madoumonogatari,Madō Monogatari,魔導物語,Madō Monogatari,魔導物語,1998-07-23
magiccarpet,Magic Carpet,,Magic Carpet,Magic Carpet マジックカーペット,1996-12-06
magiccarpet,Magic Carpet,,Magic Carpet (Tokubetsu Genteiban SEGA Multi Controller Set),Magic Carpet マジックカーペット (特別限定版 セガマルチコントローラー セット),1996-12-06
magicknightrayearthss,Magic Knight Rayearth,魔法騎士 マジックナイト レイアース,Magic Knight Rayearth,魔法騎士 マジックナイト レイアース,1995-08-25
magicknightrayearthss,Magic Knight Rayearth,魔法騎士 マジックナイト レイアース,Magic Knight Rayearth (Shokai Gentei Double Premium),魔法騎士 マジックナイト レイアース (初回限定 ダブルWプレミアム),1995-08-25
magicknightrayearthss,Magic Knight Rayearth,魔法騎士 マジックナイト レイアース,Magic Knight Rayearth (Shokai Gentei Double Premium),魔法騎士 マジックナイト レイアース (初回限定 ダブルWプレミアム),1995-08-25
magicaldrop,Magical Drop,マジカルドロップ,Magical Drop,マジカルドロップ,1995-12-15
magicaldrop2,Magical Drop 2,マジカルドロップ2,Magical Drop 2,マジカルドロップ2,1996-09-27
magicaldrop3toretatezoukangou,Magical Drop III: Toretate Zōkangō!,マジカルドロップIII とれたて増刊号!,Magical Drop III: Toretate Zōkangō!,マジカルドロップIII とれたて増刊号!,1997-06-20
magicaldrop3toretatezoukangou,Magical Drop III: Toretate Zōkangō!,マジカルドロップIII とれたて増刊号!,Magical Drop III: Toretate Zōkangō!,マジカルドロップIII とれたて増刊号!,1998-10-22
pandemonium,Magical Hoppers,Magical Hoppers マジカルホッパーズ,Magical Hoppers,Magical Hoppers マジカルホッパーズ,1997-04-25
cotton2,Magical Night Dreams: Cotton 2,,Magical Night Dreams: Cotton 2,Magical Night Dreams: Cotton 2 コットン2,1997-12-04
cottonboomerang,Magical Night Dreams: Cotton Boomerang,Magical Night Dreams: Cotton Boomerang コットン ブーメラン,Magical Night Dreams: Cotton Boomerang,Magical Night Dreams: Cotton Boomerang コットン ブーメラン,1998-10-08
mahjongdoukyuuseispecial,Mahjong Dōkyūsei Special,麻雀 同級生 Special,Mahjong Dōkyūsei Special,麻雀 同級生 Special,1996-03-29
mahjongdoukyuuseispecial,Mahjong Dōkyūsei Special,麻雀 同級生 Special,Mahjong Dōkyūsei Special (Portrait CD-tsu Shokai Genteiban),麻雀 同級生 Special (ポートレードCD付 初回限定版),1996-03-29
mahjongdoukyuuseispecial,Mahjong Dōkyūsei Special (Portrait CD),麻雀 同級生 Special (ポートレードCD),Mahjong Dōkyūsei Special (Portrait CD-tsu Shokai Genteiban),麻雀 同級生 Special (ポートレードCD付 初回限定版),1996-03-29
mahjonggakuensai,Mahjong Gakuensai,麻雀 学園祭,Mahjong Gakuensai,麻雀 学園祭,1997-11-06
mahjonggakuensai,Mahjong Gakuensai,麻雀 学園祭,Mahjong Gakuensai (Seiyū Interview Hi CD-tsu Shokai Genteiban),麻雀 学園祭 (声優インタビュー ㊙CD付 初回限定版),1997-11-06
mahjonggakuensai,Mahjong Gakuensai (Hi Disc),麻雀 学園祭 (㊙ディスク),Mahjong Gakuensai (Seiyū Interview Hi CD-tsu Shokai Genteiban),麻雀 学園祭 (声優インタビュー ㊙CD付 初回限定版),1997-11-06
mahjonggakuensaidxzenjitsunimatsuwarufunsenki,Mahjong Gakuensai DX: Zenjitsu ni Matsuwaru Funsenki,麻雀 学園祭 DX 前日にまつわる奮戦記,Mahjong Gakuensai DX: Zenjitsu ni Matsuwaru Funsenki,麻雀 学園祭 DX 前日にまつわる奮戦記,1998-09-23
mahjongganryuujima,Mahjong Ganryūjima,麻雀巌流島,Mahjong Ganryūjima,麻雀巌流島,1995-03-10
mahjonggokuutenjiku,Mahjong Gokū Tenjiku,麻雀悟空 天竺,Mahjong Gokū Tenjiku,麻雀悟空 天竺,1994-11-22
mahjonghyperreaction,Mahjong Hyper Reaction R,麻雀ハイパーリアクションR,Mahjong Hyper Reaction R,麻雀ハイパーリアクションR,1996-03-08
mahjongkaiganmonogatarimahjongkyoujidaisexyidolhen,Mahjong Kaigan Monogatari: Mahjong-kyō Jidai Sexy Idol-hen,麻雀海岸物語 麻雀狂時代セクシーアイドル編,Mahjong Kaigan Monogatari: Mahjong-kyō Jidai Sexy Idol-hen,麻雀海岸物語 麻雀狂時代 セクシー アイドル編,1995-08-04
mahjongtaikai2special,Mahjong Taikai II Special,麻雀大会II Special,Mahjong Taikai II Special,麻雀大会II Special,1996-10-04
mahjongtaikai2special,Mahjong Taikai II Special,麻雀大会II Special,Mahjong Taikai II Special,麻雀大会II Special,
mahjongangelkiss,Mahjong Tenshi: Angel Lips,麻雀天使エンジェルリップス,Mahjong Tenshi: Angel Lips,麻雀天使エンジェルリップス,1996-03-29
mahjongyonshimaiwakakusamonogatari,Mahjong Yon Shimai: Wakakusa Monogatari,麻雀四姉妹 若草物語,Mahjong Yon Shimai: Wakakusa Monogatari,麻雀四姉妹 若草物語,1996-09-27
mahjongkyoujidaicogalhoukagohen,Mahjong-kyō Jidai Cogal Hōkago-hen,麻雀狂時代 Cogal コギャル 放課後編,Mahjong-kyō Jidai Cogal Hōkago-hen,麻雀狂時代 Cogal コギャル 放課後編,1996-01-12
lunarsanposurugakuen,Mahō Gakuen Lunar!,魔法学園Lunar! ルナ,Mahō Gakuen Lunar!,魔法学園Lunar! ルナ,1997-11-20
lunarsanposurugakuen,Mahō Gakuen Lunar!,魔法学園Lunar! ルナ,Mahō Gakuen Lunar!,魔法学園Lunar! ルナ,1997-11-20
mahoushoujoprettysamyosorubeshishintaisokuteikakubakuhatsu5byoumae,Mahō Shōjo Pretty Samy,魔法少女プリティサミー,Mahō Shōjo Pretty Samy: Osorubeshi Shintai Sokutei! Kakubakuhatsu 5-Byō-mae!!,魔法少女プリティサミー　恐るべし身体測定! 核爆発5秒前!!,1997-08-08
mahoushoujoprettysamyheartnokimochi,Mahō Shōjo Pretty Samy: Heart no Kimochi,魔法少女プリティサミー ハートのきもち,Mahō Shōjo Pretty Samy: Heart no Kimochi,魔法少女プリティサミー Magical Girl Pretty Samy ハートのきもち,1998-01-29
mahounojanshipoepoepoemy,Mahō no Janshi: Poe Poe Poemy,魔法の雀士 ぽえぽえポエミィ,Mahō no Janshi: Poe Poe Poemy,魔法の雀士 ぽえぽえポエミィ,1995-09-29
mahoutsukaininaruhouhou,Mahōtsukai ni Naru Hōhō,魔法使いになる方法,Mahōtsukai ni Naru Hōhō,魔法使いになる方法,1998-08-27
mainichikawaruquizbangumiquiz365,Mainichi Kawaru Quiz Bangumi: Quiz 365,毎日替わるクイズ番組 クイズ365 サン　ロク　ゴイ,Mainichi Kawaru Quiz Bangumi: Quiz 365,毎日替わるクイズ番組 クイズ365 サン　ロク　ゴイ,1996-03-15
makingofnightruth2voiceselection,Making of Nightruth2: Voice Selection,,Nightruth: Explanation of the Paranormal: Making of Nightruth II: Voice Selection,Nightruth: Explanation of the Paranormal: Making of Nightruth II メイキング・オブ・ナイトゥルースII  Voice Selection ボイスセレクション,1996-11-08
manxttsuperbike,Manx TT SuperBike,,Manx TT SuperBike,Manx TT SuperBike マンクス TT スーパーバイク,1997-03-14
mariakimitachigaumaretawake,Maria: Kimi-tachi ga Umareta Wake,マリア Maria 君たちが生まれた理由,Maria: Kimi-tachi ga Umareta Wake,マリア Maria 君たちが生まれた理由,1997-12-11
mariakimitachigaumaretawake,Maria: Kimi-tachi ga Umareta Wake,マリア Maria 君たちが生まれた理由,Maria: Kimi-tachi ga Umareta Wake,マリア Maria 君たちが生まれた理由,1997-12-11
maricashinjitsunosekai,Marica: Shinjitsu no Sekai,マリカ Marica 真実の世界,Marica: Shinjitsu no Sekai,マリカ Marica 真実の世界,1997-06-20
mariomushanonochoushougijuku,Mario Mushano no Chō Shōgi Juku: Mario Mushano's Hyper Shogi School,マリオ武者野の超将棋塾 Mario Mushano's Hyper Shogi School,Mario Mushano no Chō Shōgi Juku: Mario Mushano's Hyper Shogi School,マリオ武者野の超将棋塾 Mario Mushano's Hyper Shogi School,1998-01-15
marvelsuperheroes,Marvel Super Heroes,,Marvel Super Heroes,Marvel Super Heroes マーヴル・スーパーヒーローズ,1997-08-08
marvelsuperheroesvsstreetfighter,Marvel Super Heroes vs. Street Fighter,,Marvel Super Heroes vs. Street Fighter,Marvel Super Heroes vs. Street Fighter マーヴル・スーパーヒーローズvs.ストリートファイター,1998-10-22
marvelsuperheroesvsstreetfighter,Marvel Super Heroes vs. Street Fighter,,Marvel Super Heroes vs. Street Fighter (Kakuchō RAM Cartridge 4MB Fuzoku),Marvel Super Heroes vs. Street Fighter マーヴル・スーパーヒーローズvs.ストリートファイター (拡張ラムカートリッジ4MB付属),1998-10-22
massdestruction,Mass Destruction,,Mass Destruction: Otōsan ni mo Dekiru Soft,マス デストラクション Mass Destruction お父さんにもできるソフト,1997-11-20
masterofmonstersneogenerations,Master of Monsters: Neo Generations,,Master of Monsters: Neo Generations,Master of Monsters: Neo Generations マスター・オブ・モンスターズ ネオ ジェネレーションズ,1996-10-26
mastersharukanaruaugusta3,Masters: Harukanaru Augusta 3,Masters 遥かなるオーガスタ3,Masters: Harukanaru Augusta 3,Masters 遥かなるオーガスタ3,1995-09-22
matsukatahirokinoworldfishing,Matsukata Hiroki no World Fishing,松方弘樹のワールドフィッシング Hiroki Matsukata Presents World Fishing,Matsukata Hiroki no World Fishing,松方弘樹のワールドフィッシング Hiroki Matsukata Presents World Fishing,1996-02-02[
mechwarrior2,MechWarrior 2: 31st Century Combat:,,MechWarrior 2,MechWarrior 2 メックウォリア2,1997-09-25
jinzouningenhakaiderlastjudgement,Mechanical Violator Hakaider: Last Judgement,Mechanical Violator Hakaider 人造人間ハカイダー ラストジャッジメント,Mechanical Violator Hakaider: Last Judgement,Mechanical Violator Hakaider 人造人間ハカイダー ラストジャッジメント,1996-12-27
meltylancergingashoujokeisatsu2086,MeltyLancer: Ginga Shōjo Keisatsu 2086,メルティランサー 銀河少女警察2086,MeltyLancer: Ginga Shōjo Keisatsu 2086,メルティランサー 銀河少女警察2086,1996-12-13
meltylancergingashoujokeisatsu2086,MeltyLancer: Ginga Shōjo Keisatsu 2086,メルティランサー 銀河少女警察2086,MeltyLancer: Ginga Shōjo Keisatsu 2086 (Special Edition),メルティランサー 銀河少女警察2086 (Special Edition),1996-12-13
meltylancerreinforce,MeltyLancer: Re-inforce,メルティランサー Re-inforce,MeltyLancer: Re-inforce,メルティランサー Re-inforce,1998-05-21
meltylancerreinforce,MeltyLancer: Re-inforce,メルティランサー Re-inforce,MeltyLancer: Re-inforce,メルティランサー Re-inforce,1998-05-21
meltylancerreinforce,MeltyLancer: Re-inforce,メルティランサー Re-inforce,MeltyLancer: Re-inforce,メルティランサー Re-inforce,1998-05-21
meltylancerreinforce,MeltyLancer: Re-inforce,メルティランサー Re-inforce,MeltyLancer: Re-inforce (Special Edition),メルティランサー Re-inforce (Special Edition),1998-05-21
meltylancerreinforce,MeltyLancer: Re-inforce,メルティランサー Re-inforce,MeltyLancer: Re-inforce (Special Edition),メルティランサー Re-inforce (Special Edition),1998-05-21
meltylancerreinforce,MeltyLancer: Re-inforce,メルティランサー Re-inforce,MeltyLancer: Re-inforce (Special Edition),メルティランサー Re-inforce (Special Edition),1998-05-21
segaagesmemorialselectionvol1,Memorial Selection Vol.1,,SEGA Ages: Memorial Selection Vol.1,SEGA Ages: Memorial Selection Vol.1 メモリアルセレクションVol.1,1997-02-28
segaagesmemorialselectionvol2,Memorial Selection Vol.2,,SEGA Ages: Memorial Selection Vol.2,SEGA Ages: Memorial Selection Vol.2 メモリアルセレクションVol.2,1997-11-27
messagenavi,Message Navi Vol.1,メッセージ・ナビ Message Navi Vol.1,Message Navi,メッセージ・ナビ,1997-11-27
messagenavi2,Message Navi Vol.2,メッセージ・ナビ Message Navi Vol.2,Message Navi Vol.2,メッセージ・ナビ Vol.2,1998-02-26
metalblack,Metal Black,,Metal Black,Metal Black メタルブラック,1996-05-24
metalblack,Metal Black,,Metal Black,Metal Black メタルブラック,1998-07-23
metalfightermiku,Metal Fighter Miku,メタルファイター♥ Miku,Metal Fighter Miku,メタルファイター♥ Miku,1995-09-29
metalslug,Metal Slug: Super Vehicle-001,,Metal Slug,Metal Slug メタルスラッグ,1997-04-04
metalslug,Metal Slug: Super Vehicle-001,,Metal Slug (Kakuchō RAM Dōkon 「Okaidoku Set」!!),Metal Slug メタルスラッグ (拡張ラム同梱「お買得セット」!!),1997-04-04
mezaseidolstarnatsuiromemoriesmahjonghen,Mezase Idol Star!! Natsuiro Memories,めざせアイドル☆スター!! 夏色メモリーズ♥,Mezase Idol Star!! Natsuiro Memories: Mahjong-hen,めざせアイドル☆スター!! 夏色メモリーズ♥ 麻雀編,1996-09-27
mightyhits,Mighty Hits,,Mighty Hits,Mighty Hits マイティ ヒット,1996-10-18
minakatahakudoutoujou,Minakata Hakudō Tōjō,南方珀堂登場,Minakata Hakudō Tōjō,南方珀堂登場,1997-08-07
minakatahakudoutoujou,Minakata Hakudō Tōjō,南方珀堂登場,Minakata Hakudō Tōjō,南方珀堂登場,1997-08-07
minaminoshimanibutagaitalucasnodaibouken,Minami no Shima ni Buta ga Ita: 6 Funny Island,南の島にブタがいた 6 Funny Island,Minami no Shima ni Buta ga Ita: Lucas no Daibōken,南の島にブタがいた ルーカスの大冒険,1996-10-10
doukeshisatsujinjiken,Minton Keibu no Sōsa File: Dōkeshi Satsujin Jiken,ミントン警部の捜査ファイル 道化師殺人事件,Minton Keibu no Sōsa File: Dōkeshi Satsujin Jiken,ミントン警部の捜査ファイル 道化師殺人事件,1997-10-30
mizubakuadventure,Mizubaku Adventure,ミズバク大冒険 アドベンチャー,Mizubaku Adventure,ミズバク大冒険 アドベンチャー,1998-10-22
mizukishigerunoyoukaizukansoushuuhen,Mizuki Shigeru no Yōkai Zukan Sōshūhen,水木しげるの妖怪図鑑 総集編,Mizuki Shigeru no Yōkai Zukan Sōshūhen,水木しげるの妖怪図鑑 総集編,1998-06-25
mobilesuitgundam,Mobile Suit Gundam,,Mobile Suit Gundam,,1995-12-22
mobilesuitgundam,Mobile Suit Gundam,,Mobile Suit Gundam,,1997-11-20
mobilesuitgundamsidestoryoptionalguide,Mobile Suit Gundam Side Story: Optional Guide,,Mobile Suit Gundam Side Story: Optional Guide,,1997
mobilesuitgundamsidestory1senritsunoblue,Mobile Suit Gundam Side Story I: Senritsu no Blue,Mobile Suit Gundam Side Story I 戦慄のブルー,Mobile Suit Gundam Side Story I: Senritsu no Blue,Mobile Suit Gundam Side Story I 戦慄のブルー,1996-09-20
mobilesuitgundamsidestory1senritsunoblue,Mobile Suit Gundam Side Story I: Senritsu no Blue,Mobile Suit Gundam Side Story I 戦慄のブルー,Mobile Suit Gundam Side Story I: Senritsu no Blue (Shokai Press Tokushu Package Shiyō),Mobile Suit Gundam Side Story I 戦慄のブルー (初回プレス　特殊パッケージ仕様),1996-09-20
mobilesuitgundamsidestorythebluedestiny,Mobile Suit Gundam Side Story I: Senritsu no Blue,Mobile Suit Gundam Side Story I 戦慄のブルー,Mobile Suit Gundam Side Story: The Blue Destiny,,1997-08-29
mobilesuitgundamsidestory2aowouketsugumono,Mobile Suit Gundam Side Story II: Ao wo Uketsugu Mono,Mobile Suit Gundam Side Story II 蒼を受け継ぐ者,Mobile Suit Gundam Side Story II: Ao wo Uketsugu Mono,Mobile Suit Gundam Side Story II 蒼を受け継ぐ者,1996-12-06
mobilesuitgundamsidestory2aowouketsugumono,Mobile Suit Gundam Side Story II: Ao wo Uketsugu Mono,Mobile Suit Gundam Side Story II 蒼を受け継ぐ者,Mobile Suit Gundam Side Story II: Ao wo Uketsugu Mono,Mobile Suit Gundam Side Story II 蒼を受け継ぐ者,1996-12-06
mobilesuitgundamsidestorythebluedestiny,Mobile Suit Gundam Side Story II: Ao wo Uketsugu Mono,Mobile Suit Gundam Side Story II 蒼を受け継ぐ者,Mobile Suit Gundam Side Story: The Blue Destiny,,1997-08-29
mobilesuitgundamsidestory3sabakareshimono,Mobile Suit Gundam Side Story III: Sabakareshi Mono,Mobile Suit Gundam Side Story III 裁かれし者,Mobile Suit Gundam Side Story III: Sabakareshi Mono,Mobile Suit Gundam Side Story III 裁かれし者,1997-03-07
mobilesuitgundamsidestorythebluedestiny,Mobile Suit Gundam Side Story III: Sabakareshi Mono,Mobile Suit Gundam Side Story III 裁かれし者,Mobile Suit Gundam Side Story: The Blue Destiny,,1997-08-29
moudjiya,Mōdjiya,もうぢや,Ryōgae Puzzle Game: Mōdjiya,両替パズルゲーム もうぢや,1996-12-20
moeroproyakyuu95doubleheader,Moero!! Pro Yakyū '95: Double Header,燃えろ!! プロ野球'95 Double Header ダブルヘッダー,Moero!! Pro Yakyū '95: Double Header,燃えろ!! プロ野球'95 Double Header ダブルヘッダー,1995-11-22
momotaroudouchuuki,Momotarō Dōchūki,桃太郎道中記,Momotarō Dōchūki,桃太郎道中記,1997-09-25
momotaroudouchuuki,Momotarō Dōchūki,桃太郎道中記,Momotarō Dōchūki,桃太郎道中記,1997-09-25
momotaroudouchuuki,Momotarō Dōchūki,桃太郎道中記,Momotarō Dōchūki,桃太郎道中記,1998-08-20
monsterslider,Monster Slider,モンスタースライダー,Monster Slider,モンスタースライダー,1997-03-28
mooncradle,Moon Cradle,,Moon Cradle,Moon Cradle ムーンクレイドル,1997-06-27
mooncradle,Moon Cradle,,Moon Cradle,Moon Cradle ムーンクレイドル,1997-06-27
mooncradle,Moon Cradle,,Moon Cradle,Moon Cradle ムーンクレイドル,1997-06-27
mourimotonarichikainosanshi,Mōri Motonari: Chikai no Sanshi,毛利元就 誓いの三矢,Mōri Motonari: Chikai no Sanshi,毛利元就 誓いの三矢,1997-10-02
moritakachisatowatarasebashilalasunshine,Moritaka Chisato: Watarase Bashi/Lala Sunshine,森高千里 渡良瀬橋／ララ サンシャイン,Chisato Moritaka,,1997-09-11
moritakachisatowatarasebashilalasunshine,Moritaka Chisato: Watarase Bashi/Lala Sunshine,森高千里 渡良瀬橋／ララ サンシャイン,Chisato Moritaka,,1997-09-11
mortalkombat2,Mortal Kombat II,,Mortal Kombat II Kanzenban,Mortal Kombat II モータルコンバットII 究全版,1996-03-29
motteketamago,Motteke Tamago with Ganbare! Kamonohashi,もってけたまご with がんばれ! かものはし,Motteke Tamago with Ganbare! Kamonohashi,もってけたまご with がんばれ! かものはし,1998-07-02
mrbones,Mr. Bones,,Mr. Bones,Mr. Bones ミスター・ボーンズ,1997-06-26
mrbones,Mr. Bones,,Mr. Bones,Mr. Bones ミスター・ボーンズ,1997-06-26
mujintoumonogatarir,Mujintō Monogatari R: Futari no Love Love Island,無人島物語R ふたりのラブラブ愛ランド,Mujintō Monogatari R: Futari no Love Love Island,無人島物語R ふたりのラブラブ愛ランド,1998-05-28
murakoshiseikainobakuchounihonrettou,Murakoshi Seikai no Bakuchō Nihon Rettō,村越正海の爆釣日本列島,Murakoshi Seikai no Bakuchō Nihon Rettō,村越正海の爆釣日本列島,1998-06-18
mybestfriendssaintandrewjogakuinhen,My Best Friends: St. Andrew Jogakuin-hen,My Best Friends マイ・ベスト・フレンズ St.アンドリュー女学院編,My Best Friends: St. Andrew Jogakuin-hen,My Best Friends マイ・ベスト・フレンズ St.アンドリュー女学院編,1996-03-22
mydreamonairgamatenakute,My Dream: On Air ga Matenakute,My Dream マイ・ドリーム On Airが待てなくて,My Dream: On Air ga Matenakute,My Dream マイ・ドリーム On Airが待てなくて,1997-09-18
mydreamonairgamatenakute,My Dream: On Air ga Matenakute,My Dream マイ・ドリーム On Airが待てなくて,My Dream: On Air ga Matenakute,My Dream マイ・ドリーム On Airが待てなくて,1997-09-18
myfairladyvirtualmahjong2,My Fair Lady: Virtual Mahjong II,マイ・フェアー・レディ Virtual麻雀 II,My Fair Lady: Virtual Mahjong II,マイ・フェアー・レディ Virtual麻雀II,1998-12-10
myst,Myst,,Myst,Myst ミスト,1994-11-22
myst,Myst,,Myst,Myst ミスト,
nanatsukazenoshimamonogatari,Nanatsu Kaze no Shima Monogatari,七ツ風の島物語,Nanatsu Kaze no Shima Monogatari,七ツ風の島物語 Nanatsu Kaze no Shima Monogatari,1997-11-27
nanatsukazenoshimamonogatari,Nanatsu Kaze no Shima Monogatari,七ツ風の島物語,Nanatsu Kaze no Shima Monogatari (Premium CD),七ツ風の島物語 Nanatsu Kaze no Shima Monogatari (プレミアム CD),1997-11-27
nanatsunohikan,Nanatsu no Hikan,七つの秘館,Nanatsu no Hikan,七つの秘館,1996-04-05
nanatsunohikan,Nanatsu no Hikan,七つの秘館,Nanatsu no Hikan,七つの秘館,1996-04-05
nanatsunohikan,Nanatsu no Hikan,七つの秘館,Nanatsu no Hikan,七つの秘館,1996-04-05
nanatsunohikan,Nanatsu no Hikan,七つの秘館,Nanatsu no Hikan,七つの秘館,1998-04-09
nanatsunohikan,Nanatsu no Hikan,七つの秘館,Nanatsu no Hikan,七つの秘館,1998-04-09
nanatsunohikan,Nanatsu no Hikan,七つの秘館,Nanatsu no Hikan,七つの秘館,1998-04-09
nbajamte,NBA Jam: Tournament Edition,,NBA Jam: Tournament Edition,NBA Jam: T.E. Tournament Edition NBA ジャム トーナメントエディション,1995-12-01
nbajamextreme,NBA Jam Extreme,,NBA Jam Extreme,NBA Jam Extreme エクストリーム,1996-12-06
nekketsuoyako,Nekketsu Oyako,熱血親子,Nekketsu Oyako,熱血親子,1995-07-21
nemesisthewizardryadventure,Nemesis: The Wizardry Adventure,Nemesis ウィザードリィ ネメシス The Wizardry Adventure,Nemesis: The Wizardry Adventure,Nemesis ウィザードリィ ネメシス The Wizardry Adventure,1998-01-22
nemesisthewizardryadventure,Nemesis: The Wizardry Adventure,Nemesis ウィザードリィ ネメシス The Wizardry Adventure,Nemesis: The Wizardry Adventure,Nemesis ウィザードリィ ネメシス The Wizardry Adventure,1998-01-22
neongenesisevangelionkoutetsunogirlfriend,Neon Genesis: Evangelion: Kōtetsu no Girlfriend,Neon Genesis: Evangelion 鋼鉄のガールフレンド,Neon Genesis: Evangelion: Kōtetsu no Girlfriend,Neon Genesis: Evangelion 新世紀エヴァンゲリオン 鋼鉄のガールフレンド Iron Maiden,1998-03-26
neongenesisevangelionkoutetsunogirlfriend,Neon Genesis: Evangelion: Kōtetsu no Girlfriend,Neon Genesis: Evangelion 鋼鉄のガールフレンド,Neon Genesis: Evangelion: Kōtetsu no Girlfriend,Neon Genesis: Evangelion 新世紀エヴァンゲリオン 鋼鉄のガールフレンド Iron Maiden,1998-03-26
neongenesisevangeliondigitalcardlibrary,Neon Genesis Evangelion: Digital Card Library,,Neon Genesis Evangelion: Digital Card Library,Neon Genesis Evangelion: Digital Card Library 新世紀エヴァンゲリオン デジタル・カード・ライブラリ,1997-09-25
nextkingkoinosennenoukoku,Next King: Koi no Sennen Ōkoku,ネクストキング Next King 恋の千年王国,Next King: Koi no Sennen Ōkoku,ネクストキング Next King 恋の千年王国,1997-11-20
nextkingkoinosennenoukoku,Next King: Koi no Sennen Ōkoku,ネクストキング Next King 恋の千年王国,Next King: Koi no Sennen Ōkoku (Shokai Tokuten-tsuki),ネクストキング Next King 恋の千年王国 (初回特典付),1997-11-20
nflquarterbackclub96,NFL Quarterback Club 96: Put Up or Shut Up,,NFL Quarterback Club 96,NFL Quarterback Club 96: NFLクォーターバッククラブ'96,1996-03-29
nflquarterbackclub97,NFL Quarterback Club 97,,NFL Quarterback Club 97,NFL Quarterback Club 97: NFLクォーターバッククラブ'97,1996-11-22
nhl97,NHL 97,,NHL 97,,1997-07-11
nhlpowerplay96,NHL Powerplay '96,,NHL Powerplay '96,,1997-02-07
nightstriker,Night Striker,,Night Striker S,Night Striker S ナイトストライカー,1996-06-14
nightsintodreams,NiGHTS into Dreams...,,NiGHTS into Dreams...,NiGHTS into Dreams... ナイツ,1996-07-05
nightsintodreams,NiGHTS into Dreams...,,NiGHTS into Dreams... (Tokubetsu Genteiban SEGA Multi Controller Set),NiGHTS into Dreams... ナイツ (特別限定版　セガマルチコントローラー　セット),1996-07-05
nightsintodreams,NiGHTS into Dreams...,,NiGHTS into Dreams...,NiGHTS into Dreams... ナイツ,1997-06-20
nightruthexplanationoftheparanormal01yaminotobira,Nightruth: Explanation of the Paranormal,,Nightruth: Explanation of the Paranormal #01: ‟Yami no Tobira”,Nightruth: Explanation of the Paranormal #01 ‟闇の扉”,1996-08-09
nightruthexplanationoftheparanormalmaria,Nightruth: Explanation of the Paranormal: ‟Maria”,,Nightruth: Explanation of the Paranormal: ‟Maria”,Nightruth: Explanation of the Paranormal: ‟Maria”,1996-12-20
nightruthexplanationoftheparanormalfutatsudakenoshinjitsu,Nightruth: Explanation of the Paranormal: Futatsu dake no Shinjitsu,Nightruth: Explanation of the Paranormal 二つだけの真実,Nightruth: Explanation of the Paranormal: ‟Futatsu dake no Shinjitsu”,Nightruth: Explanation of the Paranormal ‟二つだけの真実”,1997-07-25
nightruthvoiceselectionradiodramahen,Nightruth Voice Selection: Radio Drama-hen,Nightruth Voice Selection ラジオドラマ編,Nightruth: Explanation of the Paranormal: Nightruth Voice Selection: Radio Drama-hen,Nightruth: Explanation of the Paranormal: Nightruth Voice Selection ナイトゥルース・ボイスセレクション ラジオドラマ編,1997-03-14
nihondaihyouteamnokantokuninarousekaihatsusoccerrpg,Nihon Daihyō Team no Kantoku ni Narō! Sekaihatsu Soccer RPG: Become the Coach for the National Team!,日本代表チームの監督になろう! 世界初、サッカーRPG: Become the Coach for the National Team!,Nihon Daihyō Team no Kantoku ni Narō! Sekaihatsu Soccer RPG: Become the Coach for the National Team!,日本代表チームの監督になろう! 世界初、サッカーRPG: Become the Coach for the National Team!,1998-06-25
nihonpromahjongrenmeikounindoujouyaburi,Nihon Pro Mahjong Renmei Kōnin: Dōjō Yaburi,日本プロ麻雀連盟公認 道場破り,Nihon Pro Mahjong Renmei Kōnin: Dōjō Yaburi,日本プロ麻雀連盟公認 道場破り,1997-05-30
nilegawanoyoake,Nile-gawa no Yoake,ナイル河の夜明け,Nile-gawa no Yoake,ナイル河の夜明け,1998-03-05
timegalandninjahayate,Ninja Hayate,忍者ハヤテ,Time Gal & Ninja Hayate,Time Gal タイムギャル & 忍者ハヤテ,1997-01-17
ninjajajamarukunonigirininpouchou,Ninja Jajamaru-kun: Onigiri Ninpōchō Gold,忍者じゃじゃ丸くん 鬼斬忍法帖 ㊎ おにぎりにんぽうちょうゴールド,Ninja Jajamaru-kun: Onigiri Ninpōchō Gold,忍者じゃじゃ丸くん 鬼斬忍法帖 ㊎ おにぎりにんぽうちょう・ごーるど,1997-10-09
ninkuutsuyokinayatsuranodaigekitotsu,Ninkū: Tsuyokina Yatsura no Daigekitotsu!,Ninkū 忍空 強気な奴等の大激突!,Ninkū: Tsuyokina Yatsura no Daigekitotsu!,Ninkū 忍空 強気な奴等の大激突!,1996-02-02
ninpenmanmaru,Ninpen Manmaru,忍ペンまん丸,Ninpen Manmaru,忍ペンまん丸,1997-12-18
roadandtrackpresentstheneedforspeed,Nissan Presents: Over Drivin' GT-R,,Nissan Presents: Over Drivin' GT-R,Nissan Presents: Over Drivin' GT-R オーバードライビン GT-R,1996-12-20
roadandtrackpresentstheneedforspeed,Nissan Presents: Over Drivin' GT-R,,Nissan Presents: Over Drivin' GT-R (Premium Pack),Nissan Presents: Over Drivin' GT-R オーバードライビン GT-R (プレミアムパック),1996-12-20
noappointmentgalsolympos,No-appointment Gals Olympos,No-appointment Gals Olympos アポなしギャルズ お・り・ん・ぽ・す♥,No-appointment Gals Olympos (Shokai Gentei Cel-ga Package A),No-appointment Gals Olympos アポなしギャルズ お・り・ん・ぽ・す♥ (初回限定セル画パッケージ・A),1996-12-20
noappointmentgalsolympos,No-appointment Gals Olympos,No-appointment Gals Olympos アポなしギャルズ お・り・ん・ぽ・す♥,No-appointment Gals Olympos (Shokai Gentei Cel-ga Package B),No-appointment Gals Olympos アポなしギャルズ お・り・ん・ぽ・す♥ (初回限定セル画パッケージ・B),1996-12-20
noappointmentgalsolympos,No-appointment Gals Olympos,No-appointment Gals Olympos アポなしギャルズ お・り・ん・ぽ・す♥,No-appointment Gals Olympos (Shokai Gentei Cel-ga Package C),No-appointment Gals Olympos アポなしギャルズ お・り・ん・ぽ・す♥ (初回限定セル画パッケージ・C),1996-12-20
nobunaganoyaboureturns,Nobunaga no Yabō Returns,信長の野望 リターンズ,Nobunaga no Yabō Returns,信長の野望 リターンズ,1996-03-29
nobunaganoyabousengokugunyuuden,Nobunaga no Yabō: Sengoku Gun'yūden,信長の野望 戦国群雄伝,Nobunaga no Yabō: Sengoku Gun'yūden,信長の野望 戦国群雄伝,1998-04-09
nobunaganoyaboushouseiroku,Nobunaga no Yabō: Shōseiroku,信長の野望 将星録,Nobunaga no Yabō: Shōseiroku,信長の野望 将星録,1998-04-02
nobunaganoyaboutenshouki,Nobunaga no Yabō Tenshōki,信長の野望 天翔記,Nobunaga no Yabō Tenshōki,信長の野望 天翔記,1995-09-29
hideyoshinobunagaset,Nobunaga no Yabō Tenshōki,信長の野望 天翔記,Hideyoshi・Nobunaga Set,秀吉・信長セット,1996-11-29
nobunaganoyaboutenshouki,Nobunaga no Yabō Tenshōki with Power-Up Kit,信長の野望 天翔記 with パワーアップキット,Nobunaga no Yabō Tenshōki with Power-Up Kit,信長の野望 天翔記 with パワーアップキット,1997-09-11
noel3notdigital,NOëlL 3,,NOëlL 3: Not Digital,,1998-12-10
noel3notdigital,NOëlL 3,,NOëlL 3: Not Digital,,1998-12-10
noel3notdigital,NOëlL 3,,NOëlL 3: Not Digital,,1998-12-10
noel3notdigital,NOëlL 3,,NOëlL 3: Not Digital (Shokai Genteiban: CD Single Fūjin),NOëlL 3: Not Digital (初回限定版 CDシングル封人),1998-12-10
noel3notdigital,NOëlL 3,,NOëlL 3: Not Digital (Shokai Genteiban: CD Single Fūjin),NOëlL 3: Not Digital (初回限定版 CDシングル封人),1998-12-10
noel3notdigital,NOëlL 3,,NOëlL 3: Not Digital (Shokai Genteiban: CD Single Fūjin),NOëlL 3: Not Digital (初回限定版 CDシングル封人),1998-12-10
nonomurabyouinnohitobito,Nonomura Byōin no Hitobito,野々村病院の人々,Nonomura Byōin no Hitobito,野々村病院の人々 Nonomura Byoin no Hitobito,1996-04-26
noon,Noon,Noon ヌーン,Noon,Noon ヌーン,1998-01-29
ochigeedesignertsukuttepon,Ochigee Designer Tsukutte Pon!,落ちゲー・デザイナー 作ってポン!,Ochigee Designer Tsukutte Pon!,落ちゲー・デザイナー 作ってポン!,1997-11-20
offworldinterceptor,Off-World Interceptor Extreme,,Off-World Interceptor Extreme,Off-World Interceptor Extreme オフワールド・インターセプター エクストリーム,1995-11-22
ouchannooekakilogic,Ō-chan no Oekaki Logic,おーちゃんのお絵かきロジック,Ō-chan no Oekaki Logic,おーちゃんのお絵かきロジック,1995-11-17
ojousamaexpress,Ojōsama Express,お嬢様特急 エクスプレス,Ojōsama Express,お嬢様特急 エクスプレス,1998-07-30
ojousamaexpress,Ojōsama Express,お嬢様特急 エクスプレス,Ojōsama Express,お嬢様特急 エクスプレス,1998-07-30
ojousamawonerae,Ojōsama wo Nerae!!,お嬢様を狙え!!,Ojōsama wo Nerae!!,お嬢様を狙え!!,1998-07-23
ojousamawonerae,Ojōsama wo Nerae!!,お嬢様を狙え!!,Ojōsama wo Nerae!!,お嬢様を狙え!!,
okuderayasuhikonosekaiwomezasesoccerkidsnyumonhen,Okudera Yasuhiko no Sekai wo Mezase! Soccer Kids: Nyūmon-hen,奥寺康彦の世界を目指せ! サッカーキッズ 入門編,Okudera Yasuhiko no Sekai wo Mezase! Soccer Kids: Nyūmon-hen,奥寺康彦の世界を目指せ! サッカーキッズ 入門編,1996-09-27
olympicsoccer,Olympic Soccer,,Olympic Soccer,オリンピックサッカー,1996-08-30
omakasesavers,Omakase! Savers,おまかせ! 退魔業 セイバーズ,Omakase! Savers,おまかせ! 退魔業 セイバーズ,1996-02-23
ooedorenaissance,OoEdo Renaissance,大江戸ルネッサンス,OoEdo Renaissance,大江戸ルネッサンス,1997-12-18
jewelsoftheoracle,Oracle no Hōseki: Jewels of the Oracle,オラクルの宝石 Jewels of the Oracle,Oracle no Hōseki: Jewels of the Oracle,オラクルの宝石 Jewels of the Oracle,1996-10-18
ousamagame,Ōsama Game,王様げーむ,Ōsama Game (Ichigo Disc),王様げーむ (苺ディスク),1998-05-28
ousamagame,Ōsama Game,王様げーむ,Ōsama Game (Momo Disc),王様げーむ (桃ディスク),1998-05-28
outrun,OutRun,,SEGA Ages: OutRun,SEGA Ages: OutRun アウトラン,1996-09-20
outrun,OutRun,,SEGA Ages: OutRun,SEGA Ages: OutRun アウトラン,1996-09-20
pachislokanzenkouryakuunicolle97universalcollection,PachiSlo Kanzen Kōryaku UniColle '97: Universal Collection,パチスロ完全攻略 ユニコレ'97 Universal Collection,PachiSlo Kanzen Kōryaku UniColle '97: Universal Collection,パチスロ完全攻略 ユニコレ'97 Universal Collection,1997-09-18
pachinkohallshinsoudaikaiten,Pachinko Hall: Shinsō Daikaiten,パチンコホール新装大開店 Pachinko,Pachinko Hall: Shinsō Daikaiten,パチンコホール新装大開店 Pachinko,1998-02-26
padnifty,Pad Nifty,,Pad Nifty,,1996-07-27
padnifty11andhabitat2,Pad Nifty / Habitat II,,Pad Nifty 1.1 & Habitat II,Pad Nifty 1.1 & Habitat II パッドニフティ1.1 & ハビタット2,1997
paneltiastorykoelnnodaibouken,Paneltia Story: Koeln no Daibōken,パネルティアストーリー ケルンの大冒険,Paneltia Story: Koeln no Daibōken,パネルティアストーリー ケルンの大冒険,1997-02-28
panicchan,Panic-chan,ぱにっく Panic ちゃん,Panic-chan,ぱにっく Panic ちゃん,1997-08-08
panicchan,Panic-chan,ぱにっく Panic ちゃん,Panic-chan,ぱにっく Panic ちゃん,1997-08-08
panzerdragoon,Panzer Dragoon,,Panzer Dragoon,Panzer Dragoon パンツァードラグーン,1995-03-10
panzerdragoon,Panzer Dragoon,,Panzer Dragoon,Panzer Dragoon パンツァードラグーン,1995-03-10
panzerdragoon,Panzer Dragoon,,Panzer Dragoon,Panzer Dragoon パンツァードラグーン,1995-03-10
panzerdragoon1and2,Panzer Dragoon,,Panzer Dragoon I&II,Panzer Dragoon I&II パンツァードラグーン I&II,1996-12-13
panzerdragoon2zwei,Panzer Dragoon II Zwei,,Panzer Dragoon II Zwei,Panzer Dragoon II Zwei パンツァードラグーン II ツヴァイ,1996-03-22
panzerdragoon1and2,Panzer Dragoon II Zwei,,Panzer Dragoon I&II,Panzer Dragoon I&II パンツァードラグーン I&II,1996-12-13
papparapaoon,Pappara Paoon,Pappara Paoon ぱっぱらぱおーん,Pappara Paoon,Pappara Paoon ぱっぱらぱおーん,1995-11-22
pastelmuses,Pastel Muses,ぱすてる みゅーず,Pastel Muses,ぱすてる みゅーず,1997-10-23
pdultramanlink,PD Ultraman Link,PDウルトラマンリンク,PD Ultraman Link,PD ピーディー ウルトラマンリンク,1996-02-09
pebblebeachgolflinksstadlernichousen,Pebble Beach Golf Links: Stadler ni Chōsen,ペブルビーチ　ゴルフ リンクス スタドラーに挑戦,Pebble Beach Golf Links: Stadler ni Chōsen,ペブルビーチ　ゴルフ リンクス スタドラーに挑戦,1995-02-24
pgatour97,PGA Tour 97,,PGA Tour 97,,1997-06-20
phantasmagoria,PhantasM,PhantasM ファンタズム,PhantasM,PhantasM ファンタズム,1997-08-08
phantasmagoria,PhantasM,PhantasM ファンタズム,PhantasM,PhantasM ファンタズム,1997-08-08
phantasmagoria,PhantasM,PhantasM ファンタズム,PhantasM,PhantasM ファンタズム,1997-08-08
phantasmagoria,PhantasM,PhantasM ファンタズム,PhantasM,PhantasM ファンタズム,1997-08-08
phantasmagoria,PhantasM,PhantasM ファンタズム,PhantasM,PhantasM ファンタズム,1997-08-08
phantasmagoria,PhantasM,PhantasM ファンタズム,PhantasM,PhantasM ファンタズム,1997-08-08
phantasmagoria,PhantasM,PhantasM ファンタズム,PhantasM,PhantasM ファンタズム,1997-08-08
phantasmagoria,PhantasM,PhantasM ファンタズム,PhantasM,PhantasM ファンタズム,1997-08-08
phantasmagoria,PhantasM,PhantasM ファンタズム,PhantasM,PhantasM ファンタズム,1997-08-08
segaagesphantasystarcollection,Phantasy Star Collection,,SEGA Ages: Phantasy Star Collection,SEGA Ages: Phantasy Star Collection ファンタシースター コレクション,1998-04-02
photogenic,Photo Genic,Photo Genic フォトジェニック,Photo Genic,Photo Genic フォトジェニック,1998-01-29
piacarroteyoukoso,Pia Carrot e Yōkoso!! We've Been Waiting for You,Pia♥キャロットへようこそ!! We've Been Waiting for You,Pia Carrot e Yōkoso!! We've Been Waiting for You,Pia♥キャロットへようこそ!! We've Been Waiting for You,1998-03-12
piacarroteyoukoso,Pia Carrot e Yōkoso!! We've Been Waiting for You,Pia♥キャロットへようこそ!! We've Been Waiting for You,Pia Carrot e Yōkoso!! We've Been Waiting for You,Pia♥キャロットへようこそ!! We've Been Waiting for You,1998-03-12
piacarroteyoukoso2,Pia Carrot e Yōkoso!! 2,Pia♥キャロットへようこそ!!2,Pia Carrot e Yōkoso!! 2,Pia♥キャロットへようこそ!!2,1998-10-08
piacarroteyoukoso2,Pia Carrot e Yōkoso!! 2,Pia♥キャロットへようこそ!!2,Pia Carrot e Yōkoso!! 2,Pia♥キャロットへようこそ!!2,1998-10-08
piacarroteyoukoso2,Pia Carrot e Yōkoso!! 2,Pia♥キャロットへようこそ!!2,Pia Carrot e Yōkoso!! 2,Pia♥キャロットへようこそ!!2,1998-10-08
piacarroteyoukoso2,Pia Carrot e Yōkoso!! 2,Pia♥キャロットへようこそ!!2,Pia Carrot e Yōkoso!! 2 (Special Disc),Pia♥キャロットへようこそ!!2 (スペシャルディスク),1998-10-08
piacarroteyoukoso2,Pia Carrot e Yōkoso!! 2,Pia♥キャロットへようこそ!!2,Pia Carrot e Yōkoso!! 2 (Special Disc),Pia♥キャロットへようこそ!!2 (スペシャルディスク),1998-10-08
pictflashdondon,PictFlash Don Don,ピクトフラッシュどんどん,PictFlash Don Don,ピクトフラッシュどんどん,1996-09
pinballgraffiti,Pinball Graffiti,,Pinball Graffiti,,1996-07-12
planetjoker,Planet Joker,,Planet Joker,Planet Joker プラネット・ジョーカー,1997-03-07
playboykaraokecollectionvolume1,Playboy: Karaoke Collection Vol.1,,Playboy: Karaoke Collection Volume 1,,1996-08-09
playboykaraokecollectionvolume2,Playboy: Karaoke Collection Vol.2,,Playboy: Karaoke Collection Volume 2,,1996-08-09
pocketfighter,Pocket Fighter,,Pocket Fighter,Pocket Fighter ポケットファイター,1998-07-09
policenauts,Policenauts,,Policenauts,Policenauts ポリスノーツ,1996-09-13
policenauts,Policenauts,,Policenauts,Policenauts ポリスノーツ,1996-09-13
policenauts,Policenauts,,Policenauts,Policenauts ポリスノーツ,1996-09-13
popoittohebereke,Popoitto Hebereke,ポポイっとへべれけ Hebereke,Popoitto Hebereke,ポポイっとへべれけ Hebereke,1995-03-03
powerdrift,Power Drift,,SEGA Ages: Power Drift,SEGA Ages: Power Drift パワードリフト,1998-02-26
purikuradaisakusen,PuriKura Daisakusen: Princess Kurara,プリクラ大作戦 プリンセス クララ,PuriKura Daisakusen: Princess Kurara,プリクラ大作戦 プリンセス クララ,1996-11-15
primalrage,Primal Rage,,Primal Rage,Primal Rage プライマル レイジ,1998-03-26
princesscrown,Princess Crown,Princess Crown プリンセス クラウン,Princess Crown,Princess Crown プリンセス クラウン,1997-12-11
princesscrown,Princess Crown,Princess Crown プリンセス クラウン,Princess Crown,Princess Crown プリンセス クラウン,1998-12-10
princesscrown,Princess Crown,Princess Crown プリンセス クラウン,Princess Crown,Princess Crown プリンセス クラウン,1998-12-10
princessmakeryumemiruyousei,Princess Maker: Faery Tales Come True,,Princess Maker: Yumemiru Yōsei,プリンセスメーカー ゆめみる妖精,1998-06-18
princessmaker2,Princess Maker 2,,Princess Maker 2,,1995-10-27
princessmaker2,Princess Maker 2,,Princess Maker 2,,1997-06-20
princessquest,Princess Quest,Princess Quest プリンセスクエスト,Princess Quest (Shokai Gentei Trading Card-iri),Princess Quest プリンセスクエスト (初回限定トレーディングカード入り),1998-03-19
princessquest,Princess Quest,Princess Quest プリンセスクエスト,Princess Quest,Princess Quest プリンセスクエスト,1998-03-19
prisonerofice,Prisoner of Ice,,Prisoner of Ice: Jashin Kōrin,Prisoner of Ice プリズナー オブ アイス 邪心降臨,1997-12-23
pridoldiscprivateidoldatahenracequeenf,PriDol Disc: Private Idol: Data-hen: Race Queen F,プラドルDisc: Private Idol データ編 Race Queen F,PriDol Disc: Private Idol: Data-hen: Race Queen F,プラドルDisc: Private Idol データ編 Race Queen F,1996-12-27
pridoldiscprivateidoldatahenracequeenf,PriDol Disc: Private Idol: Data-hen: Race Queen G,プラドルDisc: Private Idol データ編 Race Queen G,PriDol Disc: Private Idol: Data-hen: Race Queen G,プラドルDisc: Private Idol データ編 Race Queen G,1997-01-29
pridoldiscprivateidoltokubetsuhencosplayers,PriDol Disc: Private Idol: Tokubetsu-hen: Cosplayers,プラドルDisc: Private Idol 特別編 コスプレイヤーズ,PriDol Disc: Private Idol: Tokubetsu-hen: Cosplayers,プラドルDisc: Private Idol 特別編 コスプレイヤーズ,1996-11-29
pridoldisctokubetsuhencangalcampaigngirl97,PriDol Disc: CanGal '97,プラドルDisc: CanGal '97,PriDol Disc: Tokubetsu-hen: Can Gal: Campaign Girl '97,プラドルDisc: Private Idol 特別編 Can Gal キャンペーンガール '97,1997-06-20
pridoldiscprivateidoltokubetsuhendaihyakka100,PriDol Disc: Kogal Daihyakka 100,プラドルDisc コギャル大百科 100,PriDol Disc: Private Idol: Tokubetsu-hen: Daihyakka 100,プラドルDisc: Private Idol 特別編 コギャル大百科 100,1997-06-20
pridoldiscprivateidolvol1kinoshitayuu,PriDol Disc: Private Idol: Vol.1: Kinoshita Yū,プラドルDisc: Private Idol: Vol.1 木下 優,PriDol Disc: Private Idol: Vol.1: Kinoshita Yū,プラドルDisc: Private Idol: Vol.1 木下 優,1996-07-26
pridoldiscprivateidolvol2uchiyamamiki,PriDol Disc: Private Idol: Vol.2: Uchiyama Miki,プラドルDisc: Private Idol: Vol.2 内山 美紀,PriDol Disc: Private Idol: Vol.2: Uchiyama Miki,プラドルDisc: Private Idol: Vol.2 内山美紀,1996-07-26
pridoldiscprivateidolvol3ooshimaakemi,PriDol Disc: Private Idol: Vol.3: Ooshima Akemi,プラドルDisc: Private Idol: Vol.3 大島 朱美,PriDol Disc: Private Idol: Vol.3: Ooshima Akemi,プラドルDisc: Private Idol: Vol.3 大島朱美,1996-09-27
pridoldiscprivateidolvol4kurodamirei,PriDol Disc: Private Idol: Vol.4: Kuroda Mirei,プラドルDisc: Private Idol: Vol.4 黒田美礼,PriDol Disc: Private Idol: Vol.4: Kuroda Mirei,プラドルDisc: Private Idol: Vol.4 黒田美礼,1997-06-27
pridoldiscprivateidolvol5fujisakinanako,PriDol Disc: Private Idol: Vol.5: Fujisaki Nanako,プラドルDisc: Private Idol: Vol.5 藤崎奈々子,PriDol Disc: Private Idol: Vol.5: Fujisaki Nanako,プラドルDisc: Private Idol: Vol.5 藤崎奈々子 Nanako Fujisaki,1997-08-08
pridoldiscprivateidolvol6yoshidasatomi,PriDol Disc: Private Idol: Vol.6: Yoshida Satomi,プラドルDisc: Private Idol: Vol.6 吉田里深,PriDol Disc: Private Idol: Vol.6: Yoshida Satomi,プラドルDisc: Private Idol: Vol.6 吉田里深 Satomi Yoshida,1997-09-25
pridoldiscprivateidolvol7asoukaori,PriDol Disc: Private Idol: Vol.7: Asō Kaori,プラドルDisc: Private Idol: Vol.7 麻生かおり,PriDol Disc: Private Idol: Vol.7: Asō Kaori,プラドルDisc: Private Idol: Vol.7 麻生かおり Kaori Asou,1997-11-20
pridoldiscprivateidolvol8furukawaemiko,PriDol Disc: Private Idol: Vol.8: Furukawa Emiko,プラドルDisc: Private Idol: Vol.8 古川恵美子,PriDol Disc: Private Idol: Vol.8: Furukawa Emiko,プラドルDisc: Private Idol: Vol.8 古川恵美子 Emiko Furukawa,1997-11-27
pridoldiscprivateidolvol9nagamatsukeiko,PriDol Disc: Private Idol: Vol.9: Nagamatsu Keiko,プラドルDisc: Private Idol: Vol.9 永松恵子,PriDol Disc: Private Idol: Vol.9: Nagamatsu Keiko,プラドルDisc: Private Idol: Vol.9 永松恵子 Keiko Nagamatsu,1997-12-04
pridoldiscprivateidolvol10masakimai,PriDol Disc: Private Idol: Vol.10: Masaki Mai,プラドルDisc: Private Idol: Vol.10 真崎麻衣,PriDol Disc: Private Idol: Vol.10: Masaki Mai,プラドルDisc: Private Idol: Vol.10 真崎麻衣 Mai Masaki,1997-12-11
pridoldiscprivateidolvol11hurosemayumi,PriDol Disc: Private Idol: Vol.11: Hirose Mayumi,プラドルDisc: Private Idol: Vol.11 廣瀬真弓,PriDol Disc: Private Idol: Vol.11: Hirose Mayumi,プラドルDisc: Private Idol: Vol.11 廣瀬真弓 Mayumi Hirose,1997-12-18
promahjongkiwames,Pro Mahjong Kiwame S,プロ麻雀 極S Kiwame・S,Pro Mahjong Kiwame S,プロ麻雀 極S Kiwame・S,1996-01-12
promahjongkiwames,Pro Mahjong Kiwame S,プロ麻雀 極S Kiwame・S,Pro Mahjong Kiwame S,プロ麻雀 極S Kiwame・S,1997-11-20
proshinanmahjongtsuwamono,Pro Shinan Mahjong: Tsuwamono,プロ指南麻雀 兵,Pro Shinan Mahjong: Tsuwamono,プロ指南麻雀 兵,1999-07-08
proyakyuugreatestnine97,Pro Yakyū Greatest Nine 97,プロ野球 Greatest Nine 97,Pro Yakyū Greatest Nine 97,プロ野球 Greatest Nine 97 プロ野球グレイテストナイン'97,1997-03-28
proyakyuugreatestnine97,Pro Yakyū Greatest Nine 97,プロ野球 Greatest Nine 97,Pro Yakyū Greatest Nine 97,プロ野球 Greatest Nine 97 プロ野球グレイテストナイン'97,1997-03-28
proyakyuugreatestnine97makemiracle,Pro Yakyū Greatest Nine 97: Make Miracle,プロ野球 Greatest Nine 97 メークミラクル,Pro Yakyū Greatest Nine 97: Make Miracle,プロ野球 Greatest Nine 97 メークミラクル プロ野球グレイテストナイン'97メークミラクル,1997-09-25
proyakyuugreatestnine98,Pro Yakyū Greatest Nine 98,プロ野球 Greatest Nine 98,Pro Yakyū Greatest Nine 98,プロ野球 Greatest Nine 98 プロ野球グレイテストナイン'98,1998-03-26
proyakyuugreatestnine98,Pro Yakyū Greatest Nine 98,プロ野球 Greatest Nine 98,Pro Yakyū Greatest Nine 98,プロ野球 Greatest Nine 98 プロ野球グレイテストナイン'98,1999-03-11
proyakyuugreatestnine98summeraction,Pro Yakyū Greatest Nine 98: Summer Action,プロ野球 Greatest Nine 98: Summer Action,Pro Yakyū Greatest Nine 98: Summer Action,プロ野球 Greatest Nine 98: Summer Action プロ野球グレイテストナイン98 サマーアクション,1998-08-06
proyakyuuteammotsukurou,Pro Yakyū Team mo Tsukurō!,プロ野球チームもつくろう!,Pro Yakyū Team mo Tsukurō!,プロ野球チームもつくろう!,1998-02-19
proyakyuuteammotsukurou,Pro Yakyū Team mo Tsukurō!,プロ野球チームもつくろう!,Pro Yakyū Team mo Tsukurō!,プロ野球チームもつくろう!,1998-02-19
pulirula,Pu·Li·Ru·La,,Arcade Gears: Pu·Li·Ru·La,AG アーケードギアーズ Pu·Li·Ru·La プリルラ,1997-08-28
pupbreeder,Pup-Breeder,パップ・ブリーダー,Pup-Breeder,パップ・ブリーダー,1996-11-01
puyopuyosun,Puyo Puyo Sun,ぷよぷよSun,Puyo Puyo Sun,ぷよぷよSun,1997-02-14
puyopuyosun,Puyo Puyo Sun,ぷよぷよSun,Puyo Puyo Sun,ぷよぷよSun,1997-02-14
puyopuyosun,Puyo Puyo Sun,ぷよぷよSun,Puyo Puyo Sun,ぷよぷよSun,1998-07-30
puyopuyosun,Puyo Puyo Sun for SegaNet,ぷよぷよSun for SegaNet,Puyo Puyo Sun for SegaNet,ぷよぷよSun for SegaNet,1997-09-04
puyopuyo2,Puyo Puyo Tsū,ぷよぷよ通,Puyo Puyo Tsū,ぷよぷよ通,1995-10-27
puyopuyo2,Puyo Puyo Tsū,ぷよぷよ通,Puyo Puyo Tsū,ぷよぷよ通,1997-06-20
puzzlebobble2,Puzzle Bobble 2x,Puzzle Bobble 2x パズルボブル2x,Puzzle Bobble 2x,Puzzle Bobble 2x パズルボブル2x,1996-07-26
puzzlebobble2xandspaceinvaders,Puzzle Bobble 2x,Puzzle Bobble 2x パズルボブル2x,Puzzle Bobble 2x & Space Invaders,Puzzle Bobble 2x パズルボブル2x & Space Invaders,1997-04-04
puzzlebobble2,Puzzle Bobble 2x,Puzzle Bobble 2x パズルボブル2x,Puzzle Bobble 2x,Puzzle Bobble 2x パズルボブル2x,1998-07-23
puzzlebobble3,Puzzle Bobble 3,Puzzle Bobble 3 パズルボブル3,Puzzle Bobble 3,Puzzle Bobble 3 パズルボブル3,1997-03-28
puzzlebobble3,Puzzle Bobble 3,Puzzle Bobble 3 パズルボブル3,Puzzle Bobble 3,Puzzle Bobble 3 パズルボブル3,1997-03-28
puzzlebobble3,Puzzle Bobble 3 for SegaNet パズルボブル3 フォーセガネット,,Puzzle Bobble 3 for SegaNet パズルボブル3 フォーセガネット,,1997-08-08
sandr,Puzzle & Action: Sand-R,Puzzle & Action サンドア～ル,2do Aru Koto wa Puzzle & Action: Sand-R,2度あることは Puzzle & Action サンドア～ル,1996-04-05
sandr,Puzzle & Action: Sand-R,Puzzle & Action サンドア～ル,2do Aru Koto wa Puzzle & Action: Sand-R,2度あることは Puzzle & Action サンドア～ル,1998-02-11
shukudaigatantr,Puzzle & Action: Shukudai ga Tant-R,Puzzle & Action 宿題がタントア〜ル,SEGA Ages: Puzzle & Action: Shukudai ga Tant-R,SEGA Ages: Puzzle & Action 宿題がタントア〜ル,1996-05-24
pyonpyonkyarurunomahjongbiyori,Pyon Pyon Kyaruru no Mahjong Biyori,ぴょんぴょんキャルルのまあじゃん日和 びより,Pyon Pyon Kyaruru no Mahjong Biyori,ぴょんぴょんキャルルのまあじゃん日和 びより,1996-12-20
quantumgate,Quantum Gate,,Quantum Gate I: Akumu no Joshō,Quantum Gate I クァンタムゲート 悪夢の序章,1995-09-29
quiznanairodreamsnijiirochounokiseki,Quiz Nanairo Dreams: Nijiirochō no Kiseki,Quiz なないろ Dreams 虹色町の奇跡,Quiz Nanairo Dreams: Nijiirochō no Kiseki,Quiz なないろ Dreams 虹色町の奇跡,1997-06-27
quiznanairodreamsnijiirochounokiseki,Quiz Nanairo Dreams: Nijiirochō no Kiseki,Quiz なないろ Dreams 虹色町の奇跡,Quiz Nanairo Dreams: Nijiirochō no Kiseki,Quiz なないろ Dreams 虹色町の奇跡,
quovadis,QuoVadis,QuoVadis クォヴァディス,QuoVadis,QuoVadis クォヴァディス,1995-12-21
quovadis2wakuseikyoushuuovanrei,QuoVadis 2: Wakusei Kyōshū Ovan Rei,QuoVadis 2 惑星強襲 オヴァン・レイ クォヴァディス2,QuoVadis 2: Wakusei Kyōshū Ovan Rei,QuoVadis 2 惑星強襲 オヴァン・レイ クォヴァディス2,1997-04-04
quovadis2wakuseikyoushuuovanrei,QuoVadis 2: Wakusei Kyōshū Ovan Rei,QuoVadis 2 惑星強襲 オヴァン・レイ クォヴァディス2,QuoVadis 2: Wakusei Kyōshū Ovan Rei,QuoVadis 2 惑星強襲 オヴァン・レイ クォヴァディス2,1997-04-04
rabbit,Rabbit,羅媚斗 Rabbit,Rabbit,羅媚斗 Rabbit,1997-06-27
racedrivin,Race Drivin',,Race Drivin',Race Drivin' レース ドライビン,1995-08-04
radiantsilvergun,Radiant Silvergun,Radiant Silvergun レイディアント シルバーガン,Radiant Silvergun,Radiant Silvergun レイディアント シルバーガン,1998-07-23
rampo,Rampo,,Rampo,,1995-02-24
rampo,Rampo,,Rampo,,1995-02-24
rayman,Rayman,,Rayman,Rayman レイマン,1995-11-17
realboutgaroudensetsu,Real Bout Garō Densetsu,Real Bout 餓狼伝説,Real Bout Garō Densetsu,Real Bout 餓狼伝説,1996-09-20
realboutgaroudensetsubestcollection,Real Bout Garō Densetsu,Real Bout 餓狼伝説,Real Bout Garō Densetsu: Best Collection,リアルバウト餓狼伝説 ベストコレクション,1998-08-06
realboutspecial,Real Bout Special,,Real Bout Special,Real Bout Special リアルバウト餓狼伝説スペシャル,1997-12-23
realboutspecial,Real Bout Special,,Real Bout Special (Kakuchō RAM Cartridge-tsuki Okaidoku Set!!),Real Bout Special リアルバウト餓狼伝説スペシャル (拡張ラムカートリッジ付き「お買得セット」!!),1997-12-23
realboutgaroudensetsubestcollection,Real Bout Special,,Real Bout Garō Densetsu: Best Collection,リアルバウト餓狼伝説 ベストコレクション,1998-08-06
realmahjongadventureumiesummerwaltz,Real Mahjong Adventure Umi e: Summer Waltz,リアル麻雀アドベンチャー 海へ Summer Waltz,Real Mahjong Adventure Umi e: Summer Waltz,リアル麻雀アドベンチャー 海へ Summer Waltz,1998-11-05
realmahjongadventureumiesummerwaltz,Real Mahjong Adventure Umi e: Summer Waltz,リアル麻雀アドベンチャー 海へ Summer Waltz,Real Mahjong Adventure Umi e: Summer Waltz (P's Club Genteiban),リアル麻雀アドベンチャー 海へ Summer Waltz (P's Club　限定版),1998-11-05
realsoundkazenoregret,Real Sound: Kaze no Regret,リアルサウンド 風のリグレット,Real Sound: Kaze no Regret,リアルサウンド 風のリグレット,1997-07-18
realsoundkazenoregret,Real Sound: Kaze no Regret,リアルサウンド 風のリグレット,Real Sound: Kaze no Regret,リアルサウンド 風のリグレット,1997-07-18
realsoundkazenoregret,Real Sound: Kaze no Regret,リアルサウンド 風のリグレット,Real Sound: Kaze no Regret,リアルサウンド 風のリグレット,1997-07-18
realsoundkazenoregret,Real Sound: Kaze no Regret,リアルサウンド 風のリグレット,Real Sound: Kaze no Regret,リアルサウンド 風のリグレット,1997-07-18
realsoundkazenoregret,Real Sound: Kaze no Regret,リアルサウンド 風のリグレット,Real Sound: Kaze no Regret,リアルサウンド 風のリグレット,1997-07-18
realsoundkazenoregret,Real Sound: Kaze no Regret,リアルサウンド 風のリグレット,Real Sound: Kaze no Regret,リアルサウンド 風のリグレット,1997-07-18
realsoundkazenoregret,Real Sound: Kaze no Regret,リアルサウンド 風のリグレット,Real Sound: Kaze no Regret,リアルサウンド 風のリグレット,1997-07-18
realsoundkazenoregret,Real Sound: Kaze no Regret,リアルサウンド 風のリグレット,Real Sound: Kaze no Regret,リアルサウンド 風のリグレット,1997-07-18
refrainloveanataniaitai,Refrain Love: Anata ni Aitai,リフレインラブ Refrain Love あなたに逢いたい,Refrain Love: Anata ni Aitai,リフレインラブ Refrain Love あなたに逢いたい,1997-11-27
refrainloveanataniaitai,Refrain Love: Anata ni Aitai,リフレインラブ Refrain Love あなたに逢いたい,Refrain Love: Anata ni Aitai,リフレインラブ Refrain Love あなたに逢いたい,1997-11-27
returntozork,Return to Zork,,Return to Zork,Return to Zork リターン・トゥ・ゾーク,1996-02-02
returntozork,Return to Zork,,Return to Zork,Return to Zork リターン・トゥ・ゾーク,
revolutionx,Revolution X Featuring Aerosmith,,Revolution X: Music Is the Weapon.,Revolution X: Music Is the Weapon. レボリューションX,1996-04-26
riglordsaga,Riglordsaga,,Riglordsaga,Riglordsaga リグロード サーガ,1995-07-21
riglordsaga,Riglordsaga,,Riglordsaga,Riglordsaga リグロード サーガ,1995-07-21
riglordsaga,Riglordsaga,,Riglordsaga,Riglordsaga リグロード サーガ,
riglordsaga,Riglordsaga,,Riglordsaga,Riglordsaga リグロード サーガ,
riglordsaga2,Riglordsaga 2,Riglordsaga 2 リグロード サーガ 弐,Riglordsaga 2,Riglordsaga 2 リグロード サーガ 弐,1996-11-08
riglordsaga2,Riglordsaga 2,Riglordsaga 2 リグロード サーガ 弐,Riglordsaga 2,Riglordsaga 2 リグロード サーガ 弐,1996-11-08
rise2resurrection,Rise 2: Resurrection,,Rise of the Robot 2: Rise 2: Resurrection,ライズオブザロボット2 Resurrection: Rise 2,1996-06-28
riventhesequeltomyst,Riven: The Sequel to Myst,,Riven: The Sequel to Myst,Riven: The Sequel to Myst リヴン ザ シークェル トゥー ミスト,1998-04-09
riventhesequeltomyst,Riven: The Sequel to Myst,,Riven: The Sequel to Myst,Riven: The Sequel to Myst リヴン ザ シークェル トゥー ミスト,1998-04-09
riventhesequeltomyst,Riven: The Sequel to Myst,,Riven: The Sequel to Myst,Riven: The Sequel to Myst リヴン ザ シークェル トゥー ミスト,1998-04-09
riventhesequeltomyst,Riven: The Sequel to Myst,,Riven: The Sequel to Myst,Riven: The Sequel to Myst リヴン ザ シークェル トゥー ミスト,1998-04-09
rmjthemysteryhospital,R?MJ: The Mystery Hospital,R?MJ: The Mystery Hospital ――エムジェイ。,R?MJ: The Mystery Hospital,R?MJ: The Mystery Hospital ――エムジェイ。,1997-12-18
rox6six,RoX: 6=Six,RoX: 6=Six ロックス,RoX: 6=Six,,1998-10-22
thunderstormlx3androadblaster,Road Blaster,,Thunder Storm LX-3 & Road Blaster,,1995-10-20
roadrash3do,Road Rash,,Road Rash,Road Rash ロードラッシュ,1996-07-26
robopit,Robo Pit,,Robo Pit,Robo Pit ロボ・ピット,1996-02-16
rockman8,Rockman 8: Metal Heroes,Rockman 8 メタルヒーローズ,Rockman 8: Metal Heroes,Rockman 8 ロックマン8 メタルヒーローズ,1997-01-17
rockman8,Rockman 8: Metal Heroes,Rockman 8 メタルヒーローズ,Rockman 8: Metal Heroes,Rockman 8 ロックマン8 メタルヒーローズ,1999-02-04
rockmanx3,Rockman X3,,Rockman X3,Rockman X3 ロックマンX3,1996-04-26
rockmanx4,Rockman X4,,Rockman X4,Rockman X4 ロックマンX4,1997-08-01
rockmanx4,Rockman X4,,Rockman X4 (Special Limited Pack),Rockman X4 ロックマンX4 (Special Limited Pack スペシャルリミテッドパック),1997-08-01
rockmanx4,Rockman X4,,Rockman X4,Rockman X4 ロックマンX4,1998-12-10
roukaniichidantr,Rōka ni Ichidant-R,廊下にイチダントアー,SEGA Ages: Rōka ni Ichidant-R,SEGA Ages 廊下にイチダントアー,1996-12-27
ronde,Ronde,Ronde 輪舞曲 ロンド,Ronde,Ronde 輪舞曲 ロンド,1997-10-30
ronde,Ronde,Ronde 輪舞曲 ロンド,Ronde,Ronde 輪舞曲 ロンド,1997-10-30
roommateinoueryouko,Roommate: Inoue Ryōko,Roommate 井上涼子,Roommate: Inoue Ryōko,Roommate 井上涼子,1997-02-14
roommateinoueryouko,Roommate: Inoue Ryōko,Roommate 井上涼子,Roommate: Inoue Ryōko,Roommate 井上涼子,
roommateryoukoinsummervacation,Roommate: Ryōko in Summer Vacation,Roommate 涼子 in Summer Vacation,Roommate: Ryōko in Summer Vacation,Roommate 涼子 in Summer Vacation,1997-09-25
roommateryoukoinsummervacation,Roommate: Ryōko in Summer Vacation,Roommate 涼子 in Summer Vacation,Roommate: Ryōko in Summer Vacation (Shokai Genteiban),Roommate 涼子 in Summer Vacation (初回限定版),1997-09-25
roommate3ryoukokazenokagayakuasani,Roommate 3: Ryōko Kaze no Kagayaku Asa ni,Roommate 3 涼子 風の輝く朝に,Roommate 3: Ryōko Kaze no Kagayaku Asa ni,Roommate 3 涼子 風の輝く朝に,1998-04-29
roommate3ryoukokazenokagayakuasani,Roommate 3: Ryōko Kaze no Kagayaku Asa ni,Roommate 3 涼子 風の輝く朝に,Roommate 3: Ryōko Kaze no Kagayaku Asa ni,Roommate 3 涼子 風の輝く朝に,
roommatewfutari,Roommate W: Futari,Roommate W ふたり,Roommate W,ルームメイトW,1999-01-14
roommatewfutari,Roommate W: Futari,Roommate W ふたり,Roommate W,ルームメイトW,1999-01-14
ruriironoyuki,Ruriiro no Yuki,瑠璃色の雪,Ruriiro no Yuki,瑠璃色の雪,1998-12-10
ruriironoyuki,Ruriiro no Yuki,瑠璃色の雪,Ruriiro no Yuki (Shokai Gentei!! Original Hologram Seal-tsuki),瑠璃色の雪 (初回限定!!　オリジナルホログラムシール付),1998-12-10
ryoukonooshaberiroom,Ryōko no Oshaberi Room,涼子のおしゃべりルーム Roommate,Ryōko no Oshaberi Room,涼子のおしゃべりルーム,1999-04-22
ryourinotetsujinkitchenstadiumtour,Ryōri no Tetsujin: Kitchen Stadium Tour,料理の鉄人 Kitchen Stadium Tour,Ryōri no Tetsujin: Kitchen Stadium Tour,料理の鉄人 Kitchen Stadium Tour,1996-02-23
ryuutekigosennendragonsofchina,Ryūteki Gosennen: Dragons of China,龍的五千年 Dragons of China,Ryūteki Gosennen: Dragons of China,龍的五千年 Dragons of China,1997-05-23
sadamotoyoshiyukiillustrations,Sadamoto Yoshiyuki Illustrations,貞本義行イラストレーションズ,Sadamoto Yoshiyuki Illustrations,貞本義行 Illustrations イラストレーションズ,1997-11-27
sakamotoryuumaishinkaikoku,Sakamoto Ryūma: Ishin Kaikoku,坂本龍馬 維新開国,Sakamoto Ryūma: Ishin Kaikoku,坂本龍馬 維新開国,1998-01-29
sakurataisen,Sakura Taisen,サクラ大戦,Sakura Taisen,サクラ大戦,1996-09-27
sakurataisen,Sakura Taisen,サクラ大戦,Sakura Taisen,サクラ大戦,1996-09-27
sakurataisen,Sakura Taisen,サクラ大戦,Sakura Taisen (Tokubetsu Genteiban A type),サクラ大戦 (特別限定版　A type),1996-09-27
sakurataisen,Sakura Taisen,サクラ大戦,Sakura Taisen (Tokubetsu Genteiban A type),サクラ大戦 (特別限定版　A type),1996-09-27
sakurataisen,Sakura Taisen,サクラ大戦,Sakura Taisen (Tokubetsu Genteiban B type),サクラ大戦 (特別限定版　B type),1996-09-27
sakurataisen,Sakura Taisen,サクラ大戦,Sakura Taisen (Tokubetsu Genteiban B type),サクラ大戦 (特別限定版　B type),1996-09-27
sakurataisen,Sakura Taisen,サクラ大戦,Sakura Taisen (Fukkokuban),サクラ大戦 (復刻版),1997-06-20
sakurataisen,Sakura Taisen,サクラ大戦,Sakura Taisen (Fukkokuban),サクラ大戦 (復刻版),1997-06-20
sakurataisen,Sakura Taisen,サクラ大戦,Sakura Taisen,サクラ大戦,1998-02-11
sakurataisen,Sakura Taisen,サクラ大戦,Sakura Taisen,サクラ大戦,1998-02-11
sakurataisen2kimishinitamoukotonakare,Sakura Taisen,サクラ大戦2 Sakura Wars,Sakura Taisen 2: Kimi‚ Shinitamō Koto Nakare,サクラ大戦2 Sakura Wars 君、死にたもうことなかれ,1998-04-04
sakurataisen2kimishinitamoukotonakare,Sakura Taisen,サクラ大戦2 Sakura Wars,Sakura Taisen 2: Kimi‚ Shinitamō Koto Nakare,サクラ大戦2 Sakura Wars 君、死にたもうことなかれ,1998-04-04
sakurataisen2kimishinitamoukotonakare,Sakura Taisen,サクラ大戦2 Sakura Wars,Sakura Taisen 2: Kimi‚ Shinitamō Koto Nakare,サクラ大戦2 Sakura Wars 君、死にたもうことなかれ,1998-04-04
sakurataisen2kimishinitamoukotonakare,Sakura Taisen,サクラ大戦2 Sakura Wars,Sakura Taisen 2: Kimi‚ Shinitamō Koto Nakare,サクラ大戦2 Sakura Wars 君、死にたもうことなかれ,1998-04-04
sakurataisen2kimishinitamoukotonakare,Sakura Taisen,サクラ大戦2 Sakura Wars,Sakura Taisen 2: Kimi‚ Shinitamō Koto Nakare,サクラ大戦2 Sakura Wars 君、死にたもうことなかれ,1998-04-04
sakurataisen2kimishinitamoukotonakare,Sakura Taisen,サクラ大戦2 Sakura Wars,Sakura Taisen 2: Kimi‚ Shinitamō Koto Nakare,サクラ大戦2 Sakura Wars 君、死にたもうことなかれ,1998-04-04
sakurataisen2kimishinitamoukotonakare,Sakura Taisen,サクラ大戦2 Sakura Wars,Sakura Taisen 2: Kimi‚ Shinitamō Koto Nakare (Shokai Tokutenban),サクラ大戦2 Sakura Wars 君、死にたもうことなかれ (初回特典版),1998-04-04
sakurataisen2kimishinitamoukotonakare,Sakura Taisen,サクラ大戦2 Sakura Wars,Sakura Taisen 2: Kimi‚ Shinitamō Koto Nakare (Shokai Tokutenban),サクラ大戦2 Sakura Wars 君、死にたもうことなかれ (初回特典版),1998-04-04
sakurataisen2kimishinitamoukotonakare,Sakura Taisen,サクラ大戦2 Sakura Wars,Sakura Taisen 2: Kimi‚ Shinitamō Koto Nakare (Shokai Tokutenban),サクラ大戦2 Sakura Wars 君、死にたもうことなかれ (初回特典版),1998-04-04
sakurataisen2kimishinitamoukotonakare,Sakura Taisen,サクラ大戦2 Sakura Wars,Sakura Taisen 2: Kimi‚ Shinitamō Koto Nakare (Shokai Tokutenban),サクラ大戦2 Sakura Wars 君、死にたもうことなかれ (初回特典版),1998-04-04
sakurataisen2kimishinitamoukotonakare,Sakura Taisen,サクラ大戦2 Sakura Wars,Sakura Taisen 2: Kimi‚ Shinitamō Koto Nakare (Shokai Tokutenban),サクラ大戦2 Sakura Wars 君、死にたもうことなかれ (初回特典版),1998-04-04
sakurataisen2kimishinitamoukotonakare,Sakura Taisen,サクラ大戦2 Sakura Wars,Sakura Taisen 2: Kimi‚ Shinitamō Koto Nakare (Shokai Tokutenban),サクラ大戦2 Sakura Wars 君、死にたもうことなかれ (初回特典版),1998-04-04
sakurataisen2kimishinitamoukotonakare,Sakura Taisen,サクラ大戦2 Sakura Wars,Sakura Taisen 2: Kimi‚ Shinitamō Koto Nakare (Shokai Tokutenban),サクラ大戦2 Sakura Wars 君、死にたもうことなかれ (初回特典版),1998-04-04
sakurataisen2kimishinitamoukotonakare,Sakura Taisen,サクラ大戦2 Sakura Wars,Sakura Taisen 2: Kimi‚ Shinitamō Koto Nakare (Shokai Tokutenban),サクラ大戦2 Sakura Wars 君、死にたもうことなかれ (初回特典版),1998-04-04
sakurataisen2kimishinitamoukotonakare,Sakura Taisen,サクラ大戦2 Sakura Wars,Sakura Taisen 2: Kimi‚ Shinitamō Koto Nakare (Shokai Tokutenban),サクラ大戦2 Sakura Wars 君、死にたもうことなかれ (初回特典版),1998-04-04
sakurataisenhanagumitaisencolumns,Sakura Taisen: Hanagumi Taisen Columns,サクラ大戦 Sakura Wars 花組対戦コラムス,Sakura Taisen: Hanagumi Taisen Columns,サクラ大戦 Sakura Wars 花組対戦コラムス,1997-03-28
sakurataisenhanagumitaisencolumns,Sakura Taisen: Hanagumi Taisen Columns,サクラ大戦 Sakura Wars 花組対戦コラムス,Sakura Taisen: Hanagumi Taisen Columns,サクラ大戦 Sakura Wars 花組対戦コラムス,1997-03-28
sakurataisenhanagumitsuushin,Sakura Taisen: Hanagumi Tsūshin,サクラ大戦 Sakura Wars 花組通信,Sakura Taisen: Hanagumi Tsūshin,サクラ大戦 Sakura Wars 花組通信,1997-02-14
sakurataisenhanagumitsuushin,Sakura Taisen: Hanagumi Tsūshin,サクラ大戦 Sakura Wars 花組通信,Sakura Taisen: Hanagumi Tsūshin,サクラ大戦 Sakura Wars 花組通信,1997-02-14
sakurataisenjoukiradioshow,Sakura Taisen: Jōki Radio Show (Yūgi-ban),サクラ大戦 蒸気ラジヲショウ Steam Radio Show (遊戯版),Sakura Taisen: Jōki Radio Show (Yūgi-ban),サクラ大戦 蒸気ラジヲショウ Steam Radio Show (遊戯版),1997-11-13
sakurataisenjoukiradioshow,Sakura Taisen: Jōki Radio Show (Kayō-ban),サクラ大戦 蒸気ラジヲショウ Steam Radio Show (歌謡版),Sakura Taisen: Jōki Radio Show (Kayō-ban),サクラ大戦 蒸気ラジヲショウ Steam Radio Show (歌謡版),1997-11-13
sakurataisenteigekigraph,Sakura Taisen: Teigeki Graph: Teigeki Graph in Sakura Wars,サクラ大戦 帝撃グラフ Teigeki Graph in Sakura Wars,Sakura Taisen: Teigeki Graph: Teigeki Graph in Sakura Wars,サクラ大戦 帝撃グラフ Teigeki Graph in Sakura Wars,1998-12-23
sakurataisenteigekigraph,Sakura Taisen: Teigeki Graph: Teigeki Graph in Sakura Wars,サクラ大戦 帝撃グラフ Teigeki Graph in Sakura Wars,Sakura Taisen: Teigeki Graph: Teigeki Graph in Sakura Wars,サクラ大戦 帝撃グラフ Teigeki Graph in Sakura Wars,1998-12-23
sakuratsuushin,Sakura Tsūshin,桜通信,Sakura Tsūshin,桜通信,1998-10-01
salamanderdeluxepackplus,Salamander Deluxe Pack Plus,沙羅曼蛇 Deluxe Pack Plus,Salamander Deluxe Pack Plus,沙羅曼蛇 Deluxe Pack Plus,1997-06-19
samuraispiritsak,Samurai Spirits: Amakusa Kōrin / Samurai Shodown IV: Amakusa's Revenge,サムライスピリッツ 天草降臨 / Samurai Shodown IV: Amakusa's Revenge,Samurai Spirits: Amakusa Kōrin,サムライスピリッツ 天草降臨,1997-10-02
samuraispiritsak,Samurai Spirits: Amakusa Kōrin / Samurai Shodown IV: Amakusa's Revenge,サムライスピリッツ 天草降臨 / Samurai Shodown IV: Amakusa's Revenge,Samurai Spirits: Amakusa Kōrin (Kakuchō RAM Dōkon Okaidoku Set!!),サムライスピリッツ 天草降臨 (拡張ラム同梱「お買得セット」!!),1997-10-02
samuraispiritsbestcollection,Samurai Spirits: Amakusa Kōrin / Samurai Shodown IV: Amakusa's Revenge,サムライスピリッツ 天草降臨 / Samurai Shodown IV: Amakusa's Revenge,Samurai Spirits: Best Collection,サムライスピリッツベストコレクション,1998-08-06
samuraispiritszm,Samurai Spirits: Zankurō Musōken,サムライスピリッツ 斬紅郎無双剣,Samurai Spirits: Zankurō Musōken,サムライスピリッツ 斬紅郎無双剣,1996-11-08
samuraispiritszm,Samurai Spirits: Zankurō Musōken,サムライスピリッツ 斬紅郎無双剣,Samurai Spirits: Zankurō Musōken (Kakuchō RAM Cartridge-tsuki Okaidoku Set!!),サムライスピリッツ 斬紅郎無双剣 (拡張RAMカートリッジ付き「お買得セット」!!),1996-11-08
samuraispiritsbestcollection,Samurai Spirits: Zankurō Musōken,サムライスピリッツ 斬紅郎無双剣,Samurai Spirits: Best Collection,サムライスピリッツベストコレクション,1998-08-06
sangokushieiketsuden,Sangokushi Eiketsuden,三國志 英傑伝,Sangokushi Eiketsuden,三國志 英傑伝,1996-03-29
sangokushieiketsuden,Sangokushi Eiketsuden,三國志 英傑伝,Sangokushi Eiketsuden (Premium Pack),三國志 英傑伝 (ペレミアムパック),1997-11-20
sangokushi4,Sangokushi IV,三國志IV,Sangokushi IV,三國志IV,1995-04-28
sangokushi4,Sangokushi IV,三國志IV,Sangokushi IV,三國志IV,1998-04-09
sangokushi4,Sangokushi IV with Power-Up Kit,三國志IV with パワーアップキット,Sangokushi IV with Power-Up Kit,三國志IV with パワーアップキット,1997-09-11
sangokushikoumeiden,Sangokushi Kōmeiden,三國志 孔明伝,Sangokushi Kōmeiden,三國志 孔明伝,1997-03-28
sangokushikoumeiden,Sangokushi Kōmeiden,三國志 孔明伝,Sangokushi Kōmeiden (Premium Pack),三國志 孔明伝 (ペレミアムパック),1997-11-20
sangokushi,Sangokushi Returns,三國志リターンズ,Sangokushi Returns,三國志リターンズ,1997-01-31
valuesetseriessangokushi,Sangokushi Returns,三國志リターンズ,Value Set Series: Sangokushi V / Sangokushi Returns,バリューセットシリーズ 三國志V / 三國志リターンズ,1997-02-21
sangokushi5,Sangokushi V,三國志V,Sangokushi V,三國志V,1996-09-27
sangokushi5,Sangokushi V,三國志V,Sangokushi V (Premium Pack),三國志V (ペレミアムパック),1997-11-20
valuesetseriessangokushi,Sangokushi V,三國志V,Value Set Series: Sangokushi V / Sangokushi Returns,バリューセットシリーズ 三國志V / 三國志リターンズ,1997-02-21
sankyofeverjikkisimulations,Sankyo Fever: Jikki Simulation S,Sankyo Fever 実機シミュレーション S,Sankyo Fever: Jikki Simulation S,Sankyo Fever 実機シミュレーション S,1997-04-04
sankyofeverjikkisimulations,Sankyo Fever: Jikki Simulation S,Sankyo Fever 実機シミュレーション S,Sankyo Fever: Jikki Simulation S (Genteiban),Sankyo Fever 実機シミュレーション S (限定版),1997-04-04
sankyofeverjikkisimulations,Sankyo Fever: Jikki Simulation S,Sankyo Fever 実機シミュレーション S,Sankyo Fever: Jikki Simulation S (Genteiban),Sankyo Fever 実機シミュレーション S (限定版),1998-03-12
sankyofeverjikkisimulationsvol2,Sankyo Fever: Jikki Simulation S Vol.2,Sankyo Fever 実機シミュレーション S Vol.2,Sankyo Fever: Jikki Simulation S Vol.2,Sankyo Fever 実機シミュレーション S Vol.2,1997-04-04
sankyofeverjikkisimulationsvol3,Sankyo Fever: Jikki Simulation S Vol.3,Sankyo Fever 実機シミュレーション S Vol.3,Sankyo Fever: Jikki Simulation S Vol.3,Sankyo Fever 実機シミュレーション S Vol.3,1998-11-26
sankyofeverjikkisimulationsvol3bonuspack,Sankyo Fever: Jikki Simulation S Vol.2,Sankyo Fever 実機シミュレーション S Vol.2,Sankyo Fever: Jikki Simulation S Vol.3 (Bonus Pack),Sankyo Fever 実機シミュレーション S Vol.3 (Bonus Pack),1998-11-26
sankyofeverjikkisimulationsvol3bonuspack,Sankyo Fever: Jikki Simulation S Vol.3,Sankyo Fever 実機シミュレーション S Vol.3,Sankyo Fever: Jikki Simulation S Vol.3 (Bonus Pack),Sankyo Fever 実機シミュレーション S Vol.3 (Bonus Pack),1998-11-26
saturnbomberman,Saturn Bomberman,サターンボンバーマン,Saturn Bomberman,サターンボンバーマン Bomber Man SS,1996-07-19
saturnbomberman,Saturn Bomberman,サターンボンバーマン,Saturn Bomberman (Party Pac),サターンボンバーマン (Party Pac),1996-12-13
saturnbomberman,Saturn Bomberman,サターンボンバーマン,Saturn Bomberman,サターンボンバーマン Bomber Man SS,1997-06-20
saturnbomberman,Saturn Bomberman / Niko Bon Pick 96,サターンボンバーマン / にこボンピック96,Saturn Bomberman (SegaNet Sen'yō),サターンボンバーマン (セガネット専用),1996-09-27
saturnbombermanfight,Saturn Bomberman Fight!!,サターンボンバーマン ファイト!!,Saturn Bomberman Fight!!,サターンボンバーマン ファイト!!,1997-12-11
saturnmusicschool,Saturn Music School,サターンミュージックスクール Saturn Music School,Saturn Music School,サターンミュージックスクール Saturn Music School,1997-08-09
saturnmusicschool,Saturn Music School,サターンミュージックスクール Saturn Music School,Saturn Music School (MIDI Keyboard Dōkon Special Pack),サターンミュージックスクール Saturn Music School (MIDIキーボード同梱スペシャルパック),1997-08-09
saturnmusicschool2,Saturn Music School 2,サターンミュージックスクール2 Saturn Music School,Saturn Music School 2,サターンミュージックスクール2 Saturn Music School,1998-07-30
savaki,Savaki,,Savaki,Savaki サバキ,1998-04-16
scorcher,Scorcher,,Scorcher,Scorcher スコーチャー,1997-08-22
sdgundamgcenturys,SD Gundam: GCentury S,SDガンダム GCentury S,SD Gundam: GCentury S,SDガンダム GCentury S,1998-02-11
seabassfishing,SeaBass Fishing,シーバス・フィッシング SeaBass Fishing,SeaBass Fishing,シーバス・フィッシング SeaBass Fishing,1996-02-23
seabassfishing2,SeaBass Fishing 2,シーバス・フィッシング 2 SeaBass Fishing,SeaBass Fishing 2,シーバス・フィッシング 2 SeaBass Fishing,1997-04-25
seabassfishing2,SeaBass Fishing 2,シーバス・フィッシング 2 SeaBass Fishing,SeaBass Fishing 2,シーバス・フィッシング 2 SeaBass Fishing,1998-03-12
victorygoal,SEGA International Victory Goal,SEGA International Victory Goal セガ インターナショナル ビクトリーゴール,SEGA International Victory Goal,SEGA International Victory Goal セガ インターナショナル ビクトリーゴール,1995-10-27
segarallychampionship1995,SEGA Rally Championship 1995,,SEGA Rally Championship 1995,SEGA Rally Championship 1995 セガラリー・チャンピオンシップ,1995-12-29
segarallychampionship1995,SEGA Rally Championship Plus,,SEGA Rally Championship Plus,SEGA Rally Championship 1995 セガラリー・チャンピオンシップ・プラス,1995-12-29
segarallychampionship1995,SEGA Rally Championship Plus,,SEGA Rally Championship Plus,SEGA Rally Championship 1995 セガラリー・チャンピオンシップ・プラス,1997-06-20
segasaturndehakkentamagotchipark,SEGA Saturn de Hakken!! Tamagotchi Park,セガサターンで発見!! たまごっちパーク,SEGA Saturn de Hakken!! Tamagotchi Park,セガサターンで発見!! たまごっちパーク,1998-01-29
segatouringcarchampionship,SEGA Touring Car Championship,,SEGA Touring Car Championship,SEGA Touring Car Championship セガ ツーリングカーチャンピオンシップ,1997-11-27
segaworldwidesocccer98,SEGA Worldwide Soccer '98,,SEGA Worldwide Soccer '98,SEGA Worldwide Soccer '98 セガワールドワイドサッカー'98,1998-03-05
segasaturnelectronicbookoperator,SegaSaturn Electronic Book Operator,SegaSaturn Electronic Book Operator セガサターン電子ブックオペレーター,SegaSaturn Electronic Book Operator,SegaSaturn Electronic Book Operator セガサターン電子ブックオペレーター,1995-06-23
segasaturnfddoperator,SegaSaturn FDD Operator,セガサターン FDDオペレーター,SegaSaturn FDD Operator,セガサターン FDDオペレーター,1996-07-27
segasaturninternet1,SegaSaturn Internet Vol. 1,SegaSaturn インターネット Vol.1,SegaSaturn Internet Vol. 1,SegaSaturn インターネット Vol.1,1996
segasaturninternet2,SegaSaturn Internet 2,SegaSaturn インターネット2,SegaSaturn Internet 2,SegaSaturn インターネット2,1997
segasaturngraphicandsoundtoolsformacintosh,SegaSaturn: Graphic & Sound Tools for Macintosh,,SegaSaturn: Graphic & Sound Tools for Macintosh,,1995-10-31
segasaturnmovietoolscinepakforsegasaturn,SegaSaturn: Movie Tools: Cinepak for SEGA Saturn,,SegaSaturn: Movie Tools: Cinepak for SEGA Saturn (Hybrid Version),,1995-10-31
segasaturnsgltoolkit,SegaSaturn: SGL Tool Kit,,SegaSaturn: SGL Tool Kit: SEGA 3D Game Library,,1995-04-01
segasaturnsgltoolkit,SegaSaturn: SGL Tool Kit,,SegaSaturn: SGL Tool Kit: SEGA 3D Game Library,,1996-04-30
segasaturndevelopersdocumentation1,SegaSaturn Developer's Documentation Vol. 1,,SegaSaturn Developer's Documentation Vol. 1 (Electronic Version Rel. 1),,1996-04-20
segasaturndevelopersdocumentation2,SegaSaturn Developer's Documentation Vol. 2,,SegaSaturn Developer's Documentation Vol. 2 (Electronic Version Rel. 1),,1996-04-20
segasaturnsystemdisckd00jvc,SegaSaturn System-Disc (KD00) JVC,,SegaSaturn System-Disc (KD00) JVC,,1994
segasaturnsystemdisckd01jvc,SegaSaturn System-Disc (KD01) JVC,,SegaSaturn System-Disc (KD01) JVC,,1994
segasaturnsystemdisckd02jvc,SegaSaturn System-Disc (KD02) JVC,,SegaSaturn System-Disc (KD02) JVC,,1994
segasaturnsystemdisckd02columbia,SegaSaturn System-Disc (KD02) Columbia,,SegaSaturn System-Disc (KD02) Columbia,,1994
photocdoperatingsystem,SEGA Saturn Photo CD Operating System,,SegaSaturn Photo CD Operator,セガサターン フォトCDオペレーター SegaSaturn Photo CD Operator,1995-06-23
photocdoperatingsystem,SEGA Saturn Photo CD Operating System,,SegaSaturn Photo CD Operator,セガサターン フォトCDオペレーター SegaSaturn Photo CD Operator,
segatasanshiroushinkenyuugi,Segata Sanshirō: Shinken Yūgi,せがた三四郎 真剣遊戯,Segata Sanshirō: Shinken Yūgi,せがた三四郎 真剣遊戯,1998-10-29
seifukudensetsuprettyfighter,Seifuku Densetsu: Pretty Fighter X,制服伝説 プリティ・ファイターX Pretty Fighter,Seifuku Densetsu: Pretty Fighter X,制服伝説 プリティ・ファイターX Pretty Fighter,1995-06-16
seifukudensetsuprettyfighter,Seifuku Densetsu: Pretty Fighter X,制服伝説 プリティ・ファイターX Pretty Fighter,Seifuku Densetsu: Pretty Fighter X,制服伝説 プリティ・ファイターX Pretty Fighter,1995-06-16
seikairisshidenyoikuniyoiseiji,Seikai Risshiden: Yoi Kuni・Yoi Seiji,政界立志伝 よい国・よい政治,Seikai Risshiden: Yoi Kuni・Yoi Seiji,政界立志伝 よい国・よい政治,1997-06-27
sekainoshasoukara1swisshenalpstozantetsudounotabi,Sekai no Shasō kara,世界の車窓から,Sekai no Shasō kara: [I] Swiss-hen: Alps Tozantetsudō no Tabi,世界の車窓から [I]スイス編 アルプス登山鉄道の旅,1996-12-06
sengokublade,Sengoku Blade: Sengoku Ace Episode II,戦国ブレード Sengoku Ace Episode II,Sengoku Blade: Sengoku Ace Episode II,戦国ブレード Sengoku Ace Episode II,1996-11-22
sengokublade,Sengoku Blade: Sengoku Ace Episode II (Sengoku Kawaraban: Digital Edition),戦国ブレード Sengoku Ace Episode II (戦国瓦版 Digital Edition),Sengoku Blade: Sengoku Ace Episode II (Sengoku Kawaraban: Digital Edition),戦国ブレード Sengoku Ace Episode II (戦国瓦版 Digital Edition),1996-11-22
xianjianqixiachuan,Senken Kigyōden,仙剣奇侠伝,Senken Kigyōden,仙剣奇侠伝,1999-03-04
chaosseedfuusuikairouki,Senkutsu Katsuryu Taisen: Chaos Seed,仙窟活龍大戦カオスシード Chaos Seed,Senkutsu Katsuryu Taisen: Chaos Seed,仙窟活龍大戦カオスシード Chaos Seed,1998-01-29
chaosseedfuusuikairouki,Senkutsu Katsuryu Taisen: Chaos Seed,仙窟活龍大戦カオスシード Chaos Seed,Senkutsu Katsuryu Taisen: Chaos Seed (Omake Disc),仙窟活龍大戦カオスシード Chaos Seed (おまけ Chaos Seed: Omake Disc),1998-01-29
chaosseedfuusuikairouki,Senkutsu Katsuryu Taisen: Chaos Seed,仙窟活龍大戦カオスシード Chaos Seed,Senkutsu Katsuryu Taisen: Chaos Seed,仙窟活龍大戦カオスシード Chaos Seed,1998-12-10
senryakushougi,Senryaku Shōgi,戦略将棋,Senryaku Shōgi,戦略将棋,1995-11-17
sentimentalgraffiti,Sentimental Graffiti,Sentimental Graffiti センチメンタルグラフティ,Sentimental Graffiti,Sentimental Graffiti センチメンタルグラフティ,1998-01-22
sentimentalgraffiti,Sentimental Graffiti,Sentimental Graffiti センチメンタルグラフティ,Sentimental Graffiti,Sentimental Graffiti センチメンタルグラフティ,1998-01-22
sentimentalgraffiti,Sentimental Graffiti,Sentimental Graffiti センチメンタルグラフティ,Sentimental Graffiti,Sentimental Graffiti センチメンタルグラフティ,1998-01-22
sentimentalgraffiti,Sentimental Graffiti,Sentimental Graffiti センチメンタルグラフティ,Sentimental Graffiti,Sentimental Graffiti センチメンタルグラフティ,1998-01-22
sentimentalgraffiti,Sentimental Graffiti,Sentimental Graffiti センチメンタルグラフティ,Sentimental Graffiti,Sentimental Graffiti センチメンタルグラフティ,1998-01-22
sentimentalgraffiti,Sentimental Graffiti: Second Window,Sentimental Graffiti センチメンタルグラフティ セカンドトウィンドウ,Sentimental Graffiti (Second Window),Sentimental Graffiti センチメンタルグラフティ (セカンドトウィンドウ),1998-01-22
sentimentalgraffiti,Sentimental Graffiti: Second Window,Sentimental Graffiti センチメンタルグラフティ セカンドトウィンドウ,Sentimental Graffiti (Second Window),Sentimental Graffiti センチメンタルグラフティ (セカンドトウィンドウ),1998-01-22
sentimentalgraffiti,Sentimental Graffiti: Second Window,Sentimental Graffiti センチメンタルグラフティ セカンドトウィンドウ,Sentimental Graffiti (Second Window),Sentimental Graffiti センチメンタルグラフティ (セカンドトウィンドウ),1998-01-22
sentimentalgraffitifirstwindow,Sentimental Graffiti: First Window,Sentimental Graffiti センチメンタルグラフティ ファーストウィンドウ,Sentimental Graffiti: First Window,Sentimental Graffiti センチメンタルグラフティ ファーストウィンドウ,1997-04-11
sentomonogatarisono1,Sento Monogatari,占都物語,Sento Monogatari Sono I,「占都物語」そのI,1995-10-27
sexyparodius,Sexy Parodius,セクシーパロディウス,Sexy Parodius,セクシーパロディウス,1996-11-01
shadowsofthetusk,Shadows of the Tusk,,Shadows of the Tusk,Shadows of the Tusk シャドウズ・オブ・ザ・タスク,1998-05-21
shanghaibanrinochoujouthegreatwall,Shanghai: Banri no Chōjō: The Great Wall,上海 万里の長城 The Great Wall,Shanghai: Banri no Chōjō: The Great Wall,上海 万里の長城 Shanghai: The Great Wall,1995-02-24
shanghaibanrinochoujouthegreatwall,Shanghai: Banri no Chōjō: The Great Wall,上海 万里の長城 The Great Wall,Shanghai: Banri no Chōjō: The Great Wall,上海 万里の長城 Shanghai: The Great Wall,1998-03-12
shanghaogreatmoments,Shanghai: Great Moments,,Shanghai: Great Moments,Shanghai: Great Moments 上海 グレートモーメンツ Great Moments,1996-11-15
shanghaogreatmoments,Shanghai: Great Moments,,Shanghai: Great Moments,Shanghai: Great Moments 上海 グレートモーメンツ Great Moments,1996-11-15
shesn,She'sn,She'sn シーズン,She'sn,She'sn シーズン,1998-11-19
shellshock,Shellshock,Shellshock シェル・ショック,Shellshock Jus' Keepin' da Peace,Shellshock シェル ショック Jus' Keepin' da Peace,1996-10-25
shichiseitoushinguyferdcrownkaimetsusakusen,Shichisei Tōshin Guyferd,七星闘神ガイファード Guyferd,Shichisei Tōshin Guyferd: Crown Kaimetsu Sakusen,七星闘神ガイファード Guyferd クラウン壊滅作戦,1998-11-19
shichuusuimeipitagraph,Shichū Suimei Pitagraph,四柱推命 Pitagraph ピタグラフ,Shichū Suimei Pitagraph,四柱推命 Pitagraph ピタグラフ,1996-02-23
shienryuu,Shienryū,紫炎龍,Shienryū,紫炎龍 Shienryu,1997-06-27
shinkaiteigunkankoutetsunokodoku,Shin Kaitei Gunkan: Kōtetsu no Kodoku,新海底軍艦 鋼鉄の孤独,Shin Kaitei Gunkan: Kōtetsu no Kodoku,新海底軍艦 鋼鉄の孤独,1997-04-04
shinmegamitenseidevilsummoner,Shin・Megami Tensei: Devil Summoner,真・女神転生 デビルサマナー 悪魔召喚師,Shin・Megami Tensei: Devil Summoner,真・女神転生 デビルサマナー 悪魔召喚師,1995-12-25
shinmegamitenseidevilsummoner,Shin・Megami Tensei: Devil Summoner,真・女神転生 デビルサマナー 悪魔召喚師,Shin・Megami Tensei: Devil Summoner,真・女神転生 デビルサマナー 悪魔召喚師,1997-06-20
shinmegamitenseidevilsummonerakumazensho,Shin・Megami Tensei: Devil Summoner: Akuma Zensho,真・女神転生デビルサマナー 悪魔全書,Shin・Megami Tensei: Devil Summoner: Akuma Zensho,真・女神転生デビルサマナー 悪魔全書,1996-04-26
shinmegamitenseidevilsummonerspecialbox,Shin・Megami Tensei: Devil Summoner,真・女神転生 デビルサマナー 悪魔召喚師,Shin・Megami Tensei: Devil Summoner Special Box: Akuma Zensho,真・女神転生デビルサマナー スペシャル Box 悪魔全書,1996-08-09
shinmegamitenseidevilsummonerspecialbox,Shin・Megami Tensei: Devil Summoner: Akuma Zensho,真・女神転生デビルサマナー 悪魔全書,Shin・Megami Tensei: Devil Summoner Special Box: Akuma Zensho,真・女神転生デビルサマナー スペシャル Box 悪魔全書,1996-08-09
shinseikievangelion,Shin Seiki Evangelion,新世紀エヴァンゲリオン Evangelion,Shin Seiki Evangelion,新世紀エヴァンゲリオン Evangelion,1996-03-01
shinseikievangelion,Shin Seiki Evangelion,新世紀エヴァンゲリオン Evangelion,Shin Seiki Evangelion (Shin Package),新世紀エヴァンゲリオン Neon Genesis Evangelion (新パッケージ),1997-02-14
shinseikievangelion2ndimpression,Shin Seiki Evangelion: 2nd Impression,新世紀 Evangelion: 2nd Impression,Shin Seiki Evangelion: 2nd Impression,新世紀 Evangelion: 2nd Impression 新世紀エヴァンゲリオン・セカンドインプレッション,1997-03-07
shinseikievangelion2ndimpression,Shin Seiki Evangelion: 2nd Impression,新世紀 Evangelion: 2nd Impression,Shin Seiki Evangelion: 2nd Impression,新世紀 Evangelion: 2nd Impression 新世紀エヴァンゲリオン・セカンドインプレッション,1997-03-07
shinseikievangelionevatoyukainanakamatachi,Shin Seiki Evangelion: Eva to Yukaina Nakama-tachi,新世紀エヴァンゲリオン エヴァと愉快な仲間たち,Shin Seiki Evangelion: Eva to Yukaina Nakama-tachi,新世紀エヴァンゲリオン エヴァと愉快な仲間たち,1998-11-05
shinshinobiden,Shin・Shinobiden,新・忍伝 Shin Shinobi Den,Shin・Shinobiden,新・忍伝 Shin Shinobi Den,1995-06-30
themepark,Shin Theme Park,新 Theme Park テーマパーク,Shin Theme Park,新 Theme Park テーマパーク,1997-04-11
shingatakururinpa,Shingata Kururin Pa!,新型くるりんPa!,Shingata Kururin Pa!,新型くるりんPa! Shingata Kururin Pa!,1996-08-09
shiningforce3scenario1outonokyoshin,Shining Force III: Scenario 1: Ōto no Kyoshin,Shining Force III シナリオ1 王都の巨神,Shining Force III: Scenario 1: Ōto no Kyoshin,Shining Force III シャイニング・フォースIII シナリオ1 王都の巨神,1997-12-11
shiningforce3scenario1outonokyoshin,Shining Force III: Scenario 1: Ōto no Kyoshin,Shining Force III シナリオ1 王都の巨神,Shining Force III: Scenario 1: Ōto no Kyoshin,Shining Force III シャイニング・フォースIII シナリオ1 王都の巨神,
shiningforce3scenario2nerawaretamiko,Shining Force III: Scenario 2: Nerawareta Miko,Shining Force III シナリオ2 狙われた神子,Shining Force III: Scenario 2: Nerawareta Miko,Shining Force III シャイニング・フォースIII シナリオ2 狙われた神子,1998-04-29
shiningforce3scenario2nerawaretamiko,Shining Force III: Scenario 2: Nerawareta Miko,Shining Force III シナリオ2 狙われた神子,Shining Force III: Scenario 2: Nerawareta Miko,Shining Force III シャイニング・フォースIII シナリオ2 狙われた神子,
shiningforce3scenario3hyouhekinojashinguu,Shining Force III: Scenario 3: Hyōheki no Jashingū,Shining Force III シナリオ3 氷壁の邪神宮,Shining Force III: Scenario 3: Hyōheki no Jashingū,Shining Force III シャイニング・フォースIII シナリオ3 氷壁の邪神宮,1998-09-23
shiningforce3premiumdisc,Shining Force III Premium Disc,,Shining Force III Premium Disc,Shining Force III Premium Disc シャイニング・フォースIII プレミアムディスク,1998
shiningtheholyark,Shining the Holy Ark,,Shining the Holy Ark,Shining the Holy Ark シャイニング・ザ・ホーリィアーク,1996-12-20
shiningtheholyark,Shining the Holy Ark,,Shining the Holy Ark,Shining the Holy Ark シャイニング・ザ・ホーリィアーク,1996-12-20
shiningwisdom,Shining Wisdom,,Shining Wisdom,Shining Wisdom シャイニング・ウィズダム,1995-08-11
shiningwisdom,Shining Wisdom,,Shining Wisdom,Shining Wisdom シャイニング・ウィズダム,1995-08-11
shinouken,Shinōken,神凰拳,Shinōken,神凰拳,1997-04-04
shinpinosekaielhazard,Shinpi no Sekai El-Hazard: The Magnificent World,神秘の世界エルハザード El-Hazard: The Magnificent World,Shinpi no Sekai El-Hazard: El-Hazard: The Magnificent World for SEGA Saturn,神秘の世界エルハザード El-Hazard: The Magnificent World for SEGA Saturn,1996-08-09
shinpinosekaielhazard,Shinpi no Sekai El-Hazard: The Magnificent World,神秘の世界エルハザード El-Hazard: The Magnificent World,Shinpi no Sekai El-Hazard: El-Hazard: The Magnificent World for SEGA Saturn (Shokai Tokuten Gōka Box Shiyō & Himitsu Book-tsuki),神秘の世界エルハザード El-Hazard: The Magnificent World for SEGA Saturn (初回特典「豪華Box仕様」&「秘密ブック」付き),1996-08-09
shinreijusatsushitaroumaru,Shinrei Jusatsushi Tarōmaru,心霊呪殺師 太郎丸,Shinrei Jusatsushi Tarōmaru,心霊呪殺師 太郎丸,1997-01-17
shinsetsusamuraispiritsbushidouretsuden,Shinsetsu Samurai Spirits: Bushidō Retsuden,真説サムライスピリッツ 武士道烈伝,Shinsetsu Samurai Spirits: Bushidō Retsuden,真説サムライスピリッツ 武士道烈伝,1997-06-27
shinsetsuyumemiyakatatobiranookunidarekaga,Shinsetsu・Yumemi Yakata: Tobira no Oku ni Dareka ga...,真説・夢見館　扉の奥に誰かが…,Shinsetsu・Yumemi Yakata: Tobira no Oku ni Dareka ga...,真説・夢見館　扉の奥に誰かが…,1994-12-02
shinsetsuyumemiyakatatobiranookunidarekaga,Shinsetsu・Yumemi Yakata: Tobira no Oku ni Dareka ga...,真説・夢見館　扉の奥に誰かが…,Shinsetsu・Yumemi Yakata: Tobira no Oku ni Dareka ga...,真説・夢見館　扉の奥に誰かが…,1994-12-02
shinsetsuyumemiyakatatobiranookunidarekaga,Shinsetsu・Yumemi Yakata: Tobira no Oku ni Dareka ga...,真説・夢見館　扉の奥に誰かが…,Shinsetsu・Yumemi Yakata: Tobira no Oku ni Dareka ga...,真説・夢見館　扉の奥に誰かが…,1994-12-02
shippuumahoudaisakusenlingdomgrandprix,Shippū Mahō Daisakusen: Kingdom-Grandprix,疾風魔法大作戦 Kingdom-Grandprix,Shippū Mahō Daisakusen: Kingdom-Grandprix,疾風魔法大作戦 Kingdom-Grandprix,1996-06-14
eiyuudensetsu3shirokimajo,Shiroki Majo: Mō Hitotsu no Eiyū Densetsu,白き魔女 もうひとつの英雄伝説,Shiroki Majo: Mō Hitotsu no Eiyū Densetsu,白き魔女 もうひとつの英雄伝説,1998-02-26
eiyuudensetsu3shirokimajo,Shiroki Majo: Mō Hitotsu no Eiyū Densetsu,白き魔女 もうひとつの英雄伝説,Shiroki Majo: Mō Hitotsu no Eiyū Densetsu,白き魔女 もうひとつの英雄伝説,1998-02-26
shougimatsuri,Shōgi Matsuri,将棋まつり,Shōgi Matsuri,将棋まつり,1995-09-15
shoujokakumeiutenaitsukakakumeisarerumonogatari,Shōjo Kakumei Utena: Itsuka Kakumei Sareru Monogatari,少女革命ウテナ いつか革命される物語,Shōjo Kakumei Utena: Itsuka Kakumei Sareru Monogatari,少女革命ウテナ いつか革命される物語,1998-05-28
shoujokakumeiutenaitsukakakumeisarerumonogatari,Shōjo Kakumei Utena: Itsuka Kakumei Sareru Monogatari,少女革命ウテナ いつか革命される物語,Shōjo Kakumei Utena: Itsuka Kakumei Sareru Monogatari,少女革命ウテナ いつか革命される物語,1998-05-28
shouryuusangokuengi,Shōryū Sangoku Engi,昇龍三國演義,Shōryū Sangoku Engi,昇龍三國演義 Shōryū Sangokuengi,1996-07-19
shunsai,Shunsai,駿才 競馬データStable,Shunsai,駿才,1996-08-23
shussemahjongdaisettai,Shusse Mahjong Daisettai,出世麻雀 大接待,Shusse Mahjong Daisettai,出世麻雀 大接待,1996-12-13
shutokoubattle97driftkingtsuchiyakeiichiandbandoumasaaki,Shutokō Battle '97: Drift King: Tsuchiya Keiichi & Bandō Masaaki,首都高バトル'97 Drift King 土屋圭市&坂東正明,Shutokō Battle '97: Drift King: Tsuchiya Keiichi & Bandō Masaaki,首都高バトル'97 Drift King 土屋圭市&坂東正明 New Limited Ver.97,1997-02-28
shutsudouminiskirtpolice,Shutsudō! Miniskirt Police,出動! ミニスカポリス,Shutsudō! Miniskirt Police,出動! ミニスカポリス,1997-09-25
sidepocket2densetsunohustler,Side Pocket 2: Densetsu no Hustler,Side Pocket 2 伝説のハスラー,Side Pocket 2: Densetsu no Hustler,Side Pocket 2 サイドポケット2 伝説のハスラー,1995-03-31
sidepocket3,Side Pocket 3,Side Pocket 3 サイドポケット3,Side Pocket 3,,1997-07-18
sidepocket3,Side Pocket 3,Side Pocket 3 サイドポケット3,Side Pocket 3,,1998-11-19
silhouettemirage,Silhouette Mirage,,Silhouette Mirage,Silhouette Mirage シルエットミラージュ,1997-09-11
silhouettemirage,Silhouette Mirage,,Silhouette Mirage,Silhouette Mirage シルエットミラージュ,1998-12-10
simcity2000,SimCity 2000,,SimCity 2000: The Ultimate City Simulator,SimCity 2000 シムシティ2000 The Ultimate City Simulator,1995-09-29
simulationrpgtsukuru,Simulation RPG Tsukuru,シミュレーションRPGツクール,Simulation RPG Tsukuru,シミュレーションRPGツクール,1998-09-17
simulationzoo,Simulation Zoo,,Simulation Zoo,シミュレーションズー Simulation Zoo,1997-02-07
skullfangkuugagaiden,Skull Fang: Kūga Gaiden,Skull Fang 空牙外伝,Skull Fang: Kūga Gaiden,Skull Fang 空牙外伝,1997-05-30
skytarget,Sky Target: Daredevil Air Force,,Sky Target,Sky Target スカイターゲット,1997-04-25
slamnjam96featuringmagicandkareem,Slam 'n Jam '96 featuring Magic & Kareem,,Slam 'n Jam '96 featuring Magic & Kareem,Slam 'n Jam '96 featuring Magic & Kareem マジック・ジョンソンとカリーム・アブドゥール・ジャバーのスラムジャム'96,1996-08-09
slayersroyal,Slayers Royal,スレイヤーズろいやる,Slayers Royal,スレイヤーズろいやる,1997-07-25
slayersroyal2,Slayers Royal 2,スレイヤーズろいやる2,Slayers Royal 2,スレイヤーズろいやる2,1998-09-03
slayersroyal2,Slayers Royal 2,スレイヤーズろいやる2,Slayers Royal 2,スレイヤーズろいやる2,1998-09-03
snatcher,Snatcher,,Snatcher,Snatcher スナッチャー,1996-03-29
soeldnerschilds,Söldnerschild S,Söldnerschild S ゼルドナーシルト,Söldnerschild S,Söldnerschild S ゼルドナーシルト,1997-09-25
sokkouseitokaisoniccouncil,Sokkō Seitokai: Sonic Council,速攻生徒会 Sonic Council,Sokkō Seitokai: Sonic Council,速攻生徒会 Sonic Council,1998-01-29
soldivide,Sol Divide,Sol Divide ソルディバイド,Sol Divide,Sol Divide ソルディバイド,1998-07-02
solocrisis,Solo Crisis,Solo Crisis ソロ・クライシス,Solo Crisis,Solo Crisis ソロ・クライシス,1998-01-22
solocrisis,Solo Crisis,Solo Crisis ソロ・クライシス,Solo Crisis,Solo Crisis ソロ・クライシス,1998-01-22
sonic3dblast,Sonic 3D: Flickies' Island,,Sonic 3D: Flickies' Island,Sonic 3D: Flickies' Island ソニック 3D フリッキーアイランド,1999-10-14
sonicjam,Sonic Jam,,Sonic Jam,Sonic Jam ソニック ジャム,1997-06-20
sonicjam,Sonic Jam,,Sonic Jam,Sonic Jam ソニック ジャム,1998-07-23
sonicr,Sonic R,,Sonic R,Sonic R ソニックR,1997-12-04
sonicr,Sonic R,,Sonic R,Sonic R ソニックR,1997-12-04
sonicwingsspecial,Sonic Wings Special,,Sonic Wings Special,Sonic Wings Special ソニックウイングス・スペシャル,1996-07-05
sorvice,Sorvice,Sorvice ソルヴァイス,Sorvice,Sorvice ソルヴァイス,1998-09-23
sotsugyougraduation,Sotsugyō S: Graduation,卒業S: Graduation,Sotsugyō S: Graduation,卒業S Graduation,1997-09-25
sotsugyoualbum,Sotsugyō Album,卒業 Album,Sotsugyō Album,卒業 Album,1998-01-15
sotsugyoucrossworld,Sotsugyō Crossworld,卒業 Crossworld,Sotsugyō Crossworld,卒業 Crossworld,1997-03-28
sotsugyou2neogeneration,Sotsugyō II: Neo Generation,卒業II: Neo Generation,Sotsugyō II: Neo Generation,卒業II: Neo Generation,1995-08-11
sotsugyou2neogeneration,Sotsugyō II: Neo Generation,卒業II: Neo Generation,Sotsugyō II: Neo Generation,卒業II: Neo Generation,1995-08-11
sotsugyou3weddingbell,Sotsugyō III: Wedding Bell,卒業III Wedding Bell,Sotsugyō III: Wedding Bell,卒業III Wedding Bell ウエディング・ベル,1998
soukuunotsubasagothaworld,Sōkū no Tsubasa: GothaWorld,蒼空の翼 GothaWorld,Sōkū no Tsubasa: GothaWorld,蒼空の翼 GothaWorld,1997-11-06
soukuunotsubasagothaworld,Sōkū no Tsubasa: GothaWorld,蒼空の翼 GothaWorld,Sōkū no Tsubasa: GothaWorld,蒼空の翼 GothaWorld,1997-11-06
soukyuugurentai,Sōkyūgurentai,蒼穹紅蓮隊,Sōkyūgurentai,蒼穹紅蓮隊,1997-02-07
soukyuugurentai,Sōkyūgurentai,蒼穹紅蓮隊,Sōkyūgurentai,蒼穹紅蓮隊,1997
soukyuugurentai,Sōkyūgurentai,蒼穹紅蓮隊,Sōkyūgurentai: Otokuyō,蒼穹紅蓮隊 御徳用,1997-12-18
soundnoveltsukuuru2,Sound Novel Tkool 2,SoundNovel サウンドノベルツクール2,Sound Novel Tkool 2,SoundNovel サウンドノベルツクール2,1997-11-27
soundqube,Sound Qube,S・Q: Sound Qube サウンド・キューブ,Sound Qube,S・Q: Sound Qube サウンド・キューブ,1998-04-02
sovietstrike,Soviet Strike,,Soviet Strike,ソビエト ストライク Soviet Strike,1997-09-18
spaceharrier,Space Harrier,,SEGA Ages: Space Harrier,SEGA Ages: Space Harrier スペースハリアー,1996-07-17
spaceharrier,Space Harrier,,SEGA Ages: Space Harrier (Gentei Special Pack),SEGA Ages: Space Harrier スペースハリアー (限定スペシャルパック),1996-07-17
spaceharrier,Space Harrier,,SEGA Ages: Space Harrier,SEGA Ages: Space Harrier スペースハリアー,
spaceharrier,Space Harrier,,SEGA Ages: Space Harrier,SEGA Ages: Space Harrier スペースハリアー,
spaceinvadersdx,Space Invaders,,Space Invaders,Space Invaders スペースインベーダー,1996-12-13
puzzlebobble2xandspaceinvaders,Space Invaders,,Puzzle Bobble 2x & Space Invaders,Puzzle Bobble 2x パズルボブル2x & Space Invaders,1997-04-04
spacejam,Space Jam,,Space Jam,Space Jam スペースジャム,1997-02-28
specialdiscwithsegasaturninternet2,Special Disc with SegaSaturn Internet 2,Special Disc with SegaSaturn インターネット2,Special Disc with SegaSaturn Internet 2,Special Disc with SegaSaturn インターネット2,1997
spotgoestohollywood32bit,Spot Goes to Hollywood,,Spot Goes to Hollywood,,1997-01-10
stakeswinner,Stakes Winner,,Stakes Winner: GI Kanzen Seiha e no Michi,Stakes Winner GI完全制覇への道,1996-12-06
stakeswinner2,Stakes Winner 2,,Stakes Winner 2: Saikyōba Densetsu,Stakes Winner 2 最強馬伝説,1997-05-02
standbysayyou,Standby Say You!,スタンバイ Say You!,Standby Say You! (Shokai Gentei Special Package 1),スタンバイ Say You! スタンバイ セイ ユー (初回限定スペシャルパッケージ1),1997-03-20
standbysayyou,Standby Say You!,スタンバイ Say You!,Standby Say You! (Shokai Gentei Special Package 2),スタンバイ Say You! スタンバイ セイ ユー (初回限定スペシャルパッケージ2),1997-03-20
standbysayyou,Standby Say You!,スタンバイ Say You!,Standby Say You! (Shokai Gentei Special Package 3),スタンバイ Say You! スタンバイ セイ ユー (初回限定スペシャルパッケージ3),1997-03-20
starfighter3000,Starfighter 3000,,StarFighter 3000,StarFighter 3000 スターファイター3000,1996-10-25
steamhearts,Steam-Heart's,Steam-Heart's スチーム・ハーツ,Steam-Heart's,Steam-Heart's スチーム・ハーツ,1998-09-23
steamgearmash,Steamgear Mash,,Steamgear Mash,Steamgear☆Mash スチームギア マッシュ,1995-09-29
steamgearmash,Steamgear Mash,,Steamgear Mash,Steamgear☆Mash スチームギア マッシュ,1995-09-29
steepslopesliders,Steep Slope Sliders,,Steep Slope Sliders,Steep Slope Sliders スティープ スロープ スライダーズ,1997-10-23
steepslopesliders,Steep Slope Sliders,,Steep Slope Sliders,Steep Slope Sliders スティープ スロープ スライダーズ,1998-10-22
stellarassault,Stellar Assault SS,,Stellar Assault SS,Stellar Assault SS ステラアサルト ダブルエス,1998-02-26
strahlhimerareshinanatsunohikari,Strahl: Himerareshi Nanatsu no Hikari,Strahl シュトラール 秘められし七つの光,Strahl: Himerareshi Nanatsu no Hikari,Strahl シュトラール 秘められし七つの光,1995-11-24
streetfighterrealbattleonfilm,Street Fighter: Real Battle on Film,,Street Fighter: Real Battle on Film,Street Fighter: Real Battle on Film ストリート ファイター リアルバトル オン フィルム,1995-08-11
streetfighterrealbattleonfilm,Street Fighter: Real Battle on Film,,Street Fighter: Real Battle on Film,Street Fighter: Real Battle on Film ストリート ファイター リアルバトル オン フィルム,1995-08-11
streetfighterrealbattleonfilm,Street Fighter: Real Battle on Film,,Street Fighter: Real Battle on Film,Street Fighter: Real Battle on Film ストリート ファイター リアルバトル オン フィルム,1995-08-11
streetfightercollection,Street Fighter Collection,,Street Fighter Collection,Street Fighter Collection ストリートファイターコレクション,1997-09-18
streetfighter2movie,Street Fighter II Movie,,Street Fighter II Movie,Street Fighter II Movie ストリートファイターIIムービー,1996-03-15
streetfighter2movie,Street Fighter II Movie,,Street Fighter II Movie,Street Fighter II Movie ストリートファイターIIムービー,1996-03-15
streetfighterzero,Street Fighter Zero,,Street Fighter Zero,Street Fighter Zero ストリートファイターZero,1996-01-26
streetfighterzero,Street Fighter Zero,,Street Fighter Zero,Street Fighter Zero ストリートファイターZero,1996-01-26
streetfighterzero,Street Fighter Zero,,Street Fighter Zero,Street Fighter Zero ストリートファイターZero,
streetfighterzero2,Street Fighter Zero 2,,Street Fighter Zero 2,Street Fighter Zero 2 ストリートファイターZero 2,1996-09-14
streetfightercollection,Street Fighter Zero 2',,Street Fighter Collection,Street Fighter Collection ストリートファイターコレクション,1997-09-18
streetfighterzero2alpha,Street Fighter Zero 2',,Street Fighter Zero 2',Street Fighter Zero 2' ストリートファイターZero 2',1998-11-19
streetfighterzero3,Street Fighter Zero 3,,Street Fighter Zero 3,Street Fighter Zero 3 ストリートファイターZero 3,1999-08-06
streetfighterzero3,Street Fighter Zero 3,,Street Fighter Zero 3 (Kakuchō RAM Cartridge 4MB Fuzoku),Street Fighter Zero 3 ストリートファイターZero 3 (拡張ラムカートリッジ4MB付属),1999-08-06
streetracer,Street Racer,,Street Racer Extra,Street Racer Extra ストリートレーサー エクストラ,1996-12-20
striker96,Striker 96,,Striker'96,ストライカー'96 Striker'96,1996-08-30
strikers1945,Strikers 1945,,Strikers 1945,Strikers 1945 ストライカーズ1945,1996-06-28
strikers19452,Strikers 1945 II,,Strikers 1945 II,Strikers 1945 II ストライカーズ1945 II,1998-10-22
suchiepaiadventuredokidokinightmarethethrobbingnightmare,Suchie-Pai Adventure: Doki Doki Nightmare: The Throbbing Nightmare: Disc 1,スーチーパイ アドベンチャー ドキドキ♥ナイトメア The Throbbing Nightmare ディスク1,Suchie-Pai Adventure: Doki Doki Nightmare: The Throbbing Nightmare,スーチーパイ アドベンチャー ドキドキ♥ナイトメア The Throbbing Nightmare: Suchie-Pai Adventure: The Throbbing Nightmare,1998-02-26
suchiepaiadventuredokidokinightmarethethrobbingnightmare,Suchie-Pai Adventure: Doki Doki Nightmare: The Throbbing Nightmare: Disc 2,スーチーパイ アドベンチャー ドキドキ♥ナイトメア The Throbbing Nightmare ディスク2,Suchie-Pai Adventure: Doki Doki Nightmare: The Throbbing Nightmare,スーチーパイ アドベンチャー ドキドキ♥ナイトメア The Throbbing Nightmare: Suchie-Pai Adventure: The Throbbing Nightmare,1998-02-26
suchiepaiadventuredokidokinightmarethethrobbingnightmare,Suchie-Pai Adventure: Doki Doki Nightmare: The Throbbing Nightmare: Disc 1,スーチーパイ アドベンチャー ドキドキ♥ナイトメア The Throbbing Nightmare ディスク1,Suchie-Pai Adventure: Doki Doki Nightmare: The Throbbing Nightmare (Special Package-ban),スーチーパイ アドベンチャー ドキドキ♥ナイトメア The Throbbing Nightmare: Suchie-Pai Adventure: The Throbbing Nightmare (スペシャルパッケージ版),1998-02-26
suchiepaiadventuredokidokinightmarethethrobbingnightmare,Suchie-Pai Adventure: Doki Doki Nightmare: The Throbbing Nightmare: Disc 2,スーチーパイ アドベンチャー ドキドキ♥ナイトメア The Throbbing Nightmare ディスク2,Suchie-Pai Adventure: Doki Doki Nightmare: The Throbbing Nightmare (Special Package-ban),スーチーパイ アドベンチャー ドキドキ♥ナイトメア The Throbbing Nightmare: Suchie-Pai Adventure: The Throbbing Nightmare (スペシャルパッケージ版),1998-02-26
sugobenchahdragonmastersilkgaiden@すごべんちゃー ドラゴンマスターシルク外伝,Sugoventure: Dragon Master Silk Gaiden,すごべんちゃー ドラゴンマスターシルク外伝,Sugoventure: Dragon Master Silk Gaiden,すごべんちゃー ドラゴンマスターシルク外伝,1998-02-19
suikoenbu,Suiko Enbu,水滸演武,Suiko Enbu,水滸演武,1995-08-11
suikoenbu,Suiko Enbu: Fūun Saiki,水滸演武 風雲再起,Suiko Enbu: Fūun Saiki,水滸演武 風雲再起,1996-03-22
suikodentendouhyakuhachisei,Suikoden: Tendō Hyaku Hachi-sei,水滸伝 天導一〇八星,Suikoden: Tendō Hyaku Hachi-sei,水滸伝 天導一〇八星,1997-12-18
suikodentenmeinochikai,Suikoden: Tenmei no Chikai,水滸伝 天命の誓い,Suikoden: Tenmei no Chikai,水滸伝 天命の誓い,1996-12-27
suikodentenmeinochikai,Suikoden: Tenmei no Chikai,水滸伝 天命の誓い,Suikoden: Tenmei no Chikai (Premium Pack),水滸伝 天命の誓い (ペレミアムパック),1997-11-20
superadventurerockman,Super Adventure Rockman: Episode 1: Tsuki no Shinden,Super Adventure Rockman: Episode 1 月の神殿,Super Adventure Rockman,Super Adventure Rockman スーパーアドベンチャー ロックマン,1998-06-25
superadventurerockman,Super Adventure Rockman: Episode 2: Shitō! Wily Numbers,Super Adventure Rockman: Episode 2 死闘! ワイリーナンバーズ,Super Adventure Rockman,Super Adventure Rockman スーパーアドベンチャー ロックマン,1998-06-25
superadventurerockman,Super Adventure Rockman: Episode 3: Saigo no Tatakai!!,Super Adventure Rockman: Episode 3 最後の戦い!!,Super Adventure Rockman,Super Adventure Rockman スーパーアドベンチャー ロックマン,1998-06-25
superadventurerockman,Super Adventure Rockman: Episode 1: Tsuki no Shinden,Super Adventure Rockman: Episode 1 月の神殿,Super Adventure Rockman,Super Adventure Rockman スーパーアドベンチャー ロックマン,1998-09-23
superadventurerockman,Super Adventure Rockman: Episode 2: Shitō! Wily Numbers,Super Adventure Rockman: Episode 2 死闘! ワイリーナンバーズ,Super Adventure Rockman,Super Adventure Rockman スーパーアドベンチャー ロックマン,1998-09-23
superadventurerockman,Super Adventure Rockman: Episode 3: Saigo no Tatakai!!,Super Adventure Rockman: Episode 3 最後の戦い!!,Super Adventure Rockman,Super Adventure Rockman スーパーアドベンチャー ロックマン,1998-09-23
supercasinospecial,Super Casino Special,,Super Casino Special,,1997-01-24
superpuzzlefighter2x,Super Puzzle Fighter II X,Super Puzzle Fighter II X スーパーパズルファイターIIX,Super Puzzle Fighter II X,Super Puzzle Fighter II X スーパーパズルファイターIIX,1996-12-06
superrealmahjonggraffiti,Super Real Mahjong Graffiti,スーパーリアル麻雀 グラフィティ Graffiti,Super Real Mahjong Graffiti,スーパーリアル麻雀 グラフィティ Graffiti,1995-11-24
superrealmahjonggraffiti,Super Real Mahjong Graffiti (Genteiban),スーパーリアル麻雀 グラフィティ Graffiti (限定版),Super Real Mahjong Graffiti (Genteiban) (P's Club Special Edition),スーパーリアル麻雀 グラフィティ Graffiti (限定版) (P's Club　Special Edition),1995-11-24
superrealmahjongp5,Super Real Mahjong P.V,スーパーリアル麻雀 P.V,Super Real Mahjong P.V,スーパーリアル麻雀 P.V,1995-05-26
superrealmahjongp5,Super Real Mahjong P.V,スーパーリアル麻雀 P.V,Super Real Mahjong P.V (P's Club　Special Edition),スーパーリアル麻雀 P.V (P's Club　Special Edition),1995-05-26
superrealmahjongp6,Super Real Mahjong P VI,スーパーリアル麻雀 P VI,Super Real Mahjong P VI,スーパーリアル麻雀 P VI,1996-05-17
superrealmahjongp6,Super Real Mahjong P VI (Genteiban),スーパーリアル麻雀 P VI (限定版),Super Real Mahjong P VI (Genteiban) (P's Club Special Edition),スーパーリアル麻雀 P VI (限定版) (P's Club Special Edition),1996-05-17
superrealmahjongp7,Super Real Mahjong P7,スーパーリアル麻雀 P7,Super Real Mahjong P7,スーパーリアル麻雀 P7,1998-05-21
superrealmahjongp7,Super Real Mahjong P7 (Genteiban),スーパーリアル麻雀 P7 (限定版),Super Real Mahjong P7 (Genteiban) (P's Club Special Edition),スーパーリアル麻雀 P7 (限定版) (P's Club Special Edition),1998-05-21
superrobottaisenf,Super Robot Taisen F,スーパーロボット大戦F,Super Robot Taisen F,スーパーロボット大戦F,1997-09-25
superrobottaisenf,Super Robot Taisen F,スーパーロボット大戦F,Super Robot Taisen F,スーパーロボット大戦F,
superrobottaisenfkanketsuhen,Super Robot Taisen F: Kanketsu-hen,スーパーロボット大戦F 完結編,Super Robot Taisen F: Kanketsu-hen,スーパーロボット大戦F 完結編,1998-04-23
superrobottaisenfkanketsuhen,Super Robot Taisen F: Kanketsu-hen,スーパーロボット大戦F 完結編,Super Robot Taisen F: Kanketsu-hen,スーパーロボット大戦F 完結編,1998-04-23
superrobottaisenfkanketsuhen,Super Robot Taisen F: Kanketsu-hen,スーパーロボット大戦F 完結編,Super Robot Taisen F: Kanketsu-hen,スーパーロボット大戦F 完結編,
superrobottaisenfkanketsuhen,Super Robot Taisen F: Kanketsu-hen,スーパーロボット大戦F 完結編,Super Robot Taisen F: Kanketsu-hen,スーパーロボット大戦F 完結編,
supertempo,Super Tempo,,Super Tempo,,1998-04-29
swordandsorcery,Sword & Sorcery,Sword & Sorcery ソード&ソーサリー,Sword & Sorcery,Sword & Sorcery ソード アンド ソーサリー,1996-05-31
swordandsorcery,Sword & Sorcery,Sword & Sorcery ソード&ソーサリー,Sword & Sorcery,Sword & Sorcery ソード アンド ソーサリー,1997-12-11
tacticalfighter,Tactical Fighter,,Tactical Fighter,,1997-10-16
tacticsformula,Tactics Formula,,Tactics Formula,Tactics Formula タクティクスフォーミュラ,1997-10-09
tacticsogreletusclingtogether,Tactics Ogre: Let Us Cling Together,,Tactics Ogre: Let Us Cling Together: Ogre Battle Saga Episode Seven,,1996-12-13
tadaimawakuseikaitakuchuu,Tadaima Wakusei Kaitaku-chū!,ただいま惑星開拓中!,Tadaima Wakusei Kaitaku-chū!,ただいま惑星開拓中!,1995-11-03
taiheiyounoarashi2shippuunomoudou,Taiheiyō no Arashi 2: Shippū no Mōdō,太平洋の嵐2 疾風の艨艟 Taiheiyou no Arasi 2: Sippuu no Moudou,Taiheiyō no Arashi 2: Shippū no Mōdō,太平洋の嵐2 疾風の艨艟 Taiheiyou no Arasi 2: Sippuu no Moudou,1997-06-13
taiheiyounoarashi2shippuunomoudou,Taiheiyō no Arashi 2: Shippū no Mōdō,太平洋の嵐2 疾風の艨艟 Taiheiyou no Arasi 2: Sippuu no Moudou,Taiheiyō no Arashi 2: Shippū no Mōdō (Shokai Gentei Premium Box),太平洋の嵐2 疾風の艨艟 Taiheiyou no Arasi 2: Sippuu no Moudou (初回限定プレミアムボックス),1997-06-13
taiheiyounoarashi2shippuunomoudou,Taiheiyō no Arashi 2: 3D Heiki Data-shū,太平洋の嵐2 兵器データ集,Taiheiyō no Arashi 2: Shippū no Mōdō (Shokai Gentei Premium Box),太平洋の嵐2 疾風の艨艟 Taiheiyou no Arasi 2: Sippuu no Moudou (初回限定プレミアムボックス),1997-06-13
taikourisshiden2,Taikō Risshiden II,太閤立志伝II,Taikō Risshiden II,太閤立志伝II,1996-12-06
taikourisshiden2,Taikō Risshiden II,太閤立志伝II,Taikō Risshiden II (Premium Pack),太閤立志伝II (ペレミアムパック),1997-11-20
hideyoshinobunagaset,Taikō Risshiden II,太閤立志伝II,Hideyoshi・Nobunaga Set,秀吉・信長セット,1996-11-29
taikourisshiden2,Taikō Risshiden II,太閤立志伝II,Taikō Risshiden II,太閤立志伝II,1998-04-09
taitochasehqplusspecialcriminalinvestigation,Taito Chase H.Q. Plus S.C.I. Special Criminal Investigation,,Taito Chase H.Q. Plus S.C.I. Special Criminal Investigation,,1996-08-09
taklamakantonkoudenki,Taklamakan: Tonkō Denki,タクラマカン 敦煌傅奇,Taklamakan: Tonkō Denki,タクラマカン 敦煌傅奇,1996-12-27
tamaadventurousballingiddylabyrinth,Tama: Adventurous Ball in Giddy Labyrinth,,Tama: Adventurous Ball in Giddy Labyrinth,,1994-11-22
tanjoudebut,Tanjō: Debut S,誕生S Debut,Tanjō: Debut S,誕生S Debut,1996-06-28
tanjoudebut,Tanjō: Debut S,誕生S Debut,Tanjō: Debut S,誕生S Debut,1996-06-28
tanteijinguujisaburoumikannoreport,Tantei Jingūji Saburō: Mikan no Report,探偵 神宮寺三郎 未完のルポ,Tantei Jingūji Saburō: Mikan no Report,探偵 神宮寺三郎 未完のルポ,1996-11-29
tanteijinguujisaburouyumenoowarini,Tantei Jingūji Saburō: Yume no Owari ni,探偵 神宮寺三郎 夢の終わりに,Tantei Jingūji Saburō: Yume no Owari ni,探偵 神宮寺三郎 夢の終わりに,1998-07-09
technomotor,Techno Motor,Techno Motor テクノモーター,Techno Motor,Techno Motor テクノモーター,1998-03-26
technomotor,Techno Motor,Techno Motor テクノモーター,Techno Motor,Techno Motor テクノモーター,1999-03-11
teitokunoketsudan2,Teitoku no Ketsudan II,提督の決断II,Teitoku no Ketsudan II,提督の決断II,1996-02-23
teitokunoketsudan3,Teitoku no Ketsudan III,提督の決断III,Teitoku no Ketsudan III,提督の決断III,1997-06-27
teitokunoketsudan3,Teitoku no Ketsudan III,提督の決断III,Teitoku no Ketsudan III (Premium Pack),提督の決断III (ペレミアムパック),1997-11-20
teitokunoketsudan3,Teitoku no Ketsudan III,提督の決断III,Teitoku no Ketsudan III with Power-Up Kit,提督の決断III with パワーアップキット,1998-03-26
truepinball,Tekkyū: True Pinball,鉄球 True Pinball,Tekkyū: True Pinball,鉄球 True Pinball,1996-04-05
tenantwars,Tenant Wars,テナントウォーズ,Tenant Wars,テナントウォーズ,1998-02-11
tenchimuyoumimirionsenyukemurinotabi,Tenchi Muyō! Mimiri Onsen: Yukemuri no Tabi,天地無用! 魅御理温泉 湯けむりの旅,Tenchi Muyō! Mimiri Onsen: Yukemuri no Tabi,天地無用! 魅御理温泉 湯けむりの旅,1996-02-09
tenchimuyoumimirionsenyukemurinotabi,Tenchi Muyō! Mimiri Onsen: Yukemuri no Tabi,天地無用! 魅御理温泉 湯けむりの旅,Tenchi Muyō! Mimiri Onsen: Yukemuri no Tabi,天地無用! 魅御理温泉 湯けむりの旅,1996-02-09
tenchimuyourensahitsuyou,Tenchi Muyō! Rensa Hitsuyō,天地無用! 連鎖必要,Tenchi Muyō! Rensa Hitsuyō,天地無用! 連鎖必要,1997-02-28
tenchimuyouryououkigokurakucdrom,Tenchi Muyō! Ryōōki Gokuraku CD-ROM,天地無用! 魎皇鬼 Gokuraku CD-ROM,Tenchi Muyō! Ryōōki Gokuraku CD-ROM for SEGA Saturn,天地無用! 魎皇鬼 ごくらく CD-ROM for SegaSaturn,1995-09-29
tenchimuyoutoukoumuyouanirajicollection,Tenchi Muyō! Tōkō Muyō: Aniraji Collection,天地無用! 登校無用 アニラジ コレクション,Tenchi Muyō! Tōkō Muyō: Aniraji Collection,天地無用! 登校無用 アニラジコレクション,1997-01-17
tenchimuyoutoukoumuyouanirajicollection,Tenchi Muyō! Tōkō Muyō: Aniraji Collection,天地無用! 登校無用 アニラジ コレクション,Tenchi Muyō! Tōkō Muyō: Aniraji Collection,天地無用! 登校無用 アニラジコレクション,1997-01-17
tenchiwokurau2,Tenchi wo Kurau II: Sekiheki no Tatakai,天地を喰らうII 赤壁の戦い,Tenchi wo Kurau II: Sekiheki no Tatakai,天地を喰らうII 赤壁の戦い,1996-09-06
tenkaseiha,Tenka Seiha,天下制覇 Tenga-Seiha,Tenka Seiha,天下制覇 Tenga-Seiha,1997-08-08
tengaimakyoudaiyonnomokushirokutheapocalypse4,Tengai Makyō: Daiyon no Mokushiroku: The Apocalypse IV,天外魔境 第四の黙示録 The Apocalypse IV,Tengai Makyō: Daiyon no Mokushiroku: The Apocalypse IV,天外魔境 第四の黙示録 The Apocalypse IV,1997-01-14
tengaimakyoudaiyonnomokushirokutheapocalypse4,Tengai Makyō: Daiyon no Mokushiroku: The Apocalypse IV,天外魔境 第四の黙示録 The Apocalypse IV,Tengai Makyō: Daiyon no Mokushiroku: The Apocalypse IV,天外魔境 第四の黙示録 The Apocalypse IV,1997-01-14
tennisarena,Tennis Arena,,Tennis Arena,Tennis Arena テニス・アリーナ,1998-04-09
terracresta3d,Terra Cresta 3D,,Terra Cresta 3D,Terra Cresta 3D テラクレスタ3D,1997-08-08
terraphantastica,Terra Phantastica,,Terra Phantastica,Terra Phantastica テラ ファンタスティカ,1996-12-27
terraphantastica,Terra Phantastica,,Terra Phantastica,Terra Phantastica テラ ファンタスティカ,1997-11-20
tetrisplus,Tetris Plus,,Tetris Plus,Tetris Plus テトリスプラス,1996-08-30
tetriss,Tetris S,,Tetris S,,1996-12-27
tetriss,Tetris S,,Tetris S,,1997-12-11
texthothludoarcanasenki,Texthoth Ludo: Arcana Senki,Texthoth Ludo テクストート・ルド アルカナ戦記,Texthoth Ludo: Arcana Senki,Texthoth Ludo テクストート・ルド アルカナ戦記,1997-12-18
texthothludoarcanasenki,Texthoth Ludo: Arcana Senki,Texthoth Ludo テクストート・ルド アルカナ戦記,Texthoth Ludo: Arcana Senki,Texthoth Ludo テクストート・ルド アルカナ戦記,1999-02-04
theconvenianomachiwodokusenseyo,The Conveni: Ano Machi wo Dokusen seyo,ザ・コンビニ あの町を独占せよ,The Conveni: Ano Machi wo Dokusen seyo,ザ・コンビニ あの町を独占せよ,1997-03-20
theconvenianomachiwodokusenseyo,The Conveni: Ano Machi wo Dokusen seyo,ザ・コンビニ あの町を独占せよ,The Conveni: Ano Machi wo Dokusen seyo,ザ・コンビニ あの町を独占せよ,1998-10-22
theconveni2zenkokuchaintenkaida,The Conveni 2: Zenkoku Chain Tenkai da!,ザ・コンビニ2 全国チェーン展開だ!,The Conveni 2: Zenkoku Chain Tenkai da!,ザ・コンビニ2 全国チェーン展開だ!,1998-03-12
thecrowcityofangels,The Crow: City of Angels,,The Crow: City of Angels,The Crow: City of Angels ザ・クロウ,1997-04-25
thegameoflifedxjinseigame,The Game of Life DX: Jinsei Game,The Game of Life DX 人生ゲーム,The Game of Life DX: Jinsei Game,The Game of Life DX 人生ゲーム,1995-12-15
thegameoflifedxjinseigame,The Game of Life DX: Jinsei Game,The Game of Life DX 人生ゲーム,The Game of Life DX: Jinsei Game,The Game of Life DX 人生ゲーム,
thegameoflifedxjinseigame,The Game of Life DX: Jinsei Game,The Game of Life DX 人生ゲーム,The Game of Life DX: Jinsei Game,The Game of Life DX 人生ゲーム,1997-04-25
thegameoflifedxjinseigame2,The Game of Life DX: Jinsei Game II,The Game of Life DX 人生ゲーム II,The Game of Life DX: Jinsei Game II,The Game of Life DX 人生ゲーム II,1997-07-24
thehorde,The Horde,,The Horde,The Horde ザ・ホード,1996-03-08
thehouseofthedead,The House of the Dead,,The House of the Dead,The House of the Dead ザ ハウス オブ ザ デッド,1998-03-26
thehouseofthedead,The House of the Dead,,The House of the Dead,The House of the Dead ザ ハウス オブ ザ デッド,1999-03-11
devilscourse,The Hyper Golf: Devil's Course,ザ・ハイパーゴルフ デビルズコース,The Hyper Golf: Devil's Course,ザ・ハイパーゴルフ デビルズコース,1995-12-15
victoryboxing,The King of Boxing,The King of Boxing キング・オブ・ボクシング,The King of Boxing,The King of Boxing キング・オブ・ボクシング,1995-10-20
thekingoffighters95,The King of Fighters '95,,The King of Fighters '95,,1996-03-28
genteikofdoublepack,The King of Fighters '95,,Gentei KOF Double Pack: The King of Fighters '96 Plus+ The King of Fighters '95,限定KOFダブルパック The King of Fighters '96 Plus+ The King of Fighters '95,1996-12-31
kofbestcollection,The King of Fighters '95,,The King of Fighters Best Collection,,1998-10-01
thekingoffighters96,The King of Fighters '96,,The King of Fighters '96,The King of Fighters '96 ザ・キング・オブ・ファイターズ '96,1996-12-31
thekingoffighters96,The King of Fighters '96,,The King of Fighters '96 (Kakuchō RAM Cartridge-tsuki Okaidoku Set!!),The King of Fighters '96 ザ・キング・オブ・ファイターズ '96 (拡張RAMカートリッジ付き「お買得セット」!!),1996-12-31
genteikofdoublepack,The King of Fighters '96,,Gentei KOF Double Pack: The King of Fighters '96 Plus+ The King of Fighters '95,限定KOFダブルパック The King of Fighters '96 Plus+ The King of Fighters '95,1996-12-31
kofbestcollection,The King of Fighters '96,,The King of Fighters Best Collection,,1998-10-01
thekingoffighters97,The King of Fighters '97,,The King of Fighters '97,The King of Fighters '97 ザ・キング・オブ・ファイターズ '97,1998-03-26
thekingoffighters97,The King of Fighters '97,,The King of Fighters '97 (Kakuchō RAM Cartridge-tsuki Okaidoku Set!!),The King of Fighters '97 ザ・キング・オブ・ファイターズ '97 (拡張RAMカートリッジ付き「お買得セット」!!),1998-03-26
kofbestcollection,The King of Fighters '97,,The King of Fighters Best Collection,,1998-10-01
thelegendofheroes1and2eiyuudensetsu,The Legend of Heroes I&II: Eiyū Densetsu,The Legend of Heroes I&II 英雄伝説,The Legend of Heroes I&II: Eiyū Densetsu,The Legend of Heroes I&II 英雄伝説,1998-09-23
thelostworldjurassicpark32bit,The Lost World: Jurassic Park,,The Lost World: Jurassic Park,The Lost World: Jurassic Park ロスト・ワールド ジュラシック・パーク,1997-10-23
nightruthexplanationoftheparanormalthemakingofnightruth,The Making of Nightruth: Explanation of the Paranormal,,Nightruth: Explanation of the Paranormal: The Making of Nightruth,Nightruth: Explanation of the Paranormal: The Making of Nightruth ザ・メイキング・オブ・ナイトゥルース,1996-06-28
thepsychotron,The Psychotron,The Psychotron サイコトロン,The Psychotron,The Psychotron サイコトロン,1995-10-27
thestarbowling,The Star Bowling,ザ・スターボーリング,The Star Bowling,ザ・スターボーリング,1997-11-13
thestarbowling,The Star Bowling,ザ・スターボーリング,The Star Bowling,ザ・スターボーリング,1997-11-13
thestarbowlingvol2,The Star Bowling Vol.2,ザ・スターボーリング Vol.2,The Star Bowling Vol.2,ザ・スターボーリング Vol.2,1998-01-15
thestarbowlingvol2,The Star Bowling Vol.2,ザ・スターボーリング Vol.2,The Star Bowling Vol.2,ザ・スターボーリング Vol.2,1998-01-15
choujikuuyousaimacrossaioboeteimasuka,The Super Dimension Fortress Macross,,Chōjikū Yōsai Macross: Ai・Oboete Imasu-ka,超時空要塞マクロス Macross 愛・おぼえていますか The Super Dimension Fortress Macross,1997-06-06
choujikuuyousaimacrossaioboeteimasuka,The Super Dimension Fortress Macross,,Chōjikū Yōsai Macross: Ai・Oboete Imasu-ka,超時空要塞マクロス Macross 愛・おぼえていますか The Super Dimension Fortress Macross,1997-06-06
thetower,The Tower,,The Tower,The Tower ザ・タワー,1996-03-01
theunsolved,The Unsolved,,The Unsolved,The Unsolved ジ アンソルブド,1997-05-02
theunsolved,The Unsolved,,The Unsolved,The Unsolved ジ アンソルブド,1997-05-02
theunsolved,The Unsolved,,The Unsolved,The Unsolved ジ アンソルブド,1997-05-02
theyakyuukenspecialkonyawa12kaisen,The Yakyūken Special: Kon'ya wa 12-kaisen!!,The野球拳Special 今夜は12回戦!!,The Yakyūken Special,The野球拳Special ザ・野球拳・スペシャル,1995-07-28
themepark,Theme Park,,Theme Park,Theme Park テーマパーク,1995-12-22
thorseireioukiden,Thor: Seireiōkiden,Thor トア 精霊王紀伝,Thor: Seireiōkiden,Thor トア 精霊王紀伝,1996-04-26
threedirtydwarves,Three Dirty Dwarves,,Three Dirty Dwarves,Three Dirty Dwarves スリー・ダーティ・ドワーブズ,1997-05-30
thunderforcegoldpack1,Thunder Force Gold Pack 1,,Thunder Force Gold Pack 1,,1996-09-27
thunderforcegoldpack2,Thunder Force Gold Pack 2,,Thunder Force Gold Pack 2,,1996-12-06
thunderforce5,Thunder Force V,,Thunder Force V,Thunder Force V サンダーフォースV,1997-07-11
thunderforce5,Thunder Force V,,Thunder Force V (Special Pack),Thunder Force V サンダーフォースV (Special Pack),1997-07-11
thunderforce5,Thunder Force V,,Thunder Force V,Thunder Force V サンダーフォースV,1998-09-17
thunderstormlx3androadblaster,Thunder Storm LX-3,,Thunder Storm LX-3 & Road Blaster,,1995-10-20
firestormthunderhawk2,Thunderhawk II,,Thunderhawk II,Thunderhawk II サンダーホーク II,1996-02-23
tilkaoiumikarakitashoujo,Tilk: Aoi Umi kara Kita Shōjo,Tilk ティルク 青い海から来た少女,Tilk: Aoi Umi kara Kita Shōjo,Tilk ティルク 青い海から来た少女,1997-12-23
timebokanseriesbokantoippatsudoronboukanpekiban,Time Bokan Series: Bokan to Ippatsu! Doronbō Kanpekiban,タイムボカンシリーズ ボカンと一発! ドロンボー 完璧版,Time Bokan Series: Bokan to Ippatsu! Doronbō Kanpekiban,タイムボカンシリーズ ボカンと一発! ドロンボー 完璧版,1997-09-25
timecommando,Time Commando,,Time Commando,Time Commando タイムコマンドー,1998-03-12
timegalandninjahayate,Time Gal,,Time Gal & Ninja Hayate,Time Gal タイムギャル & 忍者ハヤテ,1997-01-17
titanwars,Titan Wars,,Titan Wars,Titan Wars タイタンウォーズ,1996-04-19
tougekingthespirits,Tōge King the Spirits,峠 King The Spirits,Tōge King the Spirits,峠 King The Spirits とうげ・キング・ザ・スビリッツ,1995-11-10
tougekingthespirits2,Tōge King the Spirits 2,峠 King the Spirits 2 とうげ・キング・ザ・スピリッツ,Tōge King the Spirits 2,峠 King the Spirits 2 とうげ・キング2,1997-04-18
tokimekimahjonggraffititoshishitanotenshitachi,Tokimeki Mahjong Graffiti: Toshishita no Tenshi-tachi,ときめき麻雀グラフィティ 年下の天使たち,Tokimeki Mahjong Graffiti: Toshishita no Tenshi-tachi,ときめき麻雀グラフィティ 年下の天使たち,1996-05-03
tokimekimahjongparadisekoinotenpaibeat,Tokimeki Mahjong Paradise: Koi no Tenpai Beat,ときめき麻雀パラダイス 恋のてんぱいビート,Tokimeki Mahjong Paradise: Koi no Tenpai Beat,ときめき麻雀パラダイス 恋のてんぱいビート,1995-10-20
tokimekimemorial,Tokimeki Memorial: Forever with You,ときめきメモリアル Forever with You,Tokimeki Memorial: Forever with You,ときめきメモリアル Forever with You,1996-07-19
tokimekimemorial,Tokimeki Memorial: Forever with You,ときめきメモリアル Forever with You,Tokimeki Memorial: Forever with You,ときめきメモリアル Forever with You,1996-07-19
tokimekimemorial,Tokimeki Memorial: Forever with You,ときめきメモリアル Forever with You,Tokimeki Memorial: Forever with You (Special-ban),ときめきメモリアル Forever with You (スペシャル版),1996-07-19
tokimekimemorialdramaseriesvol1nijiironoseishun,Tokimeki Memorial Drama Series Vol. 1: Nijiiro no Seishun,ときめきメモリアル ドラマシリーズ Vol.1 虹色の青春,Tokimeki Memorial Drama Series Vol. 1: Nijiiro no Seishun,ときめきメモリアル ドラマシリーズ Vol.1 虹色の青春,1997-07-10
tokimekimemorialdramaseriesvol2irodorinolovesong,Tokimeki Memorial Drama Series Vol. 2: Irodori no Love Song,ときめきメモリアル ドラマシリーズ Vol.2 彩のラブソング,Tokimeki Memorial Drama Series Vol. 2: Irodori no Love Song,ときめきメモリアル ドラマシリーズ Vol.2 彩のラブソング,1998-03-26
tokimekimemorialdramaseriesvol2irodorinolovesong,Tokimeki Memorial Drama Series Vol. 2: Irodori no Love Song,ときめきメモリアル ドラマシリーズ Vol.2 彩のラブソング,Tokimeki Memorial Drama Series Vol. 2: Irodori no Love Song,ときめきメモリアル ドラマシリーズ Vol.2 彩のラブソング,1998-03-26
tokimekimemorialdramaseriesvol3tabidachinouta,Tokimeki Memorial Drama Series Vol. 3: Tabidachi no Uta,ときめきメモリアル ドラマシリーズ Vol.3 旅立ちの詩,Tokimeki Memorial Drama Series Vol. 3: Tabidachi no Uta (Sotsugyō Kinen Set),ときめきメモリアル ドラマシリーズ Vol.3 旅立ちの詩 (卒業記念セット),1999-04-01
tokimekimemorialdramaseriesvol3tabidachinouta,Tokimeki Memorial Drama Series Vol. 3: Tabidachi no Uta,ときめきメモリアル ドラマシリーズ Vol.3 旅立ちの詩,Tokimeki Memorial Drama Series Vol. 3: Tabidachi no Uta (Sotsugyō Kinen Set),ときめきメモリアル ドラマシリーズ Vol.3 旅立ちの詩 (卒業記念セット),1999-04-01
tokimekimemorialselectionfujisakishiori,Tokimeki Memorial Selection: Fujisaki Shiori,ときめきメモリアルSelection 藤崎詩織,Tokimeki Memorial Selection: Fujisaki Shiori,ときめきメモリアルSelection 藤崎詩織,1997-03-27
tokimekimemorialtaisenpuzzledama,Tokimeki Memorial Taisen Puzzledama,ときめきメモリアル 対戦 ぱずるだま,Tokimeki Memorial Taisen Puzzledama,ときめきメモリアル 対戦 ぱずるだま,1996-09-27
tokimekimemorialtaisenpuzzledama,Tokimeki Memorial Taisen Puzzledama,ときめきメモリアル 対戦 ぱずるだま,Tokimeki Memorial Taisen Puzzledama,ときめきメモリアル 対戦 ぱずるだま,1996-09-27
tokimekimemorialtaisentokkaedama,Tokimeki Memorial Taisen Tokkaedama,ときめきメモリアル 対戦 とっかえだま,Tokimeki Memorial Taisen Tokkaedama,ときめきメモリアル 対戦 とっかえだま,1997-08-07
tokusokidoutaijswat,Tokuso Kidōtai JSWAT,特捜機動隊ジェイスワット Japanese Special Weapon And Tactics Team,Tokuso Kidōtai JSWAT,特捜機動隊ジェイスワット Japanese Special Weapon And Tactics Team,1996-08-23
toukyoushadow,Tōkyō Shadow,東京Shadow,Tōkyō Shadow,東京Shadow 東京シャドウ,1997-04-25
toukyoushadow,Tōkyō Shadow,東京Shadow,Tōkyō Shadow,東京Shadow 東京シャドウ,1997-04-25
toukyoushadow,Tōkyō Shadow,東京Shadow,Tōkyō Shadow,東京Shadow 東京シャドウ,1997-04-25
tombraider,Tomb Raiders,Tomb Raiders トゥームレイダース,Tomb Raiders,Tomb Raiders トゥームレイダース,1997-01-24
tombraider,Tomb Raiders,Tomb Raiders トゥームレイダース,Tomb Raiders,Tomb Raiders トゥームレイダース,1998-02-11
topanglerssuperfishingbigfight2,Top Anglers: Super Fishing Big Fight 2,Top Anglers スーパーフィッシング ビッグファイト2,Top Anglers: Super Fishing Big Fight 2,Top Anglers トップアングラーズ スーパーフィッシング ビッグファイト2,1997-06-27
tourpartysotsugyouryokouniikou,Tour Party: Sotsugyō Ryokō ni Ikō,ツアーパーティー Tour Party 卒業旅行にいこう,Tour Party: Sotsugyō Ryokō ni Ikō,ツアーパーティー Tour Party 卒業旅行にいこう,1998-04-23
virtualgolf,Tournament Leader,,Tournament Leader,トーナメント・リーダー Tournament Leader,1996-08-23
touryuudensetsuelandoree,Tōryū Densetsu Elan Doreé,闘龍伝説エランドール Elan Doreé,Tōryū Densetsu Elan Doreé,闘龍伝説エランドール Elan Doreé,1999-01-14
toushinden,Tōshinden S,闘神伝 S,Tōshinden S,闘神伝 S,1995-11-24
toushindenura,Tōshinden URA: Ultimate Revenge Attack,闘神伝URA Ultimate Revenge Attack,Tōshinden URA: Ultimate Revenge Attack,闘神伝URA Ultimate Revenge Attack,1996-09-27
transporttycoon,Transport Tycoon,,Transport Tycoon,Transport Tycoon トランスポートタイクーン,1997-11-20
tryrushdeppy,Tryrush Deppy,,Tryrush Deppy,Tryrush Deppy トライラッシュ デッピー,1996-11-22
tsuukaislotshooting,Tsūkai!! Slot Shooting,痛快!! スロット・シューティング,Tsūkai!! Slot Shooting,痛快!! スロット・シューティング,1996-06-14
turfwind 96takeyutakakyousoubaikuseigame,TurfWind '96: Take Yutaka Kyōsōba Ikusei Game,TurfWind '96 ターフウィンド 武豊 競走馬育成ゲーム,TurfWind '96: Take Yutaka Kyōsōba Ikusei Game,TurfWind '96 ターフウィンド 武豊 競走馬育成ゲーム,1996-10-04
tutankhamennonazoankh,Tutankhamen no Nazo: A.N.K.H,ツタンカーメンの謎 A.N.K.H アンク,Tutankhamen no Nazo: A.N.K.H,ツタンカーメンの謎 A.N.K.H アンク,1997-11-20
tutankhamennonazoankh,Tutankhamen no Nazo: A.N.K.H,ツタンカーメンの謎 A.N.K.H アンク,Tutankhamen no Nazo: A.N.K.H,ツタンカーメンの謎 A.N.K.H アンク,1997-11-20
twinklestarsprites,Twinkle Star Sprites,ティンクルスタースプライツ Twinkle Star Sprites,Twinkle Star Sprites,ティンクルスタースプライツ Twinkle Star Sprites,1997-12-18
twinklestarsprites,Twinkle Star Eternal Box,ティンクルスター エターナルボックス Twinkle Star Eternal Box,Twinkle Star Sprites (Omake Disc),ティンクルスタースプライツ Twinkle Star Sprites (おまけディスク),1997-12-18
ultramanhikarinokyojindensetsu,Ultraman: Hikari no Kyojin Densetsu,ウルトラマン 光の巨人伝説,Ultraman: Hikari no Kyojin Densetsu,ウルトラマン 光の巨人伝説,1996-12-20
ultramanzukan,Ultraman Zukan,ウルトラマン図鑑,Ultraman Zukan,ウルトラマン図鑑,1996-09-13
ultramanzukan2,Ultraman Zukan 2,ウルトラマン図鑑2,Ultraman Zukan 2,ウルトラマン図鑑2,1997-12-18
ultramanzukan3,Ultraman Zukan 3,ウルトラマン図鑑3,Ultraman Zukan 3,ウルトラマン図鑑3,1998-06-18
umanari1furlongtheater,Umanari 1 Furlong Theater,馬なり1ハロン劇場 シアター,Umanari 1 Furlong Theater,馬なり1ハロン劇場 シアター,1997-12-04
universalnuts,Universal Nuts,,Universal Nuts,,1997-12-18
unodx,Uno DX,,Uno DX,,1998-01-29
zanmachouougivalhollian,Valhollian,Valhollian ヴァルハリアン,Zanma Chō Ōgi: Valhollian,斬魔超奥義 Valhollian ヴァルハリアン,1998-08-06
vampirehunterdr,Vampire Hunter: Darkstalkers' Revenge,,Vampire Hunter: Darkstalkers' Revenge,Vampire Hunter ヴァンパイア ハンター Darkstalkers' Revenge,1996-02-23
vampirehunterdr,Vampire Hunter: Darkstalkers' Revenge,,Vampire Hunter: Darkstalkers' Revenge,Vampire Hunter ヴァンパイア ハンター Darkstalkers' Revenge,1996-02-23
vampirehunterdr,Vampire Hunter: Darkstalkers' Revenge,,Vampire Hunter: Darkstalkers' Revenge,Vampire Hunter ヴァンパイア ハンター Darkstalkers' Revenge,1996-02-23
vampiresavior,Vampire Savior: The Lord of Vampire,,Vampire Savior: The Lord of Vampire,Vampire Savior ヴァンパイア セイヴァー The Lord of Vampire,1998-04-16
vampiresavior,Vampire Savior: The Lord of Vampire,,Vampire Savior: The Lord of Vampire (Kakuchō RAM Cartridge 4MB Fuzoku),Vampire Savior ヴァンパイア セイヴァー The Lord of Vampire (拡張ラムカートリッジ4MB付属),1998-04-16
vandalheartsushinawaretakodaibunmei,Vandal Hearts: Ushinawareta Kodai Bunmei,Vandal Hearts ヴァンダルハーツ 失われた古代文明,Vandal Hearts: Ushinawareta Kodai Bunmei,Vandal Hearts ヴァンダルハーツ 失われた古代文明,1997-11-27
vatlva,Vatlva,バトルバ Vatlva,Vatlva,バトルバ Vatlva,1996-12-06
victorygoalworldwideedition,Victory Goal Worldwide Edition,,Victory Goal Worldwide Edition,Victory Goal Worldwide Edition ビクトリーゴール ワールドワイドエディション,1996-11-29
virtuacop,Virtua Cop,,Virtua Cop,Virtua Cop バーチャコップ,1995-11-24
virtuacop,Virtua Cop,,Virtua Cop,Virtua Cop バーチャコップ,1995-11-24
virtuacop,Virtua Cop,,Virtua Cop (Special Pack),Virtua Cop バーチャコップ (スペシャルパック),1995-11-24
virtuacop12,Virtua Cop,,Virtua Cop: 1・2 Pack,,1998-07-18
virtuacopspecialpack,Virtua Cop,,Virtua Cop Special Pack,Virtua Cop Special Pack バーチャコップスペシャルパック,1998-02-19
virtuacop2,Virtua Cop 2,,Virtua Cop 2,Virtua Cop 2 バーチャコップ2,1996-11-22
virtuacop2,Virtua Cop 2,,Virtua Cop 2,Virtua Cop 2 バーチャコップ2,1996-11-22
virtuacop2,Virtua Cop 2,,Virtua Cop 2,Virtua Cop 2 バーチャコップ2,
virtuacop2,Virtua Cop 2,,Virtua Cop 2 (Gentei Virtua Gun Set),Virtua Cop 2 バーチャコップ2 (限定バーチャガンセット),1996-11-22
virtuacop12,Virtua Cop 2,,Virtua Cop: 1・2 Pack,,1998-07-18
virtuacopspecialpack,Virtua Cop 2,,Virtua Cop: Special Pack,Virtua Cop: Special Pack バーチャコップスペシャルパック,1998-02-19
virtuafighter,Virtua Fighter,,Virtua Fighter,Virtua Fighter バーチャファイター,1994-11-22
virtuafighter2,Virtua Fighter 2,,Virtua Fighter 2,Virtua Fighter 2 バーチャファイター2,1995-12-01
virtuafighter2,Virtua Fighter 2,,Virtua Fighter 2,Virtua Fighter 2 バーチャファイター2,1995-12-01
virtuafighter2,Virtua Fighter 2,,Virtua Fighter 2,Virtua Fighter 2 バーチャファイター2,1995-12-01
virtuafighter2,Virtua Fighter 2,,Virtua Fighter 2,Virtua Fighter 2 バーチャファイター2,1995-12-01
virtuafighter2,Virtua Fighter 2,,Virtua Fighter 2,Virtua Fighter 2 バーチャファイター2,1995-12-01
virtuafighter2,Virtua Fighter 2,,Virtua Fighter 2,Virtua Fighter 2 バーチャファイター2,1995-12-01
virtuafighter2,Virtua Fighter 2,,Virtua Fighter 2,Virtua Fighter 2 バーチャファイター2,1995-12-01
virtuafighter2,Virtua Fighter 2,,Virtua Fighter 2,Virtua Fighter 2 バーチャファイター2,1997-04-25
virtuafightercgportraitcollection,Virtua Fighter CG Portrait Collection,,Virtua Fighter CG Portrait Collection,,1996
virtuafightercgportraitseriesvol1,Virtua Fighter CG Portrait Series: Sarah Bryant,,Virtua Fighter CG Portrait Series Vol.1: Sarah Bryant,Virtua Fighter CG Portrait Series Vol.1: Sarah Bryant バーチャファイター CGポートレートシリーズVol.1 サラ・ブライアント,1995-10-13
virtuafightercgportraitseriesvol1,Virtua Fighter CG Portrait Series: Sarah Bryant,,Virtua Fighter CG Portrait Series Vol.1: Sarah Bryant,Virtua Fighter CG Portrait Series Vol.1: Sarah Bryant バーチャファイター CGポートレートシリーズVol.1 サラ・ブライアント,
virtuafightercgportraitseriesvol2,Virtua Fighter CG Portrait Series: Jacky Bryant,,Virtua Fighter CG Portrait Series Vol.2: Jacky Bryant,Virtua Fighter CG Portrait Series Vol.2: Jacky Bryant バーチャファイター CGポートレートシリーズVol.2 ジャッキー・ブライアント,1995-10-13
virtuafightercgportraitseriesvol2,Virtua Fighter CG Portrait Series: Jacky Bryant,,Virtua Fighter CG Portrait Series Vol.2: Jacky Bryant,Virtua Fighter CG Portrait Series Vol.2: Jacky Bryant バーチャファイター CGポートレートシリーズVol.2 ジャッキー・ブライアント,
virtuafightercgportraitseriesvol3,Virtua Fighter CG Portrait Series: Akira Yuki,,Virtua Fighter CG Portrait Series Vol.3: Akira Yuki,Virtua Fighter CG Portrait Series Vol.3: Akira Yuki バーチャファイター CGポートレートシリーズVol.3 結城 晶,1995-11-17
virtuafightercgportraitseriesvol4,Virtua Fighter CG Portrait Series: Pai Chan,,Virtua Fighter CG Portrait Series Vol.4: Pai Chan,Virtua Fighter CG Portrait Series Vol.4: Pai Chan バーチャファイター CGポートレートシリーズVol.4 パイ・チェン,1995-11-17
virtuafightercgportraitseriesvol4,Virtua Fighter CG Portrait Series: Pai Chan,,Virtua Fighter CG Portrait Series Vol.4: Pai Chan,Virtua Fighter CG Portrait Series Vol.4: Pai Chan バーチャファイター CGポートレートシリーズVol.4 パイ・チェン,1995-11-17
virtuafightercgportraitseriesvol5,Virtua Fighter CG Portrait Series: Wolf Hawkfield,,Virtua Fighter CG Portrait Series Vol.5: Wolf Hawkfield,Virtua Fighter CG Portrait Series Vol.5: Wolf Hawkfield バーチャファイター CGポートレートシリーズVol.5 ウルフ・ホークフィールド,1995-12-08
virtuafightercgportraitseriesvol6,Virtua Fighter CG Portrait Series: Lau Chan,,Virtua Fighter CG Portrait Series Vol.6: Lau Chan,Virtua Fighter CG Portrait Series Vol.6: Lau Chan バーチャファイター CGポートレートシリーズVol.6 ラウ・チェン,1995-12-08
virtuafightercgportraitseriesvol7,Virtua Fighter CG Portrait Series: Shun Di,,Virtua Fighter CG Portrait Series Vol.7: Shun Di,Virtua Fighter CG Portrait Series Vol.7: Shun Di バーチャファイター CGポートレートシリーズVol.7 舜帝,1996-01-26
virtuafightercgportraitseriesvol8,Virtua Fighter CG Portrait Series: Lion Rafale,,Virtua Fighter CG Portrait Series Vol.8: Lion Rafale,Virtua Fighter CG Portrait Series Vol.8: Lion Rafale バーチャファイター CGポートレートシリーズVol.8 リオン・ラファール,1996-01-26
virtuafightercgportraitseriesvol9,Virtua Fighter CG Portrait Series: Kage Maru,,Virtua Fighter CG Portrait Series Vol.9: Kage Maru,Virtua Fighter CG Portrait Series Vol.9: Kage Maru バーチャファイター CGポートレートシリーズVol.9 影丸,1996-03-01
virtuafightercgportraitseriesvol10,Virtua Fighter CG Portrait Series: Jeffry McWild,,Virtua Fighter CG Portrait Series Vol.10: Jeffry McWild,Virtua Fighter CG Portrait Series Vol.10: Jeffry McWild バーチャファイター CGポートレートシリーズVol.10 ジェフリー・マクワイルト,1996-03-01
virtuafightercgportraitseriesthefinal,Virtua Fighter CG Portrait Series: Dural,,Virtua Fighter CG Portrait Series: DuralThe Final,Virtua Fighter CG Portrait Series: Dural バーチャファイター CGポートレートシリーズ The Final デュラル,1996
virtuafighterkids,Virtua Fighter Kids,,Virtua Fighter Kids,Virtua Fighter Kids バーチャファイター キッズ,1996-07-26
virtuafighterkids,Virtua Fighter Kids,,Virtua Fighter Kids (Java Tea Original),Virtua Fighter Kids: Java Tea Original ジャワティ　オリジナル バーチャファイター キッズ,1996
virtuafighterremix,Virtua Fighter Remix,,Virtua Fighter Remix,Virtua Fighter Remix バーチャファイター　リミックス,1995-07-14
virtuafighterremix,Virtua Fighter Remix,,Virtua Fighter Remix,Virtua Fighter Remix バーチャファイター　リミックス,1995-07-14
virtuafighterremix,Virtua Fighter Remix,,Virtua Fighter Remix (Tokubetsu Genteiban: Special Limited Edition: Hibaihin),Virtua Fighter Remix バーチャファイター　リミックス (特別限定版　Special Limited Edition 非売品),1995-07-14
virtuafighterremix,Virtua Fighter Remix,,Virtua Fighter Remix (SegaNet Sen'yō),Virtua Fighter Remix for SegaNet バーチャファイター　リミックス (セガネット専用),1996-07-27
virtuaphotostudio,Virtua Photo Studio,,Virtua Photo Studio: Cameraman Simulation,Virtua Photo Studio バーチャフォトスタジオ カメラマンシミュレーション,1996-03-29
virtuaracing,Virtua Racing,V.R. Virtua Racing,Virtua Racing SegaSaturn,V.R. Virtua Racing バーチャレーシング セガサターン,1995-12-22
virtuanavi2,VirtuaNavi V2.00,,VirtuaNavi V2.00 Version Up CD,VirtuaNavi V2.00 バージョンアップCD,
virtuacall3,Virtuacall S,バーチャコールS,Virtuacall S,バーチャコールS,1998-10-29
virtuacall3,Virtuacall S,バーチャコールS,Virtuacall S (Game Honpen),バーチャコールS (ゲーム本編),1998-10-29
virtuacall3,Virtuacall S,バーチャコールS,Virtuacall S (Shokai Gentei Yobikake-kun),バーチャコールS (初回限定　よびかけ君),1998-10-29
virtualcasino,Virtual Casino,,Virtual Casino,Virtual Casino バーチャルカジノ,1996-03-15
virtualhydlide,Virtual Hydlide,Virtual Hydlide ヴァーチャル ハイドライド,Virtual Hydlide,Virtual Hydlide ヴァーチャル ハイドライド,1995-04-28
virtualkyouteinekkyoupennantrace,Virtual Kyōtei: Nekkyō Pennant Race,Virtual競艇 熱競ペナントレース,Virtual Kyōtei: Nekkyō Pennant Race,Virtual競艇 バーチャルきょうてい 熱競ペナントレース ねっきょうペナントレース,1996-12-20
virtualkyoutei2,Virtual Kyōtei 2,Virtual競艇2,Virtual Kyōtei 2,Virtual競艇2 バーチャルきょうてい2,1997-12-04
virtualmahjong,Virtual Mahjong,Virtual 麻雀,Virtual Mahjong,Virtual 麻雀 バーチャル マージャン,1998-03-05
virtualopentennis,Virtual Open Tennis,,Virtual Open Tennis,Virtual Open Tennis バーチャルオープンテニス,1995-10-27
virtualvolleyball,Virtual Volleyball,,Virtual Volleyball,Virtual Volleyball バーチャル バレーボール,1995-07-21
virus,Virus,,Virus,,1997-08-22
virus,Virus,,Virus,,1997-08-22
virus,Virus,,Virus,,1997-08-22
voicefantasiasushinawaretavoicepower,Voice Fantasia S: Ushinawareta Voice Power,Voice Fantasia ボイスファンタジアS 失われたボイスパワー,Voice Fantasia S: Ushinawareta Voice Power,Voice Fantasia ボイスファンタジアS 失われたボイスパワー,1997-07-25
voicefantasiasushinawaretavoicepower,Voice Fantasia S: Ushinawareta Voice Power,Voice Fantasia ボイスファンタジアS 失われたボイスパワー,Voice Fantasia S: Ushinawareta Voice Power (Premium CD-ROM),Voice Fantasia ボイスファンタジアS 失われたボイスパワー (プレミアムCD-ROM),1997-07-25
voiceidolmaniacspoolbarstory,Voice Idol Maniacs: Pool Bar Story,,Voice Idol Maniacs: Pool Bar Story,Voice Idol Maniacs: Pool Bar Story ボイスアイドルマニアックス プールバーストーリー,1997-04-04
voiceidolmaniacspoolbarstory,Voice Idol Maniacs: Pool Bar Story,,Voice Idol Maniacs: Pool Bar Story,Voice Idol Maniacs: Pool Bar Story ボイスアイドルマニアックス プールバーストーリー,1997-04-04
wachenroeder,WachenRöder,,WachenRöder,,1998-08-06
waialaenokisekiextra36holes,Waialae no Kiseki: Extra 36 Holes,ワイアラエの奇蹟 Extra 36 Holes,Waialae no Kiseki: Extra 36 Holes,ワイアラエの奇蹟 Extra 36 Holes,1997-02-28
wakuwaku7,Waku Waku 7,わくわく7 Waku Waku Seven,Waku Waku 7,わくわく7 Waku Waku Seven,1997-06-20
wakuwaku7,Waku Waku 7,わくわく7 Waku Waku Seven,Waku Waku 7 (Kakuchō RAM Cartridge-tsuki Okaidoku Set),わくわく7 Waku Waku Seven (拡張ラムカートリッジ付き「お買い得セット」),1997-06-20
wakuwakupuyopuyodungeon,Waku Waku Puyo Puyo Dungeon,わくわく ぷよぷよ ダンジョン,Waku Waku Puyo Puyo Dungeon,わくわく ぷよぷよ ダンジョン,1998-04-02
wakuwakupuyopuyodungeon,Waku Waku Puyo Puyo Dungeon,わくわく ぷよぷよ ダンジョン,Waku Waku Puyo Puyo Dungeon,わくわく ぷよぷよ ダンジョン,1998-04-02
wakuwakumonster,Waku Waku Monter,わくわくモンスター Waku² Monster,Waku Waku Monter,わくわくモンスター Waku² Monster,1998-07-30
wanchaiconnection,WanChai Connection,灣仔 WanChai Connection,WanChai Connection,WanChai Connection ワンチャイ コネクション,1994-11-22
wanchaiconnection,WanChai Connection,灣仔 WanChai Connection,WanChai Connection,WanChai Connection ワンチャイ コネクション,1994-11-22
wangandeadheat,Wangan DeadHeat,湾岸 DeadHeat,Wangan Dead Heat,湾岸デッドヒート,1995-12-15
wangandeadheatplusrealarrange,Wangan Dead Heat + Real Arrange,湾岸デッドヒート +プラス リアルアレンジ,Wangan Dead Heat + Real Arrange,湾岸デッドヒート +プラス リアルアレンジ,1996-08-30
wangandeadheatplusrealarrange,Wangan Dead Heat + Real Arrange,湾岸デッドヒート +プラス リアルアレンジ,Wangan Dead Heat + Real Arrange (Addition),湾岸デッドヒート +プラス リアルアレンジ (Addition),1996-08-30
wangantriallove,Wangan Trial Love,湾岸 Trial Love,Wangan Trial Love,湾岸トライアルLove♥,1998-04-02
warcraft2tidesofdarkness,WarCraft II: The Dark Saga,,WarCraft II: The Dark Saga,WarCraft II: The Dark Saga ウォークラフトII ダーク・サーガ,1997-11-27
warawarawarsgekitoudaigundanbattle,Wara Wara Wars: Gekitō! Daigundan Battle,Wara² Wars ワラワラウォーズ 激闘! 大軍団バトル,Wara Wara Wars: Gekitō! Daigundan Battle,Wara² Wars ワラワラウォーズ 激闘! 大軍団バトル,1997-05-23
welcomehouse,Welcome House,,Welcome House,Welcome House ウエルカム ハウス,1997-06-13
whizz,Whizz,,Whizz,ウィズ Whizz,1997-08-29
willywombat,Willy Wombat,,Willy Wombat,Willy Wombat ウィリーウォンバット,1997-06-27
wingarmskareinarugekitsuiou,WingArms: Kareinaru Gekitsuiō,WingArms 華麗なる撃墜王,WingArms: Kareinaru Gekitsuiō,WingArms ウイングアームズ 華麗なる撃墜王,1995-09-29
wingarmskareinarugekitsuiou,WingArms: Kareinaru Gekitsuiō,WingArms 華麗なる撃墜王,WingArms: Kareinaru Gekitsuiō,WingArms ウイングアームズ 華麗なる撃墜王,
winningpost2,Winning Post 2,,Winning Post 2,Winning Post 2 ウイニングポスト,1996-03-22
winningpost2,Winning Post 2,,Winning Post 2,Winning Post 2 ウイニングポスト,1998-04-09
winningpost2final97,Winning Post 2: Final '97,Winning Post 2 ファイナル'97,Winning Post 2: Final '97,Winning Post 2 ウイニングポスト ファイナル'97,1997-10-02
winningpost2program96,Winning Post 2: Program '96,Winning Post 2 プログラム'96,Winning Post 2: Program '96,Winning Post 2 ウイニングポスト プログラム'96,1996-10-04
winningpost3,Winning Post 3,,Winning Post 3,Winning Post 3 ウイニングポスト,1998-04-02
winningpost3,Winning Post 3,,Winning Post 3,Winning Post 3 ウイニングポスト,1998-04-02
winningpost3program98,Winning Post 3: Program '98,Winning Post 3 プログラム'98,Winning Post 3: Program '98,@Winning Post 3 ウイニングポスト プログラム'98,1998-12-03
winningpost,Winning Post EX,,Winning Post EX,Winning Post EX ウイニングポスト,1995-08-11
winterheat,Winter Heat,,Winter Heat: Tōki Kyōgi 11-shu,Winter Heat ウィンターヒート 冬季競技11種,1998-02-05
wipeout,WipEout,,WipEout,,1996-07-12
wipeout2097,Wipeout XL,,Wipeout XL,Wipeout XL ワイプアウトXL,1998-03-05
withyoumitsumeteitai,With You: Mitsumete Itai Disc 1,With You みつめていたい Disc 1,With You: Mitsumete Itai,With You みつめていたい,1999-07-29
withyoumitsumeteitai,With You: Mitsumete Itai Disc 2,With You みつめていたい Disc 2,With You: Mitsumete Itai,With You みつめていたい,1999-07-29
wizardsharmony,Wizard's Harmony,,Wizard's Harmony,,1995-12-29
wizardsharmony2,Wizard's Harmony 2,,Wizard's Harmony 2,Wizard's Harmony 2 ウィザーズ ハーモニー 2,1997-12-23
wizardsharmony2,Wizard's Harmony 2,,Wizard's Harmony 2,Wizard's Harmony 2 ウィザーズ ハーモニー 2,1997-12-23
wizardryllylgamynsaga,Wizardry: Llylgamyn Saga,,Wizardry: Llylgamyn Saga,Wizardry: Llylgamyn Saga ウィザードリィ リルガミンサーガ,1998-11-26
wizardry6and7complete,Wizardry VI & VII Complete,,Wizardry VI & VII Complete,Wizardry VI & VII Complete ウィザードリィVI&VIIコンプリート,1996-05-31
wizardry6and7complete,Wizardry VI & VII Complete,,Wizardry VI & VII Complete (Sample-ban),ウィザードリィVI&VII・コンプリート (Sample版),1995
wolffangkuuga2001,Wolf Fang: Kūga 2001,Wolf Fang 空牙2001,Wolf Fang SS: Kūga 2001,Wolf Fang SS 空牙2001,1997-03-28
wonder3,Wonder 3,,Arcade Gears: Wonder 3,AG アーケードギアーズ Wonder 3 ワンダー3,1998-03-05
worldadvanceddaisenryakukoutetsunosenpuu,World Advanced Daisenryaku: Kōtetsu no Senpū,World Advanced 大戦略 鋼鉄の戦風,World Advanced Daisenryaku: Kōtetsu no Senpū,World Advanced ワールドアドバンスド 大戦略 鋼鉄の戦風 ワールドアドバンスド,1995-09-22
worldadvanceddaisenryakukoutetsunosenpuu,World Advanced Daisenryaku: Kōtetsu no Senpū,World Advanced 大戦略 鋼鉄の戦風,World Advanced Daisenryaku: Kōtetsu no Senpū,World Advanced ワールドアドバンスド 大戦略 鋼鉄の戦風 ワールドアドバンスド,1995-09-22
worldadvanceddaisenryakusakusenfile,World Advanced Daisenryaku: Sakusen File,World Advanced 大戦略 作戦ファイル,World Advanced Daisenryaku: Sakusen File,World Advanced ワールドアドバンスド 大戦略 作戦ファイル,1996-03-15
daisenryakupack,World Advanced Daisenryaku: Kōtetsu no Senpū,World Advanced 大戦略 鋼鉄の戦風,World Advanced Daisenryaku: Kōtetsu no Senpū (Daisenryaku Pack),World Advanced ワールドアドバンスド 大戦略 鋼鉄の戦風 ワールドアドバンスド (大戦略 パック),1996-12-13
daisenryakupack,World Advanced Daisenryaku: Sakusen File,World Advanced 大戦略 作戦ファイル,World Advanced Daisenryaku: Sakusen File (Daisenryaku Pack),World Advanced ワールドアドバンスド 大戦略 作戦ファイル (大戦略 パック),1996-12-13
worldcup98franceroadtowin,World Cup '98 France: Road to Win,ワールドカップ'98 フランス Road to Win,World Cup '98 France: Road to Win,ワールドカップ'98 フランス Road to Win,1998-06-11
worldcupgolfhyattdoradobeach,World Cup Golf,,World Cup Golf: In Hyatt Dorado Beach,World Cup Golf イン・ハイアット ドラドビーチ,1996-03-29
worldevolutionsoccer,World Evolution Soccer,,World Evolution Soccer,World Evolution Soccer ワールド・エボリューション・サッカ,1997-06-27
worldheroesperfect,World Heroes Perfect,,World Heroes Perfect,World Heroes Perfect ワールドヒーローズパーフェクト,1996-08-09
greatestnine96,World Series Baseball II,,World Series Baseball II,World Series Baseball II ワールドシリーズベースボールII,1996-10-25
worms,Worms,,Worms,,1997-03-04
wwfinyourhouse,WWF In Your House,,WWF In Your House WF イン ユア ハウス,,1997-02-21
wwfwrestlemania,WWF WrestleMania,,WWF WrestleMania: The Arcade Game,WWF WrestleMania: The Arcade Game レッスルマニア・ジ・アーケードゲーム,1996-08-09
xjapanvirtualshock001,X Japan: Virtual Shock 001,,X Japan: Virtual Shock 001,,1995-10-20
xjapanvirtualshock001,X Japan: Virtual Shock 001,,X Japan: Virtual Shock 001,,1995-10-20
xmenchildrenoftheatom,X-Men: Children of the Atom,,X-Men: Children of the Atom,X-Men エックス・メン Children of the Atom,1995-11-22
xmenvsstreetfighter,X-Men vs. Street Fighter,,X-Men vs. Street Fighter,X-Men vs. Street Fighter エックスメンVs.ストリートファイター,1998-04-16
xmenvsstreetfighter,X-Men vs. Street Fighter,,X-Men vs. Street Fighter (Kakuchō RAM Cartridge 4MB Fuzoku),X-Men vs. Street Fighter エックスメンVs.ストリートファイター (拡張ラムカートリッジ4MB付属),1998-04-16
xmenvsstreetfighter,X-Men vs. Street Fighter,,X-Men vs. Street Fighter (Kakuchō RAM Cartridge 4MB Fuzoku),X-Men vs. Street Fighter エックスメンVs.ストリートファイター (拡張ラムカートリッジ4MB付属),1998-04-16
yellowbrickroad,Yellow Brick Road,,Yellow Brick Road,Yellow Brick Road イエロー・ブリック・ロード,1996-08-30
galjan,Yōen Denshi Mahjong Yūgi: Gal Jan,妖艶電視麻雀遊戯 Gal Jan,Yōen Denshi Mahjong Yūgi: Gal Jan,妖艶電視麻雀遊戯 Gal Jan ギャル ジャン,1996-08-09
yoshimotomahjongclub,Yoshimoto Mahjong Club,よしもと麻雀倶楽部,Yoshimoto Mahjong Club,よしもと麻雀倶楽部 Yoshimoto Mah-Jong Club,1998-12-17
yoshimurashougi,Yoshimura Shōgi,吉村将棋,Yoshimura Shōgi,吉村将棋,1998-03-26
yumimimix,Yumimi Mix,ゆみみ みっくす,Yumimi Mix Remix,ゆみみみっくす Remix,1995-07-28
yuukyuugensoukyoku,Yūkyū Gensōkyoku,悠久幻想曲,Yūkyū Gensōkyoku,悠久幻想曲,1997-07-18
yuukyuugensoukyoku,Yūkyū Gensōkyoku,悠久幻想曲,Yūkyū Gensōkyoku (Genteiban!!),悠久幻想曲 (限定版!!),1997-07-18
yuukyuugensoukyokuhozonbanperpetualcollection,Yūkyū Gensōkyoku,悠久幻想曲,Yūkyū Gensōkyoku: Hozonban Perpetual Collection,悠久幻想曲 保存版 Perpetual Collection パーペチュアルコレクシン,2000-12-07
yuukyuugensoukyoku22ndalbum,Yūkyū Gensōkyoku 2: 2nd Album,悠久幻想曲2 2nd Album,Yūkyū Gensōkyoku 2: 2nd Album,悠久幻想曲2 2nd Album,1998-02-26
yuukyuugensoukyokuhozonbanperpetualcollection,Yūkyū Gensōkyoku 2: 2nd Album,悠久幻想曲2 2nd Album,Yūkyū Gensōkyoku: Hozonban Perpetual Collection,悠久幻想曲 保存版 Perpetual Collection パーペチュアルコレクシン,2000-12-07
yuukyuugensoukyokuensemble,Yūkyū Gensōkyoku Ensemble,悠久幻想曲 Ensemble,Yūkyū Gensōkyoku Ensemble,悠久幻想曲 Ensemble,1998-12-10
yuukyuugensoukyokuhozonbanperpetualcollection,Yūkyū Gensōkyoku Ensemble,悠久幻想曲 Ensemble,Yūkyū Gensōkyoku: Hozonban Perpetual Collection,悠久幻想曲 保存版 Perpetual Collection パーペチュアルコレクシン,2000-12-07
yuukyuugensoukyokuensemble2,Yūkyū Gensōkyoku Ensemble 2,悠久幻想曲 Ensemble 2,Yūkyū Gensōkyoku Ensemble 2,悠久幻想曲 Ensemble 2,1999-03-04
yuukyuugensoukyokuhozonbanperpetualcollection,Yūkyū Gensōkyoku Ensemble 2,悠久幻想曲 Ensemble 2,Yūkyū Gensōkyoku: Hozonban Perpetual Collection,悠久幻想曲 保存版 Perpetual Collection パーペチュアルコレクシン,2000-12-07
yuukyuunokobakoofficialcollection,Yūkyū no Kobako Official Collection,悠久の小箱 Official Collection,Yūkyū no Kobako Official Collection,悠久の小箱 Official Collection,1997-12-11
yuukyuugensoukyokuhozonbanperpetualcollection,Yūkyū no Kobako Official Collection,悠久の小箱 Official Collection,Yūkyū Gensōkyoku: Hozonban Perpetual Collection,悠久幻想曲 保存版 Perpetual Collection パーペチュアルコレクシン,2000-12-07
yuushunclassicroad,Yūshun: Classic Road,優駿クラシックロード Classic Road,Yūshun: Classic Road,優駿クラシックロード Classic Road,1997-03-14
zapsnowboardingtrix,Zap! Snowboarding Trix,,Zap! Snowboarding Trix,,1997-02-21
zapsnowboardingtrix98,Zap! Snowboarding Trix '98,,Zap! Snowboarding Trix '98,,1997-12-18
zennihonprowresfeaturingvirtua,Zen Nihon ProWres Featuring Virtua,全日本プロレス Featuring Virtua: All Japan Pro Wrestling,Zen Nihon ProWres Featuring Virtua,全日本プロレス Featuring Virtua: All Japan Pro Wrestling,1997-10-23
zennihonprowresfeaturingvirtua,Zen Nihon ProWres Featuring Virtua,全日本プロレス Featuring Virtua: All Japan Pro Wrestling,Zen Nihon ProWres Featuring Virtua,全日本プロレス Featuring Virtua: All Japan Pro Wrestling,1998-11-19
zenkokuseifukubishoujograndprixfindlove,Zenkoku Seifuku Bishōjo Grand-Prix: Find Love,全国制服美少女グランプリ Find Love ファインドラブ,Zenkoku Seifuku Bishōjo Grand-Prix: Find Love,全国制服美少女グランプリ Find Love ファインドラブ,1997-10-02
zerodividethefinalconflict,Zero Divide: The Final Conflict,,Zero Divide: The Final Conflict,Zero Divide: The Final Conflict ゼロ・ディバイド ザ・ファイナル コンフリクト,1997-11-20
zero4champdoozyjtyper,Zero4 Champ DooZy-J Type-R,,Zero4 Champ DooZy-J Type-R,,1997-06-20
zokugussunoyoyo,Zoku Gussun Oyoyo,続ぐっすんおよよ,Zoku Gussun Oyoyo,続ぐっすんおよよ,1997-02-28
zokuhatsukoimonogatarishuugakuryokou,Zoku Hatsukoi Monogatari: Shūgaku Ryokō,続 初恋物語 修学旅行,Zoku Hatsukoi Monogatari: Shūgaku Ryokō (Shōgakusei Jidai),続 初恋物語 修学旅行 (小学生時代),1998-12-03
zokuhatsukoimonogatarishuugakuryokou,Zoku Hatsukoi Monogatari: Shūgaku Ryokō,続 初恋物語 修学旅行,Zoku Hatsukoi Monogatari: Shūgaku Ryokō (Chūgakusei Jidai),続 初恋物語 修学旅行 (中学生時代),1998-12-03
zokuhatsukoimonogatarishuugakuryokou,Zoku Hatsukoi Monogatari: Shūgaku Ryokō,続 初恋物語 修学旅行,Zoku Hatsukoi Monogatari: Shūgaku Ryokō (Kōkōsei Jidai),続 初恋物語 修学旅行 (高校生時代),1998-12-03
zokuhatsukoimonogatarishuugakuryokou,Zoku Hatsukoi Monogatari: Shūgaku Ryokō,続 初恋物語 修学旅行,Zoku Hatsukoi Monogatari: Shūgaku Ryokō (Daigakusei Jidai & Kōkō kara Daigaku ni Agaru ma no Haruyasumi),続 初恋物語 修学旅行 (大学生時代&高校から大学に上がる間の春休み),1998-12-03
zoop,Zoop,ズープ,Zoop,ズープ Zoop,1996-11-29
zork1thegreatundergroundempire,Zork I,,Zork I: The Great Underground Empire,Zork I ゾーク・ワン The Great Underground Empire,1996-03-15
3dbaseball,3D Baseball,,3D Baseball,,1996-12-14
albertodysseygaidenlegendofeldean,Albert Odyssey: Legend of Eldean,,Albert Odyssey: Legend of Eldean,,1997-07-24
albertodysseygaidenlegendofeldean,Albert Odyssey: Legend of Eldean,,Albert Odyssey: Legend of Eldean,,
alientrilogy,Alien Trilogy,,Alien Trilogy,,1996-08-23
allstarbaseball97featuringfrankthomas,All-Star 1997 Featuring Frank Thomas,,All-Star 1997 Featuring Frank Thomas,,1997-05-29
aloneinthedark2,Alone in the Dark: One-Eyed Jack's Revenge,,Alone in the Dark: One-Eyed Jack's Revenge,,1996-08-06
amok,A+M+O+K,,A+M+O+K,,1997-01-17
andrettiracing,Andretti Racing,,Andretti Racing,,1996-12-20
arcadesgreatesthitstheataricollection1,Arcade's Greatest Hits: The Atari Collection 1,,Arcade's Greatest Hits: The Atari Collection 1,,1997-06-11
area51,Area 51,,Area 51,,1996-11-20
kisuishoudensetsuastal,Astal,,Astal,,1995-08-15
kisuishoudensetsuastal,Astal,,Astal,,1995-08-15
kisuishoudensetsuastal,Astal,,Astal,,1995-08-15
bakubakuanimal,Baku Baku Animal: World Zookeeper Contest,,Baku Baku,,1996-06-19
moeroproyakyuu95doubleheader,Bases Loaded '96: Double Header,,Bases Loaded '96: Double Header,,1996-03
batmanforeverac,Batman Forever,,Batman Forever: The Arcade Game,,1996-11-21
toushinden,Battle Arena Toshinden Remix,Battle Arena Toshinden 闘神伝 Remix,Battle Arena Toshinden Remix,Battle Arena Toshinden 闘神伝 Remix,1996-03-27
toushindenura,Battle Arena Toshinden URA: Ultimate Revenge Attack,,Battle Arena Toshinden URA: Ultimate Revenge Attack,,1996-11-14
battlemonsters,Battle Monsters,,Battle Monsters,,1996-08-28
battlestations,Battle Stations,,Battle Stations,,1997-05-21
battlesport,BattleSport,,BattleSport,,1997-07
blackdawn,Black Dawn,,Black Dawn,,1997-01-07
blackfire,Black Fire,,Black Fire,,1995-10-17
blackfire,Black Fire,,Black Fire,,1995-10-17
blastchamber,Blast Chamber,,Blast Chamber,,1996-12-20
blazingdragons,Blazing Dragons,,Blazing Dragons,,1996-11
riglordsaga,Blazing Heroes,,Blazing Heroes,,1996-09-15
bootlegsampler,Bootleg Sampler,,Bootleg Sampler,,1995
bootlegsampler,Bootleg Sampler,,Bootleg Sampler,,1995
bootlegsampler,Bootleg Sampler,,Bootleg Sampler,,1995
bootlegsampler,Bootleg Sampler,,Bootleg Sampler,,1995
bootlegsampler,Bootleg Sampler,,Bootleg Sampler,,1995
bottomofthe9th,Bottom of the 9th,,Bottom of the 9th,,1996-10-18
braindead13,Brain Dead 13,,Brain Dead 13,,1996-09-23
breakpoint,Break Point,,Break Point Tennis,,1996-11-21
bubblebobblealsofeaturingrainbowislands,Bubble Bobble / Rainbow Islands / Rainbow Islands Enhanced!,,Bubble Bobble also featuring Rainbow Islands,,1996-08-30
bug,Bug!,,Bug!,,1995-07-28
bug,Bug!,,Bug!,,1995-07-28
bugtoo,Bug Too!,,Bug Too!,,1996-12-06
burningrangers,Burning Rangers,,Burning Rangers,,1998-06-03
puzzlebobble2,Bust-A-Move 2: Arcade Edition,,Bust-A-Move 2: Arcade Edition,,1996-08-26
puzzlebobble3,Bust-A-Move 3,,Bust-A-Move 3,,1997-12-09
casper,Casper,,Casper,,1996-09-27
victoryboxing,Center Ring Boxing,,Center Ring Boxing,,1995-12-08
christmasnightsintodreams,Christmas NiGHTS into Dreams...,,Christmas NiGHTS into Dreams...,,1996-12-12
cleaningkitforsegasaturn,Cleaning Kit for SEGA Saturn,,Cleaning Kit for SEGA Saturn,,1995
clockworkknightpepperouchausadventure,Clockwork Knight: Pepperouchau's Adventure,,Clockwork Knight,,1995-05-11
clockworkknightpepperouchausadventure2,Clockwork Knight 2: Pepperouchau's Adventure,,Clockwork Knight 2,,1996-02-17
collegeslam,College Slam,,College Slam,,1996-02-26
commandandconquer,Command & Conquer,,Command & Conquer (GDI Disc),,1996-12-17
commandandconquer,Command & Conquer,,Command & Conquer (NOD Disc),,1996-12-17
congothemoviesecretofzinj,Congo: The Movie: The Lost City of Zinj,,Congo: The Movie: The Lost City of Zinj,,1996-03-31
contralegacyofwar,Contra: Legacy of War,,Contra: Legacy of War,,1997-05-16
corpsekiller,Corpse Killer: Graveyard Edition,,Corpse Killer: Graveyard Edition,,1995-11-02
corpsekiller,Corpse Killer: Graveyard Edition,,Corpse Killer: Graveyard Edition,,1995-11-02
couriercrisis,Courier Crisis: The Saga of the Modern Fatalist,,Courier Crisis,,1997-12-20
creatureshock,Creature Shock,,Creature Shock: Special Edition,,1996-06-24
creatureshock,Creature Shock,,Creature Shock: Special Edition,,1996-06-24
crimewave,Crimewave,,Crimewave,,1997-03-10
criticom,Criticom,,Criticom,,1996-03-26
croclegendofthegobbos,Croc: Legend of the Gobbos,,Croc: Legend of the Gobbos,,1997-09-25
crusadernoremorse,Crusader: No Remorse,,Crusader: No Remorse,,1996-12-24
henryexplorers,Crypt Killer,,Crypt Killer,,1997-04-24
customwebbrowser,Custom Web Browser,,Custom Web Browser,,1996-10-31
customwebbrowser,Custom Web Browser,,Custom Web Browser (Version 3.0),,1997-07-21
granchaser,Cyber Speedway,,Cyber Speedway,,1995-09-22
cyberia,Cyberia,,Cyberia,,1996-02-08
dnoshokutaku,D,,D,,1996-03-05
dnoshokutaku,D,,D,,1996-03-05
dariusgaiden,Darius Gaiden,,Darius Gaiden,,1996-01-29
suikoenbu,Dark Legend,,Dark Legend,,1995-11-17
darksavior,Dark Savior,,Dark Savior,,1996-12-12
darklightconflict,Darklight Conflict,,Darklight Conflict,,1997-07-01
daytonausa,Daytona USA,,Daytona USA,,1995-05-11
3freegames,Daytona USA,,3 Free Games,,1996-11-18
daytonausa,Daytona USA: Championship Circuit Edition,,Daytona USA: Championship Circuit Edition,,1996-11-21
daytonausa,Daytona USA: C.C.E. Net Link Edition,,Daytona USA: Championship Circuit Edition,,1998-02-16
decathlete,DecAthlete,,DecAthlete,,1996-07-17
deepfear,Deep Fear,,Lost & Found Volume 3,,2007-09-29
deepfear,Deep Fear,,Lost & Found Volume 3,,2007-09-29
defcon5,Defcon 5,,Defcon 5,,1996-02-18
dynamitedeka,Die Hard Arcade,,Die Hard Arcade,,1997-03-18
diehardtrilogy,Die Hard Trilogy,,Die Hard Trilogy,,1997-01-21
doom,Doom,,Doom,,1997-03-26
doubleswitch,Double Switch,,Double Switch,,1995-11-22
doubleswitch,Double Switch,,Double Switch,,1995-11-22
dragonforce,Dragon Force,,Dragon Force,,1996-12-12
dragonheartfireandsteel,DragonHeart: Fire & Steel,,DragonHeart: Fire & Steel,,1996-11-13
dukenukem3d,Duke Nukem 3D,,Duke Nukem 3D,,1997-10-29
earthwormjim2,Earthworm Jim 2,,Earthworm Jim 2,,1996-05-16
enemyzero,Enemy Zero,E0: Enemy Zero,Enemy Zero (Opening Disc),E0: Enemy Zero (Opening Disc),1997-11-24
enemyzero,Enemy Zero,E0: Enemy Zero,Enemy Zero,E0: Enemy Zero,1997-11-24
enemyzero,Enemy Zero,E0: Enemy Zero,Enemy Zero,E0: Enemy Zero,1997-11-24
enemyzero,Enemy Zero,E0: Enemy Zero,Enemy Zero,E0: Enemy Zero,1997-11-24
f1liveinformation,F1 Challenge,,F1 Challenge,,1996-09-19
fifa96,FIFA 96: Virtual Stadium Soccer,,FIFA Soccer 96,,1995-12-23
fifa97,FIFA 97,,FIFA Soccer 97,,1997-03-20
fifa98,FIFA 98: Road to World Cup,,FIFA: Road to World Cup 98,,1997-12-18
fightersmegamix,Fighters Megamix,,Fighters Megamix,,1997-05-13
fightersmegamix,Fighters Megamix,,Fighters Megamix,,1997-05-13
fightingvipers,Fighting Vipers,,Fighting Vipers,,1996-10-29
frankthomasbighurtbaseball32bit,Frank Thomas Big Hurt Baseball,,Frank Thomas Big Hurt Baseball,,1996-06-07
rayforce,Galactic Attack,,Galactic Attack,,1995-11-29
galaxyfightuniversalwarriors,Galaxy Fight,,Galaxy Fight,,1996-07-03
gex,Gex,,Gex,,1995-12-15
ghenwar,Ghen War,,Ghen War,,1995-11-22
goldenaxetheduel,Golden Axe: The Duel,,Golden Axe: The Duel,,1996-06-27
grandslam,GrandSlam,,Grand Slam,,1997-07-22
gridrunner,Grid Runner,,Grid Runner,,1996-11-20
guardianheroes,Guardian Heroes,,Guardian Heroes,,1996-04-24
gungriffontheeurasianconflict,Gungriffon: The Eurasian Conflict,,Gungriffon,,1996-06-19
hangongp95,Hang On GP,,Hang On GP,,1996-01-30
gotha2tenkuunokishi,Heir of Zendor: The Legend and The Land,,Heir of Zendor: The Legend and The Land,,1996-12-12
hercsadventures,Herc's Adventures,,Herc's Adventures,,1997-07-17
hexen,Hexen,,Hexen,,1997-03-31
hioctane,Hi-Octane,,Hi-Octane,,1995-12-22
tougekingthespirits,High Velocity: Mountain Racing Challenge,,High Velocity: Mountain Racing Challenge,,1995-11-24
wangandeadheat,Highway 2000,,Highway 2000,,1996-11-21
hyper3dpinball,Hyper 3D Pinball,,Hyper 3-D Pinball,,1996-11-20
impactracing,Impact Racing,,Impact Racing,,1996-08-30
kaiteidaisensou,In the Hunt,,In the Hunt,,1996-06-04
independenceday,Independence Day,,Independence Day,,1997-03-20
ironmanxomanowarinheavymetal,Iron Man / X-O Manowar in Heavy Metal,,Iron Man / X-O Manowar in Heavy Metal,,1996-11-14
worldadvanceddaisenryakukoutetsunosenpuu,Iron Storm: World Advanced Strategy,,Iron Storm,,1996-05-08
johnnybazookatone,Johnny Bazookatone,,Johnny Bazookatone,,1996-02-28
lastbronx,Last Bronx,,Last Bronx,,1997-10-17
lastgladiators,Last Gladiators: Digital Pinball,,Last Gladiators: Digital Pinball,,1995-12-06
lastgladiators,Last Gladiators: Digital Pinball,,Last Gladiators: Digital Pinball,,1995-12-06
loaded,Loaded,,Loaded,,1996-10-25
gekkamugentantorico,Lunacy,,Lunacy,,1997-03-26
gekkamugentantorico,Lunacy,,Lunacy,,1997-03-26
blammachinehead,MachineHead,,Machine Head,,1996-11-25
maddennfl97,Madden NFL 97,,Madden NFL 97,,1996-09-23
maddennfl98,Madden NFL 98,,Madden NFL 98,,1997-08-26
magiccarpet,Magic Carpet,,Magic Carpet,,1996-03-28
magicknightrayearthss,Magic Knight Rayearth,,Magic Knight Rayearth,,1998-12-12
manxttsuperbike,Manx TT SuperBike,,Manx TT SuperBike,,1997-03-20
marvelsuperheroes,Marvel Super Heroes,,Marvel Super Heroes,,1997-10-08
massdestruction,Mass Destruction,,Mass Destruction,,1997-11-14
maximumforce,Maximum Force,,Maximum Force,,1997-10-13
mechwarrior2,MechWarrior 2: 31st Century Combat:,,MechWarrior 2: 31st Century Combat: Arcade Combat Edition,,1997-04-01
rockman8,Megaman 8,,Mega Man 8 (Anniversary Collector's Edition),,1997-03-25
rockmanx4,Megaman X4,,Megaman X4,,1997-10-01
sidepocket2densetsunohustler,Minnesota Fats: Pool Legend,,Minnesota Fats: Pool Legend,,1995-09-14
mortalkombat2,Mortal Kombat II,,Mortal Kombat II,,1996-01-23
mortalkombattrilogy,Mortal Kombat Trilogy,,Mortal Kombat Trilogy,,1997-08-08
mrbones,Mr. Bones,,Mr. Bones,,1996-10-18
mrbones,Mr. Bones,,Mr. Bones,,1996-10-18
myst,Myst,,Myst,,1995-08-09
riglordsaga,Mystaria: The Realms of Lore,,Mystaria: The Realms of Lore,,1995-12-27
nascar98,NASCAR 98,,NASCAR 98,,1997-11-13
nbaaction,NBA Action,,NBA Action,,1996-06-05
nbaaction98,NBA Action 98,,NBA Action 98,,1997-10-28
nbajamte,NBA Jam: Tournament Edition,,NBA Jam: Tournament Edition,,1995-11-10
nbajamextreme,NBA Jam Extreme,,NBA Jam Extreme,,1996-11-26
nbalive97,NBA Live 97,,NBA Live 97,,1997-03-28
nbalive98,NBA Live 98,,NBA Live 98,,1997-12-18
nfl97,NFL '97,,NFL '97,,1996-11-20
nfl97,NFL '97,,NFL '97,,
nflquarterbackclub96,NFL Quarterback Club 96: Put Up or Shut Up,,NFL Quarterback Club 96,,1996-01-18
nflquarterbackclub97,NFL Quarterback Club 97,,NFL Quarterback Club 97,,1996-08-29
nhl97,NHL 97,,NHL 97,,1996-12-04
nhl98,NHL 98,,NHL 98,,1998-01-15
nhlallstarhockey,NHL All Star Hockey,,NHL All-Star Hockey,,1995-10-02
nhlallstarhockey,NHL All Star Hockey,,NHL All-Star Hockey,,1995-10-02
nhlallstarhockey98,NHL All-Star Hockey 98,,NHL All-Star Hockey 98,,1997-11-07
nhlpowerplay96,NHL Powerplay '96,,NHL Powerplay '96,,1996-07-02
vampirehunterdr,Night Warriors: Darkstalkers' Revenge,,Night Warriors: Darkstalkers' Revenge,,1996-03-29
nightsintodreams,NiGHTS into Dreams...,,NiGHTS into Dreams...,,1996-08-21
nightsintodreams,NiGHTS into Dreams...,,NiGHTS into Dreams... (3D Control Pad Inside),,1996-08-21
thelostvikings2,Norse by Norse West,,Norse by Norsewest: The Return of the Lost Vikings,,1997-04-14
offworldinterceptor,Off-World Interceptor Extreme,,Off-World Interceptor Extreme,,1995-10-03
olympicsoccer,Olympic Soccer,,Olympic Soccer,,1996-08-06
teitokunoketsudan2,P.T.O. II: Pacific Theater of Operations,,P.T.O. II: Pacific Theater of Operations,,1996-11-20
pandemonium,Pandemonium!,,Pandemonium!,,1997-04-24
panzerdragoon,Panzer Dragoon,,Panzer Dragoon,,1995-05-11
panzerdragoon,Panzer Dragoon,,Panzer Dragoon,,1995-05-11
panzerdragoon2zwei,Panzer Dragoon II Zwei,,Panzer Dragoon II Zwei,,1996-04-17
azelpanzerdragoonrpg,Panzer Dragoon Saga,,Panzer Dragoon Saga,,1998-05-06
azelpanzerdragoonrpg,Panzer Dragoon Saga,,Panzer Dragoon Saga,,1998-05-06
azelpanzerdragoonrpg,Panzer Dragoon Saga,,Panzer Dragoon Saga,,1998-05-06
azelpanzerdragoonrpg,Panzer Dragoon Saga,,Panzer Dragoon Saga,,1998-05-06
pebblebeachgolflinksstadlernichousen,Pebble Beach Golf Links,,Pebble Beach Golf Links,,1995-05-11
pgatour97,PGA Tour 97,,PGA Tour 97,,1996-11-25
powerslave,Powerslave,,Powerslave,,1996-12-31
primalrage,Primal Rage,,Primal Rage,,1996-06-14
propinballtheweb,Pro-Pinball: The Web,,Pro-Pinball,,1996-10-31
quake,Quake,,Quake,,1997-12-03
quarterbackattack,Quarterback Attack,,Quarterback Attack with Mike Ditka,,1995-11-17
rampageworldtour,Rampage: World Tour,,Rampage: World Tour,,1997-11-26
rayman,Rayman,,Rayman,,1995-11-03
biohazard,Resident Evil,,Resident Evil,,1997-10-01
revolutionx,Revolution X Featuring Aerosmith,,Revolution X: Music Is the Weapon.,,1996-03-04
rise2resurrection,Rise 2: Resurrection,,Rise 2: Resurrection,,1996-05-24
roadandtrackpresentstheneedforspeed,Road & Track Presents: The Need for Speed,,Road & Track Presents: The Need for Speed,,1996-06-25
roadrash3do,Road Rash,,Road Rash,,1996-06-25
robopit,Robo Pit,,Robo Pit,,1996-09-24
deadalus,Robotica,,Robotica,,1995-08-16
sangokushi4,Romance of the Three Kingdoms IV: Wall of Fire,,Romance of the Three Kingdoms IV: Wall of Fire,,1995-10-07
saturnbomberman,Saturn Bomber Man,,Saturn Bomber Man,,1997-08-22
scorcher,Scorcher,,Scorcher,,1997-03-05
scorcher,Scorcher,,Scorcher,,
scudthedisposableassassin,Scud: The Disposable Assassin,,Scud: The Disposable Assassin,,1997-03-20
segaagesvolume1,SEGA Ages Vol.1,,SEGA Ages Arcade,,1997-11-07
victorygoal,SEGA International Victory Goal,,Worldwide Soccer: SEGA International Victory Goal Edition,,1995-05-11
segarallychampionship1995,SEGA Rally Championship 1995,,SEGA Rally Championship,,1995-11-18
segarallychampionship1995,SEGA Rally Championship Plus: Netlink Edition,,SEGA Rally Championship Plus: Netlink Edition,,1997-08-15
segascreamsvolume2,SEGA Screams Volume 2,,SEGA Screams Volume 2,,1997
segatouringcarchampionship,SEGA Touring Car Championship,,SEGA Touring Car Championship,,1997-11-24
victorygoalworldwideedition,SEGA Worldwide Soccer 97,,SEGA Worldwide Soccer '97,,1996-10-18
segaworldwidesocccer98,SEGA Worldwide Soccer 98,,Worldwide Soccer '98,,1997-11-18
shanghaibanrinochoujouthegreatwall,Shanghai: Triple-Threat,,Shanghai: Triple-Threat,,1995-09-25
shellshock,Shellshock,,Shellshock,,1996-06-14
shiningforce3scenario1outonokyoshin,Shining Force III,,Shining Force III,,1998-07-31
shiningtheholyark,Shining the Holy Ark,,Shining the Holy Ark,,1997-07-02
shiningwisdom,Shining Wisdom,,Shining Wisdom,,1996-06-26
shinshinobiden,Shinobi Legions,,Shinobi Legions,,1995-09-21
shockwave,Shockwave Assault,,Shockwave Assault,,1996-06-25
simcity2000,SimCity 2000,,SimCity 2000,,1995-10-10
skeletonwarriors,Skeleton Warriors,,Skeleton Warriors,,1996-06-05
skytarget,Sky Target: Daredevil Air Force,,Sky Target,,1997-08-22
slamnjam96featuringmagicandkareem,Slam 'n Jam '96 featuring Magic & Kareem,,Slam 'n Jam '96 featuring Magic & Kareem: Signature Edition,,1996-05-22
titanwars,Solar Eclipse,,Solar Eclipse,,1995-11-27
sonic3dblast,Sonic 3D Blast,,Sonic 3D Blast,,1996-11-20
sonicjam,Sonic Jam,,Sonic Jam,,1997-08-22
sonicr,Sonic R,,Sonic R,,1997-11-18
sovietstrike,Soviet Strike,,Soviet Strike,,1997-02-12
spacehulkvengeanceofthebloodangels,Space・Hulk: Vengeance of the Blood Angels,,Space・Hulk: Vengeance of the Blood Angels,,1996-09-18
spacejam,Space Jam,,Space Jam,,1996-11-26
spotgoestohollywood32bit,Spot Goes to Hollywood,,Spot Goes to Hollywood,,1997-01-22
starfighter3000,Starfighter,,Star Fighter,,1996-09-03
steepslopesliders,Steep Slope Sliders,,Steep Slope Sliders,,1997-12-18
streetfighterrealbattleonfilm,Street Fighter: The Movie,,Street Fighter: The Movie,,1995-08-23
streetfighterzero,Street Fighter Alpha: Warriors' Dreams,,Street Fighter Alpha: Warriors' Dreams,,1996-02-06
streetfighterzero2,Street Fighter Alpha 2,,Street Fighter Alpha 2,,1996-11-01
streetfightercollection,Street Fighter Alpha 2 Gold,,Street Fighter Collection,,1997-12-12
streetfightercollection,Street Fighter Collection,,Street Fighter Collection,,1997-12-12
striker96,Striker 96,,Striker'96,,1996-05-31
superpuzzlefighter2x,Super Puzzle Fighter II Turbo,,Super Puzzle Fighter II Turbo,,1997-01-24
tempest2000,Tempest 2000,,Tempest 2000,,1996-12-20
tenpinalley,Ten Pin Alley,,Ten Pin Alley,,1997-11-05
tetrisplus,Tetris Plus,,Tetris Plus,,1996-10-18
thecrowcityofangels,The Crow: City of Angels,,The Crow: City of Angels,,1997-03-12
thehorde,The Horde,,The Horde,,1996-02-13
thehouseofthedead,The House of the Dead,,The House of the Dead,,1998-05-06
theincrediblehulkthepantheonsaga,The Incredible Hulk: The Pantheon Saga,,The Incredible Hulk: The Pantheon Saga,,1997-01-20
thorseireioukiden,The Legend of Oasis,,The Legend of Oasis,,1996-07-31
thelostworldjurassicpark32bit,The Lost World: Jurassic Park,,The Lost World: Jurassic Park,,1997-10-01
shinsetsuyumemiyakatatobiranookunidarekaga,The Mansion of Hidden Souls,,The Mansion of Hidden Souls,,1995-11-02
themepark,Theme Park,,Theme Park,,1995-11-08
threedirtydwarves,Three Dirty Dwarves,,Three Dirty Dwarves,,1996-09-27
firestormthunderhawk2,Thunderstrike 2,,Thunder Strike 2,,1995-12-27
firestormthunderhawk2,Thunderstrike 2,,Thunder Strike 2,,
hardcore4x4,TNN Motor Sports HardCore 4X4,,TNN Motor Sports HardCore 4X4,,1996-12-20
tombraider,Tomb Raider,,Tomb Raider,,1996-11-18
truepinball,True Pinball,,True Pinball,,1996-10-31
tunnelb1,Tunnel B1,,Tunnel B1,,1997-01-15
ultimatemortalkombat3,Ultimate Mortal Kombat 3,,Ultimate Mortal Kombat 3,,1996-06-27
devilscourse,Valora Valley Golf,,Valora Valley Golf,,1995-12
virtuacop,Virtua Cop,,Virtua Cop,,1995-11-14
virtuacop,Virtua Cop,,Virtua Cop (Includes the Hit Arcade Game Virtua Cop and Stunner Arcade Gun!),,1995-11-14
3freegames,Virtua Cop,,3 Free Games,,1996-11-18
virtuacop2,Virtua Cop 2,,Virtua Cop 2,,1996-11-22
virtuacop2,Virtua Cop 2,,Virtua Cop 2 (Includes the Hit Arcade Game Virtua Cop 2 and Stunner Arcade Gun!),,1996-11-22
virtuafighter,Virtua Fighter,,Virtua Fighter,,1995-05-11
virtuafighter2,Virtua Fighter 2,,Virtua Fighter 2,,1995-11-30
3freegames,Virtua Fighter 2,,3 Free Games,,1996-11-18
virtuafighterkids,Virtua Fighter Kids,,Virtua Fighter Kids,,1996-08-28
virtuafighterremix,Virtua Fighter Remix,,Virtua Fighter Remix,,1995-09-28
virtuafighterremix,Virtua Fighter Remix,,Virtua Fighter Remix,,1995
virtuafighterremix,Virtua Fighter Remix,,Virtua Fighter Remix,,1995
virtuaracing,Virtua Racing,V.R. Virtua Racing,Virtua Racing,VR Virtua Racing,1995-11-06
virtuaracing,Virtua Racing,V.R. Virtua Racing,Virtua Racing,VR Virtua Racing,1995-11-06
virtualcasino,Virtual Casino,,Virtual Casino,,1996-12-12
virtualhydlide,Virtual Hydlide,,Virtual Hydlide,,1995-09-14
virtualhydlide,Virtual Hydlide,,Virtual Hydlide,,1995-09-14
dennousenkivirtualon,Virtual On: Cyber Troopers,電脳戦機 Virtual On: Cyber Troopers,Virtual On: Cyber Troopers,,1996-11-08
dennousenkivirtualon,Virtual On: Cyber Troopers,電脳戦機 Virtual On: Cyber Troopers,Virtual On: Cyber Troopers Net Link Edition,,1996-11-08
virtualopentennis,Virtual Open Tennis,,Virtual Open Tennis,,1996-05-31
actuagolf,VR Golf '97,,VR Golf '97,,1996-12-20
actuasoccer,VR Soccer '96,,VR Soccer,,1996-12-20
warcraft2tidesofdarkness,WarCraft II: The Dark Saga,,WarCraft II: The Dark Saga,,1997-08-20
williamsarcadesgreatesthits,Williams Arcade's Greatest Hits,,Arcade's Greatest Hits,,1996-12-23
wingarmskareinarugekitsuiou,WingArms,,WingArms,,1996-01-05
wingarmskareinarugekitsuiou,WingArms,,WingArms,,1996-01-05
winningpost,Winning Post,,Winning Post,,1996-03
winterheat,Winter Heat,,Winter Heat,,1998-02-18
wipeout,WipEout,,WipEout,,1996-05-03
worldcupgolfhyattdoradobeach,World Cup Golf,,World Cup Golf: Professional Edition,,1996-01-24
worldseriesbaseball,World Series Baseball,,World Series Baseball,,1995-10-02
proyakyuugreatestnine97,World Series Baseball '98,,World Series Baseball 98,,1997-07-16
greatestnine96,World Series Baseball II,,World Series Baseball II,,1996-08-24
greatestnine96,World Series Baseball II,,World Series Baseball II,,1996-08-24
worms,Worms,,Worms,,1996-06-27
wwfinyourhouse,WWF In Your House,,WWF In Your House,,1996-11-23
wwfwrestlemania,WWF WrestleMania,,WWF WrestleMania: The Arcade Game,,1996-05-30
xmenchildrenoftheatom,X-Men: Children of the Atom,,X-Men: Children of the Atom,,1996-04-03
3dlemmings,3D Lemmings,,3D Lemmings,,1996-07-05
actuagolf,Actua Golf,,Actua Golf,,1996-09-06
actuasoccer,Actua Soccer: Club Edition,,Actua Soccer: Club Edition,,1997-06
alientrilogy,Alien Trilogy,,Alien Trilogy,,1996-09-04
alientrilogy,Alien Trilogy,,Alien Trilogy,,1996-09-04
alientrilogy,Alien Trilogy,,Alien Trilogy,,1996-09-04
aloneinthedark2,Alone in the Dark: Jack is Back,,Alone in the Dark: Jack is Back,,1996-05-03
amok,A+M+O+K,,A+M+O+K,,1997-03-06
andrettiracing,Andretti Racing,,Andretti Racing,,1997-02-07
andrettiracing,Andretti Racing,,Andretti Racing,,1997-02-07
andrettiracing,Andretti Racing,,Andretti Racing,,1997-02-07
arcadesgreatesthitstheataricollection1,Arcade's Greatest Hits: The Atari Collection 1,,Arcade's Greatest Hits: The Atari Collection 1,,1998-03
area51,Area 51,,Area 51,,1997-03-14
decathlete,AthleteKings,,Athlete Kings,,1996-09
atlantisthelosttales,Atlantis: The Lost Tales,,Atlantis: The Lost Tales,,1998-03-27
atlantisthelosttales,Atlantis: The Lost Tales,,Atlantis: The Lost Tales,,1998-03-27
atlantisthelosttales,Atlantis: The Lost Tales,,Atlantis: Secrets d'un Monde Oublié,,1998-06
atlantisthelosttales,Atlantis: The Lost Tales,,Atlantis: Secrets d'un Monde Oublié,,1998-06
bakubakuanimal,Baku Baku Animal: World Zookeeper Contest,,Baku Baku,,1996-06
batmanforeverac,Batman Forever,,Batman Forever: The Arcade Game,,1996-11-16
toushinden,Battle Arena Toshinden Remix,Battle Arena Toshinden 闘神伝 Remix,Battle Arena Toshinden Remix,,1996-03-29
toushindenura,Battle Arena Toshinden URA: Ultimate Revenge Attack,,Battle Arena Toshinden URA: Ultimate Revenge Attack,,1997-02-06
battlemonsters,Battle Monsters,,Battle Monsters,,1995-09
battlestations,Battle Stations,,Battle Stations,,1997-05
blackdawn,Black Dawn,,Black Dawn,,1997-05-01
blackfire,Black Fire,,Black Fire,,1996-06-28
blammachinehead,Blam Machinehead,,Blam! Machinehead,,1996-09
blammachinehead,Blam Machinehead,,Blam! Machinehead,,1996-09
blammachinehead,Blam Machinehead,,Blam! Machinehead,,1996-09
blastchamber,Blast Chamber,,Blast Chamber,,1996-11-13
blazingdragons,Blazing Dragons,,Blazing Dragons,,1996-11
blazingdragons,Blazing Dragons,,Blazing Dragons,,1996-11
blazingdragons,Blazing Dragons,,Blazing Dragons,,1996-11
bootlegsampler,Bootleg Sampler,,Bootleg Sampler,,1995
bootlegsampler,Bootleg Sampler,,Bootleg Sampler,,1995
breakpoint,Break Point,,Break Point,,1996-12
bubblebobblealsofeaturingrainbowislands,Bubble Bobble / Rainbow Islands / Rainbow Islands Enhanced!,,Bubble Bobble also featuring Rainbow Islands,,1996-09
bug,Bug!,,Bug!,,1995-09-15
bugtoo,Bug Too!,,Bug Too!,,1997-04-24
burningrangers,Burning Rangers,,Burning Rangers,,1998-06-12
puzzlebobble2,Bust-A-Move 2: Arcade Edition,,Bust-A-Move 2: Arcade Edition,,1996-08-26
puzzlebobble3,Bust-A-Move 3,,Bust-A-Move 3,,1997-11-26
casper,Casper,,Casper,,1996-09-13
chaoscontrol,Chaos Control,,Chaos Control,,1996-09
christmasnightsintodreams,Christmas NiGHTS into Dreams...,,Christmas NiGHTS into Dreams...,,1996-12
clockworkknightpepperouchausadventure,Clockwork Knight: Pepperouchau's Adventure,,Clockwork Knight,,1995-07-08
clockworkknightpepperouchausadventure2,Clockwork Knight 2: Pepperouchau's Adventure,,Clockwork Knight 2,,1995-10-27
clockworkknightpepperouchausadventure2,Clockwork Knight 2: Pepperouchau's Adventure,,Clockwork Knight 2,,1995-10-27
commandandconquer,Command & Conquer,,Command & Conquer (Disc 1 GDI),,1996-12-06
commandandconquer,Command & Conquer,,Command & Conquer (Disc 2 NOD),,1996-12-06
commandandconquer,Command & Conquer,,Command & Conquer (Disc 1 GDI),,1996-12-06
commandandconquer,Command & Conquer,,Command & Conquer (Disc 2 NOD),,1996-12-06
commandandconquer,Command & Conquer,,Command & Conquer: Teil 1: Der Tiberiumkonflikt (Disc 1 GDI),,1996-12-06
commandandconquer,Command & Conquer,,Command & Conquer: Teil 1: Der Tiberiumkonflikt (Disc 2 NOD),,1996-12-06
couriercrisis,Courier Crisis: The Saga of the Modern Fatalist,,Courier Crisis,,1998-05-15
crimewave,Crimewave,,Crimewave,,1996-11-08
croclegendofthegobbos,Croc: Legend of the Gobbos,,Croc: Legend of the Gobbos,,1997-12-19
crusadernoremorse,Crusader: No Remorse,,Crusader: No Remorse,,1997-03-14
crusadernoremorse,Crusader: No Remorse,,Crusader: No Remorse,,1997-03-14
crusadernoremorse,Crusader: No Remorse,,Crusader: No Remorse,,1997-03-14
henryexplorers,Crypt Killer,,Crypt Killer,,1997-03-21
granchaser,Cyber Speedway,,Cyber Speedway,,1996-01
cyberia,Cyberia,,Cyberia,,1996-04-19
dnoshokutaku,D,,D,,1996-03-08
dnoshokutaku,D,,D,,1996-03-08
dnoshokutaku,D,,D,,1996-03-08
dnoshokutaku,D,,D,,1996-03-08
dnoshokutaku,D,,D,,1996-03-08
dnoshokutaku,D,,D,,1996-03-08
dariusgaiden,Darius Gaiden,,Darius Gaiden,,1996-03
darius2,Darius II,,Darius II,,1996-10-24
darksavior,Dark Savior,,Dark Savior,,1997-02-20
darklightconflict,Darklight Conflict,,Darklight Conflict,,1997-07-18
daytonausa,Daytona USA,,Daytona USA,,1995-07-08
daytonausa,Daytona USA,,Daytona USA,,1995-07-08
daytonausa,Daytona USA,,Daytona USA,,1995-07-08
daytonausa,Daytona USA: Championship Circuit Edition,,Daytona USA: Championship Circuit Edition,,1996-11-14
deepfear,Deep Fear,,Deep Fear,,1998-09-18
deepfear,Deep Fear,,Deep Fear,,1998-09-18
defcon5,Defcon 5,,Defcon 5,,1996-06
defcon5,Defcon 5,,Defcon 5,,1996-06
destructionderby,Destruction Derby,,Destruction Derby,,1996-08-15
dynamitedeka,Die Hard Arcade,,Die Hard Arcade,,1997-02-24
diehardtrilogy,Die Hard Trilogy,,Die Hard Trilogy,,1997-02-28
lastgladiators,Digital Pinball,,Digital Pinball,,1995-09-15
lastgladiators,Digital Pinball,,Digital Pinball,,1995-09-15
discworld,Discworld,,Discworld,Terry Pratchett's Discworld,1996-08-15
discworld2missingpresumed,Discworld II: Missing Presumed...!?,,Discworld II: Missing Presumed...!?,,1997-08-28
doom,Doom,,Doom,,1997-01
dragonballzidainarudragonballdensetsu,Dragon Ball Z: La Grande Legende des Boules de Cristal,Dragon Ball Z ドラゴンボール La Grande Legende des Boules de Cristal,Dragon Ball Z: Idainaru Dragon Ball Densetsu,Dragon Ball Z ドラゴンボール 偉大なるドラゴンボール伝説,1996-12
dragonballzidainarudragonballdensetsu,Dragon Ball Z: La Grande Legende des Boules de Cristal,Dragon Ball Z ドラゴンボール La Grande Legende des Boules de Cristal,Dragon Ball Z: The Legend,Dragon Ball Z ドラゴンボール The Legend,1996-12
dragonforce,Dragon Force,,Dragon Force,,1997-08-28
dragonheartfireandsteel,DragonHeart: Fire & Steel,,DragonHeart: Fire & Steel,,1996-12
dukenukem3d,Duke Nukem 3D,,Duke Nukem 3D,,1997-10-30
earthwormjim2,Earthworm Jim 2,,Earthworm Jim 2,,1996-10
enemyzero,Enemy Zero,E0: Enemy Zero,Enemy Zero (Opening Disc),E0: Enemy Zero (Opening Disc),1997-12-03
enemyzero,Enemy Zero,E0: Enemy Zero,Enemy Zero,E0: Enemy Zero,1997-12-03
enemyzero,Enemy Zero,E0: Enemy Zero,Enemy Zero,E0: Enemy Zero,1997-12-03
enemyzero,Enemy Zero,E0: Enemy Zero,Enemy Zero,E0: Enemy Zero,1997-12-03
powerslave,Exhumed,,Exhumed,,1996-09-26
f1liveinformation,F1 Challenge,,F-1 Challenge,,1996-02
fifa96,FIFA 96: Virtual Stadium Soccer,,FIFA Soccer 96,,1995-12
fifa97,FIFA 97,,FIFA 97,,1997-04-04
fifa97,FIFA 97,,FIFA 97,,1997-04-04
fifa97,FIFA 97,,FIFA 97,,1997-04-04
fifa98,FIFA 98: Road to World Cup,,FIFA: Road to World Cup 98,,1997-12
fifa98,FIFA 98: Road to World Cup,,FIFA: Road to World Cup 98,,1997-12
fifa98,FIFA 98: Road to World Cup,,FIFA: Die WM-Qualifikation 98,,1997-12
fifa98,FIFA 98: Road to World Cup,,FIFA: En Route pour la Coupe du Monde 98,,1997-12
fifa98,FIFA 98: Road to World Cup,,FIFA: Rumbo al Mundial 98,,1997-12
fightersmegamix,Fighters Megamix,,Fighters Megamix,,1997-06-05
fightingvipers,Fighting Vipers,,Fighting Vipers,,1996-11-07
firestormthunderhawk2,Firestorm: Thunderhawk 2,,Firestorm: Thunderhawk 2,,1995-12
firestormthunderhawk2,Firestorm: Thunderhawk 2,,Firestorm: Thunderhawk 2,,1995-12
formulakartsspecialedition,Formula Karts: Special Edition,,Formula Karts: Special Edition,,1997-05-22
frankthomasbighurtbaseball32bit,Frank Thomas Big Hurt Baseball,,Frank Thomas Big Hurt Baseball,,1996-06
frankensteinthroughtheeyesofthemonster,Frankenstein: Through the Eyes of the Monster,,Frankenstein: Through the Eyes of the Monster,,1997-08
rayforce,Galactic Attack,,Galactic Attack,,1996-02
galaxyfightuniversalwarriors,Galaxy Fight,,Galaxy Fight,,1996-06
gekkamugentantorico,Gekka Mugentan Torico,月花霧幻譚 Torico,Ge _kka _Mu _gen _tan: Torico,Ge _kka _Mu _gen _tan: Torico 月花霧幻譚,1997-03-27
gekkamugentantorico,Gekka Mugentan Torico,月花霧幻譚 Torico,Ge _kka _Mu _gen _tan: Torico,Ge _kka _Mu _gen _tan: Torico 月花霧幻譚,1997-03-27
gex,Gex,,Gex,,1996-04-05
ghenwar,Ghen War,,Ghen War,,1996-06-28
goldenaxetheduel,Golden Axe: The Duel,,Golden Axe: The Duel,,1995-12
gridrunner,GridRun,,Grid Run,,1996-11
guardianheroes,Guardian Heroes,,Guardian Heroes,,1996-06-20
gungriffontheeurasianconflict,Gungriffon: The Eurasian Conflict,,Gun Griffon,,1996-07-18
hangongp95,Hang On GP,,Hang On GP '96,,1996-03
hardcore4x4,Hard Core 4x4,,Hard Core 4x4,,1997-12
popoittohebereke,Hebereke's Popoitto,Hebereke's Popoitto へべれけ Hebereke,Hebereke's Popoitto,,1995-12
hexen,Hexen,,Hexen,,1997-03-21
hioctane,Hi-Octane,,Hi-Octane,,1995-12
wangandeadheat,Highway 2000,,Highway 2000,,1996-09
impactracing,Impact Racing,,Impact Racing,,1996-07-05
kaiteidaisensou,In the Hunt,,In the Hunt,,1996-06
independenceday,Independence Day,,Independence Day: The Game,,1997-06-13
ironmanxomanowarinheavymetal,Iron Man / X-O Manowar in Heavy Metal,,Iron Man / X-O Manowar in Heavy Metal,,1996-09-04
jewelsoftheoracle,Jewels of the Oracle,,Jewels of the Oracle,,1996-12
johnnybazookatone,Johnny Bazookatone,,Johnny Bazookatone,,1996-02
jonahlomurugby,Jonah Lomu Rugby,,Jonah Lomu Rugby,,1997-04-18
jonahlomurugby,Jonah Lomu Rugby,,Jonah Lomu Rugby,,1997-04-18
keiouyuugekitaikatsugekihen,Keio Flying Squadron 2,,Keio Flying Squadron 2,,1996-09
krazyivan,Krazy Ivan☆,,Krazy Ivan☆,,1997-05-23
krazyivan,Krazy Ivan☆,,Krazy Ivan☆,,1997-05-23
shinsetsuyumemiyakatatobiranookunidarekaga,La Mansión de las Almas Ocultas,,La Mansión de las Almas Ocultas,,1995-11
lastbronx,Last Bronx,,Last Bronx,,1997-10-23
shinsetsuyumemiyakatatobiranookunidarekaga,Le Manoir des Ames Perdues,,Le Manoir des Ames Perdues,,1995-11
loaded,Loaded,,Loaded,,1996-07
loaded,Loaded,,Loaded,,1996-07
maddennfl97,Madden NFL 97,,Madden NFL 97,,1996-10-16
maddennfl98,Madden NFL 98,,Madden NFL 98,,1997-09
magiccarpet,Magic Carpet,,Magic Carpet,,1996-03-29
manxttsuperbike,Manx TT SuperBike,,Manx TT SuperBike,,1997-03-20
marvelsuperheroes,Marvel Super Heroes,,Marvel Super Heroes,,1997-11-14
massdestruction,Mass Destruction,,Mass Destruction,,1997-03-27
maximumforce,Maximum Force,,Maximum Force,,1998-03
mechwarrior2,MechWarrior 2: 31st Century Combat:,,MechWarrior 2: 31st Century Combat: Arcade Combat Edition,,1997-05-09
rockmanx3,Mega Man X3,,Mega Man X³,,1997-07-11
mightyhits,Mighty Hits,,Mighty Hits,,1996-12
mortalkombat2,Mortal Kombat II,,Mortal Kombat II,,1996-02-09
mortalkombattrilogy,Mortal Kombat Trilogy,,Mortal Kombat Trilogy,,1997-04-11
mrbones,Mr. Bones,,Mr. Bones,,1997-03-13
mrbones,Mr. Bones,,Mr. Bones,,1997-03-13
myst,Myst,,Myst,,1995-10-06
riglordsaga,Mystaria: The Realms of Lore,,Mystaria: The Realms of Lore,,1996-01-26
shinsetsuyumemiyakatatobiranookunidarekaga,Mystery Mansion: Das Haus der verlorenen Seelen,,Mystery Mansion: Das Haus der verlorenen Seelen,,1995-11
nascar98,NASCAR 98,,NASCAR 98,,1997-12
nascar98,NASCAR 98,,NASCAR 98,,1997-12
nascar98,NASCAR 98,,NASCAR 98,,1997-12
nbaaction,NBA Action,,NBA Action,,1996-09-12
nbaaction98,NBA Action 98,,NBA Action 98,,1997-11
nbajamte,NBA Jam: Tournament Edition,,NBA Jam: Tournament Edition,,1995-12
nbajamextreme,NBA Jam Extreme,,NBA Jam Extreme,,1996-12-06
nbalive97,NBA Live 97,,NBA Live 97,,1997-04-04
nbalive98,NBA Live 98,,NBA Live 98,,1997-12
nflquarterbackclub96,NFL Quarterback Club 96: Put Up or Shut Up,,NFL Quarterback Club 96,,1996-04-19
nflquarterbackclub97,NFL Quarterback Club 97,,NFL Quarterback Club 97,,1996-08
nhl97,NHL 97,,NHL 97,,1996-12-06
nhl97,NHL 97,,NHL 97,,1996-12-06
nhl98,NHL 98,,NHL 98,,1998-01
nhlallstarhockey,NHL All Star Hockey,,NHL All-Star Hockey,,1995-11
nhlallstarhockey98,NHL All-Star Hockey 98,,NHL All-Star Hockey 98,,1998-01
nhlpowerplay96,NHL Powerplay '96,,NHL Powerplay '96,,1997-05
vampirehunterdr,Night Warriors: Darkstalkers' Revenge,,Night Warriors: Darkstalkers' Revenge,,1996-10-04
nightsintodreams,NiGHTS into Dreams...,,NiGHTS into Dreams...,,1996-09-19
nightsintodreams,NiGHTS into Dreams...,,NiGHTS into Dreams... (+ 3D Control Pad),,1996-09-05
offworldinterceptor,Off-World Interceptor Extreme,,Off-World Interceptor Extreme,,1995-11
olympicsoccer,Olympic Soccer,,Olympic Soccer,,1996-08
olympicsoccer,Olympic Soccer,,Olympic Soccer,,1996-08
pandemonium,Pandemonium!,,Pandemonium!,,1997-06-12
panzerdragoon,Panzer Dragoon,,Panzer Dragoon,,1995-08-30
panzerdragoon2zwei,Panzer Dragoon II Zwei,,Panzer Dragoon II Zwei,,1996-05-10
azelpanzerdragoonrpg,Panzer Dragoon Saga,,Panzer Dragoon Saga,,1998-04-17
azelpanzerdragoonrpg,Panzer Dragoon Saga,,Panzer Dragoon Saga,,1998-04-17
azelpanzerdragoonrpg,Panzer Dragoon Saga,,Panzer Dragoon Saga,,1998-04-17
azelpanzerdragoonrpg,Panzer Dragoon Saga,,Panzer Dragoon Saga,,1998-04-17
gokujouparodiusdadeluxepack,Parodius,,Parodius,,1995-11
pebblebeachgolflinksstadlernichousen,Pebble Beach Golf Links,,Pebble Beach Golf Links,,1995-08
pebblebeachgolflinksstadlernichousen,Pebble Beach Golf Links,,Pebble Beach Golf Links,,1995-08
pgatour97,PGA Tour 97,,PGA Tour 97,,1996-12-06
pinballgraffiti,Pinball Graffiti,,Pinball Graffiti,,1997-02
primalrage,Primal Rage,,Primal Rage,,1996-08
propinballtheweb,Pro-Pinball: The Web,,Pro-Pinball,,1996-08
quake,Quake,,Quake,,1997-11
rampageworldtour,Rampage: World Tour,,Rampage: World Tour,,1998-03
rayman,Rayman,,Rayman,,1995-11
rayman,Rayman,,Rayman,,1995-11
biohazard,Resident Evil,,Resident Evil,,1997-09-11
revolutionx,Revolution X Featuring Aerosmith,,Revolution X: Music Is the Weapon.,,1996-03-29
revolutionx,Revolution X Featuring Aerosmith,,Revolution X: Music Is the Weapon.,,1996-03-29
rise2resurrection,Rise 2: Resurrection,,Rise 2: Resurrection,,1996-04-19
riventhesequeltomyst,Riven: The Sequel to Myst,,Riven: The Sequel to Myst,,1998-05-15
riventhesequeltomyst,Riven: The Sequel to Myst,,Riven: The Sequel to Myst,,1998-05-15
riventhesequeltomyst,Riven: The Sequel to Myst,,Riven: The Sequel to Myst,,1998-05-15
riventhesequeltomyst,Riven: The Sequel to Myst,,Riven: The Sequel to Myst,,1998-05-15
roadandtrackpresentstheneedforspeed,Road & Track Presents: The Need for Speed,,Road & Track Presents: The Need for Speed,,1996-07-05
roadrash3do,Road Rash,,Road Rash,,1996-07-26
robopit,Robo Pit,,Robo Pit,,1996-11
deadalus,Robotica,,Robotica: Cybernation Revolt,,1995-11
saturnbomberman,Saturn Bomber Man,,Saturn Bomber Man,,1997-05-01
scorcher,Scorcher,,Scorcher,,1997-05-15
seabassfishingvictor,SeaBass Fishing,,Sea Bass Fishing,,1996-09
segaagesvolume1,SEGA Ages Vol.1,,SEGA Ages Volume 1,,1996-12-19
victorygoal,SEGA International Victory Goal,,International Victory Goal,,1995-07-08
segarallychampionship1995,SEGA Rally Championship 1995,,SEGA Rally Championship,,1996-01-24
segarallychampionship1995,SEGA Rally Championship 1995,,SEGA Rally Championship,,1996-01-24
segatouringcarchampionship,SEGA Touring Car Championship,,SEGA Touring Car Championship,,1997-11
victorygoalworldwideedition,SEGA Worldwide Soccer 97,,SEGA Worldwide Soccer '97,,1996-10-17
victorygoalworldwideedition,SEGA Worldwide Soccer 97,,SEGA Worldwide Soccer '97,,1996-10-17
segaworldwidesocccer98,SEGA Worldwide Soccer 98: Club Edition,,SEGA Worldwide Soccer '98: Club Edition,,1997-10-16
segaworldwidesocccer98,SEGA Worldwide Soccer 98: Club Edition,,SEGA Worldwide Soccer '98: Club Edition,,
segaworldwidesocccer98,SEGA Worldwide Soccer 98: Club Edition,,SEGA Worldwide Soccer '98: Club Edition,,
photocdoperatingsystem,SEGA Saturn Photo CD Operating System,,Photo CD Operating System,,1995-10
photocdoperatingsystem,SEGA Saturn Photo CD Operating System,,Photo CD Operating System,,1995-10
shellshock,Shellshock,,Shellshock,,1996-04-19
shellshock,Shellshock,,Shellshock,,1996-04-19
shellshock,Shellshock,,Shellshock,,1996-04-19
shiningforce3scenario1outonokyoshin,Shining Force III,,Shining Force III,,1998-06-19
shiningtheholyark,Shining the Holy Ark,,Shining the Holy Ark,,1997-06-19
shiningwisdom,Shining Wisdom,,Shining Wisdom,,1996-07-11
shinshinobiden,Shinobi-X: Shin・Shinobi Den,新・忍伝 Shinobi-X,Shinobi X,,1995-10-13
shockwave,Shockwave Assault,,Shockwave Assault,,1996-07-05
simcity2000,SimCity 2000,,SimCity 2000,,1995-12-08
skeletonwarriors,Skeleton Warriors,,Skeleton Warriors,,1996-09-04
skytarget,Sky Target: Daredevil Air Force,,Sky Target,,1997-06-05
slamnjam96featuringmagicandkareem,Slam 'n Jam '96 featuring Magic & Kareem,,Slam 'n Jam '96 featuring Magic & Kareem,,1996-07-19
sonic3dblast,Sonic 3D: Flickies' Island,,Sonic 3D: Flickies' Island,,1997-02-14
sonicjam,Sonic Jam,,Sonic Jam,,1997-08-28
sonicr,Sonic R,,Sonic R,,1997-11-21
sovietstrike,Soviet Strike,,Soviet Strike,,1997-02-21
sovietstrike,Soviet Strike,,Soviet Strike,,1997-02-21
sovietstrike,Soviet Strike,,Soviet Strike,,1997-02-21
spacehulkvengeanceofthebloodangels,Space・Hulk: Vengeance of the Blood Angels,,Space・Hulk: Vengeance of the Blood Angels,,1996-09-27
spacejam,Space Jam,,Space Jam,,1997-03-14
spotgoestohollywood32bit,Spot Goes to Hollywood,,Spot Goes to Hollywood,,1997-02-07
starfighter3000,StarFighter 3000,,StarFighter 3000,,1996-06-21
steepslopesliders,Steep Slope Sliders,,Steep Slope Sliders,,1998-02
streetfighterrealbattleonfilm,Street Fighter: The Movie,,Street Fighter: The Movie,,1995-09-08
streetfighterrealbattleonfilm,Street Fighter: The Movie,,Street Fighter: The Movie,,1995-09-08
streetfighterzero,Street Fighter Alpha: Warriors' Dreams,,Street Fighter Alpha: Warriors' Dreams,,1996-05-22
streetfighterzero2,Street Fighter Alpha 2,,Street Fighter Alpha 2,,1996-11-16
streetfightercollection,Street Fighter Alpha 2 Gold,,Street Fighter Collection,,1998-03
streetfightercollection,Street Fighter Collection,,Street Fighter Collection,,1998-03
streetracer,Street Racer,,Street Racer,,1996-11-16
striker96,Striker 96,,Striker'96,,1996-07
superpuzzlefighter2x,Super Puzzle Fighter II Turbo,,Super Puzzle Fighter II Turbo,,1997-04
swagman,SwagMan,,SwagMan,,1997-04
tempest2000,Tempest 2000,,Tempest 2000,,1997-03-20
tetrisplus,Tetris Plus,,Tetris Plus,,1997-10-17
thecrowcityofangels,The Crow: City of Angels,,The Crow: City of Angels,,1997-02-26
thecrowcityofangels,The Crow: City of Angels,,The Crow: City of Angels,,1997-02-26
thehorde,The Horde,,The Horde,,1996-04-12
thehorde,The Horde,,The Horde,,1996-04-12
thehorde,The Horde,,The Horde,,1996-04-12
thehouseofthedead,The House of the Dead,,The House of the Dead,,1998-04-10
thehouseofthedead,The House of the Dead,,The House of the Dead & Virtua Gun,,1998-04-10
theincrediblehulkthepantheonsaga,The Incredible Hulk: The Pantheon Saga,,The Incredible Hulk: The Pantheon Saga,,1996-12
thekingoffighters95,The King of Fighters '95,,The King of Fighters '95,,1997-07-26
thelostvikings2,The Lost Vikings II,,Lost Vikings 2: Norse by Norsewest,,1997-05-26
thelostworldjurassicpark32bit,The Lost World: Jurassic Park,,The Lost World: Jurassic Park,,1997-11-14
shinsetsuyumemiyakatatobiranookunidarekaga,The Mansion of Hidden Souls,,The Mansion of Hidden Souls,,1995-11
shinsetsuyumemiyakatatobiranookunidarekaga,The Mansion of Hidden Souls,,The Mansion of Hidden Souls,,1995-11
thorseireioukiden,The Story of Thor 2,,The Story of Thor 2,,1996-09-19
themepark,Theme Park,,Theme Park,,1995-11-07
threedirtydwarves,Three Dirty Dwarves,,Three Dirty Dwarves,,1997-04-03
hyper3dpinball,Tilt!,,Tilt!,,1996-09-06
titanwars,Titan Wars,,Titan Wars,,1996-04-12
tombraider,Tomb Raider,,Tomb Raider,,1996-10-24
trashit,Trash It,,Trash It,,1997-07-10
truepinball,True Pinball,,True Pinball,,1996-04-05
tunnelb1,Tunnel B1,,Tunnel B1,,1996-10-16
uefaeuro96england,UEFA Euro 96: England,,UEFA Euro 96: England,,1996-05-30
ultimatemortalkombat3,Ultimate Mortal Kombat 3,,Ultimate Mortal Kombat 3,,1996-06
ultimatemortalkombat3,Ultimate Mortal Kombat 3,,Ultimate Mortal Kombat 3,,
devilscourse,Valora Valley Golf,,Valora Valley Golf,,1996-04-12
victoryboxing,Victory Boxing,,Victory Boxing,,1995-11
virtuacop,Virtua Cop,,Virtua Cop,,1995-12-08
virtuacop,Virtua Cop,,Virtua Cop,,1995-12-08
virtuacop,Virtua Cop,,Virtua Cop,,1995-12-08
virtuacop,Virtua Cop,,Virtua Gun & Virtua Cop,,1995-12-08
virtuacop2,Virtua Cop 2,,Virtua Cop 2,,1996-11-28
virtuacop2,Virtua Cop 2,,Virtua Gun & Virtua Cop 2,,1996-11-28
virtuafighter,Virtua Fighter,,Virtua Fighter,,1995-07-08
virtuafighter,Virtua Fighter,,Virtua Fighter,,1995-07-08
virtuafighter2,Virtua Fighter 2,,Virtua Fighter 2,,1996-01-26
virtuafighter2,Virtua Fighter 2,,Virtua Fighter 2,,1996-01-26
virtuafighter2,Virtua Fighter 2,,Virtua Fighter 2,,
virtuafighter2,Virtua Fighter 2,,Virtua Fighter 2,,
virtuafightercgportraitcollection,Virtua Fighter CG Portrait Collection,,Virtua Fighter CG Portrait Collection,,1995-10-06 
virtuafighterkids,Virtua Fighter Kids,,Virtua Fighter Kids,,1996-10-03
virtuafighterremix,Virtua Fighter Remix,,Virtua Fighter Remix,,1995-10-06
virtuaracing,Virtua Racing,V.R. Virtua Racing,Virtua Racing,V.R. Virtua Racing,1995-12-18
virtualgolf,Virtual Golf,,Virtual Golf,,1996-02
virtualhydlide,Virtual Hydlide,,Virtual Hydlide,,1995-09-15
dennousenkivirtualon,Virtual On: Cyber Troopers,電脳戦機 Virtual On: Cyber Troopers,Virtual On: Cyber Troopers,,1997-01
virtualopentennis,Virtual Open Tennis,,Virtual Open Tennis,,1996-06-06
warcraft2tidesofdarkness,WarCraft II: The Dark Saga,,WarCraft II: The Dark Saga,,1997-07
whizz,Whizz,,Whizz,,1998-02-17
wingarmskareinarugekitsuiou,WingArms,,Wing Arms,,1996-02-16
winterheat,Winter Heat,,Winter Heat,,1998-02-13
wipeout,WipEout,,WipEout,,1996-03-29
wipeout2097,WipEout 2097,,WipEout 2097,,1997-09-25
worldcupgolfhyattdoradobeach,World Cup Golf,,World Cup Golf: Professional Edition,,1996-02
worldcupgolfhyattdoradobeach,World Cup Golf,,World Cup Golf: Professional Edition,,1996-02
worldcupgolfhyattdoradobeach,World Cup Golf,,World Cup Golf: Professional Edition,,1996-02
worldcupgolfhyattdoradobeach,World Cup Golf,,World Cup Golf: Professional Edition,,1996-02
worldleaguesoccer98,World League Soccer '98,WLS '98: World League Soccer,World League Soccer '98,WLS '98: World League Soccer,1998-06-05
worldseriesbaseball,World Series Baseball,,World Series Baseball,,1995-11-17
greatestnine96,World Series Baseball II,,World Series Baseball II,,1996-11
worms,Worms,,Worms,,1996-01
wwfinyourhouse,WWF In Your House,,WWF In Your House,,1996-11-08
wwfwrestlemania,WWF WrestleMania,,WWF WrestleMania: The Arcade Game,,1996-06-28
xmenchildrenoftheatom,X-Men: Children of the Atom,,X-Men: Children of the Atom,,1996-04-12
xmenchildrenoftheatom,X-Men: Children of the Atom,,X-Men: Children of the Atom,,1996-04-12
z,Z,,Z,,1998-03-27
riventhesequeltomyst,Riven: A Sequencia de Myst,,Riven: A Sequência de Myst,,1998
riventhesequeltomyst,Riven: A Sequencia de Myst,,Riven: A Sequência de Myst,,1998
riventhesequeltomyst,Riven: A Sequencia de Myst,,Riven: A Sequência de Myst,,1998
riventhesequeltomyst,Riven: A Sequencia de Myst,,Riven: A Sequência de Myst,,1998
albertodysseygaidenlegendofeldean,Albert Odyssey Gaiden: Legend of Eldean,Albert Odyssey 外伝 Legend of Eldean,Albert Odyssey Gaiden: Legend of Eldean,Albert Odyssey 알버트 오딧세이 外伝 Legend of Eldean,1997-09-29
dennousenkivirtualon,Dennō Senki: Virtual On: Cyber Troopers,電脳戦機 Virtual On: Cyber Troopers バーチャロン,Dennō Senki: Virtual On: Cyber Troopers,電脳戦機 Virtual On: Cyber Troopers 버철온,1996-12
fightingvipers,Fighting Vipers,,Fighting Vipers,Fighting Vipers 파이팅바이퍼즈,1996-11
myst,Myst,,Myst (Wanjeon Hangeulpan),Myst 미스트 (완전 한글판),1996-04-18
nightsintodreams,NiGHTS into Dreams...,,NiGHTS into Dreams...,,1996-07
nightsintodreams,NiGHTS into Dreams...,,NiGHTS into Dreams... (Teugbyeol Hanjeongpan Samsung Multipad Set),NiGHTS into Dreams... 나이츠 (특별한정판 삼성 멀티패드 세트),1996-07
victorygoal,SEGA International Victory Goal,,Worldwide Soccer: SEGA International Victory Goal Edition,,1995-11
segarallychampionship1995,SEGA Rally Championship 1995,,SEGA Rally Championship 1995,SEGA Rally Championship 1995 세가랠리,1995-12
shinpinosekaielhazard,Sinbiui Segye El-Hazard: The Magnificent World,신비의 세계 엘하자드 El-Hazard: The Magnificent World,Sinbiui Segye El-Hazard: El-Hazard: The Magnificent World for SEGA Saturn,신비의 세계 엘하자드 El-Hazard: The Magnificent World for SEGA Saturn,1997-04-14
virtuafighter2,Virtua Fighter 2,,Virtua Fighter 2,Virtua Fighter 2 버쳐파이터2,1995-12
virtuafighterkids,Virtua Fighter Kids,,Virtua Fighter Kids,,1996-07
virtuafighterremix,Virtua Fighter Remix,,Virtua Fighter Remix,Virtua Fighter Remix 버쳐파이터 리믹스,1995-11
myst,Myst,,Myst (Zhōngwén Bǎn),Myst 密斯特 (中文版),1996
sangokushi4,Sānguózhì IV,三國志IV,Sānguózhì IV,三國志IV,1996
sangokushi5,Sānguózhì V,三國志V,Sānguózhì V,三國志V,1996
sangokushieiketsuden,Sānguózhì Yīngjiéchuán,三國志英傑傳,Sānguózhì Yīngjiéchuán: Zhōngwén Bǎn,三國志英傑傳 中文版,1996
xianjianqixiachuan,Xiānjiàn Qí Xiá Chuán,仙劍奇俠傳,Xiānjiàn Qí Xiá Chuán,仙劍奇俠傳,1999-02-05
bedlam,Bedlam,,,,1997-08-11
clockworkknightpuzzlepenginwar,Clockwork Knight: Pepperouchau's Adventure,,,,1995-10-21
crimepatrol,Crime Patrol,,,,1996-09-24
heartofdarkness,Heart of Darkness,Heart of Darkness ハート オブ ダークネス,,,1996-05-31
jewelsoftheoracle,Jewels of the Oracle,,,,1996-10-11
jewelsoftheoracle,Jewels of the Oracle,,,,1996-10-29
starwarsrebelstrike,Star Wars: Rebel Strike,,,,1997-01-30
alientrilogy,Alien Trilogy,,Alien Trilogy,Alien Trilogy エイリアントリロジー,1996
azelpanzerdragoonrpg,Azel: Panzer Dragoon RPG (Taikenban),Azel: Panzer Dragoon RPG アゼル パンツァードラグーン (体験版),Azel: Panzer Dragoon RPG,Azel: Panzer Dragoon RPG アゼル パンツァードラグーン,1997
baroque,Baroque Report: CD Data File,,Baroque Report: CD Data File,,1997
bluebreakerkenyorimohohoemiwo,Blue Breaker: Ken yori mo Hohoemi wo,Blue Breaker ブルーブレイカー 剣よりも微笑みを,Blue Breaker: Ken yori mo Hohoemi wo (Taikenban Hibaihin),Blue Breaker ブルーブレイカー 剣よりも微笑みを (体験版 非売品),1997
bodyspecial264girlsinmotionpuzzlevol2,Body Special 264: Girls in Motion Puzzle Vol.2,,Body Special 264: Girls in Motion Puzzle Vol.2 (Hibaihin Sample),Body Special 264 ボディ スペシャル 264 Girls in Motion Puzzle Vol.2 (非売品 Sample),1996
boukenkatsugekimonomono,Bōken Katsugeki Monomono,冒険活劇モノモノ,Bōken Katsugeki Monomono (Taikenban Hibaihin),活劇モノモノ (体験版 非売品),1997
bug,Bug! (The Demo),,Bug! (Playable Preview),,1995
bug,Bug! (The Demo),,Bug! (Playable Preview),,1995
burningrangers,Burning Rangers,,Burning Rangers (Taikenban),Burning Rangers バーニングレンジャー (体験版),1998
choicecuts,Choice Cuts: SEGA Saturn Video Sampler,,SEGA Saturn Choice Cuts,,1995-05-11
choicecuts,Choice Cuts: SEGA Saturn Video Sampler,,SEGA Saturn Choice Cuts,,
coder,Code R,,Code R (Taikenban),Code R コード・アール (体験版),1998
coredemodisc,Core Demo Disc,,Core Demo Disc,,1997
coredemodisc,Core Demo Disc,,Saturn Power No.1,,1997
crimewave,Crimewave Demo,,Crimewave (Playable Demonstration Disk),,1996-11-29
crosstanteimonogatarimotsuretananatsunolabyrinth,Cross Tantei Monogatari,X クロス探偵物語,Cross Tantei Monogatari: Motsureta Nanatsu no Labyrinth (Taikenban),X クロス探偵物語 もつれた７つのラビリンス (体験版),1998
crosstanteimonogatarimotsuretananatsunolabyrinth,Cross Tantei Monogatari,X クロス探偵物語,Cross Tantei Monogatari: Motsureta Nanatsu no Labyrinth (Taikenban),X クロス探偵物語 もつれた７つのラビリンス (体験版),1998
darksavior,Dark Savior,Dark Savior ダークセイバー,Dark Savior (Taikenban),Dark Savior ダークセイバー (体験版),1996
darksavior,Dark Savior,Dark Savior ダークセイバー,Dark Savior (Taikenban),Dark Savior ダークセイバー (体験版),1996
daytonausa,Daytona USA,,Daytona USA (Hibaihin Mihonban),Daytona USA デイトナUSA (非売品 見本盤),1995
deepfear,Deep Fear,,Deep Fear: Promotion Disc Movie,,1998
dennousenkivirtualon,Dennō Senki: Virtual On: Cyber Troopers,電脳戦機 Virtual On: Cyber Troopers バーチャロン,Dennō Senki: Virtual On: Cyber Troopers (Hibaihin Mihonban),電脳戦機 Virtual On: Cyber Troopers 電脳戦機バーチャロン (非売品 見本盤),1996
develomagazineappendixcdromforsegasaturn,Develo Magazine Appendix CD-ROM for SegaSaturn,,Develo Magazine Appendix CD-ROM for SegaSaturn,,1996
devilsummonersoulhackersronde,Devil Summoner: Soul Hackers / Ronde,デビルサマナー ソウル ハッカーズ Soul Hackers / Ronde 輪舞曲 ロンド,Devil Summoner: Soul Hackers / Ronde (Otameshi-yō Sampleban),デビルサマナー ソウル ハッカーズ Soul Hackers / Ronde 輪舞曲 ロンド (お試し用サノプル版),1997
devilsummonersoulhackersronde,Devil Summoner: Soul Hackers / Ronde,デビルサマナー ソウル ハッカーズ Soul Hackers / Ronde 輪舞曲 ロンド,Devil Summoner: Soul Hackers / Ronde (Tokubetsu Gentei Taikenban Soft),デビルサマナー ソウル ハッカーズ Soul Hackers / Ronde 輪舞曲 ロンド (特別限定・体験版ソフト),1997
necronomicondigitalpinball,Digital Pinball: The Necronomicon: Revelations,,Necronomicon: Digital Pinball,,1996
djwars,DJ Wars,,DJ Wars (Taikenban Hibaihin),DJ Wars (体験版 非売品),1997
dodonpachi,DoDonPachi,怒首領蜂 DoDonPachi,DoDonPachi (Mihonhin),怒首領蜂 DoDonPachi (見本品),1997
donpachi,DonPachi,首領蜂 DonPachi,DonPachi (Sample),首領蜂 DonPachi (Sample),1996-04-26
evethelostone,EVE: The Lost One (Try Out),,EVE: The Lost One (Taikenban),EVE: The Lost One (体験版),1998
farlandstory2,Farland Story: Habō no Mai (Taikenban),Farland Story ファーランド ストーリー 破亡の舞 (体験版),Farland Story (Taikenban),ファーランドストーリー (体験版),1997
fightingvipers,Fighting Vipers,,Fighting Vipers,Fighting Vipers ファイティングバイパーズ,1996
blazingtornado,Fire Pro Gaiden Blazing Tornado,ファイプロ外伝 ブレイジングトルネード Blazing Tornado,Fire Pro Gaiden Blazing Tornado (Tokubetsu Shikyōhin),ファイプロ外伝 ブレイジングトルネード Blazing Tornado (特別試供品),1995
flashsegasaturnvol1,Flash SegaSaturn Vol.1 (Shinsaku Taikenban),Flash SegaSaturn Vol.1 (新作体験版),Flash SegaSaturn Vol.1,,1996
flashsegasaturnvol2,Flash SegaSaturn Vol.2 (Shinsaku Taikenban),Flash SegaSaturn Vol.2 (新作体験版),Flash SegaSaturn Vol.2,,1996
flashsegasaturnvol3,Flash SegaSaturn Vol.3 (Shinsaku Taikenban),Flash SegaSaturn Vol.3 (新作体験版),Flash SegaSaturn Vol.3,,1996
flashsegasaturnvol4,Flash SegaSaturn Vol.4 (Shinsaku Taikenban),Flash SegaSaturn Vol.4 (新作体験版),Flash SegaSaturn Vol.4,,1996
flashsegasaturnvol5,Flash SegaSaturn Vol.5 (Shinsaku Taikenban),Flash SegaSaturn Vol.5 (新作体験版),Flash SegaSaturn Vol.5,,1996
flashsegasaturnvol6,Flash SegaSaturn Vol.6 (Shinsaku Taikenban),Flash SegaSaturn Vol.6 (新作体験版),Flash SegaSaturn Vol.6,,1996
flashsegasaturnvol7,Flash SegaSaturn Vol.7 (Shinsaku Taikenban),Flash SegaSaturn Vol.7 (新作体験版),Flash SegaSaturn Vol.7,,1996
flashsegasaturnvol8,Flash SegaSaturn Vol.8 (Shinsaku Taikenban),Flash SegaSaturn Vol.8 (新作体験版),Flash SegaSaturn Vol.8,,1996
flashsegasaturnvol9,Flash SegaSaturn Vol.9 (Shinsaku Taikenban),Flash SegaSaturn Vol.9 (新作体験版),Flash SegaSaturn Vol.9,,1996
flashsegasaturnvol10,Flash SegaSaturn Vol.10 (Shinsaku Taikenban),Flash SegaSaturn Vol.10 (新作体験版),Flash SegaSaturn Vol.10,,1996
flashsegasaturnvol11,Flash SegaSaturn Vol.11 (Shinsaku Taikenban),Flash SegaSaturn Vol.11 (新作体験版),Flash SegaSaturn Vol.11,,1996
flashsegasaturnvol12,Flash SegaSaturn Vol.12,,Flash SegaSaturn Vol.12,,1996
flashsegasaturnvol13,Flash SegaSaturn Vol.13,,Flash SegaSaturn Vol.13,,1997
flashsegasaturnvol14,Flash SegaSaturn Vol.14,,Flash SegaSaturn Vol.14,,1997
flashsegasaturnvol15,Flash SegaSaturn Vol.15,,Flash SegaSaturn Vol.15,,1997
flashsegasaturnvol16,Flash SegaSaturn Vol.16,,Flash SegaSaturn Vol.16,,1997
flashsegasaturnvol17,Flash SegaSaturn Vol.17,,Flash SegaSaturn Vol.17,,1997
flashsegasaturnvol18,Flash SegaSaturn Vol.18,,Flash SegaSaturn Vol.18,,1997
flashsegasaturnvol19,Flash SegaSaturn Vol.19,,Flash SegaSaturn Vol.19,,1997
flashsegasaturnvol20,Flash SegaSaturn Vol.20,,Flash SegaSaturn Vol.20,,1997
flashsegasaturnvol21,Flash SegaSaturn Vol.21,,Flash SegaSaturn Vol.21,,1997
flashsegasaturnvol22,Flash SegaSaturn Vol.22,,Flash SegaSaturn Vol.22,,1997
flashsegasaturnvol23,Flash SegaSaturn Vol.23,,Flash SegaSaturn Vol.23,,1997
flashsegasaturnvol24,Flash SegaSaturn Vol.24,,Flash SegaSaturn Vol.24,,1998
flashsegasaturnvol25,Flash SegaSaturn Vol.25,,Flash SegaSaturn Vol.25,,1998
flashsegasaturnvol26,Flash SegaSaturn Vol.26,,Flash SegaSaturn Vol.26,,1998
flashsegasaturnvol27,Flash SegaSaturn Vol.27,,Flash SegaSaturn Vol.27,,1998
flashsegasaturnvol28,Flash SegaSaturn Vol.28,,Flash SegaSaturn Vol.28,,1998
flashsegasaturnvol29,Flash SegaSaturn Vol.29,,Flash SegaSaturn Vol.29,,1998
flashsegasaturnvol30,Flash SegaSaturn Vol.30,,Flash SegaSaturn Vol.30,,1998
flashsegasaturnvol31,Flash SegaSaturn Vol.31,,Flash SegaSaturn Vol.31,,1998
flashsegasaturnvol32,Flash SegaSaturn Vol.32,,Flash SegaSaturn Vol.32,,1998
flashsegasaturnochikazukihen,Flash SegaSaturn: Ochikazuki-hen,Flash SegaSaturn フラッシュセガサターン おちかづき編,Flash SegaSaturn: Ochikazuki-hen,Flash SegaSaturn おちかづき編,1996-03
fullcowlminiyonkusuperfactory,Full Cowl Mini Yonku: Super Factory,フルカウルミニ四駆 スーパーファクトリー,Full Cowl Mini Yonku: Super Factory (Taikenban),フルカウルミニ四駆 スーパーファクトリー (体験版),1997
funkyheadboxers,Funky Head Boxers,Funky Head Boxers ファンキーヘッドボクサーズ,Funky Head Boxers (Hibaihin),Funky Head Boxers ファンキーヘッドボクサーズ (非売品),1997
gameware,Game-Ware Vol.1,,GW: Game-Ware,,1996-04-05
gameware2,Game-Ware Vol.2,,GW2: Game-Ware 2-gō,GW2: Game-Ware2号,1996-07-05
gameware3,Game-Ware Vol.3,,GW3: Game-Ware 3-gō,GW3: Game-Ware3号,1996-10-04
gameware4,Game-Ware Vol.4,,GW: Game-Ware Vol.4,,1997-03-07
gameware4,Game-Ware Vol.4,,GW: Game-Ware Vol.4,,1997-03-07
gameware5,Game-Ware Vol.5,,GW: Game-Ware Vol.5,,1997-06-27
gameware5,Game-Ware Vol.5,,GW: Game-Ware Vol.5,,1997-06-27
gebockers,Gebockers,,Gebockers: Hyper 3D Taisen Battle (Auto Demo CD),Gebockers ゲボッカーズ ハイパー3D対戦バトル (オートデモCD),1996
gekitotsukoushien,Gekitotsu Kōshien,激突 甲子園,Gekitotsu Kōshien (Taikenban ROM),激突 甲子園 (体験版ROM),1997
gingaeiyuudensetsu,Ginga Eiyū Densetsu,銀河英雄伝説,Ginga Eiyū Densetsu: Sample,銀河英雄伝説 Sample,1996
goikenmuyouanarchyinthenippon,Goiken Muyō: Anarchy in the Nippon (Taikenban),御意見無用 Anarchy in the Nippon (体験版),Goiken Muyō: Anarchy in the Nippon (Taikenban),御意見無用 Anarchy in the Nippon (体験版),1997
gotha2tenkuunokishiteitokunoketsudan2,Gotha II: Tenkū no Kishi / Teitoku no Ketsudan II,Gotha II 天空の騎士 / 提督の決断II,Gotha II: Tenkū no Kishi / Teitoku no Ketsudan II (Demonstration-yō CD-ROM),Gotha II ゴータ2 天空の騎士 / 提督の決断II (デモンストレーション用CD-ROM),1996
grandia,Grandia: Prelude,Grandia グランディア プレリュード,Grandia: Prelude,Grandia グランディア プレリュード,1997
gremlindemodisc,Gremlin Demo Disc,,Gremlin Demo Disc,,1997
gremlindemodisc,Gremlin Demo Disc,,Saturn Power No.2,,1997
gremlindemodisk,Gremlin Demo Disk,,Gremlin Demo Disk,,1996-08
gungriffon2,Gungriffon II,,Gungriffon II (Taikenban),Gungriffon II ガングリフォンII (体験版),1998
hangongp95,Hang On GP '95,,Hang On GP '95 (Hibaihin Mihonban),Hang On GP '95 ハングオン GP'95 (非売品 見本盤),1995
hanshadespark,Hansha de Spark!,反射でスパーク!,Hansha de Spark! (Hibaihin),反射でスパーク! (非売品),1997
hudsonshinsakupreview,Hudson Shinsaku Preview,ハドソン 新作 プレビュー,Hudson Soft: New Soft Line Up for SEGA Saturn,,1997
impactracing,Impact Racing,,Impact Racing (Playable Demonstration Disk),,1996-09-30
victorygoal,J.League Victory Goal: VGoal,,Victory Goal Demo (Mihonban Hibaihin),ビクトリーゴール デモ (見本盤 非売品),1995
janteibattlecosplayer,Jantei Battle Cos-Player,雀帝 Battle Cos-Player,Jantei Battle Cos-Player (Sampleban),雀帝 Battle Cos-Player じゃんてい バトル コスプレイヤー (サンプル盤),1997
janteibattlecosplayer,Jantei Battle Cos-Player: Anime Genga-shū,雀帝 Battle Cos-Player アニメ原画集,Jantei Battle Cos-Player: Original Genga-shū (Hibaihin),雀帝 Battle Cos-Player じゃんてい バトル コスプレイヤー オリジナル原画集 (非売品),1997
kanzenchuukeiproyakyuugreatestnine,Kanzen Chūkei Pro Yakyū Greatest Nine,完全中継プロ野球 Greatest Nine,Kanzen Chūkei Pro Yakyū Greatest Nine (Hibaihin),完全中継プロ野球 Greatest Nine グレイテストナイン (非売品),1995
keiouyuugekitaiokirakutamatebako,Keiō Yūgekitai: Okiraku Tamatebako,慶応遊撃隊　お気楽玉手箱,Keiō Yūgekitai: Okiraku Tamatebako,慶応遊撃隊　お気楽玉手箱,1996
keriotosse,Keriotosse!,ケリオトッセ!,Keriotosse! (Hibaihin),ケリオトッセ! (非売品),1998
lastgladiators,Last Gladiators: Digital Pinball,,Last Gladiators: Digital Pinball (Taikenban),Last Gladiators: Digital Pinball (体験版),1995
raystorm,Layer Section II,Layer Section II レイヤーセクション2,Layer Section II (Taikenban Hibaihin),Layer Section II レイヤーセクション2 (体験盤 非売品),1997
lunarthesilverstar,Lunar: Silver Star Story,,Lunar: Silver Star Story (Hibaihin Autodemo),Lunar: Silver Star Story ルナ シルバースターストーリー (非売品　オートデモ),1997
machi,Machi,街,Machi (Hibaihin Taikenban),街 Machi (非売品　体験版),1997
otanoshimisanshirodisc,Machi,街,Otanoshimi 3 Shiro! Disc,お楽しみ　3シロ! Disc,1997
magicaldrop,Magical Drop,マジカルドロップ,Magical Drop Sample (Tameshite Mirū? Kokoro Sample),マジカルドロップ (試してみるー? 試 Sample),1995
magicaldrop3toretatezoukangou,Magical Drop III: Toretate Zōkangō!,マジカルドロップIII とれたて増刊号!,Magical Drop III: Toretate Zōkangō! (Mogitate Taikenban) (Hibaihin),マジカルドロップIII とれたて増刊号! (もぎたて体験版) (非売品),1997
magicaldrop3toretatezoukangou,Magical Drop III: Toretate Zōkangō!,マジカルドロップIII とれたて増刊号!,Magical Drop III: Toretate Zōkangō! (Mogitate Taikenban) (Hibaihin),マジカルドロップIII とれたて増刊号! (もぎたて体験版) (非売品),1997
mahjongkaiganmonogatarimahjongkyoujidaisexyidolhen,Mahjong Kaigan Monogatari: Mahjong-kyō Jidai Sexy Idol-hen,麻雀海岸物語 麻雀狂時代セクシーアイドル編,Mahjong Kaigan Monogatari: Mahjong-kyō Jidai Sexy Idol-hen (Sample-hen CD),麻雀海岸物語 麻雀狂時代 セクシー アイドル編 (サンプル版CD),1995
mariakimitachigaumaretawake,Maria: Kimi-tachi ga Umareta Wake,マリア Maria 君たちが生まれた理由,Maria: Kimi-tachi ga Umareta Wake (Hibaihin),マリア 君たちが生まれた理由 (非売品),1997
marvelsuperheroes,Marvel Super Heroes,,Marvel Super Heroes (Taikenban),Marvel Super Heroes (体験版),1997
meltylancerreinforce,MeltyLancer: Re-inforce,メルティランサー Re-inforce,MeltyLancer: Re-inforce (Taikenban),メルティランサー Re-inforce (体験版),1998-05-21
messagenavi,Message Navi Vol.1,メッセージ・ナビ Message Navi Vol.1,Message Navi (Hibaihin),メッセージ・ナビ (非売品),1997
mobilesuitgundamsidestory1senritsunoblue,Mobile Suit Gundam Side Story I: Senritsu no Blue (Taikenban),Mobile Suit Gundam Side Story I 戦慄のブルー (体験版),Mobile Suit Gundam Side Story I: Senritsu no Blue (Taikenban),Mobile Suit Gundam Side Story I 戦慄のブルー (体験版),1996
mogitatesegasaturn1,Mogitate SegaSaturn,モギタテセガサターン,Segakore SEGA Bible Mogitate SegaSaturn,セガコレセガバイブル　モギタテセガサターン。,1997
mogitatesegasaturn2,Mogitate SegaSaturn,モギタテセガサターン,Mogitate SegaSaturn,モギタテセガサターン,1998
mogitatesegasaturn3,Mogitate SegaSaturn,モギタテセガサターン,Mogitate SegaSaturn 3,モギタテセガサターン 3,1998-05
mogitatesegasaturn4,Mogitate SegaSaturn,モギタテセガサターン,Mogitate SegaSaturn 4,モギタテセガサターン 4,1998-08
mogitatesegasaturn5,Mogitate SegaSaturn,モギタテセガサターン,Mogitate SegaSaturn 5,モギタテセガサターン 5,1998
mogitatesegasaturn6,Mogitate SegaSaturn,モギタテセガサターン,Mogitate SegaSaturn 6,モギタテセガサターン 6,1999
mogitatesegasaturnsoukangou,Mogitate SegaSaturn Sōkan-gō,Mogitate SegaSaturn@モギタテセガサターン 創刊号,Segakore SEGA Bible Mogitate SegaSaturn,セガコレセガバイブル　モギタテセガサターン。,1997-11
monsterslider,Monster Slider,モンスタースライダー,Monster Slider (Taikenban),モンスタースライダー (体験版),1997
mrbones,Mr. Bones,,Mr. Bones (Taiken Sample Ban),Mr. Bones ミスター・ボーンズ (体験サンプル版),1997
nanatsunohikan,Nanatsu no Hikan,七つの秘館,Nanatsu no Hikan (Taikenban) (Demonstration-yō CD-ROM),七つの秘館 (体験版) (デモンストレーション用CD-ROM),1996
nightsintodreams,NiGHTS into Dreams... (Sampler),,NiGHTS into Dreams... (Demo Disc),,1996
nightsintodreams,NiGHTS into Dreams... (Tentō Version),NiGHTS into Dreams... (店頭デモ Version),NiGHTS into Dreams... (Special Sampler),NiGHTS into Dreams... ナイツ (Special Sampler),1996
nightsintodreams,NiGHTS into Dreams... (Sampler),,NiGHTS into Dreams...,,1996
ninjajajamarukunonigirininpouchou,Ninja Jajamaru-kun: Onigiri Ninpōchō Gold,忍者じゃじゃ丸くん 鬼斬忍法帖 ㊎ おにぎりにんぽうちょうゴールド,Ninja Jajamaru-kun: Onigiri Ninpōchō Gold (Taikenban),忍者じゃじゃ丸くん 鬼斬忍法帖 ㊎ おにぎりにんぽうちょう・ごーるど (体験版),1997
roadandtrackpresentstheneedforspeed,Nissan Presents: Over Drivin' GT-R,,Nissan Presents: Over Drivin' GT-R (Demo-CD Hibaihin),Nissan Presents: Over Drivin' GT-R オーバードライビン GT-R (Demo-CD 非売品),1996
panzerdragoon,Panzer Dragoon,,Panzer Dragoon,,1995
panzerdragoon,Panzer Dragoon,,Panzer Dragoon,,1995
panzerdragoon,Panzer Dragoon,,Panzer Dragoon,,1995
panzerdragoon,Panzer Dragoon,,Panzer Dragoon: PD Demo (Demo-yō Hibaihin),Panzer Dragoon: PD Demo (デモ用　非売品),1995
panzerdragoon,Panzer Dragoon,,Panzer Dragoon: Yokuryū‚ Tō-e...(Taikenban Hibaihin),Panzer Dragoon パンツァードラグーン 翼竜、搭へ―。(体験版　非売品),1995
panzerdragoon,Panzer Dragoon,,Panzer Dragoon (Playable Preview),,1995
panzerdragoon,Panzer Dragoon,,Panzer Dragoon (Playable Preview),,1995
panzerdragoon,Panzer Dragoon,,Panzer Dragoon (Playable Preview),,1995
piacarroteyoukoso,Pia Carrot e Yōkoso!! We've Been Waiting for You,Pia♥キャロットへようこそ!! We've Been Waiting for You,Pia Carrot e Yōkoso!! We've Been Waiting for You (Hibaihin),Pia♥キャロットへようこそ!! We've Been Waiting for You (非売品),1998
pinballgraffiti,Pinball Graffiti,,Pinball Graffiti (Playable Demonstration Disk),,1997-01-20
previewsegasaturnvol1,Preview SEGA Saturn Vol 1,,Preview SEGA Saturn Vol. 1,,1996
purikuradaisakusen,PuriKura Daisakusen: Princess Kurara,プリクラ大作戦 プリンセス クララ,PuriKura Daisakusen: Princess Kurara (Mihonhin),プリクラ大作戦 プリンセス クララ Princess Kurara (見本品),1996
primeselection,PrimeSelection,,PrimeSelection Vol.1,PrimeSelection プライムセレクションVol.1,1995
princessmakeryumemiruyousei,Princess Maker: Faery Tales Come True,,Princess Maker: Yumemiru Yōsei (Taikenban),プリンセスメーカー ゆめみる妖精 (体験版),1998
quovadis2wakuseikyoushuuovanrei,QuoVadis 2: Wakusei Kyōshū Ovan Rei,QuoVadis 2 惑星強襲 オヴァン・レイ クォヴァディス2,QuoVadis 2: Wakusei Kyōshū Ovan Rei (Taikenban),QuoVadis 2 惑星強襲 オヴァン・レイ クォヴァディス2 (体験版),1997
rabbit,Rabbit,羅媚斗 Rabbit,Rabbit (Mihonhin),羅媚斗 Rabbit (見本品),1997
rayman,Rayman,,Rayman: Playable Game Preview,,1996
riglordsaga,Riglordsaga,,Riglordsaga (Hibaihin Mihonban),Riglordsaga リグロード サーガ　(非売品　見本盤),1995
sakurataisen2kimishinitamoukotonakare,Sakura Taisen (Tokubetsu Ban),サクラ大戦2 Sakura Wars (特別版),Sakura Taisen (Tokubetsu Ban),サクラ大戦2 Sakura Wars (特別版),1998
sakurataisen,Sakura Taisen Teikokukagekidan Taiin Meibo,サクラ大戦　帝国華撃団隊員名簿,Teikokukagekidan Taiin Meibo: Maruhi (Hibaihin),帝国華撃団隊員名簿 ㊙ (非売品),1995
samuraispiritsak,Samurai Spirits: Amakusa Kōrin / Samurai Shodown IV: Amakusa's Revenge,サムライスピリッツ 天草降臨 / Samurai Shodown IV: Amakusa's Revenge,Samurai Spirits: Amakusa Kōrin (Hibaihin),サムライスピリッツ 天草降臨 (非売品),1996
satamagasonocd,SatMag Sono CD: SegaSaturn Magazine Sono-CD Vol.1,サタマガ ソノCD セガサターン体験版CD-ROM: SegaSaturn Magazine Sono-CD Vol.1,SatMag Sono CD Vol.1: SegaSaturn Taikenban CD-ROM,サタマガ ソノCD Vol.1 セガサターン体験版CD-ROM,1998-02-06
saturnbomberman,Saturn Bomberman,サターンボンバーマン,Saturn Bomberman (Sample Disc) (Hibaihin),サターンボンバーマン　(サンプルディスク) (非売品),1996
saturnbombermanfight,Saturn Bomberman Fight!! (Taikenban),サターンボンバーマン ファイト!! (体験版),Saturn Bomberman Fight!! (Taikenban),サターンボンバーマン ファイト!! (体験版),1997
saturncgselection,SegaSaturn CG Selection,,Saturn CG Selection,サターンCGセレクション,1995-10-06
saturnsuper1,Saturn Super,サターンスーパー,Saturn Super Vol.1,サターンスーパー Vol.1,1995
saturnsuper1,Saturn Super,サターンスーパー,Saturn Super Vol.1,サターンスーパー Vol.1,1995
saturnsuper1,Saturn Super,サターンスーパー,Saturn Super Vol.1,サターンスーパー Vol.1,1995
saturnsuper2,Saturn Super Vol.2,サターンスーパー Vol.2,Saturn Super Vol.2,サターンスーパー Vol.2,1995
saturnsuper2,Saturn Super Vol.2,サターンスーパー Vol.2,Saturn Super Vol.2,サターンスーパー Vol.2,1995
saturnsuper2,Saturn Super Vol.2,サターンスーパー Vol.2,Saturn Super Vol.2,サターンスーパー Vol.2,1995
saturnsuper3,Saturn Super Vol.3,サターンスーパー Vol.3,Saturn Super Vol.3,サターンスーパー Vol.3,1995
saturnsuper3,Saturn Super Vol.3,サターンスーパー Vol.3,Saturn Super Vol.3,サターンスーパー Vol.3,1995
saturnsuper3,Saturn Super Vol.3,サターンスーパー Vol.3,Saturn Super Vol.3,サターンスーパー Vol.3,1995
saturnsuper4,Saturn Super Vol.4,サターンスーパー Vol.4,Saturn Super Vol.4,サターンスーパー Vol.4,1996
saturnsuper5,Saturn Super Vol.5,サターンスーパー Vol.5,Saturn Super Vol.5,サターンスーパー Vol.5,1996
saturnsuper6,Saturn Super Vol.6,サターンスーパー Vol.6,Saturn Super Vol.6,サターンスーパー Vol.6,1996
saturnsuper6,Saturn Super Vol.6,サターンスーパー Vol.6,Saturn Super Vol.6,サターンスーパー Vol.6,1996
saturnsuper7,Saturn Super Vol.7,サターンスーパー Vol.7,Saturn Super Vol.7,サターンスーパー Vol.7,1996
saturnsuper8,Saturn Super Vol.8,サターンスーパー Vol.8,Saturn Super Vol.8,サターンスーパー Vol.8,1996
saturnsuper9,Saturn Super Vol.9,サターンスーパー Vol.9,Saturn Super Vol.9,サターンスーパー Vol.9,1996
saturnsuper10,Saturn Super Vol.10,サターンスーパー Vol.10,Saturn Super Vol.10,サターンスーパー Vol.10,1997
saturnsuper11,Saturn Super Vol.11,サターンスーパー Vol.11,Saturn Super Vol.11,サターンスーパー Vol.11,1997
segaflash1,SEGA Flash Vol.1,,SEGA Flash Vol.1,,1996
segaflash2,SEGA Flash Vol.2,,SEGA Flash Vol.2,,1996
segaflash3,SEGA Flash Vol.3,,SEGA Flash Vol.3,,1996
segaflash3,SEGA Flash Vol.3,,SEGA Flash Vol.3,,
segaflash4,SEGA Flash Vol.4,,SEGA Flash Vol.4,,1997
segaflash5,SEGA Flash Vol.5,,SEGA Flash Vol.5,,1997
segaflash6,SEGA Flash Vol.6,,SEGA Flash Vol.6,,1997
segaflash7,SEGA Flash Vol.7,,SEGA Flash Vol.7,,1998
segarallychampionship1995,SEGA Rally Championship 1995,,SEGA Rally Championship (Hibaihin Mihonban),SEGA Rally Championship セガラリー・チャンピオンシップ (非売品　見本盤),1995
bootlegsampler2,SEGA Saturn Bootleg Sampler II,,SEGA Saturn Bootleg II: On the Road,,1996
bootlegsampler2,SEGA Saturn Bootleg Sampler II,,SEGA Screams Volume 1,,1996
segatouringcarchampionship,SEGA Touring Car Championship,,SEGA Touring Car Championship (Taikenban),SEGA Touring Car Championship (体験版),1997
sengokublade,Sengoku Blade: Sengoku Ace Episode II,戦国ブレード Sengoku Ace Episode II,Sengoku Blade: Sengoku Ace Episode II (Mihonhin),戦国ブレード Sengoku Ace Episode II (見本品),1996
shiningforce3scenario1outonokyoshin,Shining Force III: Scenario 1: Ōto no Kyoshin (Taikenban),Shining Force III シナリオ1 王都の巨神 (体験版),Shining Force III: Scenario 1: Ōto no Kyoshin (Taikenban),Shining Force III シャイニングフォースIII シナリオ1 王都の巨神 (体験版),1997
otanoshimisanshirodisc,Shining Force III: Scenario 1: Ōto no Kyoshin (Taikenban),Shining Force III シナリオ1 王都の巨神 (体験版),Otanoshimi 3 Shiro! Disc,お楽しみ　3シロ! Disc,1997
shiningwisdom,Shining Wisdom,,Shining Wisdom (Hibaihin Mihonban),Shining Wisdom シャイニング・ウィズダム (非売品　見本盤),1995
eiyuudensetsu3shirokimajo,Shiroki Majo: Mō Hitotsu no Eiyū Densetsu,白き魔女 もうひとつの英雄伝説,Shiroki Majo: Mō Hitotsu no Eiyū Densetsu (Taikenban),白き魔女 もうひとつの英雄伝説 (体験版),1998
shutokoubattle97driftkingtsuchiyakeiichiandbandoumasaaki,Shutokō Battle '97: Drift King: Tsuchiya Keiichi & Bandō Masaaki,首都高バトル'97 Drift King 土屋圭市&坂東正明,Shutokō Battle '97: Drift King: Tsuchiya Keiichi & Bandō Masaaki (Mihonhin),首都高バトル'97 Drift King 土屋圭市&坂東正明 (見本品),1997
sidepocket3,Side Pocket 3,Side Pocket 3 サイドポケット3,Side Pocket 3 (Sample),,1997
silhouettemirage,Silhouette Mirage,,Silhouette Mirage (Taikan CD-ROM Sōsa Setsumei),Silhouette Mirage シルエットミラージュ (体感CD-ROM操作説明),1997
solocrisis,Solo Crisis,Solo Crisis ソロ・クライシス,Solo Crisis (Taiken Sample Ban),Solo Crisis ソロ・クライシス (体験サンプル版),1997
sonicr,Sonic R: Trial Version.,,Sonic R (Taikenban),Sonic R ソニックR (体験版),1997
otanoshimisanshirodisc,Sonic R: Trial Version.,,Otanoshimi 3 Shiro! Disc,お楽しみ　3シロ! Disc,1997
soukuunotsubasagothaworld,Sōkū no Tsubasa,蒼空の翼,Sōkū no Tsubasa: GothaWorld (Sample CD),蒼空の翼 Go Thaworld (サンプルCD),1997
steepslopesliders,Steep Slope Sliders,,Steep Slope Sliders (Hibaihin),スティープ スロープ スライダーズ (非売品),1997
stellarassault,Stellar Assault SS,,Stellar Assault SS (Taikenban),Stellar Assault SS ステラアサルト ダブルエス (体験版),1998
streetfightercollection,Street Fighter Collection (Trial Edition),,Street Fighter Collection (Taikenban),Street Fighter Collection ストリートファイターコレクション (体験版),1997-09-18
streetfighterzero2,Street Fighter Zero 2 (Sample),,Street Fighter Zero 2 (Taikenban),Street Fighter Zero 2 ストリートファイターZero 2 (体験版),1996
strikers1945,Strikers 1945,,Strikers 1945 (Sample),,1996
suikoenbu,Suiko Enbu: Fūun Saiki,水滸演武 風雲再起,Suiko Enbu: Fūun Saiki (Tameshite Mirū?),水滸演武 風雲再起 (試してみるー? 試 Sample),1995
superrobottaisenf,Super Robot Taisen F,スーパーロボット大戦F,Super Robot Taisen F (Taikenban),スーパーロボット大戦F (体験版),1997
swagman,SwagMan (Playable Demo),,SwagMan,,1997
tacticsformula,Tactics Formula (Taikenban),Tactics Formula (体験版),Tactics Formula (Taikenban),Tactics Formula (体験版),1997
taikenbansaturnsofttaizensaturnsuperhenshuubuhen,Taikenban Saturn Soft Taizen: Saturn Super Henshūbu Hen,体験版サターンソフト大全 サターンスーパー編集部　編,Taikenban Saturn Soft Taizen: Saturn Super Henshūbu Hen,体験版サターンソフト大全 サターンスーパー編集部　編,1995
taikenbansaturnsofttaizensaturnsuperhenshuubuhen,Taikenban Saturn Soft Taizen: Saturn Super Henshūbu Hen,体験版サターンソフト大全 サターンスーパー編集部　編,Taikenban Saturn Soft Taizen: Saturn Super Henshūbu Hen,体験版サターンソフト大全 サターンスーパー編集部　編,1995
techsaturn1995spring,Tech Saturn Tsūshin Vol.01,Techサターン通信　Vol.01,Tech Saturn Tsūshin: Spring 1995,Techサターン通信　Spring 1995,1995-05
techsaturn1995autumn,Tech Saturn Tsūshin Vol.2,Techサターン通信　Vol.2,Tech Saturn Tsūshin: Autumn 1995,Techサターン通信　Autumn 1995: Special CD-ROM,1995-10
techsaturn1995winter,Tech Saturn Tsūshin Vol.3,Techサターン通信　Vol.3,Tech Saturn Tsūshin: Winter 1995: Taikenban & Demo-ban ga Tenkomori,Techサターン通信　Winter 1995 体験版&デモ版ガてんこもり,1996-01
techsaturn1996spring,Tech Saturn Tsūshin Vol.4,Techサターン通信　Vol.4,Tech Saturn Tsūshin: Spring 1996: Yōriyō Meippai Kikaku Tenkomori,Techサターン通信　Spring 1996 容量メいっぱい　企画てんてもり,1996-05
techsaturn1996summer,Tech Saturn Tsūshin Vol.5,Techサターン通信　Vol.5,Tech Saturn Tsūshin Vol. 5: Summer 1996,Techサターン通信 Summer 1996,1996-08
techsaturn1996jan,Tech Saturn Vol.1,,Tech Saturn Vol.1/1996: Yacchimatta!,Tech Saturn Vol.1/1996 やっちまった!,1996-10
techsaturn1996aug,Tech Saturn Vol.2,,Tech Saturn Vol.2/1996: Maitsuki 8-nichi wa Tessa no Hi (Kan): Ataru to Sugo Iyo,Tech Saturn Vol.2/1996 毎月8日はテッサの日(仮) アタるとスゴいよ,1996-12
techsaturn1997jan,Tech Saturn 1997.Jan,,Tech Saturn Jan.1997: Kizuitara Gekkan-ka,Tech Saturn Jan.1997 気づいたら月刊化,1997-01
techsaturn1997feb,Tech Saturn 1997.Feb,,Tech Saturn Feb.1997: E‚ Chocolate Kurereba Morau yo,Tech Saturn Feb.1997 え、チョコレット?　くれればもらうよ,1997-02
techsaturn1997mar,Tech Saturn 1997.Mar,,Tech Saturn Mar.1997: Okaeshi wa? ①Marshmallow ②Cookie ③White Choco,Tech Saturn Jan.1997 お返しは? ①マシュマロ ②クッキー ③ホワイトチョコ,1997-03
techsaturn1997apr,Tech Saturn 1997.Apr,,Tech Saturn Apr.1997,,1997-04
techsaturn1997may,Tech Saturn 1997.May,,Tech Saturn May.1997,,1997-05
techsaturn1997jun,Tech Saturn 1997.Jun,,Tech Saturn Jun.1997,,1997-06
techsaturn1997jul,Tech Saturn 1997.Jul,,Tech Saturn Jul.1997,,1997-07
techsaturn1997aug,Tech Saturn 1997.Aug,,Tech Saturn Aug.1997,,1997-08
techsaturn1997sep,Tech Saturn 1997.Sep,,Tech Saturn Sep.1997,,1997-09
techsaturn1997oct,Tech Saturn 1997.Oct,,Tech Saturn Oct.1997,,1997-10
tenantwars,Tenant Wars,テナントウォーズ,Tenant Wars (Hibaihin),テナントウォーズ (非売品),
tengaimakyoudaiyonnomokushirokutheapocalypse4,Tengai Makyō: Daiyon no Mokushiroku: The Apocalypse IV,天外魔境 第四の黙示録 The Apocalypse IV,Tengai Makyō: Daiyon no Mokushiroku (Hibaihin),天外魔境 第四の黙示録 (非売品),
virtuacopspecialpack,The House of the Dead (Taikenban),The House of the Dead (体験版),Virtua Cop Special Pack,Virtua Cop Special Pack バーチャコップスペシャルパック,1998
thekingoffighters97,The King of Fighters '97,,The King of Fighters '97 (Sample Hibaihin),The King of Fighters '97 ザ・キング・オブ・ファイターズ '97 (サンプル　非売品),1997
thunderforce5,Thunder Force V,,Thunder Force V (Sample-ban ROM),Thunder Force V サンダーフォースV (Sample ROM サンプル版ロム),1997
tougekingthespirits2,Tōge King the Spirits 2,峠 King the Spirits 2 とうげ・キング・ザ・スピリッツ,Tōge King the Spirits 2 (Mihonhin),峠 King the Spirits 2 とうげ・キング2 (見本品),1997
tokimekimemorialdramaseriesvol1nijiironoseishun,Tokimeki Memorial Drama Series Vol. 1: Nijiiro no Seishun,ときめきメモリアル ドラマシリーズ Vol.1 虹色の青春,Tokimeki Memorial Drama Series Vol. 1: Nijiiro no Seishun (Private Album Taikenban),ときめきメモリアル ドラマシリーズ Vol.1 虹色の青春 Nijiiro no Seisyun (プライベートアルバム体験版),1997
tombraider,Tomb Raiders (Demo Version Kaigaiban),Tomb Raiders トゥームレイダース (Demo Version 海外版),Tomb Raiders (Taikenban Hibaihin),Tomb Raiders トゥームレイダース (体験版　非売品),1997
vampirehunterdr,Vampire Hunter: Darkstalkers' Revenge,,Vampire Hunter: Darkstalkers' Revenge (Sample),ヴァンパイア ハンター Darkstalkers' Revenge (Sample),1996
vampiresavior,Vampire Savior: The Lord of Vampire,,Vampire Savior: The Lord of Vampire (Taikenban),Vampire Savior: The Lord of Vampire (体験版),1998
vatlva,Vatlva: The Unlimited Battle,バトルバ Vatlva: The Unlimited Battle,Vatlva (Taikenban),バトルバ Vatlva (体験版),1996
victoryboxing,Victory Boxing,,Victory Boxing,,1995-12-14
virtuafighter,Virtua Fighter,,Virtua Fighter (Mihonban Hibaihin),Virtua Fighter バーチャファイター (見本盤 非売品),1994
virtuafighter2,Virtua Fighter 2,,Virtua Fighter 2 (Mihonban Hibaihin),Virtua Fighter 2 バーチャファイター2 (見本盤 非売品),1995
virus,Virus,,Virus (Tentō Haifuyō Demo Ban),Virus (店頭配付用　Demo版),1997
wakuwaku7,Waku Waku 7,わくわく7 Waku Waku Seven,Waku Waku 7 (Taikenban),わくわく7 Waku Waku Seven (体験版),1997
wakuwakupuyopuyodungeon,Waku Waku Puyo Puyo Dungeon (Taikenban),わくわく ぷよぷよ ダンジョン (体験版),Waku Waku Puyo Puyo Dungeon (Tokyo Game Show '98 Spring) (Taikenban),わくわく ぷよぷよ ダンジョン (Tokyo Game Show '98 Spring) (体験版),1998-03-20
wingarmskareinarugekitsuiou,WingArms: Kareinaru Gekitsuiō,WingArms 華麗なる撃墜王,WingArms: Kareinaru Gekitsuiō (Hibaihin Mihonban),WingArms ウイングアームズ 華麗なる撃墜王 (非売品　見本盤),1995
winterheat,Winter Heat,,Winter Heat (Demo Disc),,1998
wipeout2097,WipEout 2097 (Demo),,WipEout 2097 (Demo Disc),,1997
wipeout2097,WipEout 2097 (Demo),,Saturn Power No.5,,1997
wwfwrestlemania,WWF WrestleMania,,WWF WrestleMania: The Arcade Game (Demo Version),,1996
xmenchildrenoftheatom,X-Men: Children of the Atom (Ver. 3.00),,X-Men: Children of the Atom (Hibaihin),X-Men: Children of the Atom エックス・メン チルドレン　オブ　ジ　アトム (非売品),
yumimimix,Yumimi Mix,ゆみみ みっくす,Yumimi Mix Remix (Hibahin Autodemo),ゆみみみっくす Remix (非売品　オートデモ),1995
yuukyuugensoukyoku,Yūkyū Gensōkyoku,悠久幻想曲,Yūkyū Gensōkyoku (Tentō Jitsuen Ban),悠久幻想曲 (店頭実演版),1997
yuukyuugensoukyoku22ndalbum,Yūkyū Gensōkyoku 2: 2nd Album,悠久幻想曲2 2nd Album,Yūkyū Gensōkyoku 2: 2nd Album (Tentō Demo Ban),悠久幻想曲2 2nd Album (店頭デモ版),1998
decathlete,DecAthlete,DecAthlete デカスリート,DecAthlete,DecAthlete デカスリート,1996
dinoisland,Dino Island: Yokoku Hen,だいな♥ あいらん 予告編,Dino Island: Yokoku Hen,だいな♥ あいらん 予告編,1996-12-27
sandr,Puzzle & Action: Sand-R,Puzzle & Action サンドア～ル,2do Aru Koto wa Puzzle & Action: Sand-R,2度あることは Puzzle & Action サンドア～ル,1996
alientrilogy,Alien Trilogy,,Alien Trilogy,,1996-07-23
area51,Area 51,,Area 51,,1996-11-08
toushindenura,Battle Arena Toshinden URA: Ultimate Revenge Attack,,Battle Arena Toshinden URA: Ultimate Revenge Attack,,1996-11-08
burningrangers,Burning Rangers,,Burning Rangers,Burning Rangers バーニングレンジャー,1997-12-01
chaoscontrol,Chaos Control,,Chaos Control,,1996-05-29
clockworkknightpepperouchausadventure2,Clockwork Knight 2: Pepperouchau's Adventure,,Clockwork Knight 2,,1995-08-30
dnoshokutaku,D,,D,,1996-02-05
dnoshokutaku,D,,D,,1996-02-05
dariusgaiden,Darius Gaiden,,Darius Gaiden,,1995-12-21
kaiteidaisensou,In the Hunt,,In the Hunt,,1996-04-11
revolutionx,Revolution X Featuring Aerosmith,,Revolution X: Music Is the Weapon.,,1996-02-05
rise2resurrection,Rise 2: Resurrection,,Rise 2: Resurrection,,1996-03-05
shiningforce3scenario1outonokyoshin,Shining Force III,,Shining Force III,,1998-04-23
shiningwisdom,Shining Wisdom,,Shining Wisdom,,1996-04-09
shiningwisdom,Shining Wisdom,,Shining Wisdom,,1996-04-11
streetfighterzero,Street Fighter Alpha: Warriors' Dreams,,Street Fighter Alpha: Warriors' Dreams,,1995-12-22
