tag_name,tag_id
#players:1 #genre:action #disc:1>2 #multigame:compilation>timegal #port:arcade #lang:ja:en,1
#players:1 #genre:action #disc:2>2 #multigame:compilation>ninjahayate #port:arcade #lang:ja:en,2
#players:1 #genre:action #port:3do #lang:ja,3
#players:1 #genre:action #save:backup #port:pc #lang:en,4
#players:1 #genre:action #save:backup #port:pc #lang:ja,5
#players:1 #genre:action:adventure #addon:backup>powermemory #save:backup #lang:en,6
#players:1 #genre:action:adventure #addon:backup>powermemory #save:backup #lang:ja,7
#players:1 #genre:action:adventure #addon:backup>powermemory #save:backup #reboxed:satakore #lang:ja,8
#players:1 #genre:action:adventure #addon:controller>sbom:backup>powermemory #save:backup #lang:ja,9
#players:1 #genre:action:adventure #lang:en:fr:de #unfinished:demo,10
#players:1 #genre:action:adventure #lang:ja #unfinished:demo,11
#players:1 #genre:action:adventure #save:backup #based:manganime #lang:ja,12
#players:1 #genre:action:adventure #save:backup #lang:en:fr:de,13
#players:1 #genre:action:adventure:rpg>j:fighting:sports>boxing:sim>date>life:notagame>media #multigame:compilation>tombraider>tengaimakyoudaiyonnomokushirokutheapocalypse4>funkyheadboxers>roommateinoueryouko>emukimiwotsutaete>quovadis #lang:ja #unfinished:demo,14
#players:1 #genre:action:adventure:shooting>fps:notagame>media #multigame:compilation>tombraider>swagman>blammachinehead>fightingforce #lang:en #unfinished:demo,15
#players:1 #genre:action:adventure:shooting>fps:notagame>media #multigame:compilation>tombraider>swagman>blammachinehead>fightingforce #reboxed #lang:en #unfinished:demo,16
#players:1 #genre:action:adventure>survivalhorror #addon:backup>powermemory #save:backup #port:sony>playstation #lang:en,17
#players:1 #genre:action:adventure>survivalhorror #addon:backup>powermemory #save:backup #port:sony>playstation #lang:ja,18
#players:1 #genre:action:adventure>survivalhorror #addon:controller>3dpad:backup>powermemory #save:backup #disc:1>2 #lang:en,19
#players:1 #genre:action:adventure>survivalhorror #addon:controller>3dpad:backup>powermemory #save:backup #disc:1>2 #lang:en #unlicensed,20
#players:1 #genre:action:adventure>survivalhorror #addon:controller>3dpad:backup>powermemory #save:backup #disc:1>2 #lang:ja,21
#players:1 #genre:action:adventure>survivalhorror #addon:controller>3dpad:backup>powermemory #save:backup #disc:2>2 #lang:en,22
#players:1 #genre:action:adventure>survivalhorror #addon:controller>3dpad:backup>powermemory #save:backup #disc:2>2 #lang:en #unlicensed,23
#players:1 #genre:action:adventure>survivalhorror #addon:controller>3dpad:backup>powermemory #save:backup #disc:2>2 #lang:ja,24
#players:1 #genre:action:puzzle #addon:backup>powermemory #save:backup #based:movie #port:nintendo>gameboy #lang:en,25
#players:1 #genre:action:puzzle #addon:backup>powermemory #save:backup #based:movie #port:nintendo>gameboy #lang:en:fr:de,26
#players:1 #genre:action:puzzle #addon:backup>powermemory #save:backup #based:movie #port:nintendo>gameboy #lang:ja,27
#players:1 #genre:action:puzzle #save:backup #lang:en:fr:de:es:it,28
#players:1 #genre:action:racing #addon:controller>arcaderacer:backup>powermemory #save:backup #port:sony>playstation #lang:en,29
#players:1 #genre:action:racing #disc:2>2 #multigame:compilation>roadblaster #port:arcade #lang:en,30
#players:1 #genre:action:shmup>i #save:backup:password #search:keyword>brand #lang:en,31
#players:1 #genre:action:shooting>tps #addon:controller>3dpad:backup>powermemory #save:backup #lang:en,32
#players:1 #genre:action:shooting>tps #addon:controller>3dpad:backup>powermemory #save:backup #lang:ja,33
#players:1 #genre:action:shooting>tps #addon:controller>3dpad:backup>powermemory #save:backup #lang:ja #unfinished:beta,34
#players:1 #genre:action:shooting>tps #addon:controller>3dpad:backup>powermemory #save:backup #lang:ja #unfinished:demo,35
#players:1 #genre:action:sports>cycling #addon:backup>powermemory #save:backup:password #search:keyword>brand #lang:en,36
#players:1 #genre:action:sports>cycling #addon:backup>powermemory #save:backup:password #search:keyword>brand #lang:ja,37
#players:1 #genre:action:sports>cycling #save:backup:password #addon:backup>powermemory #search:keyword>brand #lang:en:fr:de:it,38
#players:1 #genre:action>hackandslash #addon:backup>powermemory #save:backup:password #based:movie #lang:en,39
#players:1 #genre:action>hackandslash #addon:backup>powermemory #save:backup:password #based:movie #lang:en:fr:de,40
#players:1 #genre:action>hackandslash #based:movie #lang:de,41
#players:1 #genre:action>hackandslash #based:movie #lang:en,42
#players:1 #genre:action>hackandslash #save:password #based:marvel #lang:en,43
#players:1 #genre:action>hackandslash #save:password #based:marvel #lang:en:fr:de:es:it,44
#players:1 #genre:action>hackandslash:adventure #port:pc #lang:ja,45
#players:1 #genre:action>hackandslash>platformer #based #lang:ja,46
#players:1 #genre:action>hackandslash>platformer #lang:en,47
#players:1 #genre:action>hackandslash>platformer #lang:ja,48
#players:1 #genre:action>hackandslash>platformer:shooting>rail #save:backup #based #lang:en,49
#players:1 #genre:action>hackandslash>platformer:shooting>rail #save:backup #based #lang:en:fr:de:es:it,50
#players:1 #genre:action>maze #addon:controller>sbom:multitap>6player #save:backup #lang:ja #unfinished:demo,51
#players:1 #genre:action>maze:notagame>media #multigame:compilation>saturnbomberman>dennousenkivirtualon>sakurataisen>tengaimakyoudaiyonnomokushirokutheapocalypse4 #lang:ja #unfinished:demo,52
#players:1 #genre:action>maze:puzzle>drop:fighting:notagame>media #multigame:compilation>saturnbomberman>shingatakururinpa>ultramanzukan>worldheroesperfect>darksavior>sakurataisen #based #lang:ja #unfinished:demo,53
#players:1 #genre:action>maze:sim>strategy:notagame>media #multigame:compilation>saturnbombermanfight>soukuunotsubasagothaworld>azelpanzerdragoonrpg>burningrangers>kindaichishounennojikenbohoshimitoukanashiminofukushuuki>machi>sakamotoryuumaishinkaikoku>sentimentalgraffiti>winterheat #lang:ja #unfinished:demo,54
#players:1 #genre:action>platformer #addon:backup>powermemory #save:backup #lang:en,55
#players:1 #genre:action>platformer #addon:backup>powermemory #save:backup #lang:en #alt,56
#players:1 #genre:action>platformer #addon:backup>powermemory #save:backup #lang:en #unfinished:demo,57
#players:1 #genre:action>platformer #addon:backup>powermemory #save:backup #lang:en #unfinished:demo #alt,58
#players:1 #genre:action>platformer #addon:backup>powermemory #save:backup #port:atari>jaguar #lang:en,59
#players:1 #genre:action>platformer #addon:backup>powermemory #save:backup #port:atari>jaguar #lang:en #unfinished:demo,60
#players:1 #genre:action>platformer #addon:backup>powermemory #save:backup #port:atari>jaguar #lang:en:fr:de,61
#players:1 #genre:action>platformer #addon:backup>powermemory #save:backup #port:atari>jaguar #lang:en:fr:de #alt,62
#players:1 #genre:action>platformer #addon:backup>powermemory #save:backup #port:atari>jaguar #lang:ja,63
#players:1 #genre:action>platformer #addon:controller>3dpad #port:sega>megadrive #search:feature>sonic #lang:en,64
#players:1 #genre:action>platformer #addon:controller>3dpad #port:sega>megadrive #search:feature>sonic #lang:ja,65
#players:1 #genre:action>platformer #addon:controller>3dpad #search:keyword>qsound #lang:en #unfinished:demo,66
#players:1 #genre:action>platformer #addon:controller>3dpad #search:keyword>qsound #lang:ja #unfinished:demo,67
#players:1 #genre:action>platformer #addon:controller>3dpad:backup>powermemory #search:keyword>dolby #save:backup #lang:en,68
#players:1 #genre:action>platformer #addon:controller>3dpad:backup>powermemory #search:keyword>dolby #save:backup #lang:ja,69
#players:1 #genre:action>platformer #lang:en,70
#players:1 #genre:action>platformer #lang:en #unfinished:beta,71
#players:1 #genre:action>platformer #lang:ja,72
#players:1 #genre:action>platformer #multigame:compilation>castleofillusionfushiginooshirodaibouken>quackshotgaruziaounohihou #based:disney #search:feature>mickey>donald #port:sega>megadrive #lang:ja,73
#players:1 #genre:action>platformer #reboxed #search:keyword>promo #lang:en,74
#players:1 #genre:action>platformer #save:backup #based:manganime #lang:ja,75
#players:1 #genre:action>platformer #save:backup #lang:ja,76
#players:1 #genre:action>platformer #save:backup #multigame:compilation>clockworkknightpepperouchausadventure>clockworkknightpepperouchausadventure2 #lang:ja,77
#players:1 #genre:action>platformer #save:backup #port:nintendo>superfamicom #lang:en,78
#players:1 #genre:action>platformer #save:backup #port:nintendo>superfamicom #lang:ja,79
#players:1 #genre:action>platformer #save:password #port:3do #lang:en,80
#players:1 #genre:action>platformer #save:password #port:3do #lang:ja,81
#players:1 #genre:action>platformer #save:password #port:sega>megadrive #lang:en,82
#players:1 #genre:action>platformer #save:password #port:sony>playstation #lang:en,83
#players:1 #genre:action>platformer #save:password #port:sony>playstation #lang:ja,84
#players:1 #genre:action>platformer:minigames:rhythm>karaoke:notagame>slideshow>media #addon:controller>3dpad #save:backup #search:feature>sonic #lang:en,85
#players:1 #genre:action>platformer:minigames:rhythm>karaoke:notagame>slideshow>media #addon:controller>3dpad #save:backup #search:feature>sonic #lang:ja,86
#players:1 #genre:action>platformer:notagame>media #multigame:compilation>supertempo>elfwokarumonotachi2>meltylancerreinforce>princessmakeryumemiruyousei>shadowsofthetusk>shiningforce3scenario2nerawaretamiko>shoujokakumeiutenaitsukakakumeisarerumonogatari>sorvice>superadventurerockman>wachenroeder #lang:ja #unfinished:demo,87
#players:1 #genre:action>platformer:notagame>media #save:backup #multigame:compilation>clockworkknightpepperouchausadventure2>gakkounokaidan>riglordsaga>shiningwisdom>magicknightrayearthss>worldadvanceddaisenryakukoutetsunosenpuu #lang:ja #unfinished:demo,88
#players:1 #genre:action>platformer:puzzle #save:backup #port:sony>playstation #lang:ja #unfinished:proto,89
#players:1 #genre:action>platformer:racing:sports>rally>baseball:notagame>media #multigame:compilation>bug>clockworkknightpepperouchausadventure2>segarallychampionship>hideonomoworldseriesbaseball #lang:en,90
#players:1 #genre:action>platformer:racing:sports>rally>baseball:notagame>media #multigame:compilation>bug>clockworkknightpepperouchausadventure2>segarallychampionship>hideonomoworldseriesbaseball #lang:en #alt,91
#players:1 #genre:action>platformer:racing:sports>rally>baseball:notagame>media #multigame:compilation>bug>clockworkknightpepperouchausadventure2>segarallychampionship>hideonomoworldseriesbaseball #lang:en #rev:a,92
#players:1 #genre:action>platformer:racing:sports>rally>baseball:notagame>media #multigame:compilation>bug>clockworkknightpepperouchausadventure2>segarallychampionship>hideonomoworldseriesbaseball #lang:en #rev:a #alt,93
#players:1 #genre:action>platformer:racing:sports>rally>baseball:notagame>media #multigame:compilation>clockworkknightpepperouchausadventure2>segarallychampionship>hideonomoworldseriesbaseball #lang:en,94
#players:1 #genre:action>platformer:racing:sports>rally>baseball:notagame>media #multigame:compilation>clockworkknightpepperouchausadventure2>segarallychampionship>hideonomoworldseriesbaseball #lang:en #alt:1,95
#players:1 #genre:action>platformer:racing:sports>rally>baseball:notagame>media #multigame:compilation>clockworkknightpepperouchausadventure2>segarallychampionship>hideonomoworldseriesbaseball #lang:en #alt:2,96
#players:1 #genre:action>platformer:shmup>h #multigame:compilation>keiouyuugekitai>keiouyuugekitaikatsugekihen #lang:ja #unfinished:demo,97
#players:1 #genre:action>platformer:shmup>h #save:backup #lang:en,98
#players:1 #genre:action>platformer:shmup>h #save:backup #lang:ja,99
#players:1 #genre:action>platformer>blockbreaker:rhythm:shmup #save:backup #disc:1>2 #search:keyword>endorsed #lang:en,100
#players:1 #genre:action>platformer>blockbreaker:rhythm:shmup #save:backup #disc:1>2 #search:keyword>endorsed #lang:ja,101
#players:1 #genre:action>platformer>blockbreaker:rhythm:shmup #save:backup #disc:2>2 #search:keyword>endorsed #lang:en,102
#players:1 #genre:action>platformer>blockbreaker:rhythm:shmup #save:backup #disc:2>2 #search:keyword>endorsed #lang:ja,103
#players:1 #genre:action>platformer>blockbreaker:rhythm:shmup #search:keyword>endorsed #lang:ja #unfinished:demo,104
#players:1 #genre:action>platformer>hackandslash #addon:controller>3dpad:backup>powermemory #save:backup #based:movie:jurassicpark #port:sony>playstation #lang:en,105
#players:1 #genre:action>platformer>hackandslash #addon:controller>3dpad:backup>powermemory #save:password #based:movie:jurassicpark #port:sony>playstation #lang:en,106
#players:1 #genre:action>platformer>hackandslash>metroidvania #save:backup #port:sony>playstation #search:franchise>castlevania:feature>dracula #lang:ja,107
#players:1 #genre:action>platformer>runandgun #addon:backup>powermemory #save:backup #port:sony>playstation #lang:en,108
#players:1 #genre:action>platformer>runandgun #addon:backup>powermemory #save:backup #port:sony>playstation #lang:ja,109
#players:1 #genre:action>platformer>runandgun #addon:backup>powermemory #save:backup #port:sony>playstation #reboxed:satakore #lang:ja,110
#players:1 #genre:action>platformer>runandgun #save:backup #based:manganime #lang:ja,111
#players:1 #genre:action>platformer>runandgun #save:backup #lang:en,112
#players:1 #genre:action>platformer>runandgun #save:backup #lang:ja,113
#players:1 #genre:action>platformer>runandgun #save:backup #reboxed #lang:ja,114
#players:1 #genre:action>platformer>runandgun #save:backup #reboxed:satakore #lang:ja,115
#players:1 #genre:action>runandgun #addon:backup>powermemory #save:backup #lang:en,116
#players:1 #genre:action>runandgun #addon:backup>powermemory #save:backup #lang:en:fr:de:es,117
#players:1 #genre:action>runandgun #addon:backup>powermemory #save:backup #lang:ja,118
#players:1 #genre:action>runandgun #addon:backup>powermemory>fddsaturn #save:backup #port:pc #lang:de,119
#players:1 #genre:action>runandgun #addon:backup>powermemory>fddsaturn #save:backup #port:pc #lang:en,120
#players:1 #genre:action>runandgun #addon:backup>powermemory>fddsaturn #save:backup #port:pc #lang:fr,121
#players:1 #genre:action>runandgun #save:backup #lang:ja,122
#players:1 #genre:action>runandgun #save:backup #lang:ja #unfinished:demo,123
#players:1 #genre:action>runandgun #save:backup #port:pc #lang:en #unfinished:proto,124
#players:1 #genre:action>runandgun #save:backup #reboxed:satakore #lang:ja #rev:a,125
#players:1 #genre:action>runandgun:rpg>j>a:shooting>tps:notagame>application>media #multigame:compilation>silhouettemirage>boukenkatsugekimonomono>bulkslash>dezaemon2>realsoundkazenoregret>daisuki>princesscrown>masterofmonstersneogenerations>fightershistorydynamite>mariakimitachigaumaretawake #lang:ja #unfinished:demo,126
#players:1 #genre:action>runandgun:shmup #save:backup #lang:ja,127
#players:1 #genre:action>runandgun>hackandslash:shmup>h #save:backup #based:manganime #search:feature>gundam #lang:ja,128
#players:1 #genre:action>runandgun>hackandslash:shmup>h #save:backup #based:manganime #search:feature>gundam #reboxed:satakore #lang:ja #rev:a,129
#players:1 #genre:action>runandgun>platformer #port:sony>playstation #lang:ja #unfinished:demo,130
#players:1 #genre:action>runandgun>platformer #save:backup #port:sony>playstation #lang:ja,131
#players:1 #genre:action>runandgun>platformer #save:password #lang:en,132
#players:1 #genre:action>runandgun>platformer:shmup>i #save:backup #lang:ja,133
#players:1 #genre:action>runandgun>platformer:shmup>i #save:backup #lang:ja #alt,134
#players:1 #genre:adventure #addon:backup>powermemory #save:backup #based:manganime #lang:ja,135
#players:1 #genre:adventure #addon:backup>powermemory #save:backup #based:manganime #reboxed #lang:ja,136
#players:1 #genre:adventure #addon:backup>powermemory #save:backup #disc:1>2 #based:manganime #lang:ja,137
#players:1 #genre:adventure #addon:backup>powermemory #save:backup #disc:1>2 #lang:en,138
#players:1 #genre:adventure #addon:backup>powermemory #save:backup #disc:1>2 #lang:ja,139
#players:1 #genre:adventure #addon:backup>powermemory #save:backup #disc:1>2 #lang:ja #alt,140
#players:1 #genre:adventure #addon:backup>powermemory #save:backup #disc:1>2 #port:nec>pc98 #lang:ja,141
#players:1 #genre:adventure #addon:backup>powermemory #save:backup #disc:2>2 #based:manganime #lang:ja,142
#players:1 #genre:adventure #addon:backup>powermemory #save:backup #disc:2>2 #lang:en,143
#players:1 #genre:adventure #addon:backup>powermemory #save:backup #disc:2>2 #lang:ja,144
#players:1 #genre:adventure #addon:backup>powermemory #save:backup #disc:2>2 #lang:ja #alt,145
#players:1 #genre:adventure #addon:backup>powermemory #save:backup #disc:2>2 #port:nec>pc98 #lang:ja,146
#players:1 #genre:adventure #addon:backup>powermemory #save:backup #lang:de,147
#players:1 #genre:adventure #addon:backup>powermemory #save:backup #lang:en,148
#players:1 #genre:adventure #addon:backup>powermemory #save:backup #lang:en #alt,149
#players:1 #genre:adventure #addon:backup>powermemory #save:backup #lang:es,150
#players:1 #genre:adventure #addon:backup>powermemory #save:backup #lang:fr,151
#players:1 #genre:adventure #addon:backup>powermemory #save:backup #lang:ja,152
#players:1 #genre:adventure #addon:backup>powermemory #save:backup #lang:ja #alt:1,153
#players:1 #genre:adventure #addon:backup>powermemory #save:backup #lang:ja #alt:2,154
#players:1 #genre:adventure #addon:backup>powermemory #save:backup #port:nec>cdromrom #lang:ja,155
#players:1 #genre:adventure #addon:backup>powermemory #save:backup #port:nec>pc88 #lang:ja,156
#players:1 #genre:adventure #addon:controller>3dpad:mouse>saturn #save:backup #port:nec>pc98 #disc:1>2 #reboxed:genteiban #lang:ja,157
#players:1 #genre:adventure #addon:controller>3dpad:mouse>saturn #save:backup #port:nec>pc98 #lang:ja,158
#players:1 #genre:adventure #addon:mouse>saturn #port:pc #lang:ja,159
#players:1 #genre:adventure #addon:mouse>saturn #port:sega>megacd #lang:ja #unfinished:demo>auto,160
#players:1 #genre:adventure #addon:mouse>saturn #save:backup #disc:1>2 #port:pc #lang:en:es:de,161
#players:1 #genre:adventure #addon:mouse>saturn #save:backup #disc:1>2 #port:pc #lang:fr,162
#players:1 #genre:adventure #addon:mouse>saturn #save:backup #disc:1>3 #port:nec>pc98 #lang:ja,163
#players:1 #genre:adventure #addon:mouse>saturn #save:backup #disc:1>3 #port:nec>pc98 #reboxed:genteiban #lang:ja,164
#players:1 #genre:adventure #addon:mouse>saturn #save:backup #disc:2>2 #port:pc #lang:en:es:de,165
#players:1 #genre:adventure #addon:mouse>saturn #save:backup #disc:2>2 #port:pc #lang:fr,166
#players:1 #genre:adventure #addon:mouse>saturn #save:backup #disc:2>3 #port:nec>pc98 #lang:ja,167
#players:1 #genre:adventure #addon:mouse>saturn #save:backup #disc:2>3 #port:nec>pc98 #reboxed:genteiban #lang:ja,168
#players:1 #genre:adventure #addon:mouse>saturn #save:backup #disc:3>3 #port:nec>pc98 #lang:ja,169
#players:1 #genre:adventure #addon:mouse>saturn #save:backup #disc:3>3 #port:nec>pc98 #reboxed:genteiban #lang:ja,170
#players:1 #genre:adventure #addon:mouse>saturn #save:backup #lang:ja,171
#players:1 #genre:adventure #addon:mouse>saturn #save:backup #port:pc #lang:ja,172
#players:1 #genre:adventure #addon:mouse>saturn #save:backup #port:pc #lang:ja #rev:a,173
#players:1 #genre:adventure #addon:mouse>saturn #save:backup #port:sega>megacd #lang:ja,174
#players:1 #genre:adventure #addon:mouse>saturn:backup>powermemory #save:backup #disc:1>2 #lang:ja,175
#players:1 #genre:adventure #addon:mouse>saturn:backup>powermemory #save:backup #disc:2>2 #lang:ja,176
#players:1 #genre:adventure #addon:mouse>saturn:backup>powermemory #save:backup #lang:ja,177
#players:1 #genre:adventure #addon:mouse>saturn:backup>powermemory #save:backup #lang:ja #unfinished:demo,178
#players:1 #genre:adventure #addon:mouse>saturn:backup>powermemory #save:backup #port:apple>mac #lang:en,179
#players:1 #genre:adventure #addon:mouse>saturn:backup>powermemory #save:backup #port:apple>mac #lang:en:fr:de:es,180
#players:1 #genre:adventure #addon:mouse>saturn:backup>powermemory #save:backup #port:apple>mac #lang:ja,181
#players:1 #genre:adventure #addon:mouse>saturn:backup>powermemory #save:backup #port:apple>mac #lang:ja #rev:a,182
#players:1 #genre:adventure #addon:mouse>saturn:backup>powermemory #save:backup #port:apple>mac #lang:ko,183
#players:1 #genre:adventure #addon:mouse>saturn:backup>powermemory #save:backup #port:apple>mac #lang:zh,184
#players:1 #genre:adventure #lang:ja #unfinished:demo,185
#players:1 #genre:adventure #save:backup #based:manganime #disc:1>2 #lang:ja,186
#players:1 #genre:adventure #save:backup #based:manganime #disc:2>2 #lang:ja,187
#players:1 #genre:adventure #save:backup #based:manganime #lang:ja,188
#players:1 #genre:adventure #save:backup #based:manganime #lang:ja #alt,189
#players:1 #genre:adventure #save:backup #based:manganime #lang:ko,190
#players:1 #genre:adventure #save:backup #based:manganime #reboxed:genteiban #lang:ja,191
#players:1 #genre:adventure #save:backup #disc:1>2 #based:manganime #lang:ja,192
#players:1 #genre:adventure #save:backup #disc:1>2 #lang:ja,193
#players:1 #genre:adventure #save:backup #disc:1>2 #lang:ja #unfinished:demo,194
#players:1 #genre:adventure #save:backup #disc:1>2 #port:sega>megacd #lang:en,195
#players:1 #genre:adventure #save:backup #disc:1>2 #search:feature>dracula #lang:ja,196
#players:1 #genre:adventure #save:backup #disc:1>3 #based #port:sony>playstation #lang:ja,197
#players:1 #genre:adventure #save:backup #disc:1>3 #based:manganime #port:sony>playstation #lang:ja,198
#players:1 #genre:adventure #save:backup #disc:1>3 #lang:ja,199
#players:1 #genre:adventure #save:backup #disc:1>3 #port:pc #lang:ja,200
#players:1 #genre:adventure #save:backup #disc:1>3 #reboxed:koeibest #lang:ja,201
#players:1 #genre:adventure #save:backup #disc:1>4 #lang:ja,202
#players:1 #genre:adventure #save:backup #disc:1>4 #lang:ja #alt,203
#players:1 #genre:adventure #save:backup #disc:1>4 #port:nec>pc98 #lang:ja,204
#players:1 #genre:adventure #save:backup #disc:1>4 #port:nec>pc98 #reboxed #lang:ja,205
#players:1 #genre:adventure #save:backup #disc:1>4 #port:nec>pc98 #reboxed:genteiban #lang:ja,206
#players:1 #genre:adventure #save:backup #disc:2>2 #lang:ja,207
#players:1 #genre:adventure #save:backup #disc:2>2 #port:sega>megacd #lang:en,208
#players:1 #genre:adventure #save:backup #disc:2>2 #search:feature>dracula #lang:ja,209
#players:1 #genre:adventure #save:backup #disc:2>3 #based #port:sony>playstation #lang:ja,210
#players:1 #genre:adventure #save:backup #disc:2>3 #based:manganime #port:sony>playstation #lang:ja,211
#players:1 #genre:adventure #save:backup #disc:2>3 #lang:ja,212
#players:1 #genre:adventure #save:backup #disc:2>3 #port:pc #lang:ja,213
#players:1 #genre:adventure #save:backup #disc:2>3 #reboxed:koeibest #lang:ja,214
#players:1 #genre:adventure #save:backup #disc:2>4 #lang:ja,215
#players:1 #genre:adventure #save:backup #disc:2>4 #lang:ja #alt,216
#players:1 #genre:adventure #save:backup #disc:2>4 #port:nec>pc98 #lang:ja,217
#players:1 #genre:adventure #save:backup #disc:2>4 #port:nec>pc98 #reboxed #lang:ja,218
#players:1 #genre:adventure #save:backup #disc:2>4 #port:nec>pc98 #reboxed:genteiban #lang:ja,219
#players:1 #genre:adventure #save:backup #disc:3>3 #based #port:sony>playstation #lang:ja,220
#players:1 #genre:adventure #save:backup #disc:3>3 #based:manganime #lang:ja,221
#players:1 #genre:adventure #save:backup #disc:3>3 #lang:ja,222
#players:1 #genre:adventure #save:backup #disc:3>3 #port:pc #lang:ja,223
#players:1 #genre:adventure #save:backup #disc:3>3 #reboxed:koeibest #lang:ja,224
#players:1 #genre:adventure #save:backup #disc:3>4 #lang:ja,225
#players:1 #genre:adventure #save:backup #disc:3>4 #lang:ja #alt,226
#players:1 #genre:adventure #save:backup #disc:3>4 #port:nec>pc98 #lang:ja,227
#players:1 #genre:adventure #save:backup #disc:3>4 #port:nec>pc98 #reboxed #lang:ja,228
#players:1 #genre:adventure #save:backup #disc:3>4 #port:nec>pc98 #reboxed:genteiban #lang:ja,229
#players:1 #genre:adventure #save:backup #disc:4>4 #lang:ja,230
#players:1 #genre:adventure #save:backup #disc:4>4 #lang:ja #alt,231
#players:1 #genre:adventure #save:backup #disc:4>4 #port:nec>pc98 #lang:ja,232
#players:1 #genre:adventure #save:backup #disc:4>4 #port:nec>pc98 #reboxed:genteiban #lang:ja,233
#players:1 #genre:adventure #save:backup #lang:ja,234
#players:1 #genre:adventure #save:backup #lang:ja #unfinished:demo,235
#players:1 #genre:adventure #save:backup #lang:ja #unfinished:demo>1,236
#players:1 #genre:adventure #save:backup #lang:ja #unfinished:demo>2,237
#players:1 #genre:adventure #save:backup #port:nec>cdromrom #lang:ja,238
#players:1 #genre:adventure #save:backup #port:nec>pc88 #lang:ja,239
#players:1 #genre:adventure #save:backup #port:nec>pc98 #lang:ja,240
#players:1 #genre:adventure #save:backup #port:nec>pc98 #search:keyword>strip #lang:ja,241
#players:1 #genre:adventure #save:backup #port:pc #lang:ja,242
#players:1 #genre:adventure #save:backup #port:sony>playstation #lang:ja,243
#players:1 #genre:adventure #save:backup #reboxed:genteiban #lang:ja,244
#players:1 #genre:adventure #save:backup #search:feature>sonic #lang:ja,245
#players:1 #genre:adventure #save:backup #search:keyword>endorsed #lang:ja,246
#players:1 #genre:adventure:minigames:board>jankenpon #save:backup #search:keyword>strip #lang:ja,247
#players:1 #genre:adventure:minigames:shmup>v:board>mahjong #save:backup #disc:1>2 #lang:ja,248
#players:1 #genre:adventure:minigames:shmup>v:board>mahjong #save:backup #disc:1>2 #reboxed:genteiban #lang:ja,249
#players:1 #genre:adventure:minigames:sports>hockey>baseball>golf #addon:controller>3dpad #save:backup #lang:ja,250
#players:1 #genre:adventure:minigames:sports>hockey>baseball>golf #addon:controller>3dpad #save:backup #reboxed:genteiban #lang:ja,251
#players:1 #genre:adventure:notagame>educational #save:backup #lang:ja,252
#players:1 #genre:adventure:notagame>media #multigame:compilation>kidousenkannadesicotheblankof3years>backguineryomigaeruyuushatachihishouhenuragirinosenjou>capcomgeneration2>digitalmonsterversdigimontamers>millenniumfire>dragonforce2kamisarishidaichini>virtuafighter2>bakubakuanimal>sonicjam>puyopuyosun>puzzlebobble2>nihonpromahjongrenmeikounindoujouyaburi>metalblack>bulkslash>langrisser4>kochirakatsushikakukamearikouenmaehashutsujonakagawalanddairacenomaki>kodenkoureijutsuhyakumonogatarihontoniattakowaihanashi>momotaroudouchuuki>segatasanshiroushinkenyuugi>shiningforce3scenario3hyouhekinojashinguu>simulationrpgtsukuru #based:manganime #search:feature>sonic #lang:ja #unfinished:demo,253
#players:1 #genre:adventure:notagame>media #search:keyword>endorsed #lang:ja,254
#players:1 #genre:adventure:notagame>media #search:keyword>endorsed #lang:ja #alt,255
#players:1 #genre:adventure:notagame>slideshow #addon:expansion>ramcartridge1m>ramcartridge4m #save:backup #disc:2>2 #port:pc #lang:ja,256
#players:1 #genre:adventure:parlor>pachinko:sim>derby #save:backup #lang:ja,257
#players:1 #genre:adventure:puzzle #addon:mouse>saturn #save:backup #lang:ja,258
#players:1 #genre:adventure:rpg #addon:backup>powermemory #save:backup #disc:1>2 #lang:ja,259
#players:1 #genre:adventure:rpg #addon:expansion>moviecard:backup>powermemory #save:backup #disc:3>5 #multigame:compilation>yuukyuugensoukyokuensemble #reboxed #lang:ja,260
#players:1 #genre:adventure:rpg #addon:expansion>moviecard:backup>powermemory #save:backup #disc:4>5 #multigame:compilation>yuukyuugensoukyokuensemble2 #reboxed #lang:ja,261
#players:1 #genre:adventure:rpg #addon:expansion>moviecard:backup>powermemory #save:backup #lang:ja,262
#players:1 #genre:adventure:rpg #based #port:pc #lang:ja,263
#players:1 #genre:adventure:rpg #save:backup #disc:1>2 #port:pc #lang:ja,264
#players:1 #genre:adventure:rpg #save:backup #disc:2>2 #port:pc #lang:ja,265
#players:1 #genre:adventure:rpg:sim>strategy #addon:backup>powermemory #save:backup #lang:ja,266
#players:1 #genre:adventure:rpg>a #save:backup #disc:1>2 #port:nec>pc88 #multigame:compilation>taiyounoshindenasteka2>ys2 #reboxed:genteiban #lang:ja,267
#players:1 #genre:adventure:rpg>a #save:backup #port:nec>pc88 #multigame:compilation>taiyounoshindenasteka2>ys2 #lang:ja,268
#players:1 #genre:adventure:rpg>dungeoncrawler #addon:backup>powermemory #save:backup #disc:1>2 #multigame:compilation>shinmegamitenseidevilsummoner #reboxed #lang:ja #rev:a,269
#players:1 #genre:adventure:rpg>dungeoncrawler #addon:backup>powermemory #save:backup #lang:ja,270
#players:1 #genre:adventure:rpg>dungeoncrawler #addon:backup>powermemory #save:backup #reboxed:satakore #lang:ja #rev:a,271
#players:1 #genre:adventure:rpg>dungeoncrawler #save:backup #disc:1>2 #lang:ja,272
#players:1 #genre:adventure:rpg>dungeoncrawler #save:backup #disc:2>2 #lang:ja,273
#players:1 #genre:adventure:rpg>dungeoncrawler>s #save:backup #multigame:compilation>devilsummonersoulhackers>ronde #lang:ja #unfinished:demo>1,274
#players:1 #genre:adventure:rpg>dungeoncrawler>s #save:backup #multigame:compilation>devilsummonersoulhackers>ronde #lang:ja #unfinished:demo>2,275
#players:1 #genre:adventure:rpg>dungeoncrawler>s:sim>date:fighting:notagame>media #multigame:compilation>crosstanteimonogatarimotsuretananatsunolabyrinth>dungeonmasternexus>sakurataisen2kimishinitamoukotonakare>savaki>ayakashinindenkunoichiban>dragonforce2kamisarishidaichini>thehouseofthedead>kof97>tokimekimemorialdramaseriesvol2irodorinolovesong>wakuwakupuyopuyodungeon #lang:ja #unfinished:demo,276
#players:1 #genre:adventure:rpg>s #addon:backup>powermemory #save:backup #based:manganime #lang:ja,277
#players:1 #genre:adventure:rpg>s #addon:backup>powermemory #save:backup #based:manganime #lang:ja #alt,278
#players:1 #genre:adventure:rpg>s #save:backup #lang:ja,279
#players:1 #genre:adventure:rpg>s:sim>fishing:notagame>media #multigame:compilation>crosstanteimonogatarimotsuretananatsunolabyrinth>langrisser5theendoflegend>murakoshiseikainobakuchounihonrettou>deepfear>eberougespecialkoitomahounogakuenseikatsu>mizukishigerunoyoukaizukansoushuuhen>nihondaihyouteamnokantokuninarousekaihatsusoccerrpg>ultramanzukan3>worldcup98franceroadtowin #based #search:keyword>endorsed #lang:ja #unfinished:demo,280
#players:1 #genre:adventure:shmup>v #save:backup #multigame:compilation>suchiepaiadventuredokidokinightmarethethrobbingnightmare #disc:3>3 #lang:ja,281
#players:1 #genre:adventure:shooting>gallery #addon:controller>missionstick:mouse>saturn:backup>powermemory #save:backup #port:pc #lang:en:fr:de,282
#players:1 #genre:adventure:shooting>gallery #addon:controller>missionstick:mouse>saturn:backup>powermemory #save:backup #port:pc #lang:ja,283
#players:1 #genre:adventure:shooting>gallery #save:backup #disc:1>3 #lang:ja,284
#players:1 #genre:adventure:shooting>gallery #save:backup #disc:1>3 #reboxed #lang:ja,285
#players:1 #genre:adventure:shooting>gallery #save:backup #disc:2>3 #lang:ja,286
#players:1 #genre:adventure:shooting>gallery #save:backup #disc:2>3 #reboxed #lang:ja,287
#players:1 #genre:adventure:shooting>gallery #save:backup #disc:3>3 #lang:ja,288
#players:1 #genre:adventure:shooting>gallery #save:backup #disc:3>3 #reboxed #lang:ja,289
#players:1 #genre:adventure:sim #addon:expansion>ramcartridge1m>ramcartridge4m #save:backup #disc:1>3 #lang:ja,290
#players:1 #genre:adventure:sim #addon:expansion>ramcartridge1m>ramcartridge4m #save:backup #disc:1>3 #reboxed:genteiban #lang:ja,291
#players:1 #genre:adventure:sim #addon:expansion>ramcartridge1m>ramcartridge4m #save:backup #disc:2>3 #lang:ja,292
#players:1 #genre:adventure:sim #addon:expansion>ramcartridge1m>ramcartridge4m #save:backup #disc:2>3 #reboxed:genteiban #lang:ja,293
#players:1 #genre:adventure:sim #addon:expansion>ramcartridge1m>ramcartridge4m #save:backup #disc:3>3 #lang:ja,294
#players:1 #genre:adventure:sim #addon:expansion>ramcartridge1m>ramcartridge4m #save:backup #disc:3>3 #reboxed:genteiban #lang:ja,295
#players:1 #genre:adventure:sim #save:backup #based:manganime #lang:ja,296
#players:1 #genre:adventure:sim:quiz #save:backup #lang:ja,297
#players:1 #genre:adventure:sim:quiz #save:backup #reboxed #lang:ja,298
#players:1 #genre:adventure:sim>cardgame #save:backup #port:pc #lang:ja,299
#players:1 #genre:adventure:sim>date #addon:backup>powermemory #save:backup #lang:ja,300
#players:1 #genre:adventure:sim>date #addon:backup>powermemory #save:backup #reboxed:genteiban #lang:ja,301
#players:1 #genre:adventure:sim>date #addon:controller>3dpad:mouse>saturn #save:backup #disc:1>2 #lang:ja,302
#players:1 #genre:adventure:sim>date #addon:controller>3dpad:mouse>saturn #save:backup #disc:2>2 #lang:ja,303
#players:1 #genre:adventure:sim>date #addon:mouse>saturn #save:backup #disc:1>2 #port:nec>pc98 #lang:ja,304
#players:1 #genre:adventure:sim>date #addon:mouse>saturn #save:backup #disc:2>2 #port:nec>pc98 #lang:ja,305
#players:1 #genre:adventure:sim>date #save:backup #addon:mouse>saturn #port:nec>pc98 #lang:ja,306
#players:1 #genre:adventure:sim>date #save:backup #based:manganime #lang:ja,307
#players:1 #genre:adventure:sim>date #save:backup #disc:1>2 #based:manganime #lang:ja,308
#players:1 #genre:adventure:sim>date #save:backup #disc:1>2 #port:pc #lang:ja,309
#players:1 #genre:adventure:sim>date #save:backup #disc:2>2 #based:manganime #lang:ja,310
#players:1 #genre:adventure:sim>date #save:backup #disc:2>2 #port:pc #lang:ja,311
#players:1 #genre:adventure:sim>date #save:backup #lang:ja,312
#players:1 #genre:adventure:sim>date #save:backup #port:nec>pc98 #lang:ja,313
#players:1 #genre:adventure:sim>date #save:backup #port:nec>pc98 #reboxed:genteiban #lang:ja,314
#players:1 #genre:adventure:sim>date #save:backup #port:pc #lang:ja,315
#players:1 #genre:adventure:sim>date #save:backup #port:pc #lang:ja #rev:a,316
#players:1 #genre:adventure:sim>life:fighting #save:backup #lang:ja,317
#players:1 #genre:adventure:sim>otome #save:backup #lang:ja,318
#players:1 #genre:adventure:sim>otome #save:backup #port:nec>pcfx #lang:ja,319
#players:1 #genre:adventure:sim>otome #save:backup #port:nec>pcfx #reboxed #lang:ja,320
#players:1 #genre:adventure:sim>otome #save:backup #port:nintendo>superfamicom #lang:ja,321
#players:1 #genre:adventure:sim>otome #save:backup #port:nintendo>superfamicom #reboxed #lang:ja,322
#players:1 #genre:adventure:sim>otome #save:backup #reboxed #lang:ja,323
#players:1 #genre:adventure:sim>strategy #addon:mouse>saturn:backup>powermemory #save:backup #lang:ja,324
#players:1 #genre:adventure:sim>strategy #addon:mouse>saturn:backup>powermemory #save:backup #lang:ja #alt,325
#players:1 #genre:adventure>pointandclick #addon:controller>3dpad:backup>powermemory #save:backup #lang:ja,326
#players:1 #genre:adventure>pointandclick #addon:expansion>moviecard #save:backup #disc:1>3 #lang:ja,327
#players:1 #genre:adventure>pointandclick #addon:expansion>moviecard #save:backup #disc:2>3 #lang:ja,328
#players:1 #genre:adventure>pointandclick #addon:expansion>moviecard #save:backup #disc:3>3 #lang:ja,329
#players:1 #genre:adventure>pointandclick #addon:mouse>saturn #lang:ja #unfinished:demo,330
#players:1 #genre:adventure>pointandclick #addon:mouse>saturn #save:backup #based #port:pc #lang:en:fr:de:es:it,331
#players:1 #genre:adventure>pointandclick #addon:mouse>saturn #save:backup #based #port:pc #lang:ja,332
#players:1 #genre:adventure>pointandclick #addon:mouse>saturn #save:backup #disc:1>3 #lang:ja,333
#players:1 #genre:adventure>pointandclick #addon:mouse>saturn #save:backup #disc:1>4 #port:pc #lang:en,334
#players:1 #genre:adventure>pointandclick #addon:mouse>saturn #save:backup #disc:1>4 #port:pc #lang:ja,335
#players:1 #genre:adventure>pointandclick #addon:mouse>saturn #save:backup #disc:1>4 #port:pc #lang:pt,336
#players:1 #genre:adventure>pointandclick #addon:mouse>saturn #save:backup #disc:1>8 #port:pc #lang:ja,337
#players:1 #genre:adventure>pointandclick #addon:mouse>saturn #save:backup #disc:2>3 #lang:ja,338
#players:1 #genre:adventure>pointandclick #addon:mouse>saturn #save:backup #disc:2>4 #port:pc #lang:en,339
#players:1 #genre:adventure>pointandclick #addon:mouse>saturn #save:backup #disc:2>4 #port:pc #lang:ja,340
#players:1 #genre:adventure>pointandclick #addon:mouse>saturn #save:backup #disc:2>4 #port:pc #lang:pt,341
#players:1 #genre:adventure>pointandclick #addon:mouse>saturn #save:backup #disc:2>8 #port:pc #lang:ja,342
#players:1 #genre:adventure>pointandclick #addon:mouse>saturn #save:backup #disc:3>3 #lang:ja,343
#players:1 #genre:adventure>pointandclick #addon:mouse>saturn #save:backup #disc:3>4 #port:pc #lang:en,344
#players:1 #genre:adventure>pointandclick #addon:mouse>saturn #save:backup #disc:3>4 #port:pc #lang:ja,345
#players:1 #genre:adventure>pointandclick #addon:mouse>saturn #save:backup #disc:3>4 #port:pc #lang:pt,346
#players:1 #genre:adventure>pointandclick #addon:mouse>saturn #save:backup #disc:3>8 #port:pc #lang:ja,347
#players:1 #genre:adventure>pointandclick #addon:mouse>saturn #save:backup #disc:4>4 #port:pc #lang:en,348
#players:1 #genre:adventure>pointandclick #addon:mouse>saturn #save:backup #disc:4>4 #port:pc #lang:ja,349
#players:1 #genre:adventure>pointandclick #addon:mouse>saturn #save:backup #disc:4>4 #port:pc #lang:pt,350
#players:1 #genre:adventure>pointandclick #addon:mouse>saturn #save:backup #disc:4>8 #port:pc #lang:ja,351
#players:1 #genre:adventure>pointandclick #addon:mouse>saturn #save:backup #disc:5>8 #port:pc #lang:ja,352
#players:1 #genre:adventure>pointandclick #addon:mouse>saturn #save:backup #disc:6>8 #port:pc #lang:ja,353
#players:1 #genre:adventure>pointandclick #addon:mouse>saturn #save:backup #disc:6>8 #port:pc #lang:ja #alt,354
#players:1 #genre:adventure>pointandclick #addon:mouse>saturn #save:backup #disc:7>8 #port:pc #lang:ja,355
#players:1 #genre:adventure>pointandclick #addon:mouse>saturn #save:backup #disc:8>8 #port:pc #lang:ja,356
#players:1 #genre:adventure>pointandclick #addon:mouse>saturn #save:backup #lang:ja,357
#players:1 #genre:adventure>pointandclick #addon:mouse>saturn #save:backup #port:pc #lang:ja,358
#players:1 #genre:adventure>pointandclick #addon:mouse>saturn #save:backup #port:pc #lang:ja #rev:a,359
#players:1 #genre:adventure>pointandclick #addon:mouse>saturn #save:backup #reboxed #lang:ja,360
#players:1 #genre:adventure>pointandclick #based:movie #lang:ja,361
#players:1 #genre:adventure>pointandclick #save:backup #based #lang:en:fr:de:es:it,362
#players:1 #genre:adventure>pointandclick #save:backup #lang:ja,363
#players:1 #genre:adventure>pointandclick #save:backup #port:pc #search:keyword>endorsed #based #lang:en,364
#players:1 #genre:adventure>pointandclick:minigames #save:backup #based #lang:de,365
#players:1 #genre:adventure>pointandclick:minigames #save:backup #based #lang:en,366
#players:1 #genre:adventure>pointandclick:minigames #save:backup #based #lang:fr,367
#players:1 #genre:adventure>pointandclick:notagame>slideshow #addon:mouse>saturn #based #lang:ja,368
#players:1 #genre:adventure>pointandclick:puzzle #addon:mouse>saturn #save:backup #port:pc #lang:ja:en:fr:de,369
#players:1 #genre:adventure>pointandclick:puzzle #addon:mouse>saturn #save:backup #port:pc #lang:ja:en:fr:de #unfinished:proto,370
#players:1 #genre:adventure>pointandclick:rpg>s:sim>date #addon:mouse>saturn #lang:ja #unfinished:demo,371
#players:1 #genre:adventure>pointandclick:rpg>s:sim>date #addon:mouse>saturn #save:backup #disc:1>2 #lang:ja,372
#players:1 #genre:adventure>pointandclick:rpg>s:sim>date #addon:mouse>saturn #save:backup #disc:1>2 #reboxed:genteiban #lang:ja,373
#players:1 #genre:adventure>pointandclick:rpg>s:sim>date #addon:mouse>saturn #save:backup #disc:1>2 #reboxed:satakore #lang:ja,374
#players:1 #genre:adventure>pointandclick:rpg>s:sim>date #addon:mouse>saturn #save:backup #disc:1>3 #lang:ja #rev:a,375
#players:1 #genre:adventure>pointandclick:rpg>s:sim>date #addon:mouse>saturn #save:backup #disc:1>3 #lang:ja #rev:a #alt,376
#players:1 #genre:adventure>pointandclick:rpg>s:sim>date #addon:mouse>saturn #save:backup #disc:1>3 #reboxed:genteiban #lang:ja,377
#players:1 #genre:adventure>pointandclick:rpg>s:sim>date #addon:mouse>saturn #save:backup #disc:1>3 #reboxed:genteiban #lang:ja #alt:1,378
#players:1 #genre:adventure>pointandclick:rpg>s:sim>date #addon:mouse>saturn #save:backup #disc:1>3 #reboxed:genteiban #lang:ja #alt:2,379
#players:1 #genre:adventure>pointandclick:rpg>s:sim>date #addon:mouse>saturn #save:backup #disc:2>2 #lang:ja,380
#players:1 #genre:adventure>pointandclick:rpg>s:sim>date #addon:mouse>saturn #save:backup #disc:2>2 #reboxed:genteiban #lang:ja,381
#players:1 #genre:adventure>pointandclick:rpg>s:sim>date #addon:mouse>saturn #save:backup #disc:2>2 #reboxed:satakore #lang:ja,382
#players:1 #genre:adventure>pointandclick:rpg>s:sim>date #addon:mouse>saturn #save:backup #disc:2>3 #lang:ja #rev:a,383
#players:1 #genre:adventure>pointandclick:rpg>s:sim>date #addon:mouse>saturn #save:backup #disc:2>3 #lang:ja #rev:a #alt,384
#players:1 #genre:adventure>pointandclick:rpg>s:sim>date #addon:mouse>saturn #save:backup #disc:2>3 #reboxed:genteiban #lang:ja,385
#players:1 #genre:adventure>pointandclick:rpg>s:sim>date #addon:mouse>saturn #save:backup #disc:2>3 #reboxed:genteiban #lang:ja #alt:1,386
#players:1 #genre:adventure>pointandclick:rpg>s:sim>date #addon:mouse>saturn #save:backup #disc:2>3 #reboxed:genteiban #lang:ja #alt:2,387
#players:1 #genre:adventure>pointandclick:rpg>s:sim>date #addon:mouse>saturn #save:backup #disc:3>3 #lang:ja #rev:a,388
#players:1 #genre:adventure>pointandclick:rpg>s:sim>date #addon:mouse>saturn #save:backup #disc:3>3 #lang:ja #rev:a #alt,389
#players:1 #genre:adventure>pointandclick:rpg>s:sim>date #addon:mouse>saturn #save:backup #disc:3>3 #reboxed:genteiban #lang:ja,390
#players:1 #genre:adventure>pointandclick:rpg>s:sim>date #addon:mouse>saturn #save:backup #disc:3>3 #reboxed:genteiban #lang:ja #alt:1,391
#players:1 #genre:adventure>pointandclick:rpg>s:sim>date #addon:mouse>saturn #save:backup #disc:3>3 #reboxed:genteiban #lang:ja #alt:2,392
#players:1 #genre:adventure>pointandclick:rpg>s:sim>date #save:backup #lang:ja #unfinished:demo,393
#players:1 #genre:adventure>pointandclick:shooting>gallery #addon:lightgun>virtuagun:mouse>saturn:backup>powermemory #save:backup #disc:1>3 #port:nec>pc98 #lang:ja,394
#players:1 #genre:adventure>pointandclick:shooting>gallery #addon:lightgun>virtuagun:mouse>saturn:backup>powermemory #save:backup #disc:2>3 #port:nec>pc98 #lang:ja,395
#players:1 #genre:adventure>pointandclick:shooting>gallery #addon:lightgun>virtuagun:mouse>saturn:backup>powermemory #save:backup #disc:3>3 #port:nec>pc98 #lang:ja,396
#players:1 #genre:adventure>pointandclick:shooting>gallery:racing>combat:puzzle:notagame>media #multigame:compilation>policenauts>roadrash3do>kaitousainttailss>mightyhits>angelparadisevol2yoshinokimikaisshoniitaiinhawaii>enemyzero>lunarthesilverstar>streetfighterzero2>toushindenura>tengaimakyoudaiyonnomokushirokutheapocalypse4>sakurataisen>assaultsuitleynos2>masterofmonstersneogenerations>alientrilogy>gekkamugentantorico>pridoldiscprivateidolvol2uchiyamamiki #based:movie #search:feature>alien #lang:ja #unfinished:demo,397
#players:1 #genre:adventure>pointandclick:sim>cardgame>strategy:rpg>j:notagame>media #addon:expansion>moviecard #save:backup #multigame:compilation>kunoichitorimonochou>kidousenshigundamgihrennoyabou>eiyuudensetsu3shirokimajo>riventhesequeltomyst>burningrangers>hakozakinekkonodaibouken #lang:ja #unfinished:demo,398
#players:1 #genre:adventure>survivalhorror #addon:backup>powermemory #save:backup #lang:ja,399
#players:1 #genre:adventure>survivalhorror #addon:controller>3dpad #save:backup #disc:2>4 #lang:en,400
#players:1 #genre:adventure>survivalhorror #addon:controller>3dpad #save:backup #disc:2>4 #lang:ja,401
#players:1 #genre:adventure>survivalhorror #addon:controller>3dpad #save:backup #disc:2>4 #lang:ja #alt,402
#players:1 #genre:adventure>survivalhorror #addon:controller>3dpad #save:backup #disc:2>4 #reboxed #lang:ja,403
#players:1 #genre:adventure>survivalhorror #addon:controller>3dpad #save:backup #disc:2>4 #reboxed:satakore #lang:ja,404
#players:1 #genre:adventure>survivalhorror #addon:controller>3dpad #save:backup #disc:3>4 #lang:en,405
#players:1 #genre:adventure>survivalhorror #addon:controller>3dpad #save:backup #disc:3>4 #lang:ja,406
#players:1 #genre:adventure>survivalhorror #addon:controller>3dpad #save:backup #disc:3>4 #lang:ja #alt,407
#players:1 #genre:adventure>survivalhorror #addon:controller>3dpad #save:backup #disc:3>4 #reboxed #lang:ja,408
#players:1 #genre:adventure>survivalhorror #addon:controller>3dpad #save:backup #disc:3>4 #reboxed:satakore #lang:ja,409
#players:1 #genre:adventure>survivalhorror #addon:controller>3dpad #save:backup #disc:4>4 #lang:en,410
#players:1 #genre:adventure>survivalhorror #addon:controller>3dpad #save:backup #disc:4>4 #lang:ja,411
#players:1 #genre:adventure>survivalhorror #addon:controller>3dpad #save:backup #disc:4>4 #lang:ja #alt,412
#players:1 #genre:adventure>survivalhorror #addon:controller>3dpad #save:backup #disc:4>4 #reboxed #lang:ja,413
#players:1 #genre:adventure>survivalhorror #addon:controller>3dpad #save:backup #disc:4>4 #reboxed:satakore #lang:ja,414
#players:1 #genre:adventure>survivalhorror #addon:mouse>saturn #save:backup #port:pc #lang:ja,415
#players:1 #genre:adventure>survivalhorror #disc:1>2 #port:3do #lang:de,416
#players:1 #genre:adventure>survivalhorror #disc:1>2 #port:3do #lang:en,417
#players:1 #genre:adventure>survivalhorror #disc:1>2 #port:3do #lang:en #unfinished:beta,418
#players:1 #genre:adventure>survivalhorror #disc:1>2 #port:3do #lang:fr,419
#players:1 #genre:adventure>survivalhorror #disc:1>2 #port:3do #lang:ja,420
#players:1 #genre:adventure>survivalhorror #disc:1>2 #port:3do #reboxed:satakore #lang:ja,421
#players:1 #genre:adventure>survivalhorror #disc:2>2 #port:3do #lang:de,422
#players:1 #genre:adventure>survivalhorror #disc:2>2 #port:3do #lang:en,423
#players:1 #genre:adventure>survivalhorror #disc:2>2 #port:3do #lang:en #unfinished:beta,424
#players:1 #genre:adventure>survivalhorror #disc:2>2 #port:3do #lang:fr,425
#players:1 #genre:adventure>survivalhorror #disc:2>2 #port:3do #lang:ja,426
#players:1 #genre:adventure>survivalhorror #disc:2>2 #port:3do #reboxed:satakore #lang:ja,427
#players:1 #genre:adventure>survivalhorror #save:backup #port:pc #lang:en,428
#players:1 #genre:adventure>survivalhorror #save:backup #port:pc #lang:en:fr:de:es:it,429
#players:1 #genre:adventure>survivalhorror #save:backup #port:pc #lang:ja,430
#players:1 #genre:adventure>survivalhorror>pointandclick #addon:mouse>saturn:backup>powermemory #save:backup #based:movie #lang:ja,431
#players:1 #genre:adventure>text #addon:backup>powermemory #save:backup #based:manganime #lang:ja,432
#players:1 #genre:adventure>text #disc:3>3 #multigame:compilation>machi #reboxed #lang:ja #unfinished:demo,433
#players:1 #genre:adventure>text #lang:ja #unfinished:demo,434
#players:1 #genre:adventure>text #save:backup #based:manganime #lang:ja,435
#players:1 #genre:adventure>text #save:backup #disc:1>2 #lang:ja,436
#players:1 #genre:adventure>text #save:backup #disc:1>2 #reboxed:satakore #lang:ja,437
#players:1 #genre:adventure>text #save:backup #disc:2>2 #lang:ja,438
#players:1 #genre:adventure>text #save:backup #disc:2>2 #lang:ja #alt,439
#players:1 #genre:adventure>text #save:backup #disc:2>2 #reboxed:satakore #lang:ja,440
#players:1 #genre:adventure>text #save:backup #lang:ja,441
#players:1 #genre:adventure>text #save:backup #port:pc #lang:ja,442
#players:1 #genre:adventure>visualnovel #addon:backup>powermemory #save:backup #lang:ja,443
#players:1 #genre:adventure>visualnovel #addon:expansion>ramcartridge1m>ramcartridge4m #save:backup #disc:1>2 #port:pc #lang:ja,444
#players:1 #genre:adventure>visualnovel #save:backup #based:manganime #lang:ja,445
#players:1 #genre:adventure>visualnovel #save:backup #disc:1>2 #port:laseractive #lang:ja,446
#players:1 #genre:adventure>visualnovel #save:backup #disc:1>2 #port:nec>pc98 #lang:ja,447
#players:1 #genre:adventure>visualnovel #save:backup #disc:1>2 #port:nec>pc98 #reboxed #lang:ja,448
#players:1 #genre:adventure>visualnovel #save:backup #disc:1>3 #lang:ja,449
#players:1 #genre:adventure>visualnovel #save:backup #disc:2>2 #port:laseractive #lang:ja,450
#players:1 #genre:adventure>visualnovel #save:backup #disc:2>2 #port:nec>pc98 #lang:ja,451
#players:1 #genre:adventure>visualnovel #save:backup #disc:2>2 #port:nec>pc98 #reboxed #lang:ja,452
#players:1 #genre:adventure>visualnovel #save:backup #disc:2>3 #lang:ja,453
#players:1 #genre:adventure>visualnovel #save:backup #disc:3>3 #lang:ja,454
#players:1 #genre:adventure>visualnovel #save:backup #lang:ja,455
#players:1 #genre:adventure>visualnovel:notagame>educational #save:backup #port:nec>pc98 #lang:ja,456
#players:1 #genre:adventure>visualnovel:sim>date #addon:controller>3dpad:mouse>saturn #save:backup #disc:1>2 #port:pc #lang:ja,457
#players:1 #genre:adventure>visualnovel:sim>date #addon:controller>3dpad:mouse>saturn #save:backup #disc:2>2 #port:pc #lang:ja,458
#players:1 #genre:adventure>visualnovel:sim>date #addon:controller>3dpad:mouse>saturn #save:backup #port:nec>pc98 #lang:ja,459
#players:1 #genre:adventure>visualnovel:sim>date #addon:controller>3dpad:mouse>saturn #save:backup #port:nec>pc98 #reboxed #lang:ja,460
#players:1 #genre:adventure>visualnovel:sim>date #addon:controller>3dpad:mouse>saturn #save:backup #port:pc #reboxed #lang:ja #rev:a,461
#players:1 #genre:adventure>visualnovel:sim>date #addon:controller>3dpad:mouse>saturn #save:backup #port:pc #search:keyword>promo #reboxed #lang:ja,462
#players:1 #genre:adventure>visualnovel:sim>date #addon:mouse>saturn #save:backup #port:nec>pc98 #lang:ja,463
#players:1 #genre:adventure>visualnovel:sim>date #save:backup #disc:1>4 #port:nec>pcfx #lang:ja,464
#players:1 #genre:adventure>visualnovel:sim>date #save:backup #disc:2>4 #port:nec>pcfx #lang:ja,465
#players:1 #genre:adventure>visualnovel:sim>date #save:backup #disc:3>4 #port:nec>pcfx #lang:ja,466
#players:1 #genre:adventure>visualnovel:sim>date #save:backup #disc:4>4 #port:nec>pcfx #lang:ja,467
#players:1 #genre:board #save:backup #port:nec>pcfx #lang:ja,468
#players:1 #genre:board>cards:adventure #save:backup #disc:1>3 #lang:ja,469
#players:1 #genre:board>cards:adventure #save:backup #disc:2>3 #lang:ja,470
#players:1 #genre:board>cards:adventure #save:backup #disc:3>3 #lang:ja,471
#players:1 #genre:board>hanafuda #save:backup #based:manganime #lang:ja,472
#players:1 #genre:board>hanafuda #save:backup #lang:ja,473
#players:1 #genre:board>hanafuda:adventure #save:backup #port:sony>playstation #lang:ja,474
#players:1 #genre:board>jankenpon #port:3do #search:keyword>strip #lang:ja,475
#players:1 #genre:board>mahjong #addon:backup>powermemory #save:backup #lang:ja,476
#players:1 #genre:board>mahjong #addon:backup>powermemory #save:backup #lang:ja #rev:a,477
#players:1 #genre:board>mahjong #addon:backup>powermemory #save:backup #reboxed:satakore #lang:ja #rev:a,478
#players:1 #genre:board>mahjong #addon:backup>powermemory #save:backup #search:keyword>official #lang:ja,479
#players:1 #genre:board>mahjong #addon:backup>powermemory #save:backup #search:keyword>official #reboxed:satakore #lang:ja,480
#players:1 #genre:board>mahjong #addon:backup>powermemory #save:backup #search:keyword>qsound #lang:ja,481
#players:1 #genre:board>mahjong #addon:expansion>ramcartridge1m>ramcartridge4m #save:backup #search:keyword>strip #port:arcade #lang:ja,482
#players:1 #genre:board>mahjong #disc:1>2 #search:keyword>strip #reboxed:genteiban #lang:ja,483
#players:1 #genre:board>mahjong #disc:1>2 #search:keyword>strip>endorsed #lang:ja,484
#players:1 #genre:board>mahjong #lang:ja,485
#players:1 #genre:board>mahjong #lang:ja #unfinished:demo,486
#players:1 #genre:board>mahjong #multigame:compilation>superrealmahjongp2>superrealmahjongp3>superrealmahjongp4 #search:keyword>strip #port:arcade #lang:ja,487
#players:1 #genre:board>mahjong #port:arcade #search:keyword>strip #lang:ja,488
#players:1 #genre:board>mahjong #save:backup #based #lang:ja,489
#players:1 #genre:board>mahjong #save:backup #based:manganime #lang:ja,490
#players:1 #genre:board>mahjong #save:backup #disc:1>2 #lang:ja,491
#players:1 #genre:board>mahjong #save:backup #disc:1>2 #search:keyword>strip #port:arcade #reboxed:genteiban #lang:ja,492
#players:1 #genre:board>mahjong #save:backup #lang:ja,493
#players:1 #genre:board>mahjong #save:backup #multigame:compilation>idoljanshisuchiepai2 #disc:2>3 #port:arcade #search:keyword>strip #lang:ja,494
#players:1 #genre:board>mahjong #save:backup #multigame:compilation>idoljanshisuchiepaispecial #disc:1>3 #port:arcade #search:keyword>strip #lang:ja,495
#players:1 #genre:board>mahjong #save:backup #port:arcade #disc:1>2 #search:keyword>strip #lang:ja,496
#players:1 #genre:board>mahjong #save:backup #port:arcade #search:keyword>strip #disc:1>2 #reboxed #lang:ja,497
#players:1 #genre:board>mahjong #save:backup #port:arcade #search:keyword>strip #disc:2>2 #lang:ja,498
#players:1 #genre:board>mahjong #save:backup #port:arcade #search:keyword>strip #lang:ja,499
#players:1 #genre:board>mahjong #save:backup #port:arcade #search:keyword>strip>promo #reboxed #lang:ja,500
#players:1 #genre:board>mahjong #save:backup #search:keyword>endorsed #lang:ja,501
#players:1 #genre:board>mahjong #save:backup #search:keyword>strip #lang:ja,502
#players:1 #genre:board>mahjong #save:backup #search:keyword>strip #port:arcade #lang:ja,503
#players:1 #genre:board>mahjong #search:keyword>strip #lang:ja,504
#players:1 #genre:board>mahjong #search:keyword>strip #lang:ja #unfinished:demo,505
#players:1 #genre:board>mahjong #search:keyword>strip #port:arcade #lang:ja,506
#players:1 #genre:board>mahjong #search:keyword>strip #port:arcade #reboxed:genteiban #lang:ja,507
#players:1 #genre:board>mahjong:adventure #save:backup #based:manganime #port:sega>megacd #lang:ja,508
#players:1 #genre:board>mahjong:adventure #save:backup #based:manganime #port:sega>megacd #reboxed:satakore #lang:ja,509
#players:1 #genre:board>mahjong:adventure #save:backup #lang:ja,510
#players:1 #genre:board>mahjong:adventure #save:backup #search:keyword>strip #lang:ja,511
#players:1 #genre:board>mahjong:minigames #addon:expansion>ramcartridge1m>ramcartridge4m #save:backup #search:keyword>strip #port:arcade #reboxed:genteiban #lang:ja #rev:a,512
#players:1 #genre:board>mahjong:minigames #multigame:compilation>superrealmahjongp2>superrealmahjongp3>superrealmahjongp4 #search:keyword>strip #port:arcade #reboxed:genteiban #lang:ja #rev:a,513
#players:1 #genre:board>mahjong:minigames #save:backup #search:keyword>strip #port:arcade #reboxed:genteiban #lang:ja #rev:a,514
#players:1 #genre:board>mahjong>hanafuda #save:backup #multigame:compilation>lovelypopmahjongjanjanshimasho>superrealhanafudakoikoishimasho #port:arcade #lang:ja,515
#players:1 #genre:board>mahjong>hanafuda #save:backup #multigame:compilation>lovelypopmahjongjanjanshimasho>superrealhanafudakoikoishimasho #port:arcade #reboxed:genteiban #lang:ja,516
#players:1 #genre:board>mahjong>hanafuda:adventure:sim>date #save:backup #port:sony>playstation #lang:ja,517
#players:1 #genre:board>shougi #save:backup #lang:ja,518
#players:1 #genre:board>shougi #save:backup #search:keyword>endorsed #lang:ja,519
#players:1 #genre:brawler:action>maze:shooting>tps:racing:notagame>media #multigame:compilation>dynamitedeka>saturnbomberman>amok>scorcher>shiningtheholyark>thelostworldjurassicpark32bit>fightersmegamix>dukenukem3d>skytarget>manxttsuperbike #lang:en,520
#players:1 #genre:brawler:action>platformer:fighting:shooting>tps:notagame>media #multigame:compilation>dynamitedeka>sonic3dblast>dennousenkivirtualon>amok>fightersmegamix>lastbronx>manxttsuperbike>massdestruction>saturnbomberman>scorcher>segaagesvolume1>segatouringcarchampionship>skytarget>gekkamugentantorico>virtuafighter3 #search:feature>sonic #lang:en #unfinished:demo,521
#players:1 #genre:brawler:action>platformer:racing:sports>nascar:fighting:shooting>tps:puzzle>drop:notagame>media #multigame:compilation>threedirtydwarves>bugtoo>daytonausa>dennousenkivirtualon>bakubakuanimal>mrbones>fightingvipers>virtuacop2>darksavior>victorygoalworldwideedition #lang:en #unfinished:demo,522
#players:1 #genre:brawler:action>platformer:racing:sports>nascar:fighting:shooting>tps:puzzle>drop:notagame>media #multigame:compilation>threedirtydwarves>bugtoo>daytonausa>dennousenkivirtualon>bakubakuanimal>mrbones>fightingvipers>virtuacop2>darksavior>victorygoalworldwideedition #reboxed #lang:en #unfinished:demo,523
#players:1 #genre:brawler:parlor>pachinko:shooting>rail:notagame>media #multigame:compilation>guardianheroes>hissatsupachinkocollection>panzerdragoon2zwei>jleagueprosoccerclubwotsukurou>robopit>vampirehunterdr #lang:ja #unfinished:demo,524
#players:1 #genre:brawler:racing:sports>rally:action>platformer:notagame>media #multigame:compilation>dynamitedeka>segarallychampionship>sonic3dblast>sonicjam>dragonforce>dukenukem3d>enemyzero>lastbronx>nbaaction98>biohazard>segatouringcarchampionship>wipeout2097 #search:feature>sonic #lang:en #unfinished:demo,525
#players:1 #genre:brawler:shmup>h:shooting>fps:notagame>media #multigame:compilation>dynamitedeka>jikkyouoshaberiparodius>magiccarpet>fightersmegamix>gingaeiyuudensetsu>jinzouningenhakaiderlastjudgement>shiningtheholyark>tacticsogre>tengaimakyoudaiyonnomokushirokutheapocalypse4>terraphantastica>kof96 #lang:ja #unfinished:demo,526
#players:1 #genre:fighting:action>platformer:notagame>media #multigame:compilation>goldenaxetheduel>rayman>virtuafighter2>wingarmskareinarugekitsuiou>victoryboxing>finalarch #lang:ja #unfinished:demo,527
#players:1 #genre:fighting:action>platformer:notagame>media #multigame:compilation>goldenaxetheduel>rayman>virtuafighter2>wingarmskareinarugekitsuiou>victoryboxing>finalarch #lang:ja #unfinished:demo #alt:1,528
#players:1 #genre:fighting:action>platformer:notagame>media #multigame:compilation>goldenaxetheduel>rayman>virtuafighter2>wingarmskareinarugekitsuiou>victoryboxing>finalarch #lang:ja #unfinished:demo #alt:2,529
#players:1 #genre:fighting:action>runandgun:notagame>media #multigame:compilation>goikenmuyouanarchyinthenippon>silhouettemirage>azelpanzerdragoonrpg>momotaroudouchuuki>mydreamonairgamatenakute>nanatsukazenoshimamonogatari>neongenesisevangeliondigitalcardlibrary #lang:ja #unfinished:demo,530
#players:1 #genre:fighting:notagame>media #save:backup:password #disc:1>2 #based:manganime:movie #search:keyword>qsound #lang:ja,531
#players:1 #genre:fighting:notagame>media #save:backup:password #disc:2>2 #based:manganime:movie #search:keyword>qsound #lang:ja,532
#players:1 #genre:fighting:puzzle>drop:notagame>media #multigame:compilation>astrasuperstars>wakuwakumonster>backguineryomigaeruyuushatachikakuseihenguinertensei>lunareternalblue>madoumonogatari>pocketfighter>radiantsilvergun>soldivide>wachenroeder #lang:ja #unfinished:demo,533
#players:1 #genre:fighting:puzzle>drop:shooting>rail:racing:sports>rally:notagame>media #multigame:compilation>virtuafighter2>bakubakuanimal>goldenaxetheduel>panzerdragoon2zwei>segarallychampionship>uefaeuro96england #lang:en #unfinished:demo,534
#players:1 #genre:fighting:sim>strategy:action:racing:notagame>media #multigame:compilation>advancedvg>gingaeiyuudensetsu>timegalandninjahayate>roadandtrackpresentstheneedforspeed>assaultsuitleynos2>skullfangkuugagaiden>dragonmastersilk #lang:ja #unfinished:demo,535
#players:1 #genre:fighting:sim>strategy:action>platformer:notagame>slideshow>media #multigame:compilation>fist>lulu>masterofmonstersneogenerations>tryrushdeppy #lang:ja #unfinished:demo,536
#players:1 #genre:fighting:sim>strategy:shmup>v:notagame>media #multigame:compilation>shinouken>warawarawarsgekitoudaigundanbattle>gametengokuthegameparadise>masterofmonstersneogenerations>theunsolved>fireprowrestlings6menscramble>magicaldrop3toretatezoukangou>daisenryakustrongstyle>grooveonfightgouketsujiichizoku3>seabassfishing2 #lang:ja #unfinished:demo,537
#players:1 #genre:fighting:sim>strategy:shmup>v:rpg>dungeoncrawler:adventure>pointandclick:notagame>media #multigame:compilation>wakuwaku7>masterofmonstersneogenerations>quovadis2wakuseikyoushuuovanrei>soukyuugurentai>dragonmastersilk>fantastep>skullfangkuugagaiden>angelgraffitianataenoprofile>angeliquespecial2 #lang:ja #unfinished:demo,538
#players:1 #genre:fighting:sim>strategy>fishing:adventure:puzzle>drop:notagame>media>application #multigame:compilation>grooveonfightgouketsujiichizoku3>daisenryakustrongstyle>seabassfishing2>masterofmonstersneogenerations>fishingkoushien2>elfwokarumonotachi>magicaldrop3toretatezoukangou>dezaemon2>kakyuusei>zero4champdoozyjtyper>freetalkstudiomarinokimamanaoshaberi>phantasmagoria>polygonhakusyaku>saruyamahagenosukehour>32idolsatanchan #lang:ja #unfinished:demo,539
#players:1 #genre:fighting:sports>wrestling>baseball:action>platformer:puzzle>drop #multigame:compilation>blazingtornado>rayman>breakthruzoo>suikoenbu>goldenaxetheduel>moeroproyakyuu95doubleheader #lang:ja #unfinished:demo,540
#players:1 #genre:minigames #save:backup #lang:ja,541
#players:1 #genre:minigames:action:rhythm:puzzle #save:backup #disc:1>2 #lang:ja,542
#players:1 #genre:minigames:action:rhythm:puzzle #save:backup #disc:2>2 #lang:ja,543
#players:1 #genre:minigames:board>jankenpon #save:backup #disc:1>2 #search:keyword>strip #lang:ja,544
#players:1 #genre:minigames:board>jankenpon #save:backup #disc:2>2 #search:keyword>strip #lang:ja,545
#players:1 #genre:minigames:board>jankenpon:quiz:notagame>media #addon:mouse>saturn #save:backup #lang:ja,546
#players:1 #genre:minigames:puzzle:notagame>magazine>slideshow>media #multigame:compilation>eziphon>pipitboynodaibouken3>shickprotectorman>gekkamugentantorico>segatouringcarchampionship #search:feature>sonic:keyword>brand #lang:ja #unfinished:demo,547
#players:1 #genre:minigames:quiz:action>blockbreaker:shmup>v:puzzle:notagame>slideshow #save:backup #search:keyword>strip #based #lang:ja,548
#players:1 #genre:minigames:quiz:notagame>media #save:backup #lang:ja,549
#players:1 #genre:minigames:rhythm:action:puzzle>drop:notagame>media #save:backup #based #search:feature>sonic #lang:ja,550
#players:1 #genre:notagame>application #addon:backup>fddsaturn #save:backup #lang:ja,551
#players:1 #genre:notagame>application #addon:keyboard>saturn:backup>fddsaturn #save:backup #lang:ja,552
#players:1 #genre:notagame>application #addon:keyboard>saturn:backup>fddsaturn #save:backup #lang:ja #rev:a,553
#players:1 #genre:notagame>application #addon:keyboard>saturn:backup>fddsaturn #save:backup #lang:ja #rev:b,554
#players:1 #genre:notagame>application #addon:keyboard>saturn:online>saturnmodem #lang:ja,555
#players:1 #genre:notagame>application #addon:keyboard>saturn:online>saturnmodem #save:backup #lang:en,556
#players:1 #genre:notagame>application #addon:keyboard>saturn:online>saturnmodem #save:backup #lang:en #rev:a,557
#players:1 #genre:notagame>application #addon:keyboard>saturn:online>saturnmodem #save:backup #lang:ja,558
#players:1 #genre:notagame>application #addon:mouse>saturn #save:backup #lang:ja,559
#players:1 #genre:notagame>application #addon:mouse>saturn:keyboard>saturn:online>saturnmodem #save:backup #port:pc #lang:ja,560
#players:1 #genre:notagame>application #addon:mouse>saturn:keyboard>saturn:online>saturnmodem:backup>fddsaturn #save:backup #lang:ja,561
#players:1 #genre:notagame>application #addon:mouse>saturn:keyboard>saturn:online>saturnmodem:backup>fddsaturn #save:backup #multigame:compilation>padnifty>habitat2 #port:pc #lang:ja,562
#players:1 #genre:notagame>application #lang:en:ja:fr:de:es:it,563
#players:1 #genre:notagame>application #lang:en:ja:fr:de:es:it #alt,564
#players:1 #genre:notagame>application #lang:ja,565
#players:1 #genre:notagame>application #lang:ja #rev:a,566
#players:1 #genre:notagame>application #save:backup #addon:mouse>saturn #lang:ja,567
#players:1 #genre:notagame>application #save:backup #port:3do #lang:ja,568
#players:1 #genre:notagame>application #search:feature>sonic #lang:en,569
#players:1 #genre:notagame>application:adventure>visualnovel #addon:mouse>saturn:keyboard>saturn:backup>powermemory #save:backup #lang:ja,570
#players:1 #genre:notagame>application:rpg>j #addon:backup>powermemory #save:backup #lang:ja,571
#players:1 #genre:notagame>application>educational #disc:1>2 #lang:ja,572
#players:1 #genre:notagame>application>educational #disc:2>2 #lang:ja,573
#players:1 #genre:notagame>application>media #addon:mouse>saturn #save:backup #search:keyword>endorsed #lang:ja,574
#players:1 #genre:notagame>application>media #save:backup #based #lang:ja,575
#players:1 #genre:notagame>application>media #save:backup #based:manganime #search:feature>gundam #lang:ja,576
#players:1 #genre:notagame>application>media #search:keyword>official #lang:ja,577
#players:1 #genre:notagame>application>sdk #save:backup #lang:ja,578
#players:1 #genre:notagame>application>sdk #save:backup #lang:ja #rev:a,579
#players:1 #genre:notagame>application>sdk #save:backup #search:keyword>qsound #lang:ja,580
#players:1 #genre:notagame>application>slideshow #lang:ja,581
#players:1 #genre:notagame>application>slideshow #lang:ja #unfinished:demo,582
#players:1 #genre:notagame>application>slideshow>media #based:manganime #search:feature>gundam #lang:ja,583
#players:1 #genre:notagame>educational #addon:link>midiinterface #save:backup #lang:ja,584
#players:1 #genre:notagame>educational #addon:link>midiinterface #save:backup #reboxed #lang:ja,585
#players:1 #genre:notagame>educational #save:backup #lang:ja,586
#players:1 #genre:notagame>educational>media #addon:mouse>saturn #search:keyword>endorsed #lang:ja,587
#players:1 #genre:notagame>magazine>slideshow>media #disc:2>2 #multigame:compilation>virtuafighter3>sakurataisen #search:keyword>brand #lang:ja #unfinished:demo,588
#players:1 #genre:notagame>magazine>slideshow>media #disc:2>2 #search:keyword>brand #lang:ja #unfinished:demo,589
#players:1 #genre:notagame>media #addon:backup>powermemory #save:backup #disc:2>2 #lang:ja,590
#players:1 #genre:notagame>media #addon:controller>3dpad #save:backup #disc:1>4 #lang:en,591
#players:1 #genre:notagame>media #addon:controller>3dpad #save:backup #disc:1>4 #lang:ja,592
#players:1 #genre:notagame>media #addon:controller>3dpad #save:backup #disc:1>4 #lang:ja #alt,593
#players:1 #genre:notagame>media #addon:controller>3dpad #save:backup #disc:1>4 #reboxed #lang:ja,594
#players:1 #genre:notagame>media #addon:controller>3dpad #save:backup #disc:1>4 #reboxed:satakore #lang:ja,595
#players:1 #genre:notagame>media #addon:controller>3dpad:mouse>saturn:backup>powermemory #save:backup #disc:2>2 #port:pc #reboxed:genteiban #lang:ja,596
#players:1 #genre:notagame>media #addon:expansion>moviecard #based #lang:ja,597
#players:1 #genre:notagame>media #addon:expansion>moviecard #disc:2>2 #lang:ja,598
#players:1 #genre:notagame>media #addon:expansion>moviecard #lang:ja,599
#players:1 #genre:notagame>media #addon:expansion>moviecard #multigame:compilation>deepfear>shadowsofthetusk #search:keyword>promo #lang:ja #unfinished:demo>auto,600
#players:1 #genre:notagame>media #addon:expansion>moviecard #multigame:compilation>langrisser5theendoflegend>konamiantiquesmsxcollectionultrapack>wachenroeder #search:keyword>promo #lang:ja #unfinished:demo>auto,601
#players:1 #genre:notagame>media #addon:expansion>moviecard #multigame:compilation>segatouringcarchampionship>proyakyuugreatestnine97>zennihonprowresfeaturingvirtua>proyakyuuteammotsukurou>jleagueprosoccerclubwotsukurou2>solocrisis>azelpanzerdragoonrpg>shiningforce3scenario1outonokyoshin>moritakachisatowatarasebashilalasunshine>neongenesisevangeliondigitalcardlibrary>tacticsformula>culcept>sakurataisenjoukiradioshow>burningrangers>sonicr>sakurataisen2kimishinitamoukotonakare>xmenvsstreetfighter>grandia>lastgladiators>zerodividethefinalconflict #search:feature>sonic:keyword>promo #lang:ja #unfinished:demo>auto,602
#players:1 #genre:notagame>media #addon:expansion>moviecard #multigame:compilation>winterheat>technomotor #search:keyword>promo #lang:ja #unfinished:demo>auto,603
#players:1 #genre:notagame>media #addon:expansion>moviecard #save:backup #search:keyword>endorsed #disc:1>2 #lang:ja,604
#players:1 #genre:notagame>media #addon:expansion>moviecard #save:backup #search:keyword>endorsed #disc:2>2 #lang:ja,605
#players:1 #genre:notagame>media #addon:expansion>moviecard #search:keyword>promo #lang:ja #unfinished:demo>auto,606
#players:1 #genre:notagame>media #addon:mouse>saturn:expansion>moviecard #disc:1>2 #lang:ja,607
#players:1 #genre:notagame>media #addon:mouse>saturn:expansion>moviecard #disc:2>2 #lang:ja,608
#players:1 #genre:notagame>media #addon:mouse>saturn:expansion>moviecard #lang:ja,609
#players:1 #genre:notagame>media #addon:mouse>saturn:expansion>moviecard #lang:ja #alt,610
#players:1 #genre:notagame>media #disc:2>2 #lang:ja,611
#players:1 #genre:notagame>media #disc:2>2 #multigame:compilation>shinmegamitenseidevilsummonerakumazensho #reboxed #lang:ja,612
#players:1 #genre:notagame>media #disc:2>2 #port:pc #lang:ja,613
#players:1 #genre:notagame>media #disc:2>2 #port:pc #lang:ja #alt,614
#players:1 #genre:notagame>media #disc:2>2 #reboxed:genteiban #lang:ja,615
#players:1 #genre:notagame>media #disc:2>2 #search:keyword>strip>endorsed #lang:ja,616
#players:1 #genre:notagame>media #lang:ja,617
#players:1 #genre:notagame>media #multigame:compilation>blackfire>bug>clockworkknightpepperouchausadventure>daytonausa>myst>nhlallstarhockey>panzerdragoon>pebblebeachgolflinksstadlernichousen>virtuaracing>victorygoal>titanwars #lang:en #rev:a #unfinished:demo,618
#players:1 #genre:notagame>media #multigame:compilation>blackfire>bug>clockworkknightpepperouchausadventure>daytonausa>myst>nhlallstarhockey>panzerdragoon>pebblebeachgolflinksstadlernichousen>virtuaracing>victorygoal>titanwars #lang:en #unfinished:demo,619
#players:1 #genre:notagame>media #port:sega>megacd #lang:ja #unfinished:demo>auto,620
#players:1 #genre:notagame>media #save:backup #addon:expansion>moviecard #disc:2>2 #reboxed:genteiban #lang:ja,621
#players:1 #genre:notagame>media #save:backup #based #port:3do #lang:ja,622
#players:1 #genre:notagame>media #save:backup #based #search:keyword>brand #lang:ja,623
#players:1 #genre:notagame>media #save:backup #based:manganime #disc:1>2 #lang:ja,624
#players:1 #genre:notagame>media #save:backup #based:manganime #disc:1>2 #reboxed #lang:ja,625
#players:1 #genre:notagame>media #save:backup #based:manganime #disc:2>2 #lang:ja,626
#players:1 #genre:notagame>media #save:backup #based:manganime #disc:2>2 #reboxed #lang:ja,627
#players:1 #genre:notagame>media #save:backup #disc:2>2 #based:manganime #lang:ja,628
#players:1 #genre:notagame>media #save:backup #disc:4>4 #lang:ja,629
#players:1 #genre:notagame>media #save:backup #disc:4>4 #lang:ja #alt,630
#players:1 #genre:notagame>media #save:backup #disc:4>4 #port:nec>pc98 #reboxed #lang:ja,631
#players:1 #genre:notagame>media #save:backup #lang:ja,632
#players:1 #genre:notagame>media #save:backup #lang:ja #unfinished:demo>auto,633
#players:1 #genre:notagame>media #save:backup #search:keyword>promo #lang:ja,634
#players:1 #genre:notagame>media #search:keyword>brand #lang:ja,635
#players:1 #genre:notagame>media #search:keyword>endorsed #lang:ja,636
#players:1 #genre:notagame>media:minigames #save:backup #based:manganime #lang:ja,637
#players:1 #genre:notagame>media:parlor>mogurataiji #save:backup #search:keyword>endorsed #lang:ja,638
#players:1 #genre:notagame>media:rhythm>karaoke #save:backup #search:keyword>brand #lang:ja,639
#players:1 #genre:notagame>media:sports>soccer #search:keyword>endorsed>brand #lang:ja,640
#players:1 #genre:notagame>media>application #save:backup #multigame:compilation>lunarthesilverstar>enemyzero>gyuwamblerjikochuushinhatoukyoumahjongland>roommateinoueryouko #lang:ja #unfinished:demo>auto,641
#players:1 #genre:notagame>media>educational #save:backup #lang:ja,642
#players:1 #genre:notagame>media>slideshow #addon:controller>3dpad:lightgun>virtuagun:mouse>saturn #save:backup #disc:2>2 #lang:ja,643
#players:1 #genre:notagame>media>slideshow #addon:mouse>saturn #save:backup #search:keyword>promo #lang:ja #unfinished:sample,644
#players:1 #genre:notagame>media>slideshow #disc:2>2 #lang:ja,645
#players:1 #genre:notagame>media>slideshow #disc:2>2 #search:keyword>strip #reboxed:genteiban #lang:ja,646
#players:1 #genre:notagame>media>slideshow #lang:ja,647
#players:1 #genre:notagame>media>slideshow #multigame:compilation>victorygoal>worldadvanceddaisenryakukoutetsunosenpuu>clockworkknightpepperouchausadventure2>deadalus>panzerdragoon>gothaismailiaseneki>riglordsaga>kisuishoudensetsuastal #lang:ja #unfinished:demo>auto,648
#players:1 #genre:notagame>media>slideshow:puzzle #save:backup #search:keyword>endorsed #lang:ja,649
#players:1 #genre:notagame>media>slideshow:quiz #addon:expansion>moviecard #save:backup #disc:4>5 #multigame:compilation>yuukyuunokobakoofficialcollection #reboxed #lang:ja,650
#players:1 #genre:notagame>media>slideshow:quiz #addon:expansion>moviecard #save:backup #lang:ja,651
#players:1 #genre:notagame>sdk #lang:ja,652
#players:1 #genre:notagame>sdk #save:backup #lang:en,653
#players:1 #genre:notagame>slideshow #addon:backup>powermemory #save:backup #disc:2>2 #port:nintendo>superfamicom #lang:ja,654
#players:1 #genre:notagame>slideshow #addon:controller>3dpad:mouse>saturn #save:backup #port:nec>pc98 #disc:2>2 #reboxed:genteiban #lang:ja,655
#players:1 #genre:notagame>slideshow #disc:2>2 #lang:ja,656
#players:1 #genre:notagame>slideshow #lang:en,657
#players:1 #genre:notagame>slideshow #lang:ja,658
#players:1 #genre:notagame>slideshow #save:backup #disc:2>2 #lang:ja,659
#players:1 #genre:notagame>slideshow #search:keyword>endorsed #lang:ja,660
#players:1 #genre:notagame>slideshow #search:keyword>promo #lang:en,661
#players:1 #genre:notagame>slideshow>media #addon:expansion>moviecard #based:manganime #lang:ja,662
#players:1 #genre:notagame>slideshow>media #addon:expansion>moviecard #disc:2>2 #lang:ja,663
#players:1 #genre:notagame>slideshow>media #addon:expansion>moviecard #disc:2>2 #lang:ja #alt:1,664
#players:1 #genre:notagame>slideshow>media #addon:expansion>moviecard #disc:2>2 #lang:ja #alt:2,665
#players:1 #genre:notagame>slideshow>media #addon:expansion>moviecard #lang:ja,666
#players:1 #genre:notagame>slideshow>media #lang:en,667
#players:1 #genre:notagame>slideshow>media #lang:en #alt,668
#players:1 #genre:notagame>slideshow>media #lang:ja,669
#players:1 #genre:notagame>slideshow>media #save:backup #based:manganime #lang:ja,670
#players:1 #genre:notagame>slideshow>media>educational #addon:mouse>saturn #save:backup #lang:ja,671
#players:1 #genre:notagame>slideshow>media>educational #save:backup #lang:ja,672
#players:1 #genre:parlor>billiards #save:backup #disc:1>2 #lang:ja,673
#players:1 #genre:parlor>billiards #save:backup #disc:2>2 #lang:ja,674
#players:1 #genre:parlor>billiards:notagame>media #multigame:compilation>sidepocket2densetsunohustler>worldadvanceddaisenryakukoutetsunosenpuu>polygonhakusyaku #lang:ja #unfinished:demo,675
#players:1 #genre:parlor>jackpot #addon:backup>powermemory #save:backup #search:keyword>brand #lang:ja,676
#players:1 #genre:parlor>jackpot #save:backup #search:keyword>brand #lang:ja,677
#players:1 #genre:parlor>jackpot #save:backup #search:keyword>brand #lang:ja #rev:a,678
#players:1 #genre:parlor>jackpot #save:backup #search:keyword>promo #lang:ja,679
#players:1 #genre:parlor>pachinko #addon:backup>powermemory #save:backup #lang:ja,680
#players:1 #genre:parlor>pachinko #addon:controller>sankyoff #save:backup #disc:1>2 #multigame:compilation>sankyofeverjikkisimulationsvol3 #search:keyword>brand #reboxed #lang:ja,681
#players:1 #genre:parlor>pachinko #addon:controller>sankyoff #save:backup #disc:2>2 #multigame:compilation>sankyofeverjikkisimulationsvol2 #search:keyword>brand #reboxed #lang:ja,682
#players:1 #genre:parlor>pachinko #addon:controller>sankyoff #save:backup #search:keyword>brand #lang:ja,683
#players:1 #genre:parlor>pachinko #addon:controller>sankyoff #save:backup #search:keyword>brand #reboxed:genteiban #lang:ja,684
#players:1 #genre:parlor>pachinko #addon:controller>sankyoff #save:backup #search:keyword>brand #reboxed:satakore #lang:ja,685
#players:1 #genre:parlor>pachinko #save:backup #lang:ja,686
#players:1 #genre:parlor>pachinko:board>mahjong #save:backup #lang:ja,687
#players:1 #genre:parlor>pachinko:board>mahjong #save:backup #lang:ja #rev:a,688
#players:1 #genre:parlor>pachinko>jackpot #save:backup #lang:ja,689
#players:1 #genre:parlor>pinball #addon:backup>powermemory #save:backup #lang:en,690
#players:1 #genre:parlor>pinball #lang:en #unfinished:demo,691
#players:1 #genre:parlor>pinball #save:backup #lang:ja #unfinished:demo,692
#players:1 #genre:parlor>pinball #save:backup:password #lang:ja,693
#players:1 #genre:parlor>pinball:shmup>h:action:sports>soccer:notagame>slideshow>media #multigame:compilation>necronomicondigitalpinball>sekainoshasoukara1swisshenalpstozantetsudounotabi>sexyparodius>valtva>victorygoalworldwideedition>enemyzero #lang:ja #unfinished:demo,694
#players:1 #genre:puzzle #addon:mouse>saturn #save:backup #lang:ja,695
#players:1 #genre:puzzle #addon:mouse>saturn #save:backup #multigame #lang:ja,696
#players:1 #genre:puzzle #addon:mouse>saturn #save:backup #port:pc #lang:ja,697
#players:1 #genre:puzzle #addon:mouse>saturn:backup>powermemory #save:backup #search:keyword>strip #lang:ja,698
#players:1 #genre:puzzle #lang:ja,699
#players:1 #genre:puzzle #save:backup #lang:ja,700
#players:1 #genre:puzzle #save:backup #port:sony>playstation #lang:ja,701
#players:1 #genre:puzzle #save:backup #search:keyword>endorsed>strip #lang:ja,702
#players:1 #genre:puzzle #save:backup #search:keyword>strip #lang:ja,703
#players:1 #genre:puzzle:action #addon:mouse>saturn #save:backup #port:pc #lang:en,704
#players:1 #genre:puzzle:action #save:backup #port:pc #lang:en,705
#players:1 #genre:puzzle:action:minigames #save:backup #lang:ja,706
#players:1 #genre:puzzle:rpg>s:adventure:notagame>media #addon:expansion>moviecard #multigame:compilation>sidandalsincredibletoons>langrisser3>bodyspecial264girlsinmotionpuzzlevol2>jikuutanteidraculadetectivemaboroshinolorelei>cyberdoll>enemyzero>virtuafighterkids>nightsintodreams>tokimekimemorial>shippuumahoudaisakusenlingdomgrandprix>doukyuusei>saturnbomberman>strikers1945>darius2>lunarthesilverstar #search:feature>dracula #lang:ja #unfinished:demo,707
#players:1 #genre:puzzle:sim>fishing:shmup>h:sports>soccer:rpg>a #multigame:compilation>sandr>fishingkoushien>gradiusdeluxepack>iremarcadeclassics>jleaguevictorygoal96>thorseireioukiden #lang:ja #unfinished:demo,708
#players:1 #genre:puzzle:sports>soccer:rpg>s:shmup>v:notagame>media #multigame:compilation>daitoride>greatestnine96>langrisser3>shippuumahoudaisakusenlingdomgrandprix>strikers1945>nightsintodreams #lang:ja #unfinished:demo,709
#players:1 #genre:puzzle>drop:action:fighting:shooting>tps:notagame>media #multigame:compilation>magicaldrop2>koutetsureiikisteeldom>tokimekimemorialtaisenpazurudama>densetsunoogrebattle>realboutgaroudensetsu>sakurataisen #lang:ja #unfinished:demo,710
#players:1 #genre:puzzle>drop:action:sim>fishing:notagame>media>application #multigame:compilation>magicaldrop>loderunnerthelegendreturns>deroonderodero>seabassfishing>shichuusuimeipitagraph>virtuafighter2>virtuafightercgportraitcollection>streetfighterzero>defcon5>gungriffontheeurasianconflict>thehorde>zork1thegreatundergroundempire>angeldevoidfaceoftheenemy>kuusoukagakusekaigulliverboy>returntozork #lang:ja #unfinished:demo,711
#players:1 #genre:puzzle>drop:parlor>pachinko:sim>strategy>fishing:racing:notagame>media #multigame:compilation>hanagumitaisencolumns>jissenpachinkohisshouhoutwin>sangokushikoumeiden>seabassfishing2>tougekingthespirits2>commandandconquer>kidousenkannadesicoyapparisaigohaaigakatsu>skytarget>theunsolved>themepark>toukyoushadow #based:manganime #lang:ja #unfinished:demo,712
#players:1 #genre:puzzle>drop:sports>snowboarding>wrestling:notagame>media #multigame:compilation>segaagescolumnsarcadecollection>steepslopesliders>zennihonprowresfeaturingvirtua>culdcept>deadoralive>machi>doukeshisatsujinjiken>soeldnerschild>tacticsformula>thelostworldjurassicpark32bit #based:movie:jurassicpark #lang:ja #unfinished:demo,713
#players:1 #genre:quiz:notagame>media #based:manganime #lang:ja,714
#players:1 #genre:quiz:parlor>mogurataiji:minigames #save:backup #lang:ja,715
#players:1 #genre:racing #addon:backup>powermemory #save:backup #port:pc #lang:en,716
#players:1 #genre:racing #addon:backup>powermemory #save:backup #port:pc #lang:en #rev:a,717
#players:1 #genre:racing #addon:controller>3dpad #save:backup #lang:ja,718
#players:1 #genre:racing #addon:controller>3dpad>arcaderacer #save:backup #port:arcade #lang:ja,719
#players:1 #genre:racing #addon:controller>3dpad>arcaderacer #save:backup #port:arcade #lang:ja #rev:a,720
#players:1 #genre:racing #addon:controller>3dpad>arcaderacer:backup>powermemory #save:backup #based:manganime #search:keyword>brand #lang:ja,721
#players:1 #genre:racing #addon:controller>3dpad>arcaderacer:backup>powermemory #save:backup #port:arcade #lang:ja,722
#players:1 #genre:racing #addon:controller>arcaderacer #save:backup #search:keyword>endorsed #port:sony>playstation #lang:ja,723
#players:1 #genre:racing #addon:controller>arcaderacer #save:backup #search:keyword>endorsed #port:sony>playstation #lang:ja #unfinished:demo,724
#players:1 #genre:racing #addon:controller>arcaderacer:backup>powermemory #save:backup #lang:en,725
#players:1 #genre:racing #addon:controller>arcaderacer:backup>powermemory #save:backup #lang:en:fr:de,726
#players:1 #genre:racing #addon:controller>arcaderacer:backup>powermemory #save:backup #search:keyword>official #lang:en,727
#players:1 #genre:racing:action #addon:controller>arcaderacer #multigame:compilation>taitochasehq>specialcriminalinvestigation #port:arcade #lang:ja,728
#players:1 #genre:racing:adventure #addon:controller>3dpad>arcaderacer #save:backup #lang:ja,729
#players:1 #genre:racing:adventure #addon:controller>3dpad>arcaderacer #save:backup #lang:ja #unfinished:demo,730
#players:1 #genre:racing:shooting>fps #save:backup #port:pc #lang:ja,731
#players:1 #genre:racing:sim #addon:controller>arcaderacer #port:arcade #lang:ja,732
#players:1 #genre:racing:sim>derby:sim>building>strategy:puzzle>drop:notagame>media #multigame:compilation>tougekingthespirits2>stakeswinner2>themepark>magicaldrop3toretatezoukangou>daisenryakustrongstyle>quiznanairodreamsnijiirochounokiseki>shienryuu>dezaemon2>masterofmonstersneogenerations>mrbones>mooncradle #lang:ja #unfinished:demo,733
#players:1 #genre:racing:sports>formula1 #addon:controller>arcaderacer:backup>powermemory #save:backup #search:keyword>official #lang:en,734
#players:1 #genre:racing:sports>formula1 #addon:controller>arcaderacer:backup>powermemory #save:backup #search:keyword>official #lang:ja,735
#players:1 #genre:racing:sports>motogp #addon:controller>arcaderacer:backup>powermemory #lang:ja #unfinished:demo,736
#players:1 #genre:racing:sports>motogp #addon:controller>arcaderacer:backup>powermemory #save:backup #lang:en,737
#players:1 #genre:racing:sports>motogp #addon:controller>arcaderacer:backup>powermemory #save:backup #lang:ja,738
#players:1 #genre:racing:sports>motogp #addon:controller>arcaderacer:backup>powermemory #save:backup #lang:ja #alt,739
#players:1 #genre:racing:sports>motogp:parlor>pachinko:fighting:quiz:notagame>media>application #multigame:compilation>hangongp95>hissatsupachinkocollection>galaxyfightuniversalwarriors>americaoudanultraquiz>sentomonogatarisono1>shinmegamitenseidevilsummoner>bakubakuanimal>segarallychampionship>toushinden>hideonomoworldseriesbaseball>f1liveinformation>xmenchildrenoftheatom>dragonforce>virtuafightercgportraitcollection>quovadis>themepark>virtuacop>fedatheemblemofjustice #lang:ja #unfinished:demo,740
#players:1 #genre:racing:sports>motogp:parlor>pachinko:fighting:quiz:notagame>media>application #multigame:compilation>hangongp95>hissatsupachinkocollection>galaxyfightuniversalwarriors>americaoudanultraquiz>sentomonogatarisono1>shinmegamitenseidevilsummoner>bakubakuanimal>segarallychampionship>toushinden>hideonomoworldseriesbaseball>f1liveinformation>xmenchildrenoftheatom>dragonforce>virtuafightercgportraitcollection>quovadis>themepark>virtuacop>fedatheemblemofjustice #lang:ja #unfinished:demo #alt:1,741
#players:1 #genre:racing:sports>motogp:parlor>pachinko:fighting:quiz:notagame>media>application #multigame:compilation>hangongp95>hissatsupachinkocollection>galaxyfightuniversalwarriors>americaoudanultraquiz>sentomonogatarisono1>shinmegamitenseidevilsummoner>bakubakuanimal>segarallychampionship>toushinden>hideonomoworldseriesbaseball>f1liveinformation>xmenchildrenoftheatom>dragonforce>virtuafightercgportraitcollection>quovadis>themepark>virtuacop>fedatheemblemofjustice #lang:ja #unfinished:demo #alt:2,742
#players:1 #genre:racing:sports>nascar #addon:controller>arcaderacer:backup>powermemory #save:backup #disc:3>3 #multigame:compilation>daytonausa #port:arcade #reboxed #lang:en,743
#players:1 #genre:racing:sports>nascar #addon:controller>arcaderacer:backup>powermemory #save:backup #port:arcade #lang:en,744
#players:1 #genre:racing:sports>nascar #addon:controller>arcaderacer:backup>powermemory #save:backup #port:arcade #lang:en #alt:1,745
#players:1 #genre:racing:sports>nascar #addon:controller>arcaderacer:backup>powermemory #save:backup #port:arcade #lang:en #alt:2,746
#players:1 #genre:racing:sports>nascar #addon:controller>arcaderacer:backup>powermemory #save:backup #port:arcade #lang:ja,747
#players:1 #genre:racing:sports>nascar #addon:controller>arcaderacer:backup>powermemory #save:backup #port:arcade #lang:ja #unfinished:demo,748
#players:1 #genre:racing:sports>nascar>kickboxing:adventure>pointandclick:fighting:action>runandgun:notagame>media #multigame:compilation>daytonausa>fantastep>fightingillusionshouk1grandprix>shinreijusatsushitaroumaru>tombraider>bugtoo>daisenryakustrongstyle>mrbones>puyopuyosun>shinseikievangelion2ndimpression>ultramanhikarinokyojindensetsu>zapsnowboardingtrix #lang:ja #unfinished:demo,749
#players:1 #genre:racing:sports>nascar>soccer:action:adventure:fighting:shooting>tps #multigame:compilation>segarallychampionship>victorygoalworldwideedition>tombraider>dennousenkivirtualon>bugtoo>darksavior>fightingvipers>nightsintodreams>mrbones>virtuacop2 #lang:en #unfinished:demo #rev:a,750
#players:1 #genre:racing:sports>nascar>soccer:action:adventure:fighting:shooting>tps:notagame>media #multigame:compilation>segarallychampionship>victorygoalworldwideedition>tombraider>dennousenkivirtualon>bugtoo>darksavior>fightingvipers>nightsintodreams>mrbones>virtuacop2 #lang:en #unfinished:demo,751
#players:1 #genre:racing:sports>snowboarding>soccer:notagame>media #multigame:compilation>segatouringcarchampionship>steepslopesliders>worldleaguesoccer98>burningrangers>enemyzero>thehouseofthedead>nbaaction98>azelpanzerdragoonrpg>shiningforce3scenario1outonokyoshin>sonicr>winterheat #search:feature>sonic #lang:en #unfinished:demo,752
#players:1 #genre:racing:sports>soccer>snowboarding:notagame>media #multigame:compilation>segatouringcarchampionship>segaworldwidesocccer98>steepslopesliders>enemyzero>thelostworldjurassicpark32bit>nbaaction98>azelpanzerdragoonrpg>sonicr #search:feature>sonic #lang:en #unfinished:demo,753
#players:1 #genre:racing>combat #addon:backup>powermemory>fddsaturn #save:backup #lang:en,754
#players:1 #genre:racing>combat #addon:controller>3dpad>arcaderacer #port:sony>playstation #lang:en #unfinished:demo,755
#players:1 #genre:racing>combat #addon:controller>3dpad>arcaderacer #port:sony>playstation #reboxed #lang:en #unfinished:demo,756
#players:1 #genre:racing>combat #lang:en #unfinished:demo,757
#players:1 #genre:rpg:sim>strategy #addon:backup>powermemory #save:backup #port:nintendo>superfamicom #lang:ja,758
#players:1 #genre:rpg>a #addon:backup>powermemory #save:backup #based:manganime #lang:en,759
#players:1 #genre:rpg>a #addon:backup>powermemory #save:backup #based:manganime #lang:ja #rev:a,760
#players:1 #genre:rpg>a #addon:backup>powermemory #save:backup #based:manganime #reboxed:genteiban #lang:ja,761
#players:1 #genre:rpg>a #addon:backup>powermemory #save:backup #based:manganime #reboxed:genteiban #lang:ja #alt,762
#players:1 #genre:rpg>a #addon:backup>powermemory #save:backup #disc:1>2 #port:nintendo>superfamicom #lang:ja,763
#players:1 #genre:rpg>a #addon:backup>powermemory #save:backup #lang:en,764
#players:1 #genre:rpg>a #addon:backup>powermemory #save:backup #lang:ja,765
#players:1 #genre:rpg>a #addon:backup>powermemory #save:backup #port:nintendo>superfamicom #reboxed:satakore #lang:ja,766
#players:1 #genre:rpg>a #addon:backup>powermemory #save:backup #reboxed:genteiban #lang:ja,767
#players:1 #genre:rpg>a #addon:backup>powermemory #save:backup:password #lang:en,768
#players:1 #genre:rpg>a #addon:backup>powermemory #save:backup:password #lang:en #alt,769
#players:1 #genre:rpg>a #addon:backup>powermemory #save:backup:password #lang:ja,770
#players:1 #genre:rpg>a #addon:controller>3dpad:backup>powermemory #save:backup #lang:en,771
#players:1 #genre:rpg>a #addon:controller>3dpad:backup>powermemory #save:backup #lang:ja,772
#players:1 #genre:rpg>a #addon:controller>3dpad:backup>powermemory #save:backup #lang:ja #unfinished:demo>1,773
#players:1 #genre:rpg>a #addon:controller>3dpad:backup>powermemory #save:backup #lang:ja #unfinished:demo>2,774
#players:1 #genre:rpg>a #lang:ja #unfinished:demo,775
#players:1 #genre:rpg>a #save:backup #lang:en,776
#players:1 #genre:rpg>a #save:backup #lang:en #unfinished:beta,777
#players:1 #genre:rpg>a #save:backup #lang:ja,778
#players:1 #genre:rpg>a #save:backup #lang:ja #alt,779
#players:1 #genre:rpg>a #save:backup #port:nec>pc88 #multigame:compilation>dragonslayer>xanadu>ys #disc:1>2 #reboxed:genteiban #lang:ja,780
#players:1 #genre:rpg>a #save:backup #port:nec>pc88 #multigame:compilation>dragonslayer>xanadu>ys #lang:ja,781
#players:1 #genre:rpg>a #save:backup #port:nec>pc88 #multigame:compilation>dragonslayer>xanadu>ys #reboxed:satakore #lang:ja,782
#players:1 #genre:rpg>a #save:backup #port:pc #lang:ja,783
#players:1 #genre:rpg>a #save:backup #reboxed:satakore #lang:ja #rev:a,784
#players:1 #genre:rpg>a #save:backup #reboxed:satakore #lang:ja #rev:a #alt,785
#players:1 #genre:rpg>a:adventure>pointandclick:action>runandgun>platformer:parlor>pinball:board>mahjong:notagame>media #addon:expansion>moviecard #multigame:compilation>princesscrown>lulu>shinreijusatsushitaroumaru>tryrushdeppy>necronomicondigitalpinball>gamblerjikochuushinsha2gtmh>dennousenkivirtualon>enemyzero>virtuafighter3>riglordsaga>shiningtheholyark>victorygoalworldwideedition>jinzouningenhakaiderlastjudgement>sentimentalgraffitifirstwindow>lunarthesilverstar>rockman8>virtuacop2>tengaimakyoudaiyonnomokushirokutheapocalypse4 #lang:ja #unfinished:demo,786
#players:1 #genre:rpg>dungeoncrawler #addon:backup>powermemory #save:backup #lang:en,787
#players:1 #genre:rpg>dungeoncrawler #addon:backup>powermemory #save:backup #lang:ja,788
#players:1 #genre:rpg>dungeoncrawler #addon:backup>powermemory #save:backup #lang:ja #alt,789
#players:1 #genre:rpg>dungeoncrawler #addon:backup>powermemory #save:backup #multigame:compilation>wizardry6baneofthecosmicforge>wizardry7crusadersofthedarksavant #port:commodore>amiga #lang:ja,790
#players:1 #genre:rpg>dungeoncrawler #addon:controller>3dpad #save:backup #lang:ja,791
#players:1 #genre:rpg>dungeoncrawler #addon:controller>3dpad #save:backup #lang:ja #unfinished:demo,792
#players:1 #genre:rpg>dungeoncrawler #multigame:compilation>wizardry6baneofthecosmicforge>wizardry7crusadersofthedarksavant #port:commodore>amiga #lang:ja,793
#players:1 #genre:rpg>dungeoncrawler #save:backup #multigame:compilation>wizardryprovinggroundsofthemadoverlord>wizardry2knightofdiamonds>wizardry3legacyofllylgamyn #port:apple>apple2 #lang:ja:en,794
#players:1 #genre:rpg>dungeoncrawler #save:backup #port:nec>pc98 #lang:ja,795
#players:1 #genre:rpg>dungeoncrawler #save:backup #search:keyword>promo #lang:ja,796
#players:1 #genre:rpg>dungeoncrawler:adventure:quiz:board>party:shooting>gallery:puzzle>drop:sim>strategy>building:sports>golf:notagame>media #save:backup #multigame:compilation>shinmegamitenseidevilsummoner>bakushouallyoshimotoquizouketteisendx>strahlhimerareshinanatsunohikari>chaoscontrol>papparapaoon>quovadis>themepark>devilscourse>ouchannooekakilogic>teitokunoketsudan2>promahjongkiwames>superrealmahjonggraffiti>segarallychampionship #lang:ja #unfinished:demo,797
#players:1 #genre:rpg>dungeoncrawler:adventure:quiz:board>party:shooting>gallery:puzzle>drop:sim>strategy>building:sports>golf:notagame>media #save:backup #multigame:compilation>shinmegamitenseidevilsummoner>bakushouallyoshimotoquizouketteisendx>strahlhimerareshinanatsunohikari>chaoscontrol>papparapaoon>quovadis>themepark>devilscourse>ouchannooekakilogic>teitokunoketsudan2>promahjongkiwames>superrealmahjonggraffiti>segarallychampionship #lang:ja #unfinished:demo #alt,798
#players:1 #genre:rpg>dungeoncrawler:puzzle>drop:sim>strategy:notagame>media #multigame:compilation>dragonmastersilk>monsterslider>puzzlebobble3>quovadis2wakuseikyoushuuovanrei>tenchimuyourensahitsuyou>advancedworldwarsennenteikokunokouboulotm>victorygoal97>manxttsuperbike>proyakyuugreatestnine97>shinseikievangelion2ndimpression>shinsetsusamuraispiritsbushidouretsuden>yuushunclassicroad #lang:ja #unfinished:demo,799
#players:1 #genre:rpg>j #addon:backup>fddsaturn #save:backup #port:nec>pc98 #lang:ja,800
#players:1 #genre:rpg>j #addon:backup>powermemory #save:backup #based:manganime #lang:ja,801
#players:1 #genre:rpg>j #addon:backup>powermemory #save:backup #disc:1>2 #lang:ja,802
#players:1 #genre:rpg>j #addon:backup>powermemory #save:backup #disc:1>2 #lang:ja #alt,803
#players:1 #genre:rpg>j #addon:backup>powermemory #save:backup #disc:1>2 #port:sega>megacd #lang:ja,804
#players:1 #genre:rpg>j #addon:backup>powermemory #save:backup #disc:1>2 #reboxed #lang:ja,805
#players:1 #genre:rpg>j #addon:backup>powermemory #save:backup #disc:1>2 #search:franchise>dragonslayer #port:nec>pc98 #lang:ja,806
#players:1 #genre:rpg>j #addon:backup>powermemory #save:backup #disc:2>2 #lang:ja,807
#players:1 #genre:rpg>j #addon:backup>powermemory #save:backup #disc:2>2 #lang:ja #alt,808
#players:1 #genre:rpg>j #addon:backup>powermemory #save:backup #disc:2>2 #port:sega>megacd #lang:ja,809
#players:1 #genre:rpg>j #addon:backup>powermemory #save:backup #disc:2>2 #reboxed #lang:ja,810
#players:1 #genre:rpg>j #addon:backup>powermemory #save:backup #disc:2>2 #search:franchise>dragonslayer #port:nec>pc98 #lang:ja,811
#players:1 #genre:rpg>j #addon:backup>powermemory #save:backup #lang:en,812
#players:1 #genre:rpg>j #addon:backup>powermemory #save:backup #lang:en #rev:1,813
#players:1 #genre:rpg>j #addon:backup>powermemory #save:backup #lang:ja,814
#players:1 #genre:rpg>j #addon:backup>powermemory #save:backup #lang:ko,815
#players:1 #genre:rpg>j #addon:backup>powermemory #save:backup #port:nec>cdromrom #lang:ja,816
#players:1 #genre:rpg>j #addon:backup>powermemory #save:backup #port:nec>pc88 #multigame:compilation>dragonslayerthelegendofheroes>dragonslayerthelegendofheroes2 #search:franchise>dragonslayer #lang:ja,817
#players:1 #genre:rpg>j #addon:backup>powermemory #save:backup #port:sega>megacd #lang:ja,818
#players:1 #genre:rpg>j #addon:backup>powermemory #save:backup #port:sega>megacd #lang:ja #rev:a,819
#players:1 #genre:rpg>j #addon:backup>powermemory #save:backup #reboxed #lang:ja,820
#players:1 #genre:rpg>j #addon:backup>powermemory #save:backup #reboxed:satakore #lang:ja,821
#players:1 #genre:rpg>j #addon:controller>3dpad:keyboard>saturn:backup>fddsaturn #save:backup #disc:1>4 #lang:en,822
#players:1 #genre:rpg>j #addon:controller>3dpad:keyboard>saturn:backup>fddsaturn #save:backup #disc:1>4 #lang:ja,823
#players:1 #genre:rpg>j #addon:controller>3dpad:keyboard>saturn:backup>fddsaturn #save:backup #disc:1>4 #lang:ja #alt,824
#players:1 #genre:rpg>j #addon:controller>3dpad:keyboard>saturn:backup>fddsaturn #save:backup #disc:2>4 #lang:en,825
#players:1 #genre:rpg>j #addon:controller>3dpad:keyboard>saturn:backup>fddsaturn #save:backup #disc:2>4 #lang:ja,826
#players:1 #genre:rpg>j #addon:controller>3dpad:keyboard>saturn:backup>fddsaturn #save:backup #disc:3>4 #lang:en,827
#players:1 #genre:rpg>j #addon:controller>3dpad:keyboard>saturn:backup>fddsaturn #save:backup #disc:3>4 #lang:ja,828
#players:1 #genre:rpg>j #addon:controller>3dpad:keyboard>saturn:backup>fddsaturn #save:backup #disc:3>4 #lang:ja #alt,829
#players:1 #genre:rpg>j #addon:controller>3dpad:keyboard>saturn:backup>fddsaturn #save:backup #disc:4>4 #lang:en,830
#players:1 #genre:rpg>j #addon:controller>3dpad:keyboard>saturn:backup>fddsaturn #save:backup #disc:4>4 #lang:ja,831
#players:1 #genre:rpg>j #addon:controller>3dpad:keyboard>saturn:backup>fddsaturn #save:backup #lang:ja #unfinished:demo,832
#players:1 #genre:rpg>j #addon:expansion>moviecard:backup>powermemory #save:backup #port:sega>megacd #lang:ja #rev:b,833
#players:1 #genre:rpg>j #lang:ja #unfinished:demo,834
#players:1 #genre:rpg>j #port:nec>pcfx #lang:ja #unfinished:demo>auto,835
#players:1 #genre:rpg>j #save:backup #based #port:sony>playstation #lang:ja,836
#players:1 #genre:rpg>j #save:backup #based:manganime #disc:1>2 #lang:ja,837
#players:1 #genre:rpg>j #save:backup #based:manganime #disc:2>2 #lang:ja,838
#players:1 #genre:rpg>j #save:backup #based:manganime #lang:ja,839
#players:1 #genre:rpg>j #save:backup #lang:ja,840
#players:1 #genre:rpg>j #save:backup #lang:ja #unfinished:demo,841
#players:1 #genre:rpg>j #save:backup #port:nec>pc98 #lang:ja,842
#players:1 #genre:rpg>j #save:backup #port:nec>pcengine #lang:ja,843
#players:1 #genre:rpg>j #save:backup #port:nec>pcfx #lang:ja,844
#players:1 #genre:rpg>j #save:backup #port:pc #lang:ja,845
#players:1 #genre:rpg>j #save:backup #port:pc #lang:zh,846
#players:1 #genre:rpg>j #save:backup #port:sega>gamegear #lang:ja,847
#players:1 #genre:rpg>j #save:backup #port:sega>gamegear #lang:ja #alt,848
#players:1 #genre:rpg>j #save:backup #port:sony>playstation #lang:ja,849
#players:1 #genre:rpg>j #save:backup #reboxed #lang:ja,850
#players:1 #genre:rpg>j #save:backup #reboxed:satakore #lang:ja #rev:a,851
#players:1 #genre:rpg>j #search:franchise>dragonslayer #port:nec>pc98 #lang:ja #unfinished:demo,852
#players:1 #genre:rpg>j:action:puzzle:sports>golf:shooting>gallery:notagame>media #multigame:compilation>albertodysseygaidenlegendofeldean>virtualgolf>clockwerx>mightyhits>enemyzero>nightsintodreams>lastbronx>virtuafighter3>sakurataisen>lunarthesilverstar>tengaimakyoudaiyonnomokushirokutheapocalypse4>gekkamugentantorico>virtuacop2 #lang:ja #unfinished:demo,853
#players:1 #genre:rpg>j:action>platformer:adventure:fighting:notagame>media #multigame:compilation>azelpanzerdragoonrpg>bubblesymphony>nanatsukazenoshimamonogatari>segaagesmemorialselectionvol2>zerodividethefinalconflict>devilsummonersoulhackers>jleagueprosoccerclubwotsukurou2>mahougakuenlunar>sakurataisenjoukiradioshow>segatouringcarchampionship>solocrisis>sonicr>xmenvsstreetfighter #search:feature>sonic>xmen #based:marvel #lang:ja #unfinished:demo,854
#players:1 #genre:rpg>j:fighting:sports>boxing:action:adventure:puzzle:notagame>media #addon:expansion>moviecard #multigame:compilation>tengaimakyoudaiyonnomokushirokutheapocalypse4>loderunnerextra>funkyheadboxers>tombraider>timegalandninjahayate>zoop>fantasyzone>quovadis2wakuseikyoushuuovanrei>mrbones>bugtoo>valtva>cubebattlerstoryofshou>airsadventure>gingaojousamadensetsuyuna>virtuafighter3 #lang:ja #unfinished:demo,855
#players:1 #genre:rpg>j:notagame>slideshow #addon:backup>powermemory #save:backup #lang:ja,856
#players:1 #genre:rpg>j:notagame>slideshow #addon:backup>powermemory #save:backup #lang:ja #rev:a,857
#players:1 #genre:rpg>j:shooting>tps:shmup>h:notagame>media #multigame:compilation>azelpanzerdragoonrpg>boukenkatsugekimonomono>bulkslash>thunderforce5>lastbronx>biohazard>fightershistorydynamite>princesscrown>realsoundkazenoregret>tokimekimemorialdramaseriesvol1nijiironoseishun #lang:ja #unfinished:demo,858
#players:1 #genre:rpg>j:sim>building #addon:backup>powermemory #save:backup #lang:ja,859
#players:1 #genre:rpg>j:sim>pet:sports>soccer:puzzle>drop:action>maze:notagame>media #multigame:compilation>albertodysseygaidenlegendofeldean>aquazonedesktoplife>greatestnine96>puzzlebobble2>saturnbomberman>tokimekimemorial #lang:ja #unfinished:demo,860
#players:1 #genre:rpg>j:sports>baseball:brawler:puzzle>drop:notagame>media #multigame:compilation>azelpanzerdragoonrpg>gekitotsukoushien>pulirula>tokimekimemorialtaisentokkaedama>minakatahakudoutoujou>rockmanx4>superrobottaisenf>virus #based:manganime #search:feature>gundam #lang:ja #unfinished:demo,861
#players:1 #genre:rpg>j>a:shooting>rail:puzzle>drop:notagame>media #multigame:compilation>albertodysseygaidenlegendofeldean>darksavior>panzerdragoon2zwei>pdultramanlink>jleaguevictorygoal96>dragonforce #based #lang:ja #unfinished:demo,862
#players:1 #genre:rpg>j>dungeoncrawler #save:backup #lang:ja #rev:a,863
#players:1 #genre:rpg>j>dungeoncrawler #save:backup #multigame:compilation>phantasystar>phantasystar2kaerazarutokinoowarini>phantasystar3tokinokeishousha>phantasystartheendofthemillennium #port:sega>mark3>megadrive #lang:ja,864
#players:1 #genre:rpg>j>dungeoncrawler #save:backup #reboxed:genteiban #lang:ja,865
#players:1 #genre:rpg>s #addon:backup>fddsaturn #save:backup #port:pc #lang:ja,866
#players:1 #genre:rpg>s #addon:backup>powermemory #save:backup #based:manganime #search:feature>gundam #lang:ja,867
#players:1 #genre:rpg>s #addon:backup>powermemory #save:backup #based:manganime #search:feature>gundam #lang:ja #alt,868
#players:1 #genre:rpg>s #addon:backup>powermemory #save:backup #based:manganime #search:feature>gundam #lang:ja #rev:a,869
#players:1 #genre:rpg>s #addon:backup>powermemory #save:backup #based:manganime #search:feature>gundam #lang:ja #rev:a #alt,870
#players:1 #genre:rpg>s #addon:backup>powermemory #save:backup #lang:en,871
#players:1 #genre:rpg>s #addon:backup>powermemory #save:backup #lang:ja,872
#players:1 #genre:rpg>s #addon:backup>powermemory #save:backup #lang:ja #alt,873
#players:1 #genre:rpg>s #addon:backup>powermemory #save:backup #multigame:compilation>langrisser5theendoflegend #disc:4>4 #reboxed #lang:ja,874
#players:1 #genre:rpg>s #addon:backup>powermemory #save:backup #multigame:compilation>langrisser>langrisser2 #disc:1>4 #reboxed #lang:ja,875
#players:1 #genre:rpg>s #addon:backup>powermemory #save:backup #multigame:compilation>langrisser>langrisser2 #lang:ja,876
#players:1 #genre:rpg>s #addon:backup>powermemory #save:backup #port:nintendo>superfamicom #lang:ja,877
#players:1 #genre:rpg>s #addon:backup>powermemory #save:backup #reboxed:satakore #lang:ja,878
#players:1 #genre:rpg>s #addon:backup>powermemory #save:backup #reboxed:satakore #lang:ja #rev:a,879
#players:1 #genre:rpg>s #addon:backup>powermemory>fddsaturn #save:backup #port:pc #lang:ja,880
#players:1 #genre:rpg>s #addon:backup>powermemory>fddsaturn #save:backup #port:pc #reboxed #lang:ja,881
#players:1 #genre:rpg>s #addon:controller>3dpad:backup>powermemory #save:backup #disc:2>3 #multigame:compilation>shiningforce3scenario1outonokyoshin #reboxed #lang:ja #unfinished:demo,882
#players:1 #genre:rpg>s #addon:controller>3dpad:backup>powermemory #save:backup #lang:en,883
#players:1 #genre:rpg>s #addon:controller>3dpad:backup>powermemory #save:backup #lang:en #unfinished:beta,884
#players:1 #genre:rpg>s #addon:controller>3dpad:backup>powermemory #save:backup #lang:ja,885
#players:1 #genre:rpg>s #addon:controller>3dpad:backup>powermemory #save:backup #lang:ja #rev:a,886
#players:1 #genre:rpg>s #addon:controller>3dpad:backup>powermemory #save:backup #lang:ja #unfinished:demo,887
#players:1 #genre:rpg>s #addon:mouse>saturn #save:backup #lang:ja,888
#players:1 #genre:rpg>s #addon:mouse>saturn #save:backup #port:nintendo>superfamicom #lang:ja,889
#players:1 #genre:rpg>s #addon:mouse>saturn #save:backup #port:nintendo>superfamicom #lang:ja #unfinished:demo,890
#players:1 #genre:rpg>s #addon:mouse>saturn #save:backup #port:pc #lang:ja,891
#players:1 #genre:rpg>s #based:manganime #search:feature>gundam #lang:ja #unfinished:demo,892
#players:1 #genre:rpg>s #port:nintendo>superfamicom #lang:ja,893
#players:1 #genre:rpg>s #save:backup #addon:backup>powermemory #lang:ja #rev:1,894
#players:1 #genre:rpg>s #save:backup #addon:backup>powermemory #lang:ja #rev:1 #alt,895
#players:1 #genre:rpg>s #save:backup #disc:1>2 #lang:ja,896
#players:1 #genre:rpg>s #save:backup #disc:2>2 #lang:ja,897
#players:1 #genre:rpg>s #save:backup #lang:ja,898
#players:1 #genre:rpg>s #save:backup #lang:ja #rev:a,899
#players:1 #genre:rpg>s #save:backup #lang:ja #unfinished:demo,900
#players:1 #genre:rpg>s #save:backup #multigame:compilation>langrisser3 #disc:2>4 #reboxed #lang:ja #rev:a,901
#players:1 #genre:rpg>s #save:backup #multigame:compilation>langrisser4 #disc:3>4 #reboxed #lang:ja,902
#players:1 #genre:rpg>s #save:backup #port:nec>pc98 #lang:ja,903
#players:1 #genre:rpg>s #save:backup #port:nec>pc98 #lang:zh,904
#players:1 #genre:rpg>s #save:backup #port:nec>pc98 #reboxed #lang:ja,905
#players:1 #genre:rpg>s #save:backup #port:pc #lang:ja,906
#players:1 #genre:rpg>s #save:backup #port:pc #reboxed:genteiban #lang:ja,907
#players:1 #genre:rpg>s #save:backup #port:sony>playstation #disc:1>2 #lang:ja,908
#players:1 #genre:rpg>s #save:backup #port:sony>playstation #disc:2>2 #lang:ja,909
#players:1 #genre:rpg>s #save:backup #port:sony>playstation #lang:ja,910
#players:1 #genre:rpg>s #save:backup #reboxed #lang:ja #rev:a,911
#players:1 #genre:rpg>s #save:backup #reboxed:genteiban #lang:ja,912
#players:1 #genre:rpg>s #save:backup #reboxed:satakore #lang:ja,913
#players:1 #genre:rpg>s #save:backup #reboxed:satakore #lang:ja #rev:a,914
#players:1 #genre:rpg>s:notagame>slideshow>media #addon:backup>powermemory #save:backup #search:keyword>promo #lang:ja,915
#players:1 #genre:shmup #addon:controller>3dpad>missionstick:backup>powermemory #save:backup #port:sony>playstation #lang:de,916
#players:1 #genre:shmup #addon:controller>3dpad>missionstick:backup>powermemory #save:backup #port:sony>playstation #lang:en,917
#players:1 #genre:shmup #addon:controller>3dpad>missionstick:backup>powermemory #save:backup #port:sony>playstation #lang:fr,918
#players:1 #genre:shmup #addon:controller>3dpad>missionstick:backup>powermemory #save:backup #port:sony>playstation #lang:ja,919
#players:1 #genre:shmup>h #addon:controller>3dpad:backup>powermemory #lang:en #unfinished:demo,920
#players:1 #genre:shmup>h #addon:controller>3dpad:backup>powermemory #save:backup #lang:en,921
#players:1 #genre:shmup>h #addon:controller>3dpad:backup>powermemory #save:backup #reboxed:genteiban #lang:en,922
#players:1 #genre:shmup>h #addon:controller>3dpad:backup>powermemory #save:backup #reboxed:satakore #lang:en,923
#players:1 #genre:shmup>h #save:backup #based:manganime:movie #disc:1>2 #lang:ja,924
#players:1 #genre:shmup>h #save:backup #based:manganime:movie #disc:2>2 #lang:ja,925
#players:1 #genre:shmup>h #save:backup #multigame:compilation>thunderforceac>thunderforce4 #port:sega>megadrive:arcade #lang:ja,926
#players:1 #genre:shmup>h #save:backup #port:arcade #lang:ja,927
#players:1 #genre:shmup>h:action>maze>platformer:adventure:rpg>a>s:sim>building:notagame>media #multigame:compilation>cotton2>hanshadespark>jungleparksaturnjima>mariakimitachigaumaretawake>ninpenmanmaru>princesscrown>shiningforce3scenario1outonokyoshin>solocrisis>grandia>proyakyuuteammotsukurou>sonicr #based:manganime #search:feature>sonic #lang:ja #unfinished:demo,928
#players:1 #genre:shmup>h:action>runandgun #save:backup #based:manganime #search:feature>gundam #lang:ja,929
#players:1 #genre:shmup>h:brawler:action>runandgun:racing:sports>rally:notagame>media #multigame:compilation>dariusgaiden>guardianheroes>kidousenshigundam>segarallychampionship>godzillarettoushinkan>magicaldrop #port:arcade #lang:ja #unfinished:demo,930
#players:1 #genre:shmup>h:brawler:sim>strategy>fishing>derby:notagame>media #multigame:compilation>choujikuuyousaimacrossaioboeteimasuka>daisenryakustrongstyle>fishingkoushien2>stakeswinner2>threedirtydwarves>angeliquespecial2>eberouge>freetalkstudiomarinokimamanaoshaberi>kidousenkannadesicoyapparisaigohaaigakatsu>sonicjam #search:feature>sonic #lang:ja #unfinished:demo,931
#players:1 #genre:shmup>h:puzzle>drop:action>platformer:notagame>media #multigame:compilation>choujikuuyousaimacrossaioboeteimasuka>harukazesentaivforce>magicaldrop3toretatezoukangou>salamanderdeluxepackplus>sonicjam>fullcowlminiyonkusuperfactory>maricashinjitsunosekai>decathlete>nightsintodreams>segarallychampionship>seikairisshidenyoikuniyoiseiji>willywombat #search:feature>sonic #lang:ja #unfinished:demo,932
#players:1 #genre:shmup>h:racing:racing>combat:sim>derby:shooting>fps:notagame>media #multigame:compilation>sengokublade>stakeswinner>streetracer>magiccarpet>shiningtheholyark #lang:ja #unfinished:demo,933
#players:1 #genre:shmup>h>v:fighting:notagame>media #multigame:compilation>darius2>donpachi>dragonballzidainarudragonballdensetsu>gekkamugentantorico>nightsintodreams>rockmanx3 #lang:ja #unfinished:demo,934
#players:1 #genre:shmup>v #addon:controller>3dpad:mouse>saturn #save:backup #lang:ja,935
#players:1 #genre:shmup>v:action:adventure:notagame>media #multigame:compilation>guardianforce>lupinsanseipyramidnokenja>capcomgeneration1>mahoutsukaininaruhouhou>proyakyuugreatestnine98summeraction>slayersroyal2>wachenroeder>zanmachouougivalhollian #based:manganime #lang:ja #unfinished:demo,936
#players:1 #genre:shmup>v:puzzle>drop:sports>soccer:rpg>j:notagame>application>educational>media #addon:expansion>moviecard #multigame:compilation>tsuukaislotshooting>shingatakururinpa>strikers1945>sonicwingsspecial>sidandalsincredibletoons>lunarthesilverstar>lifescapeseimei40okunenharukanatabi>streetfighterzero2>sonicthefighters>nightsintodreams>enemyzero>lunarthesilverstar>lastbronx>decathlete>greatestnine96>spaceharrier #search:feature>sonic #lang:ja #unfinished:demo,937
#players:1 #genre:shmup>v:racing:board>party:notagame>media #multigame:compilation>battlegaregga>powerdrift>tenantwars>burningrangers>initialdkoudousaisokudensetsung>proyakyuuteammotsukurou>segasaturndehakkentamagotchipark>shadowsofthetusk>eiyuudensetsu3shirokimajo>winterheat #based:manganime #lang:ja #unfinished:demo,938
#players:1 #genre:shmup>v:racing>combat:shooting>fps:action:fighting>melee:puzzle>drop:notagame>media #multigame:compilation>sengokublade>streetracer>powerslave>valtva>minaminoshimanibutagaitalucasnodaibouken>kaitousainttailss>airsadventure>virtuafighter3>shiningtheholyark>terraphantastica>tacticsogre>dxhird>rockman8>tengaimakyoudaiyonnomokushirokutheapocalypse4>jinzouningenhakaiderlastjudgement>christmasnightsintodreams #lang:ja #unfinished:demo,939
#players:1 #genre:shmup>v:shooting>rail #save:backup #lang:ja,940
#players:1 #genre:shmup>v>h #multigame:compilation>thunderforce2>thunderforce3 #port:sega>megadrive #lang:ja,941
#players:1 #genre:shooting>fps #addon:backup>powermemory #save:backup #based #port:3do #lang:en,942
#players:1 #genre:shooting>fps #addon:backup>powermemory #save:backup #lang:de,943
#players:1 #genre:shooting>fps #addon:backup>powermemory #save:backup #lang:en,944
#players:1 #genre:shooting>fps #addon:backup>powermemory #save:backup #lang:en:fr:de:es:it,945
#players:1 #genre:shooting>fps #addon:backup>powermemory #save:backup #lang:fr,946
#players:1 #genre:shooting>fps #addon:backup>powermemory #save:backup #lang:ja,947
#players:1 #genre:shooting>fps #addon:controller>3dpad #save:backup #port:pc #lang:en,948
#players:1 #genre:shooting>fps #addon:controller>3dpad #save:backup #port:pc #lang:ja,949
#players:1 #genre:shooting>fps #addon:controller>3dpad #save:backup #port:pc #reboxed:genteiban #lang:ja,950
#players:1 #genre:shooting>fps #addon:controller>3dpad:keyboard>saturn:multitap>6player #save:backup #port:pc #lang:en,951
#players:1 #genre:shooting>fps #addon:controller>missionstick #save:backup #based:movie #lang:en,952
#players:1 #genre:shooting>fps #addon:controller>missionstick #save:backup #lang:en,953
#players:1 #genre:shooting>fps #addon:controller>missionstick #save:backup #lang:ja,954
#players:1 #genre:shooting>fps #addon:controller>missionstick #save:backup:password #based #port:pc #lang:en,955
#players:1 #genre:shooting>fps #addon:controller>missionstick #save:backup:password #based #port:pc #lang:ja,956
#players:1 #genre:shooting>fps #addon:controller>twinstick #based:manganime #search:feature>gundam #lang:ja #unfinished:demo,957
#players:1 #genre:shooting>fps #addon:controller>twinstick #save:backup #based:manganime #search:feature>gundam #disc:1>3 #multigame:compilation>mobilesuitgundamsidestory1senritsunoblue #reboxed #lang:ja,958
#players:1 #genre:shooting>fps #addon:controller>twinstick #save:backup #based:manganime #search:feature>gundam #disc:2>3 #multigame:compilation>mobilesuitgundamsidestory2aowouketsugumono #reboxed #lang:ja,959
#players:1 #genre:shooting>fps #addon:controller>twinstick #save:backup #based:manganime #search:feature>gundam #disc:3>3 #multigame:compilation>mobilesuitgundamsidestory3sabakareshimono #reboxed #lang:ja,960
#players:1 #genre:shooting>fps #addon:controller>twinstick #save:backup #based:manganime #search:feature>gundam #lang:ja,961
#players:1 #genre:shooting>fps #addon:controller>twinstick #save:backup #based:manganime #search:feature>gundam #reboxed:genteiban #lang:ja,962
#players:1 #genre:shooting>fps #addon:expansion>moviecard #save:backup #lang:ja,963
#players:1 #genre:shooting>fps #addon:expansion>moviecard #save:backup #reboxed:satakore #lang:ja,964
#players:1 #genre:shooting>fps #addon:link>taisensaturn:backup>powermemory #save:backup #port:pc #lang:en,965
#players:1 #genre:shooting>fps #addon:link>taisensaturn:backup>powermemory #save:backup #port:pc #lang:en:fr:de:es:it,966
#players:1 #genre:shooting>fps #lang:en,967
#players:1 #genre:shooting>fps #lang:ja,968
#players:1 #genre:shooting>fps #lang:ja #alt:1,969
#players:1 #genre:shooting>fps #lang:ja #alt:2,970
#players:1 #genre:shooting>fps #save:backup #based:movie #search:feature>alien #lang:de,971
#players:1 #genre:shooting>fps #save:backup #based:movie #search:feature>alien #lang:en,972
#players:1 #genre:shooting>fps #save:backup #based:movie #search:feature>alien #lang:en:fr:es:it,973
#players:1 #genre:shooting>fps #save:backup #based:movie #search:feature>alien #lang:en:fr:es:it #alt,974
#players:1 #genre:shooting>fps #save:backup #based:movie #search:feature>alien #lang:en:fr:es:it #unfinished:beta,975
#players:1 #genre:shooting>fps #save:backup #based:movie #search:feature>alien #lang:ja,976
#players:1 #genre:shooting>fps #save:backup #based:movie #search:feature>alien #lang:ja #unfinished:demo,977
#players:1 #genre:shooting>fps #save:backup #lang:en,978
#players:1 #genre:shooting>fps #save:backup #lang:ja,979
#players:1 #genre:shooting>fps #save:backup #port:pc #lang:de,980
#players:1 #genre:shooting>fps #save:backup #port:pc #lang:en,981
#players:1 #genre:shooting>fps #save:backup #port:pc #lang:fr,982
#players:1 #genre:shooting>fps #save:backup #port:pc #lang:ja,983
#players:1 #genre:shooting>fps #save:password #lang:de,984
#players:1 #genre:shooting>fps #save:password #lang:en,985
#players:1 #genre:shooting>fps #save:password #lang:fr,986
#players:1 #genre:shooting>fps #save:password #lang:ja,987
#players:1 #genre:shooting>fps:action>runandgun>platformer:sports>hockey:shmup>h:notagame>media #save:backup #multigame:compilation>alientrilogy>loaded>nhlpowerplay96>keiouyuugekitaikatsugekihen>tombraider>powerslave #lang:en #unfinished:demo,988
#players:1 #genre:shooting>fps:sim>flight #addon:controller>missionstick #save:backup #lang:en,989
#players:1 #genre:shooting>fps:sim>flight #addon:controller>missionstick #save:backup #lang:en #alt,990
#players:1 #genre:shooting>fps:sim>flight #addon:controller>missionstick:backup>powermemory>fddsaturn #save:backup #search:keyword>dolby #port:3do #lang:en,991
#players:1 #genre:shooting>gallery #addon:lightgun>virtuagun #save:backup #lang:ja,992
#players:1 #genre:shooting>gallery #addon:lightgun>virtuagun:mouse>saturn #save:backup #based #lang:ja,993
#players:1 #genre:shooting>gallery #addon:mouse>saturn #save:backup #port:cdi #lang:ja,994
#players:1 #genre:shooting>gallery #disc:1>2 #multigame:compilation>thunderstorm #port:arcade #lang:en,995
#players:1 #genre:shooting>gallery #save:backup #disc:1>2 #port:sega>megacd #lang:en,996
#players:1 #genre:shooting>gallery #save:backup #disc:2>2 #port:sega>megacd #lang:en,997
#players:1 #genre:shooting>gallery>rail #disc:1>2 #port:pc #lang:en,998
#players:1 #genre:shooting>gallery>rail #disc:1>2 #port:pc #lang:ja,999
#players:1 #genre:shooting>gallery>rail #disc:2>2 #port:pc #lang:en,1000
#players:1 #genre:shooting>gallery>rail #disc:2>2 #port:pc #lang:ja,1001
#players:1 #genre:shooting>rail #addon:controller>3dpad #save:backup #lang:en,1002
#players:1 #genre:shooting>rail #addon:controller>3dpad #save:backup #port:arcade #lang:ja,1003
#players:1 #genre:shooting>rail #addon:controller>3dpad>missionstick #disc:1>2 #multigame:compilation>panzerdragoon #reboxed #lang:ja,1004
#players:1 #genre:shooting>rail #addon:controller>3dpad>missionstick #lang:en,1005
#players:1 #genre:shooting>rail #addon:controller>3dpad>missionstick #lang:en #alt:1,1006
#players:1 #genre:shooting>rail #addon:controller>3dpad>missionstick #lang:en #unfinished:demo,1007
#players:1 #genre:shooting>rail #addon:controller>3dpad>missionstick #lang:en #unfinished:demo #alt:1,1008
#players:1 #genre:shooting>rail #addon:controller>3dpad>missionstick #lang:en #unfinished:demo #alt:2,1009
#players:1 #genre:shooting>rail #addon:controller>3dpad>missionstick #lang:en:fr:de:es:it,1010
#players:1 #genre:shooting>rail #addon:controller>3dpad>missionstick #lang:ja,1011
#players:1 #genre:shooting>rail #addon:controller>3dpad>missionstick #lang:ja #alt:1,1012
#players:1 #genre:shooting>rail #addon:controller>3dpad>missionstick #lang:ja #alt:2,1013
#players:1 #genre:shooting>rail #addon:controller>3dpad>missionstick #lang:ja #unfinished:demo>1,1014
#players:1 #genre:shooting>rail #addon:controller>3dpad>missionstick #lang:ja #unfinished:demo>2,1015
#players:1 #genre:shooting>rail #addon:controller>3dpad>missionstick #port:arcade #lang:ja,1016
#players:1 #genre:shooting>rail #addon:controller>3dpad>missionstick #port:arcade #lang:ja #rev:a,1017
#players:1 #genre:shooting>rail #addon:controller>3dpad>missionstick #port:arcade #lang:ja #rev:a #alt,1018
#players:1 #genre:shooting>rail #addon:controller>3dpad>missionstick #port:arcade #reboxed:genteiban #lang:ja,1019
#players:1 #genre:shooting>rail #addon:controller>3dpad>missionstick #save:backup #lang:en,1020
#players:1 #genre:shooting>rail #addon:controller>3dpad>missionstick #save:backup #lang:ja,1021
#players:1 #genre:shooting>rail #addon:controller>3dpad>missionstick #save:backup #port:arcade #lang:en,1022
#players:1 #genre:shooting>rail #addon:controller>3dpad>missionstick:mouse>saturn:backup>powermemory #save:backup #disc:2>2 #multigame:compilation>panzerdragoon2zwei #reboxed #lang:ja,1023
#players:1 #genre:shooting>rail #addon:controller>3dpad>missionstick:mouse>saturn:backup>powermemory #save:backup #lang:en,1024
#players:1 #genre:shooting>rail #addon:controller>3dpad>missionstick:mouse>saturn:backup>powermemory #save:backup #lang:ja,1025
#players:1 #genre:shooting>rail #lang:en,1026
#players:1 #genre:shooting>rail #lang:ja,1027
#players:1 #genre:shooting>rail:racing #addon:controller>3dpad>missionstick>arcaderacer:backup>powermemory #save:backup #port:arcade #multigame:compilation>spaceharrier>outrun>afterburner2 #lang:en,1028
#players:1 #genre:shooting>tps #save:backup #based:starwars #lang:en #unfinished:proto,1029
#players:1 #genre:shooting>tps #save:backup #lang:ja,1030
#players:1 #genre:shooting>tps #save:backup #reboxed:satakore #lang:ja,1031
#players:1 #genre:shooting>tps #save:backup:password #port:pc #lang:ja,1032
#players:1 #genre:shooting>tps:action:adventure:board>party #save:backup #multigame:compilation>bulkslash>willywombat>virus>kodenkoureijutsuhyakumonogatarihontoniattakowaihanashi>momotaroudouchuuki #lang:ja #unfinished:demo,1033
#players:1 #genre:shooting>tps:notagame>educational #save:backup #lang:ja,1034
#players:1 #genre:shooting>tps:sim>flight #addon:controller>missionstick:backup>powermemory #save:backup #port:archimedes:3do #lang:en,1035
#players:1 #genre:shooting>tps:sim>flight #addon:controller>missionstick:backup>powermemory #save:backup #port:archimedes:3do #lang:en:fr:de:es:it,1036
#players:1 #genre:shooting>tps:sim>flight #addon:controller>missionstick:backup>powermemory #save:backup #port:archimedes:3do #lang:ja,1037
#players:1 #genre:shooting>tps>gallery:racing #addon:controller>3dpad>arcaderacer:lightgun>virtuagun:mouse>saturn:backup>powermemory #save:backup #based:movie #port:sony>playstation #lang:en,1038
#players:1 #genre:shooting>tps>gallery:racing #addon:controller>3dpad>arcaderacer:lightgun>virtuagun:mouse>saturn:backup>powermemory #save:backup #based:movie #port:sony>playstation #lang:en:fr:de:es:it:sv,1039
#players:1 #genre:shooting>tps>gallery:racing #addon:controller>3dpad>arcaderacer:lightgun>virtuagun:mouse>saturn:backup>powermemory #save:backup #based:movie #port:sony>playstation #lang:ja,1040
#players:1 #genre:sim #save:backup #based:manganime #lang:ja,1041
#players:1 #genre:sim #save:backup #port:nec>pc98 #lang:ja,1042
#players:1 #genre:sim #save:backup #search:keyword>strip #lang:ja,1043
#players:1 #genre:sim:adventure #save:backup #disc:1>2 #lang:ja,1044
#players:1 #genre:sim:adventure #save:backup #disc:2>2 #lang:ja,1045
#players:1 #genre:sim:adventure #save:backup #lang:ja,1046
#players:1 #genre:sim:adventure #save:backup #reboxed #lang:ja,1047
#players:1 #genre:sim:rhythm #save:backup #lang:ja #rev:a,1048
#players:1 #genre:sim:rhythm #save:backup #lang:ja #unfinished:demo,1049
#players:1 #genre:sim:rpg>j:sports>soccer #addon:backup>powermemory #save:backup #search:keyword>official #lang:ja,1050
#players:1 #genre:sim:sports>football #addon:backup>powermemory #save:backup #search:keyword>endorsed #lang:en,1051
#players:1 #genre:sim:sports>formula1 #save:backup #search:keyword>official #lang:ja,1052
#players:1 #genre:sim>building #addon:backup>powermemory #save:backup #addon:mouse>saturn #lang:ja,1053
#players:1 #genre:sim>building #addon:backup>powermemory #save:backup #lang:ja,1054
#players:1 #genre:sim>building #addon:backup>powermemory #save:backup #port:apple>mac #lang:en,1055
#players:1 #genre:sim>building #addon:backup>powermemory #save:backup #port:apple>mac #lang:ja,1056
#players:1 #genre:sim>building #addon:backup>powermemory #save:backup #port:pc #lang:ja,1057
#players:1 #genre:sim>building #addon:backup>powermemory #save:backup #reboxed:satakore #lang:ja,1058
#players:1 #genre:sim>building #addon:controller>3dpad #save:backup #port:nec>pc98 #lang:ja,1059
#players:1 #genre:sim>building #addon:controller>3dpad>missionstick #save:backup #lang:ja,1060
#players:1 #genre:sim>building #addon:mouse>saturn #save:backup #port:atari>jaguar #lang:ja,1061
#players:1 #genre:sim>building #save:backup #lang:ja,1062
#players:1 #genre:sim>building #save:backup #port:pc #lang:en,1063
#players:1 #genre:sim>building #save:backup #port:pc #lang:en:fr:de:es:sv,1064
#players:1 #genre:sim>building #save:backup #port:pc #lang:ja,1065
#players:1 #genre:sim>building:action #save:backup #port:3do #lang:de,1066
#players:1 #genre:sim>building:action #save:backup #port:3do #lang:en,1067
#players:1 #genre:sim>building:action #save:backup #port:3do #lang:fr,1068
#players:1 #genre:sim>building:action #save:backup #port:3do #lang:ja,1069
#players:1 #genre:sim>building:action:fighting:sports>golf:puzzle>drop:quiz:board>party:notagame>application>media #multigame:compilation>themepark>robopit>quovadis>devilscourse>thunderstormlx3androadblaster>americaoudanultraquiz>sentomonogatarisono1>papparapaoon>bakushouallyoshimotoquizouketteisendx>kekkonmarriage>angeldevoidfaceoftheenemy>gebockers>kaiteidaisensou>wizardsharmony>gunbird>xmenchildrenoftheatom>wangandeadheat>galaxyfightuniversalwarriors>magicaldrop>shinmegamitenseidevilsummoner>promahjongkiwames #based:marvel #search:feature>xmen #lang:ja #unfinished:demo,1070
#players:1 #genre:sim>building>pet #save:backup #lang:ja,1071
#players:1 #genre:sim>cardgame #save:backup #lang:ja,1072
#players:1 #genre:sim>cardgame #save:backup #port:nec>pc98 #lang:ja,1073
#players:1 #genre:sim>cardgame #save:backup #reboxed #lang:ja,1074
#players:1 #genre:sim>cardgame>strategy #addon:backup>powermemory #save:backup #port:nec>pc98 #lang:ja,1075
#players:1 #genre:sim>date #addon:backup>powermemory #save:backup #port:nec>pc98 #lang:ja,1076
#players:1 #genre:sim>date #addon:controller>3dpad:lightgun>virtuagun:mouse>saturn #save:backup #disc:1>2 #lang:ja,1077
#players:1 #genre:sim>date #addon:controller>3dpad:mouse>saturn #save:backup #lang:ja,1078
#players:1 #genre:sim>date #addon:controller>3dpad:mouse>saturn #save:backup #lang:ja #reboxed:genteiban #rev:a,1079
#players:1 #genre:sim>date #addon:expansion>moviecard:backup>powermemory #save:backup #disc:1>2 #lang:ja,1080
#players:1 #genre:sim>date #addon:expansion>moviecard:backup>powermemory #save:backup #disc:1>2 #lang:ja #alt:1,1081
#players:1 #genre:sim>date #addon:expansion>moviecard:backup>powermemory #save:backup #disc:1>2 #lang:ja #alt:2,1082
#players:1 #genre:sim>date #addon:expansion>moviecard:backup>powermemory #save:backup #disc:1>2 #lang:ja #alt:3,1083
#players:1 #genre:sim>date #addon:mouse>saturn:backup>powermemory #save:backup #port:nec>cdromrom #lang:ja,1084
#players:1 #genre:sim>date #addon:mouse>saturn:backup>powermemory #save:backup #port:nec>cdromrom #lang:ja #alt,1085
#players:1 #genre:sim>date #addon:mouse>saturn:backup>powermemory #save:backup #port:nec>cdromrom #reboxed:genteiban #lang:ja,1086
#players:1 #genre:sim>date #save:backup #disc:1>2 #lang:ja,1087
#players:1 #genre:sim>date #save:backup #disc:1>2 #port:pc #lang:ja,1088
#players:1 #genre:sim>date #save:backup #disc:1>2 #port:pc #reboxed:genteiban #lang:ja,1089
#players:1 #genre:sim>date #save:backup #disc:1>2 #port:sony>playstation #lang:ja,1090
#players:1 #genre:sim>date #save:backup #disc:2>2 #lang:ja,1091
#players:1 #genre:sim>date #save:backup #disc:2>2 #port:pc #lang:ja,1092
#players:1 #genre:sim>date #save:backup #disc:2>2 #port:pc #reboxed:genteiban #lang:ja,1093
#players:1 #genre:sim>date #save:backup #disc:2>2 #port:sony>playstation #lang:ja,1094
#players:1 #genre:sim>date #save:backup #lang:ja,1095
#players:1 #genre:sim>date #save:backup #lang:ja #rev:a,1096
#players:1 #genre:sim>date #save:backup #port:pc #lang:ja,1097
#players:1 #genre:sim>date #save:backup #port:sony>playstation #lang:ja,1098
#players:1 #genre:sim>date #save:backup #reboxed:genteiban #lang:ja,1099
#players:1 #genre:sim>date #save:backup #search:keyword>endorsed #lang:ja,1100
#players:1 #genre:sim>date:adventure>pointandclick #addon:controller>3dpad:mouse>saturn:backup>powermemory #save:backup #disc:1>2 #port:pc #reboxed:genteiban #lang:ja,1101
#players:1 #genre:sim>date:adventure>pointandclick #addon:controller>3dpad:mouse>saturn:backup>powermemory #save:backup #port:pc #lang:ja,1102
#players:1 #genre:sim>date:adventure>visualnovel #addon:controller>3dpad:mouse>saturn #port:nec>pc98 #lang:ja #unfinished:demo,1103
#players:1 #genre:sim>date:adventure>visualnovel #addon:controller>3dpad:mouse>saturn #save:backup #port:nec>pc98 #lang:ja,1104
#players:1 #genre:sim>date:adventure>visualnovel #addon:controller>3dpad:mouse>saturn #save:backup #port:nec>pc98 #reboxed:genteiban #lang:ja,1105
#players:1 #genre:sim>date:adventure>visualnovel #addon:expansion>ramcartridge1m>ramcartridge4m #save:backup #disc:1>2 #port:pc #lang:ja,1106
#players:1 #genre:sim>date:adventure>visualnovel #addon:expansion>ramcartridge1m>ramcartridge4m #save:backup #disc:1>2 #port:pc #lang:ja #alt:1,1107
#players:1 #genre:sim>date:adventure>visualnovel #addon:expansion>ramcartridge1m>ramcartridge4m #save:backup #disc:1>2 #port:pc #lang:ja #alt:2,1108
#players:1 #genre:sim>date>otome #addon:backup>powermemory #save:backup #lang:ja,1109
#players:1 #genre:sim>date>strategy:adventure:sports>baseball:fighting:puzzle>drop:notagame>application>media #multigame:compilation>roommateryoukoinsummervacation>kuronodanshoutheliteraryfragment>gingaeiyuudensetsu>gekitotsukoushien>rabbit>ochigeedesignertsukuttepon>magicaldrop3toretatezoukangou>dezaemon2>fakedown>masterofmonstersneogenerations>virus>dodonpachi #lang:ja #unfinished:demo,1110
#players:1 #genre:sim>derby #addon:backup>powermemory #save:backup #lang:ja,1111
#players:1 #genre:sim>derby #addon:backup>powermemory #save:backup #lang:ja #alt,1112
#players:1 #genre:sim>derby #addon:backup>powermemory #save:backup #reboxed:koeibest #lang:ja #rev:a,1113
#players:1 #genre:sim>derby #addon:backup>powermemory #save:backup #search:keyword>endorsed #lang:ja,1114
#players:1 #genre:sim>derby #addon:controller>grip #save:backup #port:sony>playstation #lang:ja,1115
#players:1 #genre:sim>derby #addon:mouse>saturn:backup>powermemory #save:backup #lang:ja,1116
#players:1 #genre:sim>derby #addon:mouse>saturn:backup>powermemory #save:backup #port:nec>pc98 #lang:en,1117
#players:1 #genre:sim>derby #addon:mouse>saturn:backup>powermemory #save:backup #port:nec>pc98 #lang:ja,1118
#players:1 #genre:sim>derby #save:backup #based:manganime #lang:ja,1119
#players:1 #genre:sim>derby #save:backup #lang:ja,1120
#players:1 #genre:sim>derby:quiz #addon:backup>powermemory #save:backup #lang:ja,1121
#players:1 #genre:sim>fishing #addon:backup>powermemory #save:backup #search:keyword>endorsed #lang:ja,1122
#players:1 #genre:sim>fishing #save:backup #based #search:keyword>brand #lang:ja,1123
#players:1 #genre:sim>fishing #save:backup #lang:en:fr:de,1124
#players:1 #genre:sim>fishing #save:backup #lang:ja,1125
#players:1 #genre:sim>fishing #save:backup #search:keyword>brand #lang:ja,1126
#players:1 #genre:sim>fishing #save:backup #search:keyword>brand #reboxed:satakore #lang:ja,1127
#players:1 #genre:sim>fishing #save:backup #search:keyword>official #lang:ja,1128
#players:1 #genre:sim>fishing #save:backup #search:keyword>official>brand #lang:ja,1129
#players:1 #genre:sim>flight:shooting>fps #addon:controller>3dpad #save:password #port:pc #lang:en:fr:de:es:it:sv,1130
#players:1 #genre:sim>flight:shooting>fps #addon:controller>missionstick #lang:en,1131
#players:1 #genre:sim>flight:shooting>fps #addon:controller>missionstick #lang:en #alt,1132
#players:1 #genre:sim>flight:shooting>fps #addon:controller>missionstick #lang:ja,1133
#players:1 #genre:sim>flight:shooting>fps #addon:controller>missionstick #lang:ja #rev:a,1134
#players:1 #genre:sim>flight:shooting>fps #addon:controller>missionstick #lang:ja #unfinished:demo,1135
#players:1 #genre:sim>flight:shooting>fps #addon:controller>missionstick:backup>powermemory #save:backup #lang:de,1136
#players:1 #genre:sim>flight:shooting>fps #addon:controller>missionstick:backup>powermemory #save:backup #lang:en,1137
#players:1 #genre:sim>flight:shooting>fps #addon:controller>missionstick:backup>powermemory #save:backup #lang:en #rev:a,1138
#players:1 #genre:sim>flight:shooting>fps #addon:controller>missionstick:backup>powermemory #save:backup #lang:en:fr,1139
#players:1 #genre:sim>flight:shooting>fps #addon:controller>missionstick:backup>powermemory #save:backup #lang:ja,1140
#players:1 #genre:sim>flight:shooting>fps:racing:notagame>media #multigame:compilation>wingarmskareinarugekitsuiou>racedrivin>worldadvanceddaisenryakukoutetsunosenpuu>riglordsaga>clockworkknightpepperouchausadventure2>xmenchildrenoftheatom>gakkounokaidan>shiningwisdom>detanatwinbeeyahoodeluxepack>gakkounokowaiuwasahanakosangakita>jikkyoupowerfulproyakyuu2 #lang:ja #unfinished:demo,1141
#players:1 #genre:sim>flight:shooting>fps:racing:notagame>media #multigame:compilation>wingarmskareinarugekitsuiou>racedrivin>worldadvanceddaisenryakukoutetsunosenpuu>riglordsaga>clockworkknightpepperouchausadventure2>xmenchildrenoftheatom>gakkounokaidan>shiningwisdom>detanatwinbeeyahoodeluxepack>gakkounokowaiuwasahanakosangakita>jikkyoupowerfulproyakyuu2 #lang:ja #unfinished:demo #alt:1,1142
#players:1 #genre:sim>flight:shooting>fps:racing:notagame>media #multigame:compilation>wingarmskareinarugekitsuiou>racedrivin>worldadvanceddaisenryakukoutetsunosenpuu>riglordsaga>clockworkknightpepperouchausadventure2>xmenchildrenoftheatom>gakkounokaidan>shiningwisdom>detanatwinbeeyahoodeluxepack>gakkounokowaiuwasahanakosangakita>jikkyoupowerfulproyakyuu2 #lang:ja #unfinished:demo #alt:2,1143
#players:1 #genre:sim>flight>fishing:shooting>fps:quiz:racing>combat:fighting:puzzle:minigames:rpg>j>s:shmup>v:notagame>slideshow>media #multigame:compilation>firestormthunderhawk2>fishingkoushien>brainbattleq>hioctane>suikoenbu>sandr>daiboukensaintelmosnokiseki>donpachi>langrisser3>gebockers>mortalkombat2>gungriffontheeurasianconflict>mahjongdoukyuuseispecial>panzerdragoon2zwei>thekingoffighters95>dragonforce>mybestfriendssaintandrewjogakuinhen>chouanikikyuukyokumutekigingasaikyouotoko>keiouyuugekitaikatsugekihen>johnnybazookatone>darksavior>tanjoudebut>polygonhakusyaku #lang:ja #unfinished:demo,1144
#players:1 #genre:sim>life #addon:backup>powermemory #save:backup #port:nec>pc98 #lang:ja,1145
#players:1 #genre:sim>life #addon:backup>powermemory #save:backup #port:nec>pc98 #lang:ja #alt,1146
#players:1 #genre:sim>life #addon:expansion>moviecard #lang:ja #unfinished:demo,1147
#players:1 #genre:sim>life #addon:expansion>moviecard #save:backup #disc:1>5 #multigame:compilation>yuukyuugensoukyoku #reboxed #lang:ja,1148
#players:1 #genre:sim>life #addon:expansion>moviecard #save:backup #disc:2>5 #multigame:compilation>yuukyuugensoukyoku22ndalbum #reboxed #lang:ja,1149
#players:1 #genre:sim>life #addon:expansion>moviecard #save:backup #lang:ja,1150
#players:1 #genre:sim>life #addon:expansion>moviecard #save:backup #lang:ja #unfinished:demo,1151
#players:1 #genre:sim>life #addon:expansion>moviecard #save:backup #reboxed:genteiban #lang:ja,1152
#players:1 #genre:sim>life #save:backup #based:manganime #port:nec>pc98 #lang:ja,1153
#players:1 #genre:sim>life #save:backup #based:manganime #port:nec>pc98 #lang:ja #alt,1154
#players:1 #genre:sim>life #save:backup #lang:ja,1155
#players:1 #genre:sim>life>strategy #save:backup #port:nec>pc98 #lang:ja,1156
#players:1 #genre:sim>life>strategy #save:backup #port:nec>pc98 #reboxed:satakore #lang:ja,1157
#players:1 #genre:sim>life>strategy #save:backup #port:sony>playstation #lang:ja,1158
#players:1 #genre:sim>life>strategy #save:backup #port:sony>playstation #lang:ja #unfinished:demo,1159
#players:1 #genre:sim>pet #addon:backup>powermemory #save:backup #search:feature>sonic #based #lang:ja,1160
#players:1 #genre:sim>pet #addon:mouse>saturn #save:backup #based #lang:ja,1161
#players:1 #genre:sim>pet #save:backup #port:apple>mac #lang:ja,1162
#players:1 #genre:sim>pet:rpg #save:backup #lang:ja,1163
#players:1 #genre:sim>strategy #addon:backup>powermemory #save:backup #based #port:pc #lang:ja,1164
#players:1 #genre:sim>strategy #addon:backup>powermemory #save:backup #based:manganime #lang:ja,1165
#players:1 #genre:sim>strategy #addon:backup>powermemory #save:backup #lang:ja,1166
#players:1 #genre:sim>strategy #addon:backup>powermemory #save:backup #lang:ja #alt,1167
#players:1 #genre:sim>strategy #addon:backup>powermemory #save:backup #port:nec>pc98 #lang:ja,1168
#players:1 #genre:sim>strategy #addon:backup>powermemory #save:backup #port:nec>pc98 #reboxed #lang:ja,1169
#players:1 #genre:sim>strategy #addon:backup>powermemory #save:backup #port:nec>pc98 #reboxed #lang:ja #rev:a,1170
#players:1 #genre:sim>strategy #addon:backup>powermemory #save:backup:password #port:pc #lang:en:fr:de:es:it,1171
#players:1 #genre:sim>strategy #addon:backup>powermemory #save:backup:password #port:pc #lang:ja,1172
#players:1 #genre:sim>strategy #addon:mouse>saturn #multigame:compilation>gotha2tenkuunokishi>teitokunoketsudan2 #lang:ja #unfinished:demo,1173
#players:1 #genre:sim>strategy #addon:mouse>saturn #save:backup #based #lang:ja,1174
#players:1 #genre:sim>strategy #addon:mouse>saturn #save:backup #port:nec>pc98 #lang:ja,1175
#players:1 #genre:sim>strategy #addon:mouse>saturn #save:password #port:pc #lang:en,1176
#players:1 #genre:sim>strategy #addon:mouse>saturn:backup>powermemory #save:backup #lang:en,1177
#players:1 #genre:sim>strategy #addon:mouse>saturn:backup>powermemory #save:backup #lang:ja,1178
#players:1 #genre:sim>strategy #addon:mouse>saturn:backup>powermemory #save:backup #port:nec>pc98 #lang:ja,1179
#players:1 #genre:sim>strategy #lang:ja #unfinished:demo,1180
#players:1 #genre:sim>strategy #save:backup #based:manganime #lang:ja,1181
#players:1 #genre:sim>strategy #save:backup #based:manganime #lang:ja #unfinished:demo,1182
#players:1 #genre:sim>strategy #save:backup #based:manganime #search:feature>gundam #lang:ja,1183
#players:1 #genre:sim>strategy #save:backup #based:manganime #search:feature>gundam #reboxed:genteiban #lang:ja,1184
#players:1 #genre:sim>strategy #save:backup #disc:1>2 #lang:ja,1185
#players:1 #genre:sim>strategy #save:backup #disc:1>2 #lang:ja #unfinished:demo,1186
#players:1 #genre:sim>strategy #save:backup #disc:1>2 #multigame:compilation>taikourisshiden2 #port:nec>pc98 #reboxed #lang:ja,1187
#players:1 #genre:sim>strategy #save:backup #disc:1>2 #port:nec>pc98 #reboxed:genteiban #lang:ja,1188
#players:1 #genre:sim>strategy #save:backup #disc:1>3 #lang:ja,1189
#players:1 #genre:sim>strategy #save:backup #disc:1>3 #reboxed #lang:ja,1190
#players:1 #genre:sim>strategy #save:backup #disc:2>2 #lang:ja,1191
#players:1 #genre:sim>strategy #save:backup #disc:2>3 #lang:ja,1192
#players:1 #genre:sim>strategy #save:backup #disc:2>3 #reboxed #lang:ja,1193
#players:1 #genre:sim>strategy #save:backup #disc:3>3 #lang:ja,1194
#players:1 #genre:sim>strategy #save:backup #disc:3>3 #reboxed #lang:ja,1195
#players:1 #genre:sim>strategy #save:backup #lang:ja,1196
#players:1 #genre:sim>strategy #save:backup #port:nec>pc88 #lang:ja,1197
#players:1 #genre:sim>strategy #save:backup #port:nec>pc98 #lang:ja,1198
#players:1 #genre:sim>strategy #save:backup #port:nec>pc98 #reboxed #lang:ja,1199
#players:1 #genre:sim>strategy #save:backup #port:nec>pc98 #reboxed:koeibest #lang:ja #rev:a,1200
#players:1 #genre:sim>strategy #save:backup #port:nec>pc98 #search:keyword>promo #reboxed #lang:ja,1201
#players:1 #genre:sim>strategy #save:backup #reboxed #lang:ja,1202
#players:1 #genre:sim>strategy #save:password #disc:1>2 #lang:de,1203
#players:1 #genre:sim>strategy #save:password #disc:1>2 #lang:en,1204
#players:1 #genre:sim>strategy #save:password #disc:1>2 #lang:fr,1205
#players:1 #genre:sim>strategy #save:password #disc:1>2 #lang:ja,1206
#players:1 #genre:sim>strategy #save:password #disc:1>2 #reboxed:satakore #lang:ja,1207
#players:1 #genre:sim>strategy #save:password #disc:2>2 #lang:de,1208
#players:1 #genre:sim>strategy #save:password #disc:2>2 #lang:en,1209
#players:1 #genre:sim>strategy #save:password #disc:2>2 #lang:fr,1210
#players:1 #genre:sim>strategy #save:password #disc:2>2 #lang:ja,1211
#players:1 #genre:sim>strategy #save:password #disc:2>2 #reboxed:satakore #lang:ja,1212
#players:1 #genre:sim>strategy:action>runandgun>platformer:shmup>h:parlor>pinball:adventure>pointandclick:notagame>media #multigame:compilation>masterofmonstersneogenerations>purikuradaisakusen>thunderforcegoldpack1>necronomicondigitalpinball>tryrushdeppy>lulu>battleathletessdaiundoukai>tengaimakyoudaiyonnomokushirokutheapocalypse4>dennousenkivirtualon>sexyparodius>stakeswinner>emukimiwotsutaete>magiccarpet>polygonhakusyaku>saruyamahagenosukehour>32idolsatanchan #lang:ja #unfinished:demo,1213
#players:1 #genre:sim>strategy:board:notagame>media #multigame:compilation>kumitatebattlekuttuketto>bombermanwars>kidousenshigundamgihrennoyabou>sakurataisen2kimishinitamoukotonakare>shiningforce3scenario2nerawaretamiko>shoujokakumeiutenaitsukakakumeisarerumonogatari>superrobottaisenfkanketsuhen>vampiresavior #based:manganime #search:feature>gundam #lang:ja #unfinished:demo,1214
#players:1 #genre:sim>strategy>building #addon:backup>powermemory #save:backup #port:pc #lang:ja,1215
#players:1 #genre:sim>train #addon:controller>denshadego #save:backup #port:arcade #lang:ja,1216
#players:1 #genre:sports>decathlon>soccer:puzzle>drop:action>platformer:shooting>rail:notagame>media #multigame:compilation>decathlete>bakubakuanimal>nightsintodreams>victorygoalworldwideedition>panzerdragoon2zwei>powerslave>thorseireioukiden>threedirtydwarves #lang:en #unfinished:demo,1217
#players:1 #genre:sports>snowboarding #addon:backup>powermemory #save:backup #search:keyword>brand #lang:en,1218
#players:1 #genre:sports>snowboarding #addon:backup>powermemory #save:backup #search:keyword>brand #lang:en #unfinished:demo,1219
#players:1 #genre:sports>snowboarding #addon:backup>powermemory #save:backup #search:keyword>brand #reboxed:satakore #lang:en,1220
#players:1 #genre:sports>snowboarding #save:backup #lang:en,1221
#players:1 #genre:sports>snowboarding:action>runandgun>platformer:shmup>v:fighting:sim>strategy:notagame>application>media #multigame:compilation>steepslopesliders>ninjajajamarukunonigirininpouchou>dodonpachi>goikenmuyouanarchyinthenippon>silhouettemirage>masterofmonstersneogenerations>dezaemon2>asuka120limitedburningfest>ochigeedesignertsukuttepon>magicaldrop3toretatezoukangou>chaosseedfuusuikairouki>gvector>polygonhakusyaku>saruyamahagenosukehour>32idolsatanchan #lang:ja #unfinished:demo,1222
#players:1 #genre:sports>soccer:racing:action>runandgun #multigame:compilation>actuasoccer>hardcore4x4>reloaded #lang:en #unfinished:demo,1223
#players:1 #genre:sports>soccer:racing:action>runandgun #multigame:compilation>actuasoccer>hardcore4x4>reloaded #reboxed #lang:en #unfinished:demo,1224
#players:1 #genre:sports>soccer>golf:action>runandgun #multigame:compilation>loaded>uefaeuro96england>actuagolf #lang:en #unfinished:demo,1225
#players:10:coop:vs:alt #genre:sports>basketball #addon:backup>powermemory>fddsaturn #save:backup #search:keyword>official #lang:en,1226
#players:10:vs #genre:action>maze #addon:controller>sbom:multitap>6player #save:backup #lang:en,1227
#players:10:vs #genre:action>maze #addon:controller>sbom:multitap>6player #save:backup #lang:ja,1228
#players:10:vs #genre:action>maze #addon:controller>sbom:multitap>6player #save:backup #reboxed #lang:ja,1229
#players:10:vs #genre:action>maze #addon:controller>sbom:multitap>6player #save:backup #reboxed:satakore #lang:ja,1230
#players:12:coop:vs:alt #genre:sports>football #addon:multitap>6player #save:backup #search:keyword>official #lang:en,1231
#players:12:coop:vs:alt #genre:sports>football #addon:multitap>6player:backup>powermemory #save:backup #search:keyword>official #lang:en,1232
#players:12:coop:vs:alt #genre:sports>hockey #addon:multitap>6player:backup>powermemory>fddsaturn #save:backup #search:keyword>official #lang:en,1233
#players:12:coop:vs:alt #genre:sports>hockey #addon:multitap>6player:backup>powermemory>fddsaturn #save:backup #search:keyword>official #lang:en #alt,1234
#players:2:alt #genre:action>platformer #addon:backup>powermemory #save:backup #lang:en,1235
#players:2:alt #genre:action>platformer #save:backup #port:arcade #lang:ja,1236
#players:2:alt #genre:action>platformer:notagame>slideshow #save:backup #port:arcade:nintendo>superfamicom #multigame:compilation>makaimura>daimakaimura>choumakaimura #lang:ja,1237
#players:2:alt #genre:action>platformer>maze:puzzle #save:backup #multigame:compilation>flicky>headon>pengo>upndown #port:arcade #lang:ja,1238
#players:2:alt #genre:action>platformer>runandgun>maze:racing:sports>formula1:shmup>v #addon:controller>arcaderacer #save:backup #multigame:compilation>dokidokipenguinland>monacogp>ninjaprincess>samurai>sinbadmystery>starjacker #port:arcade #lang:ja,1239
#players:2:alt #genre:parlor>pinball #save:backup #lang:en,1240
#players:2:alt #genre:parlor>pinball #save:backup #lang:en #alt,1241
#players:2:alt #genre:parlor>pinball #save:backup #lang:en #unfinished:demo,1242
#players:2:alt #genre:parlor>pinball #save:backup #lang:ja,1243
#players:2:alt #genre:racing:action>hackandslash:sports>football #port:arcade #multigame:compilation>10yardfight>spartanx>zippyrace #lang:ja,1244
#players:2:alt #genre:shmup:shooting>fps>gallery:action>blockbreaker #addon:controller>missionstick:mouse>saturn:backup>powermemory>fddsaturn #save:backup #multigame:compilation>missilecommand>tempest>asteroids>battlezone>centipede>superbreakout #port:arcade #lang:en,1245
#players:2:alt #genre:shmup>h #save:backup #multigame:compilation>gradius>gradius2gofernoyabou #port:arcade #lang:ja,1246
#players:2:alt #genre:shmup>h #save:backup #port:arcade #lang:en,1247
#players:2:alt #genre:shmup>h #save:backup #port:nintendo>superfamicom #search:feature>dracula #lang:ja,1248
#players:2:coop #genre:action #addon:backup>powermemory #save:backup #port:arcade #lang:en,1249
#players:2:coop #genre:action:adventure #addon:backup>powermemory #save:backup #lang:en,1250
#players:2:coop #genre:action:puzzle #save:backup #lang:en,1251
#players:2:coop #genre:action:puzzle #save:backup #lang:en:fr:de,1252
#players:2:coop #genre:action:puzzle #save:backup #lang:ja,1253
#players:2:coop #genre:action:puzzle #save:backup #port:pc #lang:ja,1254
#players:2:coop #genre:action:puzzle>drop #save:backup #port:arcade #lang:ja,1255
#players:2:coop #genre:action>platformer #lang:en,1256
#players:2:coop #genre:action>platformer #lang:en #alt:1,1257
#players:2:coop #genre:action>platformer #lang:en #alt:2,1258
#players:2:coop #genre:action>platformer #lang:ja,1259
#players:2:coop #genre:action>platformer #lang:ja #alt,1260
#players:2:coop #genre:action>platformer #save:backup #multigame:compilation>bubblebobble>rainbowislands #port:arcade #lang:en,1261
#players:2:coop #genre:action>platformer #save:backup #port:arcade #lang:ja,1262
#players:2:coop #genre:action>platformer>maze:shmup>h #save:backup #multigame #port:arcade #lang:ja,1263
#players:2:coop #genre:action>runandgun #addon:expansion>ramcartridge1m>ramcartridge4m #save:backup #port:arcade #lang:ja,1264
#players:2:coop #genre:action>runandgun #addon:expansion>ramcartridge1m>ramcartridge4m #save:backup #port:arcade #reboxed #lang:ja #rev:a,1265
#players:2:coop #genre:action>runandgun #port:arcade #lang:ja,1266
#players:2:coop #genre:action>runandgun #port:arcade #lang:ja #unfinished:demo,1267
#players:2:coop #genre:action>runandgun #save:backup #lang:ja,1268
#players:2:coop #genre:action>runandgun #save:backup #port:sony>playstation #lang:en:fr,1269
#players:2:coop #genre:action>runandgun #save:backup #port:sony>playstation #lang:en:fr:de,1270
#players:2:coop #genre:action>runandgun #save:backup #port:sony>playstation #lang:en:fr:de #alt,1271
#players:2:coop #genre:action>runandgun #save:backup #port:sony>playstation #lang:ja,1272
#players:2:coop #genre:action>runandgun:shmup>h #save:backup #port:arcade #lang:ja,1273
#players:2:coop #genre:action>runandgun:shmup>h #save:password #based:marvel #lang:en,1274
#players:2:coop #genre:action>runandgun:shmup>h #save:password #based:marvel #lang:ja,1275
#players:2:coop #genre:action>runandgun:shooting>gallery:shmup>h #addon:lightgun>virtuagun #based #lang:en,1276
#players:2:coop #genre:action>runandgun>maze #save:backup #search:3d>anaglyph #port:sony>playstation #lang:en,1277
#players:2:coop #genre:brawler #addon:backup>powermemory #save:backup #based:movie #port:arcade #search:feature>batman #lang:en,1278
#players:2:coop #genre:brawler #addon:expansion>ramcartridge4m #save:backup #disc:2>2 #based:dnd #multigame:compilation>dungeonsanddragonssom #search:keyword>qsound #port:arcade #lang:ja,1279
#players:2:coop #genre:brawler #based:manganime #lang:ja,1280
#players:2:coop #genre:brawler #based:manganime #search:keyword>qsound #port:arcade #lang:ja,1281
#players:2:coop #genre:brawler #port:sony>playstation #lang:ja,1282
#players:2:coop #genre:brawler #save:backup #disc:1>2 #based:dnd #multigame:compilation>dungeonsanddragonstod #search:keyword>qsound #port:arcade #lang:ja,1283
#players:2:coop #genre:brawler #save:backup #port:arcade #based:movie #lang:en,1284
#players:2:coop #genre:brawler #save:backup #port:arcade #lang:ja,1285
#players:2:coop #genre:brawler #save:backup #port:arcade #reboxed:satakore #lang:ja,1286
#players:2:coop #genre:notagame>application #addon:backup>powermemory #save:backup #lang:en,1287
#players:2:coop #genre:notagame>application #addon:backup>powermemory #save:backup #reboxed:satakore #lang:en,1288
#players:2:coop #genre:notagame>application:shmup>h>v #addon:mouse>saturn:multitap>6player:backup>fddsaturn #save:backup #lang:ja,1289
#players:2:coop #genre:notagame>slideshow #disc:2>2 #port:arcade #lang:ja,1290
#players:2:coop #genre:shmup>h #addon:expansion>ramcartridge1m>ramcartridge4m #save:backup #port:arcade #lang:ja,1291
#players:2:coop #genre:shmup>h #port:arcade #lang:en,1292
#players:2:coop #genre:shmup>h #port:arcade #lang:en #unfinished:beta,1293
#players:2:coop #genre:shmup>h #port:arcade #lang:ja,1294
#players:2:coop #genre:shmup>h #port:arcade #lang:ja #alt,1295
#players:2:coop #genre:shmup>h #port:arcade #lang:ja #unfinished:demo,1296
#players:2:coop #genre:shmup>h #save:backup #disc:1>2 #port:arcade #lang:ja,1297
#players:2:coop #genre:shmup>h #save:backup #port:arcade #lang:en,1298
#players:2:coop #genre:shmup>h #save:backup #port:arcade #lang:ja,1299
#players:2:coop #genre:shmup>h #save:backup #port:arcade #reboxed:satakore #lang:ja,1300
#players:2:coop #genre:shmup>h #save:backup #port:sony>playstation #lang:ja,1301
#players:2:coop #genre:shmup>h>v #save:backup #multigame:compilation>salamander>salamander2 #port:arcade #lang:ja,1302
#players:2:coop #genre:shmup>v #addon:backup>powermemory #save:backup #port:arcade #lang:en,1303
#players:2:coop #genre:shmup>v #addon:backup>powermemory #save:backup #port:arcade #lang:ja,1304
#players:2:coop #genre:shmup>v #addon:backup>powermemory #save:backup #port:arcade #lang:ja #alt,1305
#players:2:coop #genre:shmup>v #addon:backup>powermemory #save:backup #port:arcade #reboxed:satakore #lang:ja #rev:a,1306
#players:2:coop #genre:shmup>v #addon:controller>3dpad #save:backup #port:arcade #lang:ja,1307
#players:2:coop #genre:shmup>v #addon:controller>3dpad>missionstick:backup>powermemory #save:backup #multigame:compilation>soukyuugurentai>battlegaregga #port:arcade #lang:ja,1308
#players:2:coop #genre:shmup>v #addon:controller>3dpad>missionstick:backup>powermemory #save:backup #port:arcade #lang:ja,1309
#players:2:coop #genre:shmup>v #addon:controller>3dpad>missionstick:backup>powermemory #save:backup #port:arcade #lang:ja #rev:a,1310
#players:2:coop #genre:shmup>v #port:arcade #lang:ja,1311
#players:2:coop #genre:shmup>v #port:arcade #lang:ja #unfinished:demo,1312
#players:2:coop #genre:shmup>v #save:backup #based:manganime #port:sony>playstation #lang:ja,1313
#players:2:coop #genre:shmup>v #save:backup #lang:ja,1314
#players:2:coop #genre:shmup>v #save:backup #multigame:compilation>detanatwinbee>twinbeeyahhofushiginokunideouabare #port:arcade #lang:ja,1315
#players:2:coop #genre:shmup>v #save:backup #port:arcade #lang:en,1316
#players:2:coop #genre:shmup>v #save:backup #port:arcade #lang:ja,1317
#players:2:coop #genre:shmup>v #save:backup #port:arcade #lang:ja #unfinished:demo,1318
#players:2:coop #genre:shmup>v #save:backup #port:arcade #reboxed #lang:ja,1319
#players:2:coop #genre:shmup>v #save:backup #port:nec>pc98 #lang:ja,1320
#players:2:coop #genre:shmup>v #save:backup #search:tate>ccw #port:arcade #lang:en,1321
#players:2:coop #genre:shmup>v #save:backup #search:tate>ccw #port:arcade #lang:ja,1322
#players:2:coop #genre:shmup>v #save:backup #search:tate>cw #port:arcade #lang:ja,1323
#players:2:coop #genre:shmup>v #search:tate>cw #port:arcade #lang:en,1324
#players:2:coop #genre:shmup>v:minigames:action>runandgun:notagame>magazine>slideshow>media #multigame:compilation>rayforce>nightsintodreams>telecomtown2>challenger #search:keyword>brand #lang:ja #unfinished:demo,1325
#players:2:coop #genre:shmup>v:notagame>slideshow #save:backup #port:arcade #lang:ja,1326
#players:2:coop #genre:shmup>v:notagame>slideshow #save:backup #port:arcade #multigame:compilation>1942>1943>1943kai #lang:ja,1327
#players:2:coop #genre:shmup>v>danmaku #save:backup #port:arcade #lang:ja,1328
#players:2:coop #genre:shmup>v>danmaku #save:backup #port:arcade #lang:ja #unfinished:demo,1329
#players:2:coop #genre:shmup>v>danmaku #save:backup #port:arcade #reboxed:satakore #lang:ja,1330
#players:2:coop #genre:shmup>v>h #save:backup #port:arcade #multigame:compilation>imagefight>xmultiply #lang:ja,1331
#players:2:coop #genre:shooting>gallery #addon:controller>3dpad:lightgun>virtuagun #disc:3>3 #multigame:compilation>thehouseofthedead #port:arcade #lang:ja #unfinished:demo,1332
#players:2:coop #genre:shooting>gallery #addon:controller>3dpad:lightgun>virtuagun #save:backup #port:arcade #lang:en,1333
#players:2:coop #genre:shooting>gallery #addon:controller>3dpad:lightgun>virtuagun #save:backup #port:arcade #lang:ja,1334
#players:2:coop #genre:shooting>gallery #addon:controller>3dpad:lightgun>virtuagun #save:backup #port:arcade #reboxed #lang:en,1335
#players:2:coop #genre:shooting>gallery #addon:controller>3dpad:lightgun>virtuagun #save:backup #port:arcade #reboxed:satakore #lang:ja #rev:a,1336
#players:2:coop #genre:shooting>gallery #addon:controller>3dpad:lightgun>virtuagun:mouse>saturn #save:backup #disc:2>2 #multigame:compilation>virtuacop2 #port:arcade #reboxed #lang:ja,1337
#players:2:coop #genre:shooting>gallery #addon:controller>3dpad:lightgun>virtuagun:mouse>saturn #save:backup #disc:2>3 #multigame:compilation>virtuacop2 #port:arcade #reboxed #lang:ja,1338
#players:2:coop #genre:shooting>gallery #addon:controller>3dpad:lightgun>virtuagun:mouse>saturn #save:backup #port:arcade #lang:en,1339
#players:2:coop #genre:shooting>gallery #addon:controller>3dpad:lightgun>virtuagun:mouse>saturn #save:backup #port:arcade #lang:ja,1340
#players:2:coop #genre:shooting>gallery #addon:controller>3dpad:lightgun>virtuagun:mouse>saturn #save:backup #port:arcade #lang:ja #alt,1341
#players:2:coop #genre:shooting>gallery #addon:controller>3dpad:lightgun>virtuagun:mouse>saturn #save:backup #port:arcade #lang:ja #rev:a,1342
#players:2:coop #genre:shooting>gallery #addon:controller>3dpad:lightgun>virtuagun:mouse>saturn #save:backup #port:arcade #reboxed #lang:en,1343
#players:2:coop #genre:shooting>gallery #addon:controller>3dpad:lightgun>virtuagun:mouse>saturn #save:backup #port:arcade #reboxed:genteiban #lang:ja,1344
#players:2:coop #genre:shooting>gallery #addon:lightgun>virtuagun #port:arcade #lang:en,1345
#players:2:coop #genre:shooting>gallery #addon:lightgun>virtuagun #save:backup #port:arcade #lang:en,1346
#players:2:coop #genre:shooting>gallery #addon:lightgun>virtuagun #save:backup #port:arcade #lang:en #unfinished:beta,1347
#players:2:coop #genre:shooting>gallery #addon:lightgun>virtuagun #save:backup #port:arcade #lang:en #unfinished:proto,1348
#players:2:coop #genre:shooting>gallery #addon:lightgun>virtuagun #save:backup #port:arcade #lang:en:fr:de:es,1349
#players:2:coop #genre:shooting>gallery #addon:lightgun>virtuagun #save:backup #port:arcade #lang:ja,1350
#players:2:coop #genre:shooting>gallery #addon:lightgun>virtuagun:mouse>saturn #save:backup #disc:1>2 #multigame:compilation>virtuacop #port:arcade #reboxed #lang:ja,1351
#players:2:coop #genre:shooting>gallery #addon:lightgun>virtuagun:mouse>saturn #save:backup #disc:1>3 #multigame:compilation>virtuacop #port:arcade #reboxed #lang:ja,1352
#players:2:coop #genre:shooting>gallery #addon:lightgun>virtuagun:mouse>saturn #save:backup #disc:2>3 #multigame:compilation>virtuacop #port:arcade #reboxed #lang:en,1353
#players:2:coop #genre:shooting>gallery #addon:lightgun>virtuagun:mouse>saturn #save:backup #port:arcade #lang:en,1354
#players:2:coop #genre:shooting>gallery #addon:lightgun>virtuagun:mouse>saturn #save:backup #port:arcade #lang:en #alt:1,1355
#players:2:coop #genre:shooting>gallery #addon:lightgun>virtuagun:mouse>saturn #save:backup #port:arcade #lang:en #alt:2,1356
#players:2:coop #genre:shooting>gallery #addon:lightgun>virtuagun:mouse>saturn #save:backup #port:arcade #lang:ja,1357
#players:2:coop #genre:shooting>gallery #addon:lightgun>virtuagun:mouse>saturn #save:backup #port:arcade #lang:ja #alt,1358
#players:2:coop #genre:shooting>gallery #addon:lightgun>virtuagun:mouse>saturn #save:backup #port:arcade #reboxed #lang:en,1359
#players:2:coop #genre:shooting>gallery #addon:lightgun>virtuagun:mouse>saturn #save:backup #port:arcade #reboxed:genteiban #lang:ja,1360
#players:2:coop #genre:shooting>gallery #addon:lightgun>virtuagun:mouse>saturn #save:backup #port:cdi #lang:en:fr:de,1361
#players:2:coop #genre:shooting>gallery #addon:lightgun>virtuagun:mouse>saturn #save:backup #port:cdi #lang:en:fr:de #unfinished:beta,1362
#players:2:coop #genre:shooting>gallery #addon:lightgun>virtuagun:mouse>saturn #save:backup #port:cdi #lang:ja,1363
#players:2:coop #genre:shooting>gallery #addon:mouse>saturn #save:backup #search:keyword>endorsed #port:arcade #lang:de,1364
#players:2:coop #genre:shooting>gallery #addon:mouse>saturn #save:backup #search:keyword>endorsed #port:arcade #lang:en,1365
#players:2:coop #genre:shooting>gallery #addon:mouse>saturn #save:backup #search:keyword>endorsed #port:arcade #lang:en #unfinished:beta,1366
#players:2:coop #genre:shooting>gallery #addon:mouse>saturn #save:backup #search:keyword>endorsed #port:arcade #lang:ja,1367
#players:2:coop #genre:shooting>rail #addon:backup>powermemory #save:backup #port:atari>jaguar #lang:en,1368
#players:2:coop:alt #genre:action>maze>platformer:shmup>v:notagame>slideshow #save:backup #port:arcade #multigame:compilation>vulgus>sonson>pirateshiphigemaru>exedexes #lang:ja,1369
#players:2:coop:alt #genre:action>platformer #save:backup #multigame:compilation>elevatoraction>elevatoractionreturns #port:arcade #lang:ja,1370
#players:2:coop:alt #genre:shmup:action>platformer #addon:mouse>saturn:backup>fddsaturn #save:backup #port:arcade #multigame:compilation>defender>defender2>joust>robotron2084>sinistar>bubbles #lang:en,1371
#players:2:coop:alt #genre:shmup>h #save:backup #multigame:compilation>parodiusdashinwakaraowaraie>gokujouparodiuskakonoeikouwomotomete #port:arcade #lang:en,1372
#players:2:coop:alt #genre:shmup>h #save:backup #multigame:compilation>parodiusdashinwakaraowaraie>gokujouparodiuskakonoeikouwomotomete #port:arcade #lang:ja,1373
#players:2:coop:alt #genre:shmup>h #save:backup #multigame:compilation>parodiusdashinwakaraowaraie>gokujouparodiuskakonoeikouwomotomete #port:arcade #lang:ja #rev:a,1374
#players:2:coop:vs #genre:action:puzzle>drop #save:backup #lang:ja,1375
#players:2:coop:vs #genre:action>platformer:notagame>media>slideshow #addon:controller>3dpad:backup>powermemory #save:backup #port:sega>megadrive #multigame:compilation>sonicthehedgehog>sonicthehedgehog2>sonicthehedgehog3>sonicandknuckles #search:feature>sonic #lang:en,1376
#players:2:coop:vs #genre:action>platformer:notagame>media>slideshow #addon:controller>3dpad:backup>powermemory #save:backup #port:sega>megadrive #multigame:compilation>sonicthehedgehog>sonicthehedgehog2>sonicthehedgehog3>sonicandknuckles #search:feature>sonic #lang:ja,1377
#players:2:coop:vs #genre:action>platformer:notagame>media>slideshow #addon:controller>3dpad:backup>powermemory #save:backup #port:sega>megadrive #multigame:compilation>sonicthehedgehog>sonicthehedgehog2>sonicthehedgehog3>sonicandknuckles #search:feature>sonic #reboxed:satakore #lang:ja #rev:a,1378
#players:2:coop:vs #genre:sports>soccer #save:backup #lang:en,1379
#players:2:coop:vs #genre:sports>soccer #save:backup #lang:ja,1380
#players:2:coop:vs #genre:sports>soccer #save:backup #search:keyword>official #lang:en,1381
#players:2:coop:vs:alt #genre:sports>boxing>decathlon>golf>tennis>soccer>rally:racing:parlor>billiards:shmup>h>v:action>maze>hackandslash>platformer>runandgun:fighting #port:msx #multigame:compilation>konaminoboxing>konaminopingpong>hypersports2>hypersports3>konaminogolf>konaminobillard>konaminotennis>konaminosoccer>konamirally>roadfighter>skyjaguar>gradius>gofernoyabouepisode2>supercobra>twinbee>gradius2>timepilot>parodius>salamander>mopiranger>kekkyokunankyokudaibouken>yumetairikuadventure>yiearkungfu>yiegahkouteinogyakushuu>wanpakuathletic>magicaltree>majoudensetsu>ponpokopan>pippols>oukenotani #lang:ja,1382
#players:2:vs #genre:action:fighting #addon:backup>powermemory #save:backup #lang:en,1383
#players:2:vs #genre:action:fighting #addon:backup>powermemory #save:backup #lang:ja,1384
#players:2:vs #genre:action:fighting:shooting>tps #addon:controller>twinstick:backup>powermemory #save:backup #port:arcade #lang:en,1385
#players:2:vs #genre:action:fighting:shooting>tps #addon:controller>twinstick:backup>powermemory #save:backup #port:arcade #lang:ja,1386
#players:2:vs #genre:action:fighting:shooting>tps #addon:controller>twinstick:backup>powermemory #save:backup #port:arcade #lang:ja #unfinished:demo,1387
#players:2:vs #genre:action:fighting:shooting>tps #addon:controller>twinstick:backup>powermemory:online>netlink #save:backup #port:arcade #lang:en,1388
#players:2:vs #genre:action:fighting:shooting>tps #addon:controller>twinstick:backup>powermemory:online>saturnmodem #save:backup #port:arcade #reboxed:seganet #lang:ja #rev:a,1389
#players:2:vs #genre:action:puzzle #save:backup #port:pc #search:keyword>endorsed #lang:ja,1390
#players:2:vs #genre:action:puzzle #save:backup #search:keyword>strip #port:arcade #lang:ja,1391
#players:2:vs #genre:action:shooting>tps #addon:link>taisensaturn #save:backup #lang:ja,1392
#players:2:vs #genre:action:shooting>tps #addon:link>taisensaturn #save:backup #lang:ja #unfinished:demo>auto,1393
#players:2:vs #genre:action:shooting>tps #addon:link>taisensaturn #save:backup #reboxed #lang:ja,1394
#players:2:vs #genre:action:sim>strategy #addon:mouse>saturn #save:backup #port:commodore>amiga #lang:en,1395
#players:2:vs #genre:action>maze #addon:backup>powermemory #save:backup #lang:en,1396
#players:2:vs #genre:action>maze #save:backup #lang:ja #unfinished:proto,1397
#players:2:vs #genre:action>platformer #addon:controller>3dpad #search:keyword>qsound #lang:en #unfinished:demo,1398
#players:2:vs #genre:action>platformer #addon:controller>3dpad:backup>powermemory #save:backup #reboxed:satakore #lang:ja,1399
#players:2:vs #genre:action>platformer #addon:controller>3dpad:backup>powermemory #save:backup #search:keyword>qsound #lang:en,1400
#players:2:vs #genre:action>platformer #addon:controller>3dpad:backup>powermemory #save:backup #search:keyword>qsound #lang:ja,1401
#players:2:vs #genre:action>platformer #addon:controller>3dpad:backup>powermemory #save:backup #search:keyword>qsound #lang:ko,1402
#players:2:vs #genre:action>platformer #addon:controller>3dpad:backup>powermemory #save:backup #search:keyword>qsound #reboxed #lang:en,1403
#players:2:vs #genre:action>platformer #addon:controller>3dpad:backup>powermemory #save:backup #search:keyword>qsound #reboxed #lang:ko,1404
#players:2:vs #genre:action>platformer #addon:controller>3dpad:backup>powermemory #save:backup #search:keyword>qsound #reboxed:genteiban #lang:ja,1405
#players:2:vs #genre:action>runandgun:racing #addon:controller>arcaderacer:backup>powermemory #save:backup #lang:en,1406
#players:2:vs #genre:action>runandgun:racing #addon:controller>arcaderacer:backup>powermemory #save:backup #lang:en #unfinished:demo,1407
#players:2:vs #genre:action>runandgun:racing #addon:controller>arcaderacer:backup>powermemory #save:backup #lang:en:fr:de:es:it,1408
#players:2:vs #genre:action>runandgun:racing #addon:controller>missionstick>arcaderacer:backup>powermemory #save:backup #lang:ja,1409
#players:2:vs #genre:adventure:minigames:puzzle>drop #save:backup #based:manganime #lang:ja,1410
#players:2:vs #genre:adventure:sim #save:backup #lang:ja,1411
#players:2:vs #genre:adventure:sim:fighting #save:password #lang:ja,1412
#players:2:vs #genre:adventure:sim>cardgame #addon:mouse>saturn #save:backup #based #lang:ja,1413
#players:2:vs #genre:board:rpg>s #save:backup #lang:ja,1414
#players:2:vs #genre:board>cards:parlor>jackpot #addon:backup>powermemory #save:backup #lang:en,1415
#players:2:vs #genre:board>cards:parlor>jackpot #addon:backup>powermemory #save:backup #lang:ja,1416
#players:2:vs #genre:board>go #addon:mouse>saturn #save:backup #lang:ja,1417
#players:2:vs #genre:board>mahjong>shougi>go>chess>othello>backgammon #addon:mouse>saturn:backup>powermemory #save:backup #multigame #lang:ja,1418
#players:2:vs #genre:board>mahjong>shougi>othello>go #addon:mouse>saturn #save:backup:password #multigame #lang:ja,1419
#players:2:vs #genre:board>mahjong>shougi>othello>go #addon:mouse>saturn #save:backup:password #multigame #lang:ja #rev:a,1420
#players:2:vs #genre:board>party #search:keyword>brand #lang:ja #unfinished:demo,1421
#players:2:vs #genre:board>shougi #addon:backup>powermemory #save:backup #lang:ja,1422
#players:2:vs #genre:board>shougi #addon:mouse>saturn #save:backup #based:manganime #lang:ja,1423
#players:2:vs #genre:board>shougi #addon:mouse>saturn #save:backup #lang:ja,1424
#players:2:vs #genre:board>shougi #save:backup #lang:ja,1425
#players:2:vs #genre:board>shougi #save:backup #lang:ja #alt,1426
#players:2:vs #genre:board>shougi #save:backup #port:pc #lang:ja,1427
#players:2:vs #genre:board>shougi #save:backup #search:keyword>official #lang:ja,1428
#players:2:vs #genre:fighting #addon:backup>powermemory #save:backup #disc:1>2 #multigame:compilation>superstreetfighter2tnc>superstreetfighter2x #search:keyword>qsound #port:arcade #lang:en,1429
#players:2:vs #genre:fighting #addon:backup>powermemory #save:backup #disc:1>2 #multigame:compilation>superstreetfighter2tnc>superstreetfighter2x #search:keyword>qsound #port:arcade #lang:ja,1430
#players:2:vs #genre:fighting #addon:backup>powermemory #save:backup #disc:2>2 #multigame:compilation>streetfighterzero2alpha #search:keyword>qsound #port:arcade #lang:en,1431
#players:2:vs #genre:fighting #addon:backup>powermemory #save:backup #disc:2>2 #multigame:compilation>streetfighterzero2alpha #search:keyword>qsound #port:arcade #lang:ja,1432
#players:2:vs #genre:fighting #addon:backup>powermemory #save:backup #port:arcade #disc:1>2 #lang:en,1433
#players:2:vs #genre:fighting #addon:backup>powermemory #save:backup #port:arcade #disc:1>2 #lang:ja,1434
#players:2:vs #genre:fighting #addon:backup>powermemory #save:backup #port:arcade #lang:en,1435
#players:2:vs #genre:fighting #addon:backup>powermemory #save:backup #port:arcade #lang:en #alt,1436
#players:2:vs #genre:fighting #addon:backup>powermemory #save:backup #port:arcade #lang:en #unfinished:demo,1437
#players:2:vs #genre:fighting #addon:backup>powermemory #save:backup #port:arcade #lang:ja,1438
#players:2:vs #genre:fighting #addon:backup>powermemory #save:backup #port:arcade #reboxed #lang:en,1439
#players:2:vs #genre:fighting #addon:backup>powermemory #save:backup #port:arcade #reboxed:genteiban #lang:en,1440
#players:2:vs #genre:fighting #addon:backup>powermemory #save:backup #port:arcade #search:keyword>brand #lang:en,1441
#players:2:vs #genre:fighting #addon:backup>powermemory #save:backup #port:arcade #search:keyword>brand #lang:en #rev:a,1442
#players:2:vs #genre:fighting #addon:backup>powermemory #save:backup #port:arcade #search:keyword>brand #lang:en #unfinished:demo,1443
#players:2:vs #genre:fighting #addon:backup>powermemory #save:backup #port:arcade #search:keyword>brand>promo #reboxed #lang:en,1444
#players:2:vs #genre:fighting #addon:backup>powermemory #save:backup #port:arcade #search:keyword>promo #reboxed #lang:en,1445
#players:2:vs #genre:fighting #addon:backup>powermemory:online>saturnmodem #save:backup #port:arcade #reboxed:seganet #lang:en #rev:a,1446
#players:2:vs #genre:fighting #addon:backup>powermemory>fddsaturn #save:backup #disc:1>3 #multigame:compilation>virtuafighter2 #port:arcade #reboxed #lang:en,1447
#players:2:vs #genre:fighting #addon:backup>powermemory>fddsaturn #save:backup #lang:en,1448
#players:2:vs #genre:fighting #addon:backup>powermemory>fddsaturn #save:backup #lang:en #alt,1449
#players:2:vs #genre:fighting #addon:backup>powermemory>fddsaturn #save:backup #lang:en #alt:1,1450
#players:2:vs #genre:fighting #addon:backup>powermemory>fddsaturn #save:backup #lang:en #alt:2,1451
#players:2:vs #genre:fighting #addon:backup>powermemory>fddsaturn #save:backup #port:arcade #lang:en,1452
#players:2:vs #genre:fighting #addon:backup>powermemory>fddsaturn #save:backup #port:arcade #lang:en #alt,1453
#players:2:vs #genre:fighting #addon:backup>powermemory>fddsaturn #save:backup #port:arcade #lang:en #alt:1,1454
#players:2:vs #genre:fighting #addon:backup>powermemory>fddsaturn #save:backup #port:arcade #lang:en #alt:2,1455
#players:2:vs #genre:fighting #addon:backup>powermemory>fddsaturn #save:backup #port:arcade #lang:en #alt:3,1456
#players:2:vs #genre:fighting #addon:backup>powermemory>fddsaturn #save:backup #port:arcade #lang:en #alt:4,1457
#players:2:vs #genre:fighting #addon:backup>powermemory>fddsaturn #save:backup #port:arcade #lang:en #alt:5,1458
#players:2:vs #genre:fighting #addon:backup>powermemory>fddsaturn #save:backup #port:arcade #lang:en #alt:6,1459
#players:2:vs #genre:fighting #addon:backup>powermemory>fddsaturn #save:backup #port:arcade #lang:en #rev:a,1460
#players:2:vs #genre:fighting #addon:backup>powermemory>fddsaturn #save:backup #port:arcade #lang:en #rev:a #alt,1461
#players:2:vs #genre:fighting #addon:backup>powermemory>fddsaturn #save:backup #port:arcade #lang:en #unfinished:demo,1462
#players:2:vs #genre:fighting #addon:backup>powermemory>fddsaturn #save:backup #port:arcade #reboxed:satakore #lang:en #rev:a,1463
#players:2:vs #genre:fighting #addon:expansion>ramcartridge1m #save:backup #disc:2>2 #multigame:compilation>samuraispiritsak #port:arcade #reboxed #lang:ja:en:es:pt,1464
#players:2:vs #genre:fighting #addon:expansion>ramcartridge1m #save:backup #disc:2>2 #multigame:compilation>thekingoffighters96 #port:arcade #reboxed #lang:ja,1465
#players:2:vs #genre:fighting #addon:expansion>ramcartridge1m #save:backup #disc:2>3 #multigame:compilation>thekingoffighters96 #port:arcade #reboxed #lang:ja,1466
#players:2:vs #genre:fighting #addon:expansion>ramcartridge1m #save:backup #port:arcade #lang:ja,1467
#players:2:vs #genre:fighting #addon:expansion>ramcartridge1m #save:backup #port:arcade #lang:ja:en:es:pt,1468
#players:2:vs #genre:fighting #addon:expansion>ramcartridge1m #save:backup #port:arcade #lang:ja:en:es:pt #unfinished:demo,1469
#players:2:vs #genre:fighting #addon:expansion>ramcartridge1m #save:backup #port:arcade #multigame:compilation>realboutgaroudensetsu #reboxed #lang:ja:en:es:pt,1470
#players:2:vs #genre:fighting #addon:expansion>ramcartridge1m #save:backup #port:arcade #reboxed #lang:ja,1471
#players:2:vs #genre:fighting #addon:expansion>ramcartridge1m #save:backup #port:arcade #reboxed #lang:ja:en:es:pt,1472
#players:2:vs #genre:fighting #addon:expansion>ramcartridge1m>ramcartridge4m #port:arcade #based:marvel #search:feature>spiderman:keyword>qsound #lang:ja #unfinished:demo,1473
#players:2:vs #genre:fighting #addon:expansion>ramcartridge1m>ramcartridge4m #port:arcade #lang:ja #unfinished:demo,1474
#players:2:vs #genre:fighting #addon:expansion>ramcartridge1m>ramcartridge4m #save:backup #disc:1>2 #multigame:compilation>samuraispiritszm #port:arcade #reboxed #lang:ja,1475
#players:2:vs #genre:fighting #addon:expansion>ramcartridge1m>ramcartridge4m #save:backup #disc:3>3 #multigame:compilation>thekingoffighters97 #port:arcade #reboxed #lang:ja,1476
#players:2:vs #genre:fighting #addon:expansion>ramcartridge1m>ramcartridge4m #save:backup #port:arcade #based:marvel #search:feature>spiderman:keyword>qsound #lang:en,1477
#players:2:vs #genre:fighting #addon:expansion>ramcartridge1m>ramcartridge4m #save:backup #port:arcade #based:marvel #search:feature>spiderman:keyword>qsound #lang:ja,1478
#players:2:vs #genre:fighting #addon:expansion>ramcartridge1m>ramcartridge4m #save:backup #port:arcade #lang:ja,1479
#players:2:vs #genre:fighting #addon:expansion>ramcartridge1m>ramcartridge4m #save:backup #port:arcade #lang:ja #unfinished:demo,1480
#players:2:vs #genre:fighting #addon:expansion>ramcartridge1m>ramcartridge4m #save:backup #port:arcade #lang:ja:en,1481
#players:2:vs #genre:fighting #addon:expansion>ramcartridge1m>ramcartridge4m #save:backup #port:arcade #lang:ja:en:es:pt,1482
#players:2:vs #genre:fighting #addon:expansion>ramcartridge1m>ramcartridge4m #save:backup #port:arcade #multigame:compilation>realboutspecial #reboxed #lang:ja:en #rev:a,1483
#players:2:vs #genre:fighting #addon:expansion>ramcartridge1m>ramcartridge4m #save:backup #port:arcade #reboxed #lang:ja,1484
#players:2:vs #genre:fighting #addon:expansion>ramcartridge1m>ramcartridge4m #save:backup #port:arcade #reboxed #lang:ja:en,1485
#players:2:vs #genre:fighting #addon:expansion>ramcartridge1m>ramcartridge4m #save:backup #port:arcade #search:keyword>qsound #lang:ja,1486
#players:2:vs #genre:fighting #addon:expansion>ramcartridge1m>ramcartridge4m #save:backup #port:arcade #search:keyword>qsound #reboxed #lang:ja,1487
#players:2:vs #genre:fighting #addon:expansion>ramcartridge4m #save:backup #based:marvel #search:feature>xmen:keyword>qsound #port:arcade #lang:ja,1488
#players:2:vs #genre:fighting #addon:expansion>ramcartridge4m #save:backup #based:marvel #search:feature>xmen:keyword>qsound #port:arcade #reboxed #lang:ja,1489
#players:2:vs #genre:fighting #addon:expansion>ramcartridge4m #save:backup #based:marvel #search:feature>xmen:keyword>qsound #port:arcade #reboxed #lang:ja #alt,1490
#players:2:vs #genre:fighting #addon:expansion>ramcartridge4m #save:backup #port:arcade #based:marvel #search:feature>spiderman:keyword>qsound #lang:ja,1491
#players:2:vs #genre:fighting #addon:expansion>ramcartridge4m #save:backup #port:arcade #based:marvel #search:feature>spiderman:keyword>qsound #reboxed #lang:ja,1492
#players:2:vs #genre:fighting #addon:expansion>ramcartridge4m #save:backup #port:arcade #lang:ja,1493
#players:2:vs #genre:fighting #addon:expansion>ramcartridge4m #save:backup #port:arcade #reboxed #lang:ja,1494
#players:2:vs #genre:fighting #addon:expansion>ramcartridge4m #save:backup #search:keyword>qsound #port:arcade #lang:ja,1495
#players:2:vs #genre:fighting #addon:expansion>ramcartridge4m #save:backup #search:keyword>qsound #port:arcade #reboxed #lang:ja,1496
#players:2:vs #genre:fighting #addon:expansion>ramcartridge4m #search:keyword>qsound #port:arcade #lang:ja #unfinished:demo,1497
#players:2:vs #genre:fighting #addon:expansion>romcartridge #save:backup #based #lang:ja,1498
#players:2:vs #genre:fighting #addon:expansion>romcartridge #save:backup #disc:1>2 #multigame:compilation>thekingoffighters95 #port:arcade #reboxed #lang:ja,1499
#players:2:vs #genre:fighting #addon:expansion>romcartridge #save:backup #disc:1>3 #multigame:compilation>thekingoffighters95 #port:arcade #reboxed #lang:ja,1500
#players:2:vs #genre:fighting #addon:expansion>romcartridge #save:backup #port:arcade #lang:en,1501
#players:2:vs #genre:fighting #addon:expansion>romcartridge #save:backup #port:arcade #lang:ja,1502
#players:2:vs #genre:fighting #addon:multitap>6player #save:backup #lang:en,1503
#players:2:vs #genre:fighting #addon:multitap>6player #save:backup #lang:ja,1504
#players:2:vs #genre:fighting #based:manganime #lang:ja,1505
#players:2:vs #genre:fighting #based:manganime #port:nintendo>superfamicom:sony>playstation #lang:ja,1506
#players:2:vs #genre:fighting #based:marvel #search:feature>xmen:keyword>qsound #port:arcade #lang:ja #unfinished:demo,1507
#players:2:vs #genre:fighting #lang:en,1508
#players:2:vs #genre:fighting #lang:en #unfinished:beta,1509
#players:2:vs #genre:fighting #lang:en:fr:de:es:it,1510
#players:2:vs #genre:fighting #lang:en:fr:de:es:it #unfinished:beta,1511
#players:2:vs #genre:fighting #lang:ja,1512
#players:2:vs #genre:fighting #multigame:compilation>superstreetfighter2tnc>superstreetfighter2x #search:keyword>qsound #port:arcade #lang:ja #unfinished:demo,1513
#players:2:vs #genre:fighting #port:arcade #lang:en,1514
#players:2:vs #genre:fighting #port:arcade #lang:en:fr:de:es:it:pt,1515
#players:2:vs #genre:fighting #port:arcade #lang:ja,1516
#players:2:vs #genre:fighting #port:arcade #lang:ja #unfinished:demo,1517
#players:2:vs #genre:fighting #port:nintendo>superfamicom #lang:ja,1518
#players:2:vs #genre:fighting #port:nintendo>superfamicom #lang:ja #alt,1519
#players:2:vs #genre:fighting #port:sony>playstation #lang:en,1520
#players:2:vs #genre:fighting #save:backup #based:manganime #lang:ja,1521
#players:2:vs #genre:fighting #save:backup #based:marvel #search:feature>xmen:keyword>qsound #port:arcade #lang:en,1522
#players:2:vs #genre:fighting #save:backup #based:marvel #search:feature>xmen:keyword>qsound #port:arcade #lang:en #alt,1523
#players:2:vs #genre:fighting #save:backup #based:marvel #search:feature>xmen:keyword>qsound #port:arcade #lang:ja,1524
#players:2:vs #genre:fighting #save:backup #based:movie #search:keyword>qsound #lang:en,1525
#players:2:vs #genre:fighting #save:backup #based:movie #search:keyword>qsound #lang:en #alt,1526
#players:2:vs #genre:fighting #save:backup #based:movie #search:keyword>qsound #lang:ja,1527
#players:2:vs #genre:fighting #save:backup #based:movie #search:keyword>qsound #lang:ja #alt:1,1528
#players:2:vs #genre:fighting #save:backup #based:movie #search:keyword>qsound #lang:ja #alt:2,1529
#players:2:vs #genre:fighting #save:backup #lang:en,1530
#players:2:vs #genre:fighting #save:backup #lang:ja,1531
#players:2:vs #genre:fighting #save:backup #lang:ja #alt,1532
#players:2:vs #genre:fighting #save:backup #lang:ja #unfinished:demo,1533
#players:2:vs #genre:fighting #save:backup #port:arcade #lang:en,1534
#players:2:vs #genre:fighting #save:backup #port:arcade #lang:en #rev:a,1535
#players:2:vs #genre:fighting #save:backup #port:arcade #lang:ja,1536
#players:2:vs #genre:fighting #save:backup #port:arcade #lang:ja #rev:a,1537
#players:2:vs #genre:fighting #save:backup #port:arcade #lang:ja #unfinished:demo,1538
#players:2:vs #genre:fighting #save:backup #port:arcade #lang:ja:en,1539
#players:2:vs #genre:fighting #save:backup #port:arcade #reboxed:genteiban #lang:ja,1540
#players:2:vs #genre:fighting #save:backup #port:arcade #reboxed:satakore #lang:ja,1541
#players:2:vs #genre:fighting #save:backup #port:arcade #search:keyword>qsound #lang:en,1542
#players:2:vs #genre:fighting #save:backup #port:arcade #search:keyword>qsound #lang:en #unfinished:beta,1543
#players:2:vs #genre:fighting #save:backup #port:arcade #search:keyword>qsound #lang:ja,1544
#players:2:vs #genre:fighting #save:backup #port:arcade #search:keyword>qsound #lang:ja #alt,1545
#players:2:vs #genre:fighting #save:backup #port:arcade #search:keyword>qsound #lang:ja #rev:a,1546
#players:2:vs #genre:fighting #save:backup #port:nec>cdromrom #lang:ja,1547
#players:2:vs #genre:fighting #save:backup #port:nec>cdromrom #reboxed:genteiban #lang:ja,1548
#players:2:vs #genre:fighting #save:backup #port:sony>playstation #lang:en,1549
#players:2:vs #genre:fighting #save:backup #port:sony>playstation #lang:ja,1550
#players:2:vs #genre:fighting #save:backup #reboxed:satakore #lang:en,1551
#players:2:vs #genre:fighting #save:backup #search:keyword>qsound #port:arcade #lang:en,1552
#players:2:vs #genre:fighting #save:backup #search:keyword>qsound #port:arcade #lang:ja,1553
#players:2:vs #genre:fighting #save:backup #search:keyword>qsound #port:arcade #lang:ja #alt:1,1554
#players:2:vs #genre:fighting #save:backup #search:keyword>qsound #port:arcade #lang:ja #alt:2,1555
#players:2:vs #genre:fighting #search:keyword>qsound #port:arcade #lang:ja:en #unfinished:demo,1556
#players:2:vs #genre:fighting:notagame>media #addon:backup>powermemory #save:backup #disc:2>2 #lang:ja,1557
#players:2:vs #genre:fighting:notagame>slideshow #save:backup #port:arcade #multigame:compilation>streetfighter2ww>streetfighter2dashce>streetfighter2dashturbohf #lang:ja,1558
#players:2:vs #genre:fighting:sports>boxing #save:backup #lang:en,1559
#players:2:vs #genre:fighting:sports>boxing #save:backup #lang:en #unfinished:demo,1560
#players:2:vs #genre:fighting:sports>boxing #save:backup #lang:ja,1561
#players:2:vs #genre:fighting:sports>boxing #save:backup #search:keyword>endorsed #port:arcade #lang:ja,1562
#players:2:vs #genre:fighting:sports>boxing #save:backup #search:keyword>endorsed #port:arcade #lang:ja #unfinished:demo,1563
#players:2:vs #genre:fighting:sports>wrestling #save:backup #port:arcade #lang:ja,1564
#players:2:vs #genre:fighting:sports>wrestling #save:backup #port:arcade #lang:ja #unfinished:demo,1565
#players:2:vs #genre:fighting:sports>wrestling #save:backup #search:keyword>official #port:arcade #lang:ja,1566
#players:2:vs #genre:fighting:sports>wrestling #save:backup #search:keyword>official #port:arcade #reboxed:satakore #lang:ja #rev:a,1567
#players:2:vs #genre:fighting:sports>wrestling #search:keyword>official #port:arcade #lang:en,1568
#players:2:vs #genre:fighting:sports>wrestling #search:keyword>official #port:arcade #lang:en #unfinished:demo,1569
#players:2:vs #genre:fighting>melee #save:backup #based:manganime #lang:fr,1570
#players:2:vs #genre:fighting>melee #save:backup #based:manganime #lang:ja,1571
#players:2:vs #genre:fighting>melee #save:backup #based:manganime #reboxed #lang:fr,1572
#players:2:vs #genre:fighting>melee #save:backup #based:manganime #reboxed:satakore #lang:ja,1573
#players:2:vs #genre:minigames:rhythm:puzzle #save:backup #search:keyword>endorsed #lang:ja #rev:a,1574
#players:2:vs #genre:minigames:rhythm:puzzle #save:backup #search:keyword>endorsed #lang:ja #rev:a #alt,1575
#players:2:vs #genre:minigames:shooting>gallery:sim:board>cards:puzzle:notagame>magazine>slideshow>media #save:backup #disc:1>2 #multigame:compilation>pipitboynodaibouken5>sekaiseifukukabushikigaisha>quovadis2wakuseikyoushuuovanrei>azelpanzerdragoonrpg>solocrisis>culdcept>tacticsformula #search:keyword>brand #lang:ja #unfinished:demo,1576
#players:2:vs #genre:notagame>application:puzzle>drop #addon:controller>3dpad:mouse>saturn #save:backup #lang:ja,1577
#players:2:vs #genre:parlor>billiards #save:backup #lang:ja,1578
#players:2:vs #genre:parlor>billiards #save:backup #search:keyword>endorsed #lang:en,1579
#players:2:vs #genre:parlor>bowling #save:backup #disc:1>2 #lang:ja,1580
#players:2:vs #genre:parlor>bowling #save:backup #disc:2>2 #lang:ja,1581
#players:2:vs #genre:parlor>pinball #addon:backup>powermemory #save:backup #lang:en,1582
#players:2:vs #genre:parlor>pinball:minigames:action>runandgun:puzzle:notagame>magazine>slideshow>media #multigame:compilation>lastgladiators>telecomtown>superhardhdcup>naturalplanet>eziphon #search:keyword>brand #lang:ja #unfinished:demo,1583
#players:2:vs #genre:parlor>pinball>jackpot:minigames:action:puzzle:notagame>magazine>slideshow>media #save:backup #disc:1>2 #multigame:compilation>necronomicondigitalpinball>pipitboynodaibouke4>gondorakun>otanoshimislot #search:keyword>brand #lang:ja #unfinished:demo,1584
#players:2:vs #genre:puzzle #addon:mouse>saturn #save:backup #lang:ja,1585
#players:2:vs #genre:puzzle #addon:mouse>saturn #save:backup #lang:ja #unfinished:demo,1586
#players:2:vs #genre:puzzle #addon:mouse>saturn #save:backup #port:pc #lang:ja,1587
#players:2:vs #genre:puzzle #addon:mouse>saturn #save:backup #port:pc #lang:ja #alt,1588
#players:2:vs #genre:puzzle #addon:mouse>saturn:backup>powermemory #save:backup #lang:en,1589
#players:2:vs #genre:puzzle #addon:mouse>saturn:backup>powermemory #save:backup #lang:ja,1590
#players:2:vs #genre:puzzle #addon:mouse>saturn:backup>powermemory #save:backup #port:sony>playstation #lang:ja,1591
#players:2:vs #genre:puzzle #addon:mouse>saturn:backup>powermemory #save:backup #reboxed:satakore #lang:ja #rev:a,1592
#players:2:vs #genre:puzzle #port:arcade #lang:ja,1593
#players:2:vs #genre:puzzle #save:backup #lang:ja,1594
#players:2:vs #genre:puzzle:minigames #save:backup #port:arcade #lang:ja,1595
#players:2:vs #genre:puzzle:minigames #save:backup #port:arcade #lang:ja #unfinished:sample,1596
#players:2:vs #genre:puzzle:minigames #save:backup #port:arcade #reboxed:satakore #lang:ja,1597
#players:2:vs #genre:puzzle:parlor>mogurataiji:rhythm>karaoke:notagame>media #save:password #search:keyword>endorsed #lang:ja,1598
#players:2:vs #genre:puzzle:quiz:minigames #multigame:compilation>tantr>quizshukudaiwowasuremashita #port:arcade #lang:ja,1599
#players:2:vs #genre:puzzle>drop #addon:backup>powermemory #save:backup #port:arcade #lang:en,1600
#players:2:vs #genre:puzzle>drop #addon:backup>powermemory #save:backup #port:arcade #lang:ja,1601
#players:2:vs #genre:puzzle>drop #addon:backup>powermemory #save:backup #port:arcade #reboxed:satakore #lang:ja #rev:a,1602
#players:2:vs #genre:puzzle>drop #addon:mouse>saturn #save:backup #lang:ja,1603
#players:2:vs #genre:puzzle>drop #addon:mouse>saturn #save:backup #lang:ja #alt,1604
#players:2:vs #genre:puzzle>drop #addon:mouse>saturn #save:backup #port:pc #lang:en,1605
#players:2:vs #genre:puzzle>drop #addon:online>saturnmodem #save:backup #port:arcade #reboxed:seganet #lang:ja #rev:a,1606
#players:2:vs #genre:puzzle>drop #based #lang:ja,1607
#players:2:vs #genre:puzzle>drop #based:manganime #lang:ja,1608
#players:2:vs #genre:puzzle>drop #lang:ja,1609
#players:2:vs #genre:puzzle>drop #lang:ja #unfinished:demo,1610
#players:2:vs #genre:puzzle>drop #port:arcade #lang:ja,1611
#players:2:vs #genre:puzzle>drop #port:arcade #lang:ja #unfinished:demo,1612
#players:2:vs #genre:puzzle>drop #port:pc #lang:ja,1613
#players:2:vs #genre:puzzle>drop #save:backup #based:manganime #lang:ja,1614
#players:2:vs #genre:puzzle>drop #save:backup #lang:en,1615
#players:2:vs #genre:puzzle>drop #save:backup #lang:ja,1616
#players:2:vs #genre:puzzle>drop #save:backup #multigame:compilation>columns>columns2tvtt>stackcolumns>columns97 #port:arcade #lang:ja,1617
#players:2:vs #genre:puzzle>drop #save:backup #port:arcade #disc:1>2 #multigame:compilation>puzzlebobble2 #reboxed #lang:ja,1618
#players:2:vs #genre:puzzle>drop #save:backup #port:arcade #lang:en,1619
#players:2:vs #genre:puzzle>drop #save:backup #port:arcade #lang:ja,1620
#players:2:vs #genre:puzzle>drop #save:backup #port:arcade #lang:ja #alt,1621
#players:2:vs #genre:puzzle>drop #save:backup #port:arcade #lang:ja #unfinished:demo,1622
#players:2:vs #genre:puzzle>drop #save:backup #port:arcade #lang:ja #unfinished:demo #alt,1623
#players:2:vs #genre:puzzle>drop #save:backup #port:arcade #reboxed:satakore #lang:ja,1624
#players:2:vs #genre:puzzle>drop #save:backup #port:arcade #reboxed:satakore #lang:ja #rev:a,1625
#players:2:vs #genre:puzzle>drop #save:backup #reboxed:satakore #lang:ja #rev:a,1626
#players:2:vs #genre:puzzle>drop #search:feature>dracula #lang:ja,1627
#players:2:vs #genre:quiz #save:backup #lang:ja,1628
#players:2:vs #genre:quiz:sim>date #save:backup #port:arcade #lang:ja,1629
#players:2:vs #genre:quiz:sim>date #save:backup #port:arcade #lang:ja #rev:a,1630
#players:2:vs #genre:racing #addon:controller>3dpad #save:backup #based #search:keyword>promo #lang:ja,1631
#players:2:vs #genre:racing #addon:controller>3dpad #save:backup #lang:ja,1632
#players:2:vs #genre:racing #addon:controller>3dpad:backup>powermemory #save:backup #search:feature>sonic:keyword>qsound #disc:1>3 #multigame:compilation>sonicr #reboxed #lang:ja #unfinished:demo,1633
#players:2:vs #genre:racing #addon:controller>3dpad:backup>powermemory #save:backup #search:feature>sonic:keyword>qsound #lang:en,1634
#players:2:vs #genre:racing #addon:controller>3dpad:backup>powermemory #save:backup #search:feature>sonic:keyword>qsound #lang:ja,1635
#players:2:vs #genre:racing #addon:controller>3dpad:backup>powermemory #save:backup #search:feature>sonic:keyword>qsound #lang:ja #alt,1636
#players:2:vs #genre:racing #addon:controller>3dpad:backup>powermemory #save:backup #search:feature>sonic:keyword>qsound #lang:ja #unfinished:demo,1637
#players:2:vs #genre:racing #addon:controller>3dpad>arcaderacer #save:backup #port:arcade #lang:ja,1638
#players:2:vs #genre:racing #addon:controller>3dpad>arcaderacer #search:keyword>brand #port:3do #lang:ja #unfinished:demo,1639
#players:2:vs #genre:racing #addon:controller>3dpad>arcaderacer:backup>powermemory #save:backup #lang:ja,1640
#players:2:vs #genre:racing #addon:controller>3dpad>arcaderacer:backup>powermemory #save:backup #lang:ja #unfinished:demo,1641
#players:2:vs #genre:racing #addon:controller>3dpad>arcaderacer:backup>powermemory #save:backup #search:keyword>brand #port:arcade #lang:en,1642
#players:2:vs #genre:racing #addon:controller>3dpad>arcaderacer:backup>powermemory #save:backup:password #search:keyword>brand #port:3do #lang:en,1643
#players:2:vs #genre:racing #addon:controller>3dpad>arcaderacer:backup>powermemory #save:backup:password #search:keyword>brand #port:3do #lang:en:de,1644
#players:2:vs #genre:racing #addon:controller>3dpad>arcaderacer:backup>powermemory #save:backup:password #search:keyword>brand #port:3do #lang:ja #rev:a,1645
#players:2:vs #genre:racing #addon:controller>3dpad>arcaderacer:backup>powermemory #save:backup:password #search:keyword>brand #port:3do #reboxed #lang:ja,1646
#players:2:vs #genre:racing #addon:controller>3dpad>arcaderacer:backup>powermemory:online>saturnmodem #save:backup #search:keyword>brand #port:arcade #lang:ja,1647
#players:2:vs #genre:racing #addon:controller>3dpad>arcaderacer:backup>powermemory:online>saturnmodem #save:backup #search:keyword>brand #port:arcade #lang:ja #unfinished:demo,1648
#players:2:vs #genre:racing #addon:controller>arcaderacer #save:backup #lang:en,1649
#players:2:vs #genre:racing #addon:controller>arcaderacer #save:backup #lang:ja,1650
#players:2:vs #genre:racing #addon:controller>arcaderacer #save:backup #search:feature>sonic #port:arcade #lang:en,1651
#players:2:vs #genre:racing #addon:controller>arcaderacer:backup>powermemory #save:backup #lang:en,1652
#players:2:vs #genre:racing #addon:controller>arcaderacer:backup>powermemory #save:backup #lang:ja,1653
#players:2:vs #genre:racing #addon:controller>arcaderacer:backup>powermemory:expansion>moviecard #save:backup #disc:1>2 #lang:ja,1654
#players:2:vs #genre:racing:sim>date #addon:controller>arcaderacer:backup>powermemory #save:backup #lang:ja,1655
#players:2:vs #genre:racing:sim>derby #save:backup #port:arcade #lang:ja,1656
#players:2:vs #genre:racing:sim>derby #save:backup:password #port:arcade #lang:ja,1657
#players:2:vs #genre:racing:sports>formula1 #addon:controller>arcaderacer:backup>powermemory #save:backup #port:arcade #lang:en,1658
#players:2:vs #genre:racing:sports>formula1 #addon:controller>arcaderacer:backup>powermemory #save:backup #port:arcade #lang:en #alt,1659
#players:2:vs #genre:racing:sports>formula1>nascar #addon:controller>arcaderacer:backup>powermemory #save:backup #search:keyword>endorsed>official #port:sony>playstation #lang:de,1660
#players:2:vs #genre:racing:sports>formula1>nascar #addon:controller>arcaderacer:backup>powermemory #save:backup #search:keyword>endorsed>official #port:sony>playstation #lang:en,1661
#players:2:vs #genre:racing:sports>formula1>nascar #addon:controller>arcaderacer:backup>powermemory #save:backup #search:keyword>endorsed>official #port:sony>playstation #lang:fr,1662
#players:2:vs #genre:racing:sports>karting #save:backup #lang:en:fr:de:es,1663
#players:2:vs #genre:racing:sports>motogp #addon:controller>3dpad>arcaderacer:backup>powermemory #save:backup #port:arcade #search:keyword>brand #lang:en,1664
#players:2:vs #genre:racing:sports>nascar #addon:controller>3dpad>arcaderacer:backup>powermemory #save:backup #port:arcade #lang:en,1665
#players:2:vs #genre:racing:sports>nascar #addon:controller>3dpad>arcaderacer:backup>powermemory:link>taisensaturn:online>saturnmodem #save:backup #port:arcade #lang:ja:en,1666
#players:2:vs #genre:racing:sports>nascar #addon:controller>3dpad>arcaderacer:backup>powermemory:online>netlink #save:backup #port:arcade #lang:en,1667
#players:2:vs #genre:racing:sports>nascar #addon:controller>arcaderacer:backup>powermemory #save:backup #search:keyword>official #lang:de,1668
#players:2:vs #genre:racing:sports>nascar #addon:controller>arcaderacer:backup>powermemory #save:backup #search:keyword>official #lang:en,1669
#players:2:vs #genre:racing:sports>nascar #addon:controller>arcaderacer:backup>powermemory #save:backup #search:keyword>official #lang:fr,1670
#players:2:vs #genre:racing:sports>rally #addon:controller>3dpad>arcaderacer:backup>powermemory:online>netlink #save:backup #search:keyword>brand>qsound #port:arcade #lang:en,1671
#players:2:vs #genre:racing:sports>rally #addon:controller>3dpad>arcaderacer:backup>powermemory:online>saturnmodem #save:backup #search:keyword>brand>qsound #port:arcade #lang:ja,1672
#players:2:vs #genre:racing:sports>rally #addon:controller>3dpad>arcaderacer:backup>powermemory:online>saturnmodem #save:backup #search:keyword>brand>qsound #port:arcade #reboxed:satakore #lang:ja,1673
#players:2:vs #genre:racing:sports>rally #addon:controller>arcaderacer #search:keyword>brand>qsound #port:arcade #lang:ja #unfinished:demo,1674
#players:2:vs #genre:racing:sports>rally #addon:controller>arcaderacer:backup>powermemory #save:backup #search:keyword>brand>qsound #port:arcade #lang:en,1675
#players:2:vs #genre:racing:sports>rally #addon:controller>arcaderacer:backup>powermemory #save:backup #search:keyword>brand>qsound #port:arcade #lang:en #alt,1676
#players:2:vs #genre:racing:sports>rally #addon:controller>arcaderacer:backup>powermemory #save:backup #search:keyword>brand>qsound #port:arcade #lang:ja,1677
#players:2:vs #genre:racing:sports>rally #addon:controller>arcaderacer:backup>powermemory #save:backup #search:keyword>brand>qsound #port:arcade #lang:ko,1678
#players:2:vs #genre:racing>combat #addon:backup>powermemory #port:3do #save:backup #lang:en,1679
#players:2:vs #genre:racing>combat #addon:backup>powermemory #port:3do #save:backup #lang:ja,1680
#players:2:vs #genre:racing>combat #addon:backup>powermemory #save:backup #port:pc #lang:en:fr:de:es,1681
#players:2:vs #genre:racing>combat #addon:backup>powermemory #save:backup #port:pc #lang:ja,1682
#players:2:vs #genre:racing>combat #addon:controller>3dpad>arcaderacer #save:backup #port:sony>playstation #lang:en,1683
#players:2:vs #genre:racing>combat #addon:controller>3dpad>arcaderacer:backup>powermemory #save:backup #based #lang:ja,1684
#players:2:vs #genre:racing>combat #addon:controller>3dpad>arcaderacer:backup>powermemory #save:backup #based #reboxed:satakore #lang:ja,1685
#players:2:vs #genre:racing>combat #addon:controller>arcaderacer #save:backup #lang:en,1686
#players:2:vs #genre:racing>combat #addon:controller>arcaderacer #save:backup #lang:ja,1687
#players:2:vs #genre:racing>combat #addon:controller>arcaderacer #save:backup #port:sony>playstation #lang:en,1688
#players:2:vs #genre:rhythm #addon:backup>powermemory #save:backup #lang:ja,1689
#players:2:vs #genre:rpg>a:sim>cardgame #addon:backup>powermemory #save:backup #lang:ja,1690
#players:2:vs #genre:rpg>j #save:backup #disc:1>2 #lang:ja,1691
#players:2:vs #genre:rpg>j #save:backup #disc:2>2 #lang:ja,1692
#players:2:vs #genre:rpg>j>a:action:puzzle>drop:board>mahjong:fighting:minigames:notagame>media #multigame:compilation>albertodysseygaidenlegendofeldean>darksavior>loderunnerthelegendreturns>mahjonghyperreaction>kururinpa>vampirehunterdr>sandr>panzerdragoon2zwei>dragonforce>virtuafighter2>thekingoffighters95>gotha2tenkuunokishi>airsadventure>dennousenkivirtualon #lang:ja #unfinished:demo,1693
#players:2:vs #genre:rpg>s #addon:backup>powermemory:online>saturnmodem #save:backup #lang:ja,1694
#players:2:vs #genre:rpg>s:action>platformer:shmup>h:shooting>tps:fighting:puzzle:notagame>media #multigame:compilation>langrisser3>swordandsorcery>keiouyuugekitaikatsugekihen>iremarcadeclassics>metalblack>hyperreverthion>virtuafighterkids>panzerdragoon2zwei>gekkamugentantorico>lunarthesilverstar>tengaimakyoudaiyonnomokushirokutheapocalypse4>nightsintodreams #lang:ja #unfinished:demo #alt,1695
#players:2:vs #genre:rpg>s:action>platformer:shmup>h:shooting>tps:notagame>media #multigame:compilation>langrisser3>swordandsorcery>keiouyuugekitaikatsugekihen>iremarcadeclassics>metalblack>hyperreverthion>virtuafighterkids>panzerdragoon2zwei>gekkamugentantorico>lunarthesilverstar>tengaimakyoudaiyonnomokushirokutheapocalypse4>nightsintodreams #lang:ja #unfinished:demo,1696
#players:2:vs #genre:shmup #save:backup #port:arcade #disc:2>2 #multigame:compilation>spaceinvadersdx #reboxed #lang:en,1697
#players:2:vs #genre:shmup #save:backup #port:arcade #lang:ja,1698
#players:2:vs #genre:shmup:puzzle>drop #save:backup #lang:ja,1699
#players:2:vs #genre:shmup>v #save:backup #disc:1>2 #port:arcade #lang:ja,1700
#players:2:vs #genre:shooting>fps #addon:mouse>saturn:link>taisensaturn #save:password #multigame:compilation>doom>doom2 #port:pc #lang:en,1701
#players:2:vs #genre:shooting>fps:sim>flight #save:backup #port:sega>32x #lang:ja,1702
#players:2:vs #genre:shooting>fps:sim>flight #save:backup #port:sega>32x #lang:ja #unfinished:demo,1703
#players:2:vs #genre:shooting>fps:sports #save:backup #port:3do #lang:en,1704
#players:2:vs #genre:shooting>tps #port:3do #lang:en,1705
#players:2:vs #genre:shooting>tps #port:3do #lang:ja,1706
#players:2:vs #genre:shooting>tps #save:password #port:pc #lang:en,1707
#players:2:vs #genre:shooting>tps #save:password #port:pc #lang:en:fr:de:es:it:nl,1708
#players:2:vs #genre:shooting>tps #save:password #port:pc #lang:ja,1709
#players:2:vs #genre:shooting>tps:fighting #addon:link>taisensaturn #save:backup #lang:ja,1710
#players:2:vs #genre:shooting>tps:fighting #addon:link>taisensaturn #save:backup #reboxed #lang:ja,1711
#players:2:vs #genre:shooting>tps:sim>flight #addon:backup>powermemory #save:backup #based:movie #lang:en,1712
#players:2:vs #genre:shooting>tps:sim>flight #addon:backup>powermemory #save:backup #based:movie #lang:en:fr:de:es:it:sv,1713
#players:2:vs #genre:sim:sports>baseball #save:backup #search:keyword>official #lang:ja,1714
#players:2:vs #genre:sim:sports>baseball #save:backup #search:keyword>official #lang:ja #rev:a,1715
#players:2:vs #genre:sim>cardgame #save:backup #based #lang:ja,1716
#players:2:vs #genre:sim>fishing #addon:backup>powermemory #save:backup #based #search:keyword>brand #lang:ja,1717
#players:2:vs #genre:sim>strategy #addon:backup>powermemory #save:backup #lang:ja,1718
#players:2:vs #genre:sim>strategy #addon:backup>powermemory #save:backup #port:nec>pc98 #lang:en,1719
#players:2:vs #genre:sim>strategy #addon:backup>powermemory #save:backup #port:nec>pc98 #lang:ja,1720
#players:2:vs #genre:sim>strategy #lang:ja #unfinished:demo,1721
#players:2:vs #genre:sim>strategy #save:backup #disc:1>2 #lang:ja,1722
#players:2:vs #genre:sim>strategy #save:backup #disc:2>2 #lang:ja,1723
#players:2:vs #genre:sim>strategy #save:backup #lang:ja,1724
#players:2:vs #genre:sim>strategy #save:backup #port:nec>pc88 #lang:ja,1725
#players:2:vs #genre:sim>strategy:action #save:backup #lang:en,1726
#players:2:vs #genre:sim>strategy:action #save:backup #lang:en:fr:de,1727
#players:2:vs #genre:sports>baseball #addon:backup>powermemory #save:backup #search:keyword>endorsed>official>brand #lang:en,1728
#players:2:vs #genre:sports>baseball #addon:backup>powermemory #save:backup #search:keyword>official #lang:en,1729
#players:2:vs #genre:sports>baseball #addon:backup>powermemory #save:backup #search:keyword>official #lang:en #alt,1730
#players:2:vs #genre:sports>baseball #addon:backup>powermemory #save:backup #search:keyword>official #lang:ja,1731
#players:2:vs #genre:sports>baseball #addon:backup>powermemory #save:backup #search:keyword>official #lang:ja #alt,1732
#players:2:vs #genre:sports>baseball #addon:backup>powermemory #save:backup #search:keyword>official #lang:ja #rev:a,1733
#players:2:vs #genre:sports>baseball #addon:backup>powermemory #save:backup #search:keyword>official #lang:ja #unfinished:demo,1734
#players:2:vs #genre:sports>baseball #addon:backup>powermemory #save:backup #search:keyword>official #reboxed:satakore #lang:ja #rev:a,1735
#players:2:vs #genre:sports>baseball #addon:backup>powermemory #save:backup #search:keyword>official>endorsed #lang:en,1736
#players:2:vs #genre:sports>baseball #addon:backup>powermemory #save:backup #search:keyword>official>endorsed #lang:ja,1737
#players:2:vs #genre:sports>baseball #save:backup #lang:ja,1738
#players:2:vs #genre:sports>baseball #save:backup #lang:ja #unfinished:demo,1739
#players:2:vs #genre:sports>baseball #save:backup #search:keyword>endorsed>official #lang:en,1740
#players:2:vs #genre:sports>baseball #save:backup #search:keyword>official #lang:en,1741
#players:2:vs #genre:sports>baseball #save:backup #search:keyword>official #lang:ja,1742
#players:2:vs #genre:sports>baseball #save:backup #search:keyword>official #port:nintendo>n64 #lang:ja,1743
#players:2:vs #genre:sports>baseball #save:backup #search:keyword>official #port:nintendo>superfamicom #lang:ja,1744
#players:2:vs #genre:sports>baseball #save:backup #search:keyword>official #port:sony>playstation #lang:en,1745
#players:2:vs #genre:sports>basketball #save:backup #based:manganime #lang:ja,1746
#players:2:vs #genre:sports>decathlon #addon:backup>powermemory #save:backup #port:arcade #lang:en,1747
#players:2:vs #genre:sports>decathlon #addon:backup>powermemory #save:backup #port:arcade #lang:ja,1748
#players:2:vs #genre:sports>decathlon #addon:backup>powermemory #save:backup #port:arcade #lang:ja #alt,1749
#players:2:vs #genre:sports>decathlon #addon:backup>powermemory #save:backup #port:arcade #lang:ja #rev:a,1750
#players:2:vs #genre:sports>decathlon #addon:backup>powermemory #save:backup #port:arcade #lang:ja #unfinished:sample,1751
#players:2:vs #genre:sports>decathlon #addon:backup>powermemory #save:backup #port:arcade #reboxed:satakore #lang:ja #rev:b,1752
#players:2:vs #genre:sports>decathlon #addon:backup>powermemory:online>saturnmodem #save:backup #port:arcade #reboxed:seganet #lang:ja #rev:c,1753
#players:2:vs #genre:sports>snowboarding #save:backup #lang:ja,1754
#players:3:coop #genre:brawler #addon:multitap>6player #save:backup #lang:en,1755
#players:3:coop:alt #genre:action>runandgun:notagame>slideshow #addon:multitap>6player #save:backup #port:arcade #multigame:compilation>senjounoookami>senjounoookami2>gunsmoke #lang:ja,1756
#players:4:alt #genre:parlor>pinball #save:backup #lang:en,1757
#players:4:alt #genre:parlor>pinball #save:backup #lang:en:fr:de,1758
#players:4:alt #genre:parlor>pinball #save:backup #port:sony>playstation #lang:en,1759
#players:4:coop:vs #genre:fighting #addon:expansion>ramcartridge1m>ramcartridge4m:multitap>6player #save:backup #port:arcade #lang:ja,1760
#players:4:coop:vs #genre:fighting #addon:expansion>ramcartridge1m>ramcartridge4m:multitap>6player #save:backup #port:arcade #reboxed #lang:ja,1761
#players:4:coop:vs #genre:fighting:sports>wrestling #addon:multitap>6player #search:keyword>official #lang:en,1762
#players:4:coop:vs #genre:sports>basketball #addon:multitap>6player #save:backup #search:keyword>official #lang:en,1763
#players:4:coop:vs #genre:sports>basketball #addon:multitap>6player #search:keyword>official #port:arcade #lang:en,1764
#players:4:coop:vs #genre:sports>basketball #addon:multitap>6player #search:keyword>official #port:arcade #lang:ja,1765
#players:4:coop:vs #genre:sports>basketball #addon:multitap>6player:backup>powermemory #save:backup #search:keyword>official #lang:en,1766
#players:4:coop:vs #genre:sports>basketball #addon:multitap>6player:backup>powermemory #search:keyword>endorsed #lang:en,1767
#players:4:coop:vs #genre:sports>basketball #addon:multitap>6player:backup>powermemory>fddsaturn #save:backup #search:keyword>official #lang:en,1768
#players:4:coop:vs #genre:sports>basketball #addon:multitap>6player:backup>powermemory>fddsaturn #save:backup #search:keyword>official #lang:ja,1769
#players:4:coop:vs #genre:sports>basketball #addon:multitap>6player:backup>powermemory>fddsaturn #save:backup #search:keyword>official>endorsed #lang:en,1770
#players:4:coop:vs #genre:sports>football #addon:backup>powermemory:multitap>6player #save:backup #search:keyword>endorsed>official #lang:en,1771
#players:4:coop:vs #genre:sports>football #addon:backup>powermemory>fddsaturn:multitap>6player #save:backup #search:keyword>endorsed>official #lang:en,1772
#players:4:coop:vs #genre:sports>soccer #addon:backup>powermemory:multitap>6player #save:backup #lang:en,1773
#players:4:coop:vs #genre:sports>soccer #addon:backup>powermemory:multitap>6player #save:backup #lang:en:fr:de:es:it,1774
#players:4:coop:vs #genre:sports>soccer #addon:backup>powermemory>fddsaturn:multitap>6player #save:backup #lang:en,1775
#players:4:coop:vs #genre:sports>soccer #addon:backup>powermemory>fddsaturn:multitap>6player #save:backup #lang:en #alt,1776
#players:4:coop:vs #genre:sports>soccer #addon:backup>powermemory>fddsaturn:multitap>6player #save:backup #lang:en:fr:es,1777
#players:4:coop:vs #genre:sports>soccer #addon:backup>powermemory>fddsaturn:multitap>6player #save:backup #lang:en:fr:es #rev:a,1778
#players:4:coop:vs #genre:sports>soccer #addon:backup>powermemory>fddsaturn:multitap>6player #save:backup #lang:en:fr:es #rev:b,1779
#players:4:coop:vs #genre:sports>soccer #addon:backup>powermemory>fddsaturn:multitap>6player #save:backup #lang:ja,1780
#players:4:coop:vs #genre:sports>soccer #addon:backup>powermemory>fddsaturn:multitap>6player #save:backup #lang:ko,1781
#players:4:coop:vs #genre:sports>soccer #addon:backup>powermemory>fddsaturn:multitap>6player #save:backup #search:keyword>official #lang:ja,1782
#players:4:coop:vs #genre:sports>soccer #addon:backup>powermemory>fddsaturn:multitap>6player #save:backup #search:keyword>official #lang:ja #alt,1783
#players:4:coop:vs #genre:sports>soccer #addon:backup>powermemory>fddsaturn:online>saturnmodem:multitap>6player #save:backup #lang:ja,1784
#players:4:coop:vs #genre:sports>soccer #addon:controller>3dpad:backup>powermemory>fddsaturn:multitap>6player #save:backup #search:keyword>official #lang:ja,1785
#players:4:coop:vs #genre:sports>soccer #addon:controller>3dpad:multitap>6player #save:backup #search:keyword>official #lang:ja,1786
#players:4:coop:vs #genre:sports>soccer #addon:controller>3dpad:multitap>6player:backup>powermemory #save:backup #search:keyword>brand #lang:en:fr:de:es:it,1787
#players:4:coop:vs #genre:sports>soccer #addon:multitap>6player #save:backup #port:arcade #lang:en,1788
#players:4:coop:vs #genre:sports>soccer #addon:multitap>6player #save:backup #search:keyword>official #lang:ja,1789
#players:4:coop:vs #genre:sports>soccer #addon:multitap>6player #save:backup #search:keyword>official #lang:ja #alt,1790
#players:4:coop:vs #genre:sports>soccer #addon:multitap>6player #save:backup #search:keyword>official #port:pc #lang:en:fr:de:es:it:pt,1791
#players:4:coop:vs #genre:sports>soccer #addon:multitap>6player #search:keyword>official #lang:ja #unfinished:demo,1792
#players:4:coop:vs #genre:sports>soccer #addon:multitap>6player:backup>powermemory #save:backup #search:keyword>official #lang:de,1793
#players:4:coop:vs #genre:sports>soccer #addon:multitap>6player:backup>powermemory #save:backup #search:keyword>official #lang:en,1794
#players:4:coop:vs #genre:sports>soccer #addon:multitap>6player:backup>powermemory #save:backup #search:keyword>official #lang:en:fr:de:es:it,1795
#players:4:coop:vs #genre:sports>soccer #addon:multitap>6player:backup>powermemory #save:backup #search:keyword>official #lang:en:fr:de:es:it:sv,1796
#players:4:coop:vs #genre:sports>soccer #addon:multitap>6player:backup>powermemory #save:backup #search:keyword>official #lang:ja,1797
#players:4:coop:vs #genre:sports>soccer #addon:multitap>6player:backup>powermemory #save:backup #search:keyword>official #reboxed #lang:en:fr:de:es:it:sv,1798
#players:4:coop:vs #genre:sports>tennis #addon:multitap>6player #lang:en,1799
#players:4:coop:vs #genre:sports>tennis #addon:multitap>6player #save:password #search:keyword>brand #lang:en,1800
#players:4:coop:vs #genre:sports>tennis #addon:multitap>6player #save:password #search:keyword>brand #lang:en:fr,1801
#players:4:coop:vs #genre:sports>tennis #addon:multitap>6player #save:password #search:keyword>brand #lang:ja,1802
#players:4:vs #genre:action:puzzle #addon:multitap>6player:backup>powermemory #save:backup #lang:en,1803
#players:4:vs #genre:action:puzzle #addon:multitap>6player:backup>powermemory #save:backup #lang:en:fr:de:es:it,1804
#players:4:vs #genre:action>maze #addon:controller>sbom:multitap>6player #save:backup #lang:ja,1805
#players:4:vs #genre:action>maze #addon:controller>sbom:multitap>6player #save:backup #lang:ja #unfinished:demo,1806
#players:4:vs #genre:action>maze #addon:controller>sbom:online>saturnmodem #save:backup #reboxed:seganet #lang:ja #rev:a,1807
#players:4:vs #genre:action>maze #addon:multitap>6player #save:backup #lang:ja,1808
#players:4:vs #genre:action>maze #addon:multitap>6player #save:backup #lang:ja #unfinished:demo,1809
#players:4:vs #genre:action>maze #addon:multitap>6player #save:backup #port:nec>pcengine #lang:ja,1810
#players:4:vs #genre:board:sim>strategy:sports>formula1 #addon:multitap>6player:backup>powermemory #save:backup #lang:ja,1811
#players:4:vs #genre:board:sim>strategy:sports>formula1 #addon:multitap>6player:backup>powermemory #save:backup #lang:ja #unfinished:demo,1812
#players:4:vs #genre:board>cards:parlor>jackpot #addon:multitap>6player #save:backup #lang:ja,1813
#players:4:vs #genre:board>party #addon:multitap>6player #save:backup #based #lang:ja,1814
#players:4:vs #genre:board>party #addon:multitap>6player #save:backup #based #lang:ja #rev:a,1815
#players:4:vs #genre:board>party #addon:multitap>6player #save:backup #based #reboxed:satakore #lang:ja #rev:b,1816
#players:4:vs #genre:board>party #addon:multitap>6player #save:backup #lang:ja,1817
#players:4:vs #genre:board>party #addon:multitap>6player #save:backup #lang:ja #alt,1818
#players:4:vs #genre:board>party #addon:multitap>6player #save:backup #lang:ja #rev:a,1819
#players:4:vs #genre:board>party #addon:multitap>6player #save:backup #reboxed:satakore #lang:ja #rev:a,1820
#players:4:vs #genre:board>party #addon:multitap>6player #save:backup #search:keyword>brand #lang:ja,1821
#players:4:vs #genre:board>party:rpg #addon:multitap>6player #save:backup #lang:ja,1822
#players:4:vs #genre:board>party:rpg #addon:multitap>6player #save:backup #reboxed #lang:ja,1823
#players:4:vs #genre:board>party:sim #addon:multitap>6player #save:backup #lang:ja,1824
#players:4:vs #genre:board>party:sim>cardgame #addon:multitap>6player #save:backup #lang:ja,1825
#players:4:vs #genre:board>party:sim>cardgame #addon:multitap>6player #save:backup #reboxed:satakore #lang:ja,1826
#players:4:vs #genre:board>party:sim>cardgame #addon:multitap>6player:backup>fddsaturn #save:backup #lang:ja,1827
#players:4:vs #genre:board>party:sim>cardgame #addon:multitap>6player:backup>fddsaturn #save:backup #reboxed:satakore #lang:ja #rev:a,1828
#players:4:vs #genre:fighting>melee #addon:multitap>6player #save:backup #lang:ja,1829
#players:4:vs #genre:fighting>melee #addon:multitap>6player #save:backup #lang:ja #unfinished:demo,1830
#players:4:vs #genre:minigames:sports>snowboarding>skiing #addon:multitap>6player:backup>powermemory #save:backup #lang:en,1831
#players:4:vs #genre:minigames:sports>snowboarding>skiing #addon:multitap>6player:backup>powermemory #save:backup #lang:en #unfinished:demo,1832
#players:4:vs #genre:minigames:sports>snowboarding>skiing #addon:multitap>6player:backup>powermemory #save:backup #port:arcade #lang:ja,1833
#players:4:vs #genre:parlor>billiards #save:backup #lang:ja,1834
#players:4:vs #genre:parlor>billiards #save:backup #lang:ja #unfinished:demo,1835
#players:4:vs #genre:parlor>billiards #save:backup #reboxed:satakore #lang:ja,1836
#players:4:vs #genre:parlor>bowling #addon:backup>powermemory #save:backup #disc:1>2 #lang:ja,1837
#players:4:vs #genre:parlor>bowling #addon:backup>powermemory #save:backup #disc:2>2 #lang:ja,1838
#players:4:vs #genre:puzzle #addon:multitap>6player #save:backup #lang:ja,1839
#players:4:vs #genre:puzzle:quiz:minigames #addon:multitap>6player #multigame:compilation>ichidantr>quizroukanitattenasai #port:arcade #lang:ja,1840
#players:4:vs #genre:quiz:board>party #addon:multitap>6player #save:backup #based #lang:ja,1841
#players:4:vs #genre:racing:sports>cycling #addon:multitap>6player #save:backup #lang:ja,1842
#players:4:vs #genre:shooting>fps #addon:controller>twinstick:link>taisensaturn #lang:ja #unfinished:demo,1843
#players:4:vs #genre:shooting>fps #addon:controller>twinstick:link>taisensaturn #save:backup #lang:ja,1844
#players:4:vs #genre:shooting>fps #addon:controller>twinstick:link>taisensaturn #save:backup #reboxed #lang:ja,1845
#players:4:vs #genre:sim>date:minigames:action:notagame>slideshow>media #addon:multitap>6player #save:backup #disc:2>2 #lang:ja,1846
#players:4:vs #genre:sim>date:minigames:action:notagame>slideshow>media #addon:multitap>6player #save:backup #disc:2>2 #reboxed:genteiban #lang:ja,1847
#players:4:vs #genre:sim>derby #addon:backup>powermemory #save:backup #lang:ja,1848
#players:4:vs #genre:sim>strategy #addon:backup>powermemory #save:backup #port:nec>pc88 #lang:ja,1849
#players:4:vs #genre:sim>strategy #addon:controller>3dpad #save:backup #lang:ja,1850
#players:4:vs #genre:sim>strategy #addon:controller>3dpad #save:backup #reboxed:satakore #lang:ja #rev:1,1851
#players:4:vs #genre:sim>strategy #addon:multitap>6player #save:backup #based:manganime #search:feature>gundam #lang:ja,1852
#players:4:vs #genre:sim>strategy #save:backup #lang:ja,1853
#players:4:vs #genre:sim>strategy #save:backup #reboxed:koeibest #lang:ja,1854
#players:4:vs #genre:sports>golf #addon:backup>powermemory #save:backup #search:keyword>official #port:pc #lang:de,1855
#players:4:vs #genre:sports>golf #addon:backup>powermemory #save:backup #search:keyword>official #port:pc #lang:en,1856
#players:4:vs #genre:sports>golf #addon:backup>powermemory #save:backup #search:keyword>official #port:pc #lang:en #alt,1857
#players:4:vs #genre:sports>golf #addon:backup>powermemory #save:backup #search:keyword>official #port:pc #lang:fr,1858
#players:4:vs #genre:sports>golf #addon:backup>powermemory #save:backup #search:keyword>official #port:pc #lang:ja:en,1859
#players:4:vs #genre:sports>golf #addon:backup>powermemory:multitap>6player #save:backup #search:keyword>official #lang:en,1860
#players:4:vs #genre:sports>golf #addon:backup>powermemory:multitap>6player #save:backup #search:keyword>official #lang:ja,1861
#players:4:vs #genre:sports>golf #addon:backup>powermemory:multitap>6player #save:backup #search:keyword>official>endorsed #lang:en,1862
#players:4:vs #genre:sports>golf #addon:backup>powermemory:multitap>6player #save:backup #search:keyword>official>endorsed #lang:en #alt,1863
#players:4:vs #genre:sports>golf #addon:backup>powermemory:multitap>6player #save:backup #search:keyword>official>endorsed #lang:ja,1864
#players:4:vs #genre:sports>golf #addon:multitap>6player #save:backup #lang:en,1865
#players:4:vs #genre:sports>golf #addon:multitap>6player #save:backup #lang:en:fr:de,1866
#players:4:vs #genre:sports>golf #addon:multitap>6player #save:backup #lang:ja,1867
#players:4:vs #genre:sports>golf #addon:multitap>6player #save:backup #search:keyword>official #lang:ja,1868
#players:4:vs #genre:sports>golf #addon:multitap>6player:backup>powermemory #save:backup #port:nintendo>superfamicom:3do #lang:en,1869
#players:4:vs #genre:sports>golf #addon:multitap>6player:backup>powermemory #save:backup #port:nintendo>superfamicom:3do #lang:ja,1870
#players:4:vs #genre:sports>golf #addon:multitap>6player:backup>powermemory #save:backup #search:keyword>official #lang:ja,1871
#players:4:vs #genre:sports>rugby #addon:multitap>6player #save:backup #search:keyword>endorsed #lang:en:de:es:it,1872
#players:4:vs #genre:sports>rugby #addon:multitap>6player #save:backup #search:keyword>endorsed #lang:fr,1873
#players:4:vs #genre:sports>soccer #addon:backup>powermemory #save:backup #lang:ja,1874
#players:5:vs #genre:board>party #addon:multitap>6player #save:backup #lang:ja,1875
#players:5:vs #genre:board>party:sim>cardgame #addon:multitap>6player #save:backup #lang:ja,1876
#players:5:vs #genre:sim #addon:multitap>6player #save:backup #based #lang:ja,1877
#players:5:vs #genre:sim #addon:multitap>6player #save:backup #based #lang:ja #alt,1878
#players:5:vs #genre:sim #addon:multitap>6player #save:backup #based #lang:ja #unfinished:demo,1879
#players:5:vs #genre:sim>strategy #addon:controller>3dpad:mouse>saturn #save:backup #lang:ja,1880
#players:5:vs #genre:sim>strategy #addon:mouse>saturn:backup>powermemory #save:backup #lang:en,1881
#players:5:vs #genre:sim>strategy #addon:mouse>saturn:backup>powermemory #save:backup #lang:ja,1882
#players:5:vs #genre:sim>strategy #addon:mouse>saturn:backup>powermemory #save:backup #lang:ja #alt,1883
#players:5:vs #genre:sim>strategy #addon:mouse>saturn:backup>powermemory #save:backup #multigame:compilation>worldadvanceddaisenryakukoutetsunosenpuu #disc:1>2 #reboxed #lang:ja #rev:a,1884
#players:5:vs #genre:sim>strategy #addon:mouse>saturn:backup>powermemory #save:backup #multigame:compilation>worldadvanceddaisenryakusakusenfile #disc:2>2 #reboxed #lang:ja,1885
#players:6:coop:vs #genre:brawler:rpg>a:fighting>melee #addon:backup>powermemory:multitap>6player #save:backup #lang:en,1886
#players:6:coop:vs #genre:brawler:rpg>a:fighting>melee #addon:backup>powermemory:multitap>6player #save:backup #lang:ja,1887
#players:6:coop:vs #genre:fighting:sports>wrestling #addon:mouse>saturn:multitap>6player #save:backup #lang:ja,1888
#players:6:coop:vs #genre:fighting:sports>wrestling #addon:mouse>saturn:multitap>6player #save:backup #reboxed:satakore #lang:ja,1889
#players:6:coop:vs #genre:parlor>bowling #addon:backup>powermemory:multitap>6player #save:backup #port:sony>playstation #lang:en,1890
#players:6:coop:vs #genre:sports>basketball #addon:multitap>6player:backup>fddsaturn #save:backup #based:movie #lang:en,1891
#players:6:coop:vs #genre:sports>hockey #addon:multitap>6player #save:backup #search:keyword>official #lang:en,1892
#players:6:coop:vs #genre:sports>soccer #addon:multitap>6player:backup>powermemory #save:backup #search:keyword>official>dolby #lang:en,1893
#players:6:coop:vs #genre:sports>soccer #addon:multitap>6player:backup>powermemory #save:backup #search:keyword>official>dolby #lang:en:fr:de:es:it:sv,1894
#players:6:coop:vs #genre:sports>soccer #addon:multitap>6player:backup>powermemory #save:backup #search:keyword>official>dolby #lang:ja,1895
#players:6:vs #genre:action:fighting>melee action:fighting>melee #addon:controller>3dpad>missionstick>arcaderacer:multitap>6player:expansion>moviecard #lang:ja #unfinished:demo,1896
#players:6:vs #genre:action:fighting>melee action:fighting>melee #addon:controller>3dpad>missionstick>arcaderacer:multitap>6player:expansion>moviecard #save:backup #lang:ja,1897
#players:6:vs #genre:board>party #addon:lightgun>virtuagun:mouse>saturn #save:backup #based:manganime #lang:ja,1898
#players:6:vs #genre:board>party #addon:lightgun>virtuagun:mouse>saturn #save:backup #based:manganime #reboxed:satakore #lang:ja,1899
#players:6:vs #genre:quiz #addon:multitap>6player #save:backup #lang:ja,1900
#players:6:vs #genre:shooting>fps #addon:controller>3dpad:multitap>6player #save:backup #multigame #lang:en,1901
#players:6:vs #genre:shooting>fps #addon:controller>3dpad:multitap>6player #save:backup #multigame #lang:en:fr:de:es,1902
#players:6:vs #genre:shooting>fps #addon:controller>3dpad:multitap>6player #save:backup #multigame #lang:ja,1903
#players:7:vs #genre:board>party>jankenpon:minigames:parlor>mogurataiji #addon:multitap>6player #save:backup #based #lang:ja,1904
#players:7:vs #genre:board>party>jankenpon:minigames:parlor>mogurataiji #addon:multitap>6player #save:backup #based #lang:ja #rev:a,1905
#players:7:vs #genre:sim>strategy #save:backup #based #port:nec>pc88 #lang:ja,1906
#players:7:vs #genre:sim>strategy #save:backup #based #port:nec>pc88 #reboxed #lang:ja,1907
#players:8:coop:vs #genre:shooting>gallery:minigames #addon:lightgun>virtuagun:mouse>saturn:backup>powermemory #save:backup #lang:en,1908
#players:8:coop:vs #genre:shooting>gallery:minigames #addon:lightgun>virtuagun:mouse>saturn:backup>powermemory #save:backup #lang:ja,1909
#players:8:coop:vs #genre:sports>hockey #addon:multitap>6player #save:backup #search:keyword>official #lang:en,1910
#players:8:coop:vs #genre:sports>soccer #addon:multitap>6player:backup>powermemory #save:backup #search:keyword>official>dolby #lang:en,1911
#players:8:coop:vs #genre:sports>soccer #addon:multitap>6player:backup>powermemory #save:backup #search:keyword>official>dolby #lang:en:fr:de:es:it:nl:sv,1912
#players:8:coop:vs #genre:sports>soccer #addon:multitap>6player:backup>powermemory #save:backup #search:keyword>official>dolby #reboxed #lang:de,1913
#players:8:coop:vs #genre:sports>soccer #addon:multitap>6player:backup>powermemory #save:backup #search:keyword>official>dolby #reboxed #lang:en:fr:de:es:it:nl:sv,1914
#players:8:coop:vs #genre:sports>soccer #addon:multitap>6player:backup>powermemory #save:backup #search:keyword>official>dolby #reboxed #lang:es,1915
#players:8:coop:vs #genre:sports>soccer #addon:multitap>6player:backup>powermemory #save:backup #search:keyword>official>dolby #reboxed #lang:fr,1916
#players:8:coop:vs #genre:sports>tennis #addon:multitap>6player #lang:ja,1917
#players:8:coop:vs:alt #genre:sports>basketball #addon:backup>powermemory>fddsaturn #save:backup #search:keyword>official #lang:en,1918
#players:8:coop:vs:alt #genre:sports>football #addon:backup>powermemory:multitap>6player #save:backup #search:keyword>official #lang:en,1919
#players:8:coop:vs:alt #genre:sports>football #addon:backup>powermemory:multitap>6player #save:backup #search:keyword>official #lang:en #rev:a,1920
#players:8:coop:vs:alt #genre:sports>hockey #addon:backup>powermemory #save:backup #search:keyword>official>dolby #lang:en,1921
#players:8:coop:vs:alt #genre:sports>hockey #addon:backup>powermemory:multitap>6player #save:backup #search:keyword>official #lang:de,1922
#players:8:coop:vs:alt #genre:sports>hockey #addon:backup>powermemory:multitap>6player #save:backup #search:keyword>official #lang:en,1923
#players:8:coop:vs:alt #genre:sports>hockey #addon:multitap>6player:backup>powermemory>fddsaturn #save:backup #search:keyword>official #lang:en,1924
#players:8:vs #genre:parlor>pinball #lang:en,1925
#players:8:vs #genre:racing>combat #addon:multitap>6player #save:backup #port:nintendo>superfamicom #lang:en,1926
#players:8:vs #genre:sim:sports>soccer #addon:backup>powermemory #save:backup:password #search:keyword>official #lang:ja,1927
#players:8:vs #genre:sim:sports>soccer #addon:backup>powermemory #save:backup:password #search:keyword>official #lang:ja #rev:a,1928
#players:8:vs #genre:sim:sports>soccer #addon:backup>powermemory #save:backup:password #search:keyword>official #lang:ja #rev:b,1929
#players:8:vs #genre:sim:sports>soccer #save:backup:password #search:keyword>official #lang:ja,1930
#players:8:vs #genre:sim:sports>soccer #save:backup:password #search:keyword>official #lang:ja #alt:1,1931
#players:8:vs #genre:sim:sports>soccer #save:backup:password #search:keyword>official #lang:ja #alt:2,1932
#players:8:vs #genre:sim:sports>soccer #save:backup:password #search:keyword>official #lang:ja #alt:3,1933
#players:8:vs #genre:sim:sports>soccer #save:backup:password #search:keyword>official #lang:ja #rev:a,1934
#players:8:vs #genre:sim:sports>soccer #save:backup:password #search:keyword>official #reboxed:satakore #lang:ja #rev:b,1935
#players:8:vs #genre:sim>strategy #addon:backup>powermemory #save:backup #port:nec>pc98 #lang:en,1936
#players:8:vs #genre:sim>strategy #addon:backup>powermemory #save:backup #port:nec>pc98 #lang:ja,1937
#players:8:vs #genre:sim>strategy #addon:backup>powermemory #save:backup #port:nec>pc98 #lang:zh,1938
#players:8:vs #genre:sim>strategy #addon:backup>powermemory #save:backup #port:nec>pc98 #reboxed #lang:ja #rev:a,1939
#players:8:vs #genre:sim>strategy #addon:backup>powermemory #save:backup #port:nec>pc98 #reboxed:koeibest #lang:ja,1940
#players:8:vs #genre:sim>strategy #addon:backup>powermemory #save:backup #port:pc #lang:ja,1941
#players:8:vs #genre:sim>strategy #save:backup #disc:1>2 #multigame:compilation>sangokushi5 #port:nec>pc98 #reboxed #lang:ja #rev:a,1942
#players:8:vs #genre:sim>strategy #save:backup #disc:2>2 #multigame:compilation>nobunaganoyaboutenshouki #port:nec>pc98 #reboxed #lang:ja,1943
#players:8:vs #genre:sim>strategy #save:backup #disc:2>2 #multigame:compilation>sangokushi #port:nec>pc88 #reboxed #lang:ja,1944
#players:8:vs #genre:sim>strategy #save:backup #port:nec>pc88 #lang:ja,1945
#players:8:vs #genre:sim>strategy #save:backup #port:nec>pc98 #lang:ja,1946
#players:8:vs #genre:sim>strategy #save:backup #port:nec>pc98 #lang:zh,1947
#players:8:vs #genre:sim>strategy #save:backup #port:nec>pc98 #reboxed #lang:ja #rev:a,1948
#players:8:vs:alt #genre:sports>volleyball #save:backup #lang:ja,1949
#players:mmo:coop #genre:rpg>mmo>dungeoncrawler #addon:keyboard>saturn:online>saturnmodem #save:backup #lang:ja,1950
