game_id,screen_title_en,screen_title_native,release_date,md5,sha1,sha256,sha512
1941,1941: Counter Attack,,1990-02,3c0808d3e472efc3c8e3bb28691fd5f9,36f70b198e01157b9a68b9f30d13432736930ce0,8e562cacceea51597e1e05eb5af4abdd75c880ce1b171b0f61180b673d2f52cc,350cd7f569b4cc734fb6371f92449e89b3830f946376abdbac74a61eb38368e7366fe3b0d9d01a5dcefeb6e10d0b8acce9f1d67f7a1a57b321b20ab12623d02e
1941,1941: Counter Attack,,1990-02-27,3c0808d3e472efc3c8e3bb28691fd5f9,36f70b198e01157b9a68b9f30d13432736930ce0,8e562cacceea51597e1e05eb5af4abdd75c880ce1b171b0f61180b673d2f52cc,350cd7f569b4cc734fb6371f92449e89b3830f946376abdbac74a61eb38368e7366fe3b0d9d01a5dcefeb6e10d0b8acce9f1d67f7a1a57b321b20ab12623d02e
1941,1941: Counter Attack,,1990-02,3c0808d3e472efc3c8e3bb28691fd5f9,36f70b198e01157b9a68b9f30d13432736930ce0,8e562cacceea51597e1e05eb5af4abdd75c880ce1b171b0f61180b673d2f52cc,350cd7f569b4cc734fb6371f92449e89b3830f946376abdbac74a61eb38368e7366fe3b0d9d01a5dcefeb6e10d0b8acce9f1d67f7a1a57b321b20ab12623d02e
1941,1941: Counter Attack,,1990-02-27,3c0808d3e472efc3c8e3bb28691fd5f9,36f70b198e01157b9a68b9f30d13432736930ce0,8e562cacceea51597e1e05eb5af4abdd75c880ce1b171b0f61180b673d2f52cc,350cd7f569b4cc734fb6371f92449e89b3830f946376abdbac74a61eb38368e7366fe3b0d9d01a5dcefeb6e10d0b8acce9f1d67f7a1a57b321b20ab12623d02e
1942,1942,,1984,d3cc2427a1ccb6f221e3371712ad18ff,39222593ff0654703b4df44fb29c6ea660f32dde,b1755efa5b3db4ee220519fa05b0b450fdaa14b35cc2533d642751ec40474fba,ffe8adb5e261cf80397c8652ca13e5e4fd55e93bdb948084b6b3baec04007f39244021a137c7f226fffc6e8b8d07041d3fec8b8b91afe50e6ed7b3dfa96b27b5
1942,1942,,1984,d3cc2427a1ccb6f221e3371712ad18ff,39222593ff0654703b4df44fb29c6ea660f32dde,b1755efa5b3db4ee220519fa05b0b450fdaa14b35cc2533d642751ec40474fba,ffe8adb5e261cf80397c8652ca13e5e4fd55e93bdb948084b6b3baec04007f39244021a137c7f226fffc6e8b8d07041d3fec8b8b91afe50e6ed7b3dfa96b27b5
1942,1942,,1984,d3cc2427a1ccb6f221e3371712ad18ff,39222593ff0654703b4df44fb29c6ea660f32dde,b1755efa5b3db4ee220519fa05b0b450fdaa14b35cc2533d642751ec40474fba,ffe8adb5e261cf80397c8652ca13e5e4fd55e93bdb948084b6b3baec04007f39244021a137c7f226fffc6e8b8d07041d3fec8b8b91afe50e6ed7b3dfa96b27b5
1942,1942,,1984,d3cc2427a1ccb6f221e3371712ad18ff,39222593ff0654703b4df44fb29c6ea660f32dde,b1755efa5b3db4ee220519fa05b0b450fdaa14b35cc2533d642751ec40474fba,ffe8adb5e261cf80397c8652ca13e5e4fd55e93bdb948084b6b3baec04007f39244021a137c7f226fffc6e8b8d07041d3fec8b8b91afe50e6ed7b3dfa96b27b5
1942,Supercharger 1942,,1991,d3cc2427a1ccb6f221e3371712ad18ff,39222593ff0654703b4df44fb29c6ea660f32dde,b1755efa5b3db4ee220519fa05b0b450fdaa14b35cc2533d642751ec40474fba,ffe8adb5e261cf80397c8652ca13e5e4fd55e93bdb948084b6b3baec04007f39244021a137c7f226fffc6e8b8d07041d3fec8b8b91afe50e6ed7b3dfa96b27b5
1943,1943: Midway Kaisen,1943 ミッドウェイ海戦,1987,c420fa612d630bdffd806883193454a9,1f5fd08c18b882d2978539756543c7660c82c14e,e44b89e80bf8bccc4f16476d7254d959d937a1668d27ec564d57103ac94fba6f,551edbc03269d24e61afb570622fc68d2d331fb60c86505316d0efeb7acb35dd11e1eece649f84ff2d5891dcd3977b35df700f20ff857def047e30ce7aef1c2c
1943,1943: Midway Kaisen,1943 ミッドウェイ海戦,1987,c420fa612d630bdffd806883193454a9,1f5fd08c18b882d2978539756543c7660c82c14e,e44b89e80bf8bccc4f16476d7254d959d937a1668d27ec564d57103ac94fba6f,551edbc03269d24e61afb570622fc68d2d331fb60c86505316d0efeb7acb35dd11e1eece649f84ff2d5891dcd3977b35df700f20ff857def047e30ce7aef1c2c
1943,1943: Midway Kaisen,1943 ミッドウェイ海戦,1987,c420fa612d630bdffd806883193454a9,1f5fd08c18b882d2978539756543c7660c82c14e,e44b89e80bf8bccc4f16476d7254d959d937a1668d27ec564d57103ac94fba6f,551edbc03269d24e61afb570622fc68d2d331fb60c86505316d0efeb7acb35dd11e1eece649f84ff2d5891dcd3977b35df700f20ff857def047e30ce7aef1c2c
1943,1943: The Battle of Midway,,1987,c420fa612d630bdffd806883193454a9,1f5fd08c18b882d2978539756543c7660c82c14e,e44b89e80bf8bccc4f16476d7254d959d937a1668d27ec564d57103ac94fba6f,551edbc03269d24e61afb570622fc68d2d331fb60c86505316d0efeb7acb35dd11e1eece649f84ff2d5891dcd3977b35df700f20ff857def047e30ce7aef1c2c
1943,1943: The Battle of Midway,,1987,c420fa612d630bdffd806883193454a9,1f5fd08c18b882d2978539756543c7660c82c14e,e44b89e80bf8bccc4f16476d7254d959d937a1668d27ec564d57103ac94fba6f,551edbc03269d24e61afb570622fc68d2d331fb60c86505316d0efeb7acb35dd11e1eece649f84ff2d5891dcd3977b35df700f20ff857def047e30ce7aef1c2c
1943,1943: The Battle of Midway,,1987,c420fa612d630bdffd806883193454a9,1f5fd08c18b882d2978539756543c7660c82c14e,e44b89e80bf8bccc4f16476d7254d959d937a1668d27ec564d57103ac94fba6f,551edbc03269d24e61afb570622fc68d2d331fb60c86505316d0efeb7acb35dd11e1eece649f84ff2d5891dcd3977b35df700f20ff857def047e30ce7aef1c2c
1943kai,1943 Kai: Midway Kaisen,1943改 ミッドウェイ海戦,1987,1b01f752d6c5ff8154b2b541eda1af52,5a3baf01cb146069caf75197c456165a6701b637,b4202aaac843fd2f40961b533faf44bcc2c1f5a5c368aa4c251e0948929aa20a,f6f15997641e1725495e0dc282b9bacb6f42073f2eae687fc0dc5451346d065cafef9f56bd9a0c4009ed9169ad12fa298bb82e4597fda403e92f4472ea7e0ffc
1943kai,1943: The Battle of Midway Mark II,,1987,9345430bc2e9f663354746ff063c838c,ac52860a73c8105bdab585c89810d2895b64c742,d89d1e7e901ba40b98604dfdb276a56233f9f4f04979a7c0cabf9743113988f2,2d746fdf328fc6d3816ce490d125fa901933415108c2e51ff312ad5e7d51afe80e179895354def3946f3ec4e5052e89387ab9860e984985b519f456e5aae33b4
1944,1944: The Loop Master,,2000-06-20,3ee05ceedd9a03a22dd66d32129a5022,bcb9f0846ce8acd97e697e4596b8403c136d65ba,9186f400aa9cfcdf2720c16bf9801da0e782c5ca6e4bfcdac70c3dc30bbe508d,2128992ac72d6aaf9f6b41b73e537b2c1ce2a3ac652c9f88d87256eee9bc6a7cb93079305cac7ff8b8695f83746262c072b8f69667596c7165f4f91ef032b16c
1944,1944: The Loop Master,,2000-06-20,3ee05ceedd9a03a22dd66d32129a5022,bcb9f0846ce8acd97e697e4596b8403c136d65ba,9186f400aa9cfcdf2720c16bf9801da0e782c5ca6e4bfcdac70c3dc30bbe508d,2128992ac72d6aaf9f6b41b73e537b2c1ce2a3ac652c9f88d87256eee9bc6a7cb93079305cac7ff8b8695f83746262c072b8f69667596c7165f4f91ef032b16c
1944,1944: The Loop Master (Phoenix Edition),,2000-06-20,3ee05ceedd9a03a22dd66d32129a5022,bcb9f0846ce8acd97e697e4596b8403c136d65ba,9186f400aa9cfcdf2720c16bf9801da0e782c5ca6e4bfcdac70c3dc30bbe508d,2128992ac72d6aaf9f6b41b73e537b2c1ce2a3ac652c9f88d87256eee9bc6a7cb93079305cac7ff8b8695f83746262c072b8f69667596c7165f4f91ef032b16c
1944,1944: The Loop Master,,2000-06-20,3ee05ceedd9a03a22dd66d32129a5022,bcb9f0846ce8acd97e697e4596b8403c136d65ba,9186f400aa9cfcdf2720c16bf9801da0e782c5ca6e4bfcdac70c3dc30bbe508d,2128992ac72d6aaf9f6b41b73e537b2c1ce2a3ac652c9f88d87256eee9bc6a7cb93079305cac7ff8b8695f83746262c072b8f69667596c7165f4f91ef032b16c
19xx,19XX: The War Against Destiny,,1995-12-07,f5e196912b9fdb4db96fe69ea1d6cf18,ecd96dd270107f785fb57a37e35d6b1b65ead9e5,a94cc812286632dd36a1b2d9a0d5d4f19421d305f5b46033a7ec45b711d3dc69,add1ffd57972560252d687cad1de2f6a30ee67b62855a9147be326e1b194fd5da251acc995df5a018745b7ce2973c026fb4a04760eec4a6b80918092409a7d1d
19xx,19XX: The War Against Destiny,,1995-12-25,f5e196912b9fdb4db96fe69ea1d6cf18,ecd96dd270107f785fb57a37e35d6b1b65ead9e5,a94cc812286632dd36a1b2d9a0d5d4f19421d305f5b46033a7ec45b711d3dc69,add1ffd57972560252d687cad1de2f6a30ee67b62855a9147be326e1b194fd5da251acc995df5a018745b7ce2973c026fb4a04760eec4a6b80918092409a7d1d
19xx,19XX: The War Against Destiny,,1996-01-04,f5e196912b9fdb4db96fe69ea1d6cf18,ecd96dd270107f785fb57a37e35d6b1b65ead9e5,a94cc812286632dd36a1b2d9a0d5d4f19421d305f5b46033a7ec45b711d3dc69,add1ffd57972560252d687cad1de2f6a30ee67b62855a9147be326e1b194fd5da251acc995df5a018745b7ce2973c026fb4a04760eec4a6b80918092409a7d1d
19xx,19XX: The War Against Destiny,,1995-12-07,f5e196912b9fdb4db96fe69ea1d6cf18,ecd96dd270107f785fb57a37e35d6b1b65ead9e5,a94cc812286632dd36a1b2d9a0d5d4f19421d305f5b46033a7ec45b711d3dc69,add1ffd57972560252d687cad1de2f6a30ee67b62855a9147be326e1b194fd5da251acc995df5a018745b7ce2973c026fb4a04760eec4a6b80918092409a7d1d
19xx,19XX: The War Against Destiny,,1996-01-04,f5e196912b9fdb4db96fe69ea1d6cf18,ecd96dd270107f785fb57a37e35d6b1b65ead9e5,a94cc812286632dd36a1b2d9a0d5d4f19421d305f5b46033a7ec45b711d3dc69,add1ffd57972560252d687cad1de2f6a30ee67b62855a9147be326e1b194fd5da251acc995df5a018745b7ce2973c026fb4a04760eec4a6b80918092409a7d1d
19xx,19XX: The War Against Destiny,,1995-12-07,f5e196912b9fdb4db96fe69ea1d6cf18,ecd96dd270107f785fb57a37e35d6b1b65ead9e5,a94cc812286632dd36a1b2d9a0d5d4f19421d305f5b46033a7ec45b711d3dc69,add1ffd57972560252d687cad1de2f6a30ee67b62855a9147be326e1b194fd5da251acc995df5a018745b7ce2973c026fb4a04760eec4a6b80918092409a7d1d
19xx,19XX: The War Against Destiny (Phoenix Edition),,1995-12-07,f5e196912b9fdb4db96fe69ea1d6cf18,ecd96dd270107f785fb57a37e35d6b1b65ead9e5,a94cc812286632dd36a1b2d9a0d5d4f19421d305f5b46033a7ec45b711d3dc69,add1ffd57972560252d687cad1de2f6a30ee67b62855a9147be326e1b194fd5da251acc995df5a018745b7ce2973c026fb4a04760eec4a6b80918092409a7d1d
19xx,19XX: The War Against Destiny,,1995-12-18,f5e196912b9fdb4db96fe69ea1d6cf18,ecd96dd270107f785fb57a37e35d6b1b65ead9e5,a94cc812286632dd36a1b2d9a0d5d4f19421d305f5b46033a7ec45b711d3dc69,add1ffd57972560252d687cad1de2f6a30ee67b62855a9147be326e1b194fd5da251acc995df5a018745b7ce2973c026fb4a04760eec4a6b80918092409a7d1d
19xx,19XX: The War Against Destiny,,1995-12-18,f5e196912b9fdb4db96fe69ea1d6cf18,ecd96dd270107f785fb57a37e35d6b1b65ead9e5,a94cc812286632dd36a1b2d9a0d5d4f19421d305f5b46033a7ec45b711d3dc69,add1ffd57972560252d687cad1de2f6a30ee67b62855a9147be326e1b194fd5da251acc995df5a018745b7ce2973c026fb4a04760eec4a6b80918092409a7d1d
19xx,19XX: The War Against Destiny,,1996-01-04,f5e196912b9fdb4db96fe69ea1d6cf18,ecd96dd270107f785fb57a37e35d6b1b65ead9e5,a94cc812286632dd36a1b2d9a0d5d4f19421d305f5b46033a7ec45b711d3dc69,add1ffd57972560252d687cad1de2f6a30ee67b62855a9147be326e1b194fd5da251acc995df5a018745b7ce2973c026fb4a04760eec4a6b80918092409a7d1d
capcomworld,Adventure Quiz: CAPCOM World,アドベンチャークイズ　CAPCOM World,1989-11,7b957f3061527245dd049f0afd9cf88a,0a75499a74146f831ac2f1d6b8aa6aac822430aa,0fef5a48fcfea7ac88fa52a3e826bd8499116826e2c535484447749db358f406,a5b7614bc9271573bf29610be6b37d95b57e154ffd12c37f18bac31c70d065be8676b6252236299863a80e92604a02789f729822971af974214217edb78c69ed
capcomworld2,Adventure Quiz: CAPCOM World 2,,1992-06-11,ed83e43d7d5a11990ee8876bac587709,d9dbf49b6daeae346470d299d490c50482e05d55,c3e0742000659f8f0b69029230db67e985ab0f8b2d010a45bf0b1b8dd8b637d3,16b9d3e5249a19b0838b5a31cd18ec4a621d896267ec90398aabcac558c6a846564f7bd96660981cb481fce49a0bbf6cfee90a8bd06920e446ee98a9a4811721
capcomworld2,Adventure Quiz: CAPCOM World 2,,1992-06-11,ed83e43d7d5a11990ee8876bac587709,d9dbf49b6daeae346470d299d490c50482e05d55,c3e0742000659f8f0b69029230db67e985ab0f8b2d010a45bf0b1b8dd8b637d3,16b9d3e5249a19b0838b5a31cd18ec4a621d896267ec90398aabcac558c6a846564f7bd96660981cb481fce49a0bbf6cfee90a8bd06920e446ee98a9a4811721
capcomworld2,Adventure Quiz: CAPCOM World 2,,1992-06-11,ed83e43d7d5a11990ee8876bac587709,d9dbf49b6daeae346470d299d490c50482e05d55,c3e0742000659f8f0b69029230db67e985ab0f8b2d010a45bf0b1b8dd8b637d3,16b9d3e5249a19b0838b5a31cd18ec4a621d896267ec90398aabcac558c6a846564f7bd96660981cb481fce49a0bbf6cfee90a8bd06920e446ee98a9a4811721
capcomworld2,Adventure Quiz: CAPCOM World 2,,1994,,,,
alienvspredator,Alien vs. Predator,,1994-05-20,ab9ba0b26583c8f7d2300a0a3764f498,562e9873caf2ef6f5cb4b453fd805e7cbddeeb72,a730bfe75175ce6f12e19a9e7b6e246a37386e173967d38d41a473ff915de6e3,62eccd1f024870e9126d0b0fe57d785c4d7b50a4e3091da7f1785de68f2abe82f3a33c962c5aad8ddda469d28055ffaf692b7e0c99472a63e08bca878f37089b
alienvspredator,Alien vs. Predator,,1994-05-20,ab9ba0b26583c8f7d2300a0a3764f498,562e9873caf2ef6f5cb4b453fd805e7cbddeeb72,a730bfe75175ce6f12e19a9e7b6e246a37386e173967d38d41a473ff915de6e3,62eccd1f024870e9126d0b0fe57d785c4d7b50a4e3091da7f1785de68f2abe82f3a33c962c5aad8ddda469d28055ffaf692b7e0c99472a63e08bca878f37089b
alienvspredator,Alien vs. Predator,,1994-05-20,ab9ba0b26583c8f7d2300a0a3764f498,562e9873caf2ef6f5cb4b453fd805e7cbddeeb72,a730bfe75175ce6f12e19a9e7b6e246a37386e173967d38d41a473ff915de6e3,62eccd1f024870e9126d0b0fe57d785c4d7b50a4e3091da7f1785de68f2abe82f3a33c962c5aad8ddda469d28055ffaf692b7e0c99472a63e08bca878f37089b
alienvspredator,Alien vs. Predator,,1994-05-20,ab9ba0b26583c8f7d2300a0a3764f498,562e9873caf2ef6f5cb4b453fd805e7cbddeeb72,a730bfe75175ce6f12e19a9e7b6e246a37386e173967d38d41a473ff915de6e3,62eccd1f024870e9126d0b0fe57d785c4d7b50a4e3091da7f1785de68f2abe82f3a33c962c5aad8ddda469d28055ffaf692b7e0c99472a63e08bca878f37089b
alienvspredator,Alien vs. Predator,,1994-05-20,ab9ba0b26583c8f7d2300a0a3764f498,562e9873caf2ef6f5cb4b453fd805e7cbddeeb72,a730bfe75175ce6f12e19a9e7b6e246a37386e173967d38d41a473ff915de6e3,62eccd1f024870e9126d0b0fe57d785c4d7b50a4e3091da7f1785de68f2abe82f3a33c962c5aad8ddda469d28055ffaf692b7e0c99472a63e08bca878f37089b
alienvspredator,Alien vs. Predator (Phoenix Edition),,1994-05-20,ab9ba0b26583c8f7d2300a0a3764f498,562e9873caf2ef6f5cb4b453fd805e7cbddeeb72,a730bfe75175ce6f12e19a9e7b6e246a37386e173967d38d41a473ff915de6e3,62eccd1f024870e9126d0b0fe57d785c4d7b50a4e3091da7f1785de68f2abe82f3a33c962c5aad8ddda469d28055ffaf692b7e0c99472a63e08bca878f37089b
area88,Area 88,エリア88,1989-08,9b31bc6ae33f2e9be0f06933d7414206,7b20b234dfdb09c04441c5a19d6be36e8fb5f861,d8b2190352ede25d321afe325422c73c3868fae7a44368c19e0826b99f395a78,419592f178947ecaadf2bdcd3726e72f0d584f90558f6d56b9da140d070beeb71cd8f6cc19ca7b64be60c71b1c12474a22bc3aad829142137cbc921174905c4a
area88,Area 88,エリア88,1989,9b31bc6ae33f2e9be0f06933d7414206,7b20b234dfdb09c04441c5a19d6be36e8fb5f861,d8b2190352ede25d321afe325422c73c3868fae7a44368c19e0826b99f395a78,419592f178947ecaadf2bdcd3726e72f0d584f90558f6d56b9da140d070beeb71cd8f6cc19ca7b64be60c71b1c12474a22bc3aad829142137cbc921174905c4a
area88,U.N. Squadron,,1991-09,9b31bc6ae33f2e9be0f06933d7414206,7b20b234dfdb09c04441c5a19d6be36e8fb5f861,d8b2190352ede25d321afe325422c73c3868fae7a44368c19e0826b99f395a78,419592f178947ecaadf2bdcd3726e72f0d584f90558f6d56b9da140d070beeb71cd8f6cc19ca7b64be60c71b1c12474a22bc3aad829142137cbc921174905c4a
aresnotsubasa,Ares no Tsubasa,The Legendary Soldiers アレスの翼,1986-11,8a427667820f650fe5a0548372dd14bd,c3adfa0eeefd53d1451ff94b7651d0978f77e90b,7d51436a31c3615beeed24f0ec7f8a4427755fc1c47d031b0e2b6055c8f08802,ac08da10d0de5f08ae220752af418b50fcfbe5e6165e7af2187272c3d008e94cb973be6ed6c3b0224c9e392b6a5d3d21d66fb6104b48ef4fa01e625ca910de8d
aresnotsubasa,Ares no Tsubasa,The Legendary Soldiers アレスの翼,1986-11,8a427667820f650fe5a0548372dd14bd,c3adfa0eeefd53d1451ff94b7651d0978f77e90b,7d51436a31c3615beeed24f0ec7f8a4427755fc1c47d031b0e2b6055c8f08802,ac08da10d0de5f08ae220752af418b50fcfbe5e6165e7af2187272c3d008e94cb973be6ed6c3b0224c9e392b6a5d3d21d66fb6104b48ef4fa01e625ca910de8d
aresnotsubasa,Legendary Wings,,1986-11,8a427667820f650fe5a0548372dd14bd,c3adfa0eeefd53d1451ff94b7651d0978f77e90b,7d51436a31c3615beeed24f0ec7f8a4427755fc1c47d031b0e2b6055c8f08802,ac08da10d0de5f08ae220752af418b50fcfbe5e6165e7af2187272c3d008e94cb973be6ed6c3b0224c9e392b6a5d3d21d66fb6104b48ef4fa01e625ca910de8d
aresnotsubasa,Legendary Wings,,1986-11,8a427667820f650fe5a0548372dd14bd,c3adfa0eeefd53d1451ff94b7651d0978f77e90b,7d51436a31c3615beeed24f0ec7f8a4427755fc1c47d031b0e2b6055c8f08802,ac08da10d0de5f08ae220752af418b50fcfbe5e6165e7af2187272c3d008e94cb973be6ed6c3b0224c9e392b6a5d3d21d66fb6104b48ef4fa01e625ca910de8d
aresnotsubasa,Legendary Wings,,1986-11,8a427667820f650fe5a0548372dd14bd,c3adfa0eeefd53d1451ff94b7651d0978f77e90b,7d51436a31c3615beeed24f0ec7f8a4427755fc1c47d031b0e2b6055c8f08802,ac08da10d0de5f08ae220752af418b50fcfbe5e6165e7af2187272c3d008e94cb973be6ed6c3b0224c9e392b6a5d3d21d66fb6104b48ef4fa01e625ca910de8d
battlecircuit,Battle Circuit,,1997-03-19,1b26bb9479c416bc17827bb861a026c0,967131646edfd1fc3fb5088700ae1cd0a9c958da,5e7201e3acea5f2722ed7f0292e9db8bd5621d736744845d1d2cb23a9829ceff,68ded26f0886338b7fac2153e669d01cb3848d5fcb706569ed25b05f253fbf3d56bc4ab56ae168e15e013e54ac42a6d0ab82fff07f7b06db312de6b18ca07a92
battlecircuit,Battle Circuit,,1997-03-19,1b26bb9479c416bc17827bb861a026c0,967131646edfd1fc3fb5088700ae1cd0a9c958da,5e7201e3acea5f2722ed7f0292e9db8bd5621d736744845d1d2cb23a9829ceff,68ded26f0886338b7fac2153e669d01cb3848d5fcb706569ed25b05f253fbf3d56bc4ab56ae168e15e013e54ac42a6d0ab82fff07f7b06db312de6b18ca07a92
battlecircuit,Battle Circuit,,1997-03-19,1b26bb9479c416bc17827bb861a026c0,967131646edfd1fc3fb5088700ae1cd0a9c958da,5e7201e3acea5f2722ed7f0292e9db8bd5621d736744845d1d2cb23a9829ceff,68ded26f0886338b7fac2153e669d01cb3848d5fcb706569ed25b05f253fbf3d56bc4ab56ae168e15e013e54ac42a6d0ab82fff07f7b06db312de6b18ca07a92
battlecircuit,Battle Circuit (Phoenix Edition),,1997-03-19,1b26bb9479c416bc17827bb861a026c0,967131646edfd1fc3fb5088700ae1cd0a9c958da,5e7201e3acea5f2722ed7f0292e9db8bd5621d736744845d1d2cb23a9829ceff,68ded26f0886338b7fac2153e669d01cb3848d5fcb706569ed25b05f253fbf3d56bc4ab56ae168e15e013e54ac42a6d0ab82fff07f7b06db312de6b18ca07a92
blackdragon,Black Dragon,Black Dragon ブラックドラゴン,1987,d7db5d7340e2c66739c14ae04670b4ce,ca9f828c324aa60a4c714a611c82ba1fcaecbb72,da6038db3b02923b303629e57efa8136be4c2c157eb9eb14d34a2e3f16813c7f,3b107400bdcddd5465342ce599b1193453124f539f90f90095601dda1b9d384962e35739fd6e09c46a961fd7b82a9e304946859fe4418ef33c407e059bc42ab8
blackdragon,Black Tiger,,1987,d7db5d7340e2c66739c14ae04670b4ce,ca9f828c324aa60a4c714a611c82ba1fcaecbb72,da6038db3b02923b303629e57efa8136be4c2c157eb9eb14d34a2e3f16813c7f,3b107400bdcddd5465342ce599b1193453124f539f90f90095601dda1b9d384962e35739fd6e09c46a961fd7b82a9e304946859fe4418ef33c407e059bc42ab8
blackdragon,Black Tiger,,1987,d7db5d7340e2c66739c14ae04670b4ce,ca9f828c324aa60a4c714a611c82ba1fcaecbb72,da6038db3b02923b303629e57efa8136be4c2c157eb9eb14d34a2e3f16813c7f,3b107400bdcddd5465342ce599b1193453124f539f90f90095601dda1b9d384962e35739fd6e09c46a961fd7b82a9e304946859fe4418ef33c407e059bc42ab8
blockblock,Block Block,,1991-09-10,3a06d216eaab5859b013920a95f78eb7,0f957d7633f88cafd822b2635853fce2dd0c3d25,fad0ff0914ac28fec58a9d308a44ca19377e049585e7133bf7719f5e9caf198b,85e134fbc1d79bda821d2bd97177fe9f045175ee0e0579b0ee191d61024648b688d462286d5d75c25c63d6c1ae67f3748b319a00acabbc6dae343dc9ead4ba3c
blockblock,Block Block,,1991-09-10,3a06d216eaab5859b013920a95f78eb7,0f957d7633f88cafd822b2635853fce2dd0c3d25,fad0ff0914ac28fec58a9d308a44ca19377e049585e7133bf7719f5e9caf198b,85e134fbc1d79bda821d2bd97177fe9f045175ee0e0579b0ee191d61024648b688d462286d5d75c25c63d6c1ae67f3748b319a00acabbc6dae343dc9ead4ba3c
blockblock,Block Block,,1991-11-06,3a06d216eaab5859b013920a95f78eb7,0f957d7633f88cafd822b2635853fce2dd0c3d25,fad0ff0914ac28fec58a9d308a44ca19377e049585e7133bf7719f5e9caf198b,85e134fbc1d79bda821d2bd97177fe9f045175ee0e0579b0ee191d61024648b688d462286d5d75c25c63d6c1ae67f3748b319a00acabbc6dae343dc9ead4ba3c
blockblock,Block Block,,1991-12-19,3a06d216eaab5859b013920a95f78eb7,0f957d7633f88cafd822b2635853fce2dd0c3d25,fad0ff0914ac28fec58a9d308a44ca19377e049585e7133bf7719f5e9caf198b,85e134fbc1d79bda821d2bd97177fe9f045175ee0e0579b0ee191d61024648b688d462286d5d75c25c63d6c1ae67f3748b319a00acabbc6dae343dc9ead4ba3c
cadillacsanddinosaurs,Cadillacs Kyōryū Shinseiki,Cadillacs 恐竜新世紀,1993-02-01,981b8ac9083b679da4408170c2af4fcf,a1e2df98e49cd2e4ae5d56c24b9a0f302b38d74e,06a2fe22b069612c54a4d58d4c0333549096cd0ee27439621203478c14bcbc53,c1310dd1ebac8331e6935d5bbd9f17b23d6cda0a7e1fff2c4bf20eda419db06ca5c8fb5dcf1330a2015e3bafc99917eababf00fb7343f729dbc92819f186ddd8
cadillacsanddinosaurs,Cadillacs and Dinosaurs,,1993-02-23,981b8ac9083b679da4408170c2af4fcf,a1e2df98e49cd2e4ae5d56c24b9a0f302b38d74e,06a2fe22b069612c54a4d58d4c0333549096cd0ee27439621203478c14bcbc53,c1310dd1ebac8331e6935d5bbd9f17b23d6cda0a7e1fff2c4bf20eda419db06ca5c8fb5dcf1330a2015e3bafc99917eababf00fb7343f729dbc92819f186ddd8
cadillacsanddinosaurs,Cadillacs and Dinosaurs,,1993-02-01,981b8ac9083b679da4408170c2af4fcf,a1e2df98e49cd2e4ae5d56c24b9a0f302b38d74e,06a2fe22b069612c54a4d58d4c0333549096cd0ee27439621203478c14bcbc53,c1310dd1ebac8331e6935d5bbd9f17b23d6cda0a7e1fff2c4bf20eda419db06ca5c8fb5dcf1330a2015e3bafc99917eababf00fb7343f729dbc92819f186ddd8
cadillacsanddinosaurs,Cadillacs and Dinosaurs,,1993-02-01,981b8ac9083b679da4408170c2af4fcf,a1e2df98e49cd2e4ae5d56c24b9a0f302b38d74e,06a2fe22b069612c54a4d58d4c0333549096cd0ee27439621203478c14bcbc53,c1310dd1ebac8331e6935d5bbd9f17b23d6cda0a7e1fff2c4bf20eda419db06ca5c8fb5dcf1330a2015e3bafc99917eababf00fb7343f729dbc92819f186ddd8
capcomsportsclub,CAPCOM Sports Club,,1997-07-22,28510524851cdd16d175d37da80b1048,dda9e116d39b44d5f5aea1eb48de73a85d3ea97c,34ab6745eb8cb2f7371896590e610d73d3b77f0516e7d1747ba772db6a6c6637,1698e4487e2a3d0931d612ee893bb664d52a9a7a982c3f3b0d3e1de1ce07a7755393589d189fe1c97370a69618523969c300ac6cad8a63353e13f89316aeda0f
capcomsportsclub,CAPCOM Sports Club,,1997-07-22,28510524851cdd16d175d37da80b1048,dda9e116d39b44d5f5aea1eb48de73a85d3ea97c,34ab6745eb8cb2f7371896590e610d73d3b77f0516e7d1747ba772db6a6c6637,1698e4487e2a3d0931d612ee893bb664d52a9a7a982c3f3b0d3e1de1ce07a7755393589d189fe1c97370a69618523969c300ac6cad8a63353e13f89316aeda0f
capcomsportsclub,CAPCOM Sports Club,,1997-07-22,28510524851cdd16d175d37da80b1048,dda9e116d39b44d5f5aea1eb48de73a85d3ea97c,34ab6745eb8cb2f7371896590e610d73d3b77f0516e7d1747ba772db6a6c6637,1698e4487e2a3d0931d612ee893bb664d52a9a7a982c3f3b0d3e1de1ce07a7755393589d189fe1c97370a69618523969c300ac6cad8a63353e13f89316aeda0f
capcomsportsclub,CAPCOM Sports Club,,1997-07-22,28510524851cdd16d175d37da80b1048,dda9e116d39b44d5f5aea1eb48de73a85d3ea97c,34ab6745eb8cb2f7371896590e610d73d3b77f0516e7d1747ba772db6a6c6637,1698e4487e2a3d0931d612ee893bb664d52a9a7a982c3f3b0d3e1de1ce07a7755393589d189fe1c97370a69618523969c300ac6cad8a63353e13f89316aeda0f
capcomsportsclub,CAPCOM Sports Club,,1997-07-22,28510524851cdd16d175d37da80b1048,dda9e116d39b44d5f5aea1eb48de73a85d3ea97c,34ab6745eb8cb2f7371896590e610d73d3b77f0516e7d1747ba772db6a6c6637,1698e4487e2a3d0931d612ee893bb664d52a9a7a982c3f3b0d3e1de1ce07a7755393589d189fe1c97370a69618523969c300ac6cad8a63353e13f89316aeda0f
capcomsportsclub,CAPCOM Sports Club,,1997-10-17,28510524851cdd16d175d37da80b1048,dda9e116d39b44d5f5aea1eb48de73a85d3ea97c,34ab6745eb8cb2f7371896590e610d73d3b77f0516e7d1747ba772db6a6c6637,1698e4487e2a3d0931d612ee893bb664d52a9a7a982c3f3b0d3e1de1ce07a7755393589d189fe1c97370a69618523969c300ac6cad8a63353e13f89316aeda0f
capcomsportsclub,CAPCOM Sports Club (Phoenix Edition),,1997-07-22,28510524851cdd16d175d37da80b1048,dda9e116d39b44d5f5aea1eb48de73a85d3ea97c,34ab6745eb8cb2f7371896590e610d73d3b77f0516e7d1747ba772db6a6c6637,1698e4487e2a3d0931d612ee893bb664d52a9a7a982c3f3b0d3e1de1ce07a7755393589d189fe1c97370a69618523969c300ac6cad8a63353e13f89316aeda0f
captaincommando,Captain Commando,,1991-09-28,67ccb20ed2008e0913b4e59b76ff6818,d4155f2d612d24381a654834c22a6f76a26f5646,c72b4600283f2406ddc76b1bc7ff8f86a72bee01ff393e6d09c58d903a98fa05,077c0b1d6c161fcb9b2611ded8d60475aa8493704cfbb068f781c7e6c15d2fa96d637f848df41acdecc513dd2d4947bd8b42ab6f67a61c176642df57aae60843
captaincommando,Captain Commando,,1991-12-02,67ccb20ed2008e0913b4e59b76ff6818,d4155f2d612d24381a654834c22a6f76a26f5646,c72b4600283f2406ddc76b1bc7ff8f86a72bee01ff393e6d09c58d903a98fa05,077c0b1d6c161fcb9b2611ded8d60475aa8493704cfbb068f781c7e6c15d2fa96d637f848df41acdecc513dd2d4947bd8b42ab6f67a61c176642df57aae60843
captaincommando,Captain Commando,,1991-09-28,67ccb20ed2008e0913b4e59b76ff6818,d4155f2d612d24381a654834c22a6f76a26f5646,c72b4600283f2406ddc76b1bc7ff8f86a72bee01ff393e6d09c58d903a98fa05,077c0b1d6c161fcb9b2611ded8d60475aa8493704cfbb068f781c7e6c15d2fa96d637f848df41acdecc513dd2d4947bd8b42ab6f67a61c176642df57aae60843
captaincommando,Captain Commando,,1991-10-14,67ccb20ed2008e0913b4e59b76ff6818,d4155f2d612d24381a654834c22a6f76a26f5646,c72b4600283f2406ddc76b1bc7ff8f86a72bee01ff393e6d09c58d903a98fa05,077c0b1d6c161fcb9b2611ded8d60475aa8493704cfbb068f781c7e6c15d2fa96d637f848df41acdecc513dd2d4947bd8b42ab6f67a61c176642df57aae60843
captaincommando,Captain Commando,,1991-12-02,67ccb20ed2008e0913b4e59b76ff6818,d4155f2d612d24381a654834c22a6f76a26f5646,c72b4600283f2406ddc76b1bc7ff8f86a72bee01ff393e6d09c58d903a98fa05,077c0b1d6c161fcb9b2611ded8d60475aa8493704cfbb068f781c7e6c15d2fa96d637f848df41acdecc513dd2d4947bd8b42ab6f67a61c176642df57aae60843
captaincommando,Captain Commando,,1995,,,,
chikichikiboys,Chiki Chiki Boys,,1990-06-19,b7d24d990caa9d2006258a6057225d50,39086001d7408ff7fd50f48d5a5e5c49ea40bb9c,d16a9a817949ebfb61d5c5528807855269725dc28de9dcd75d9a104be95377d3,9fb4045a85136e4cb27f34152abdf4c19108fa7f19067cd0863525574165e4692ee2ffab8fd1fc6dc6bf2e62d307ca7f01ffdcc69cf7db9bc8f4149f7c5e7562
chikichikiboys,Mega Twins,,1990-06-19,b7d24d990caa9d2006258a6057225d50,39086001d7408ff7fd50f48d5a5e5c49ea40bb9c,d16a9a817949ebfb61d5c5528807855269725dc28de9dcd75d9a104be95377d3,9fb4045a85136e4cb27f34152abdf4c19108fa7f19067cd0863525574165e4692ee2ffab8fd1fc6dc6bf2e62d307ca7f01ffdcc69cf7db9bc8f4149f7c5e7562
cyberbots,Cyberbots: FullMetal Madness,,1995-04-20,70dcbebae7d2b94b59b4779c5c30d2ed,8e8f2b671f5f12e4de69fae9a75af4a632292e93,1fc6b9217a2443cb5af43e8e0e51ce6585d934c53eb4e0cb79fe9baace1c3c6d,738ce93e4e3adf82e205469b0b17f2501f33657d75d6665fa730ad848939da9f8ffc54c3fc1fb3108aefafcd525bd026cbd205c8cb1cdcb9f1b4d4b2a9e8f669
cyberbots,Cyberbots: FullMetal Madness,,,70dcbebae7d2b94b59b4779c5c30d2ed,8e8f2b671f5f12e4de69fae9a75af4a632292e93,1fc6b9217a2443cb5af43e8e0e51ce6585d934c53eb4e0cb79fe9baace1c3c6d,738ce93e4e3adf82e205469b0b17f2501f33657d75d6665fa730ad848939da9f8ffc54c3fc1fb3108aefafcd525bd026cbd205c8cb1cdcb9f1b4d4b2a9e8f669
cyberbots,Cyberbots: FullMetal Madness,,1995-04-24,70dcbebae7d2b94b59b4779c5c30d2ed,8e8f2b671f5f12e4de69fae9a75af4a632292e93,1fc6b9217a2443cb5af43e8e0e51ce6585d934c53eb4e0cb79fe9baace1c3c6d,738ce93e4e3adf82e205469b0b17f2501f33657d75d6665fa730ad848939da9f8ffc54c3fc1fb3108aefafcd525bd026cbd205c8cb1cdcb9f1b4d4b2a9e8f669
cyberbots,Cyberbots: FullMetal Madness (Phoenix Edition),,1995-04-24,70dcbebae7d2b94b59b4779c5c30d2ed,8e8f2b671f5f12e4de69fae9a75af4a632292e93,1fc6b9217a2443cb5af43e8e0e51ce6585d934c53eb4e0cb79fe9baace1c3c6d,738ce93e4e3adf82e205469b0b17f2501f33657d75d6665fa730ad848939da9f8ffc54c3fc1fb3108aefafcd525bd026cbd205c8cb1cdcb9f1b4d4b2a9e8f669
cyberbots,Cyberbots: FullMetal Madness,,1995-04-24,70dcbebae7d2b94b59b4779c5c30d2ed,8e8f2b671f5f12e4de69fae9a75af4a632292e93,1fc6b9217a2443cb5af43e8e0e51ce6585d934c53eb4e0cb79fe9baace1c3c6d,738ce93e4e3adf82e205469b0b17f2501f33657d75d6665fa730ad848939da9f8ffc54c3fc1fb3108aefafcd525bd026cbd205c8cb1cdcb9f1b4d4b2a9e8f669
daimakaimura,Daimakaimura,大魔界村,1988-10-05,321baed3315ec62b8b82776122a641be,1275d9691bd14eeadc59d79050eb324857733bee,f02f998cc4b170888dd8c3efdcd314248e282c7111a4eb648068fe36d1f6e81e,8dce88acdf7153c71386da8608d1ef0e2d9d92d6d618fa9e73f35596277628affb2455500c14dc87d751d86809a6422ef3338a42048dd4937ba11abc9b5bcf9b
daimakaimura,Daimakaimura,大魔界村,1988-12,321baed3315ec62b8b82776122a641be,1275d9691bd14eeadc59d79050eb324857733bee,f02f998cc4b170888dd8c3efdcd314248e282c7111a4eb648068fe36d1f6e81e,8dce88acdf7153c71386da8608d1ef0e2d9d92d6d618fa9e73f35596277628affb2455500c14dc87d751d86809a6422ef3338a42048dd4937ba11abc9b5bcf9b
daimakaimura,Ghouls'n Ghosts,,1988-12,321baed3315ec62b8b82776122a641be,1275d9691bd14eeadc59d79050eb324857733bee,f02f998cc4b170888dd8c3efdcd314248e282c7111a4eb648068fe36d1f6e81e,8dce88acdf7153c71386da8608d1ef0e2d9d92d6d618fa9e73f35596277628affb2455500c14dc87d751d86809a6422ef3338a42048dd4937ba11abc9b5bcf9b
daimakaimura,Ghouls'n Ghosts,,1988-12,321baed3315ec62b8b82776122a641be,1275d9691bd14eeadc59d79050eb324857733bee,f02f998cc4b170888dd8c3efdcd314248e282c7111a4eb648068fe36d1f6e81e,8dce88acdf7153c71386da8608d1ef0e2d9d92d6d618fa9e73f35596277628affb2455500c14dc87d751d86809a6422ef3338a42048dd4937ba11abc9b5bcf9b
dokaben,Dokaben,ビジュアルカードゲーム ドカベン,1989-03,93e491fd9e751851b975cc9de08e2209,ebbf7716508e8358fcf3e0470b76deea8aa6adb4,57cce6f67d563e7ea69605f5fda47f5d6b7e493c3b2bad2828ba882404807fe6,c6b35e1dca17c0715e65d512087bacb665235e8886c429aaf515c4b8abced214381c98ff0081e7d29261c3dfdf6f6275464606c9aa05c0b9db832def900eaaa8
dungeonsanddragonstod,Dungeons & Dragons: Tower of Doom,,1994-01-13,981432736bd85e1113b8df779299a64a,559490994957bc5099bfefbf2444b8e9e43568a4,c2d3180ec85d64a8ffce9f2dbcae374f9c02e57d32eb6dddf02911b95c674e2c,d6afc827767bc4d11321bffeca98efeb284181d7619ed6a70691f1345babd14d9982b88210f712c19a874dd90b64ee68a3630b1e3a498dcd39151c7ec3bd4ead
dungeonsanddragonstod,Dungeons & Dragons: Tower of Doom,,1994-01-25,981432736bd85e1113b8df779299a64a,559490994957bc5099bfefbf2444b8e9e43568a4,c2d3180ec85d64a8ffce9f2dbcae374f9c02e57d32eb6dddf02911b95c674e2c,d6afc827767bc4d11321bffeca98efeb284181d7619ed6a70691f1345babd14d9982b88210f712c19a874dd90b64ee68a3630b1e3a498dcd39151c7ec3bd4ead
dungeonsanddragonstod,Dungeons & Dragons: Tower of Doom,,1994-04-12,981432736bd85e1113b8df779299a64a,559490994957bc5099bfefbf2444b8e9e43568a4,c2d3180ec85d64a8ffce9f2dbcae374f9c02e57d32eb6dddf02911b95c674e2c,d6afc827767bc4d11321bffeca98efeb284181d7619ed6a70691f1345babd14d9982b88210f712c19a874dd90b64ee68a3630b1e3a498dcd39151c7ec3bd4ead
dungeonsanddragonstod,Dungeons & Dragons: Tower of Doom,,1994-01-13,981432736bd85e1113b8df779299a64a,559490994957bc5099bfefbf2444b8e9e43568a4,c2d3180ec85d64a8ffce9f2dbcae374f9c02e57d32eb6dddf02911b95c674e2c,d6afc827767bc4d11321bffeca98efeb284181d7619ed6a70691f1345babd14d9982b88210f712c19a874dd90b64ee68a3630b1e3a498dcd39151c7ec3bd4ead
dungeonsanddragonstod,Dungeons & Dragons: Tower of Doom,,1994-04-12,981432736bd85e1113b8df779299a64a,559490994957bc5099bfefbf2444b8e9e43568a4,c2d3180ec85d64a8ffce9f2dbcae374f9c02e57d32eb6dddf02911b95c674e2c,d6afc827767bc4d11321bffeca98efeb284181d7619ed6a70691f1345babd14d9982b88210f712c19a874dd90b64ee68a3630b1e3a498dcd39151c7ec3bd4ead
dungeonsanddragonstod,Dungeons & Dragons: Tower of Doom,,1994-01-13,981432736bd85e1113b8df779299a64a,559490994957bc5099bfefbf2444b8e9e43568a4,c2d3180ec85d64a8ffce9f2dbcae374f9c02e57d32eb6dddf02911b95c674e2c,d6afc827767bc4d11321bffeca98efeb284181d7619ed6a70691f1345babd14d9982b88210f712c19a874dd90b64ee68a3630b1e3a498dcd39151c7ec3bd4ead
dungeonsanddragonstod,Dungeons & Dragons: Tower of Doom,,1994-01-25,981432736bd85e1113b8df779299a64a,559490994957bc5099bfefbf2444b8e9e43568a4,c2d3180ec85d64a8ffce9f2dbcae374f9c02e57d32eb6dddf02911b95c674e2c,d6afc827767bc4d11321bffeca98efeb284181d7619ed6a70691f1345babd14d9982b88210f712c19a874dd90b64ee68a3630b1e3a498dcd39151c7ec3bd4ead
dungeonsanddragonstod,Dungeons & Dragons: Tower of Doom,,1994-01-13,981432736bd85e1113b8df779299a64a,559490994957bc5099bfefbf2444b8e9e43568a4,c2d3180ec85d64a8ffce9f2dbcae374f9c02e57d32eb6dddf02911b95c674e2c,d6afc827767bc4d11321bffeca98efeb284181d7619ed6a70691f1345babd14d9982b88210f712c19a874dd90b64ee68a3630b1e3a498dcd39151c7ec3bd4ead
dungeonsanddragonstod,Dungeons & Dragons: Tower of Doom,,1994-01-25,981432736bd85e1113b8df779299a64a,559490994957bc5099bfefbf2444b8e9e43568a4,c2d3180ec85d64a8ffce9f2dbcae374f9c02e57d32eb6dddf02911b95c674e2c,d6afc827767bc4d11321bffeca98efeb284181d7619ed6a70691f1345babd14d9982b88210f712c19a874dd90b64ee68a3630b1e3a498dcd39151c7ec3bd4ead
dungeonsanddragonstod,Dungeons & Dragons: Tower of Doom,,1994-04-12,981432736bd85e1113b8df779299a64a,559490994957bc5099bfefbf2444b8e9e43568a4,c2d3180ec85d64a8ffce9f2dbcae374f9c02e57d32eb6dddf02911b95c674e2c,d6afc827767bc4d11321bffeca98efeb284181d7619ed6a70691f1345babd14d9982b88210f712c19a874dd90b64ee68a3630b1e3a498dcd39151c7ec3bd4ead
dungeonsanddragonstod,Dungeons & Dragons: Tower of Doom,,1994-01-13,981432736bd85e1113b8df779299a64a,559490994957bc5099bfefbf2444b8e9e43568a4,c2d3180ec85d64a8ffce9f2dbcae374f9c02e57d32eb6dddf02911b95c674e2c,d6afc827767bc4d11321bffeca98efeb284181d7619ed6a70691f1345babd14d9982b88210f712c19a874dd90b64ee68a3630b1e3a498dcd39151c7ec3bd4ead
dungeonsanddragonstod,Dungeons & Dragons: Tower of Doom,,1994-04-12,981432736bd85e1113b8df779299a64a,559490994957bc5099bfefbf2444b8e9e43568a4,c2d3180ec85d64a8ffce9f2dbcae374f9c02e57d32eb6dddf02911b95c674e2c,d6afc827767bc4d11321bffeca98efeb284181d7619ed6a70691f1345babd14d9982b88210f712c19a874dd90b64ee68a3630b1e3a498dcd39151c7ec3bd4ead
dungeonsanddragonstod,Dungeons & Dragons: Tower of Doom (Phoenix Edition),,1994-01-13,981432736bd85e1113b8df779299a64a,559490994957bc5099bfefbf2444b8e9e43568a4,c2d3180ec85d64a8ffce9f2dbcae374f9c02e57d32eb6dddf02911b95c674e2c,d6afc827767bc4d11321bffeca98efeb284181d7619ed6a70691f1345babd14d9982b88210f712c19a874dd90b64ee68a3630b1e3a498dcd39151c7ec3bd4ead
dungeonsanddragonssom,Dungeons & Dragons: Shadow over Mystara,,1996-02-06,4ed17aad7b83a6c41daf391b2837e8b0,0b7aea56a84659132ae99b8fdb590eac9ad9c723,d3eaae01edbd0c5749ab4e927e39943b55e9579612cd33cc6c8a90ca6d67bd94,bdfeb7a2155a73fc441ef5808ec5c56184a20171b0d990eb607befcb739f2a2686e8050afee46c0b16e61ee9136ead654afcb1c9bcec31e7a2a897edfbe44ce5
dungeonsanddragonssom,Dungeons & Dragons: Shadow over Mystara,,1996-02-23,4ed17aad7b83a6c41daf391b2837e8b0,0b7aea56a84659132ae99b8fdb590eac9ad9c723,d3eaae01edbd0c5749ab4e927e39943b55e9579612cd33cc6c8a90ca6d67bd94,bdfeb7a2155a73fc441ef5808ec5c56184a20171b0d990eb607befcb739f2a2686e8050afee46c0b16e61ee9136ead654afcb1c9bcec31e7a2a897edfbe44ce5
dungeonsanddragonssom,Dungeons & Dragons: Shadow over Mystara,,1996-06-19,4ed17aad7b83a6c41daf391b2837e8b0,0b7aea56a84659132ae99b8fdb590eac9ad9c723,d3eaae01edbd0c5749ab4e927e39943b55e9579612cd33cc6c8a90ca6d67bd94,bdfeb7a2155a73fc441ef5808ec5c56184a20171b0d990eb607befcb739f2a2686e8050afee46c0b16e61ee9136ead654afcb1c9bcec31e7a2a897edfbe44ce5
dungeonsanddragonssom,Dungeons & Dragons: Shadow over Mystara,,1996-02-08,4ed17aad7b83a6c41daf391b2837e8b0,0b7aea56a84659132ae99b8fdb590eac9ad9c723,d3eaae01edbd0c5749ab4e927e39943b55e9579612cd33cc6c8a90ca6d67bd94,bdfeb7a2155a73fc441ef5808ec5c56184a20171b0d990eb607befcb739f2a2686e8050afee46c0b16e61ee9136ead654afcb1c9bcec31e7a2a897edfbe44ce5
dungeonsanddragonssom,Dungeons & Dragons: Shadow over Mystara,,1996-06-19,4ed17aad7b83a6c41daf391b2837e8b0,0b7aea56a84659132ae99b8fdb590eac9ad9c723,d3eaae01edbd0c5749ab4e927e39943b55e9579612cd33cc6c8a90ca6d67bd94,bdfeb7a2155a73fc441ef5808ec5c56184a20171b0d990eb607befcb739f2a2686e8050afee46c0b16e61ee9136ead654afcb1c9bcec31e7a2a897edfbe44ce5
dungeonsanddragonssom,Dungeons & Dragons: Shadow over Mystara,,1996-02-09,4ed17aad7b83a6c41daf391b2837e8b0,0b7aea56a84659132ae99b8fdb590eac9ad9c723,d3eaae01edbd0c5749ab4e927e39943b55e9579612cd33cc6c8a90ca6d67bd94,bdfeb7a2155a73fc441ef5808ec5c56184a20171b0d990eb607befcb739f2a2686e8050afee46c0b16e61ee9136ead654afcb1c9bcec31e7a2a897edfbe44ce5
dungeonsanddragonssom,Dungeons & Dragons: Shadow over Mystara,,1996-06-19,4ed17aad7b83a6c41daf391b2837e8b0,0b7aea56a84659132ae99b8fdb590eac9ad9c723,d3eaae01edbd0c5749ab4e927e39943b55e9579612cd33cc6c8a90ca6d67bd94,bdfeb7a2155a73fc441ef5808ec5c56184a20171b0d990eb607befcb739f2a2686e8050afee46c0b16e61ee9136ead654afcb1c9bcec31e7a2a897edfbe44ce5
dungeonsanddragonssom,Dungeons & Dragons: Shadow over Mystara (Phoenix Edition),,1996-06-19,4ed17aad7b83a6c41daf391b2837e8b0,0b7aea56a84659132ae99b8fdb590eac9ad9c723,d3eaae01edbd0c5749ab4e927e39943b55e9579612cd33cc6c8a90ca6d67bd94,bdfeb7a2155a73fc441ef5808ec5c56184a20171b0d990eb607befcb739f2a2686e8050afee46c0b16e61ee9136ead654afcb1c9bcec31e7a2a897edfbe44ce5
dungeonsanddragonssom,Dungeons & Dragons: Shadow over Mystara,,1996-02-23,4ed17aad7b83a6c41daf391b2837e8b0,0b7aea56a84659132ae99b8fdb590eac9ad9c723,d3eaae01edbd0c5749ab4e927e39943b55e9579612cd33cc6c8a90ca6d67bd94,bdfeb7a2155a73fc441ef5808ec5c56184a20171b0d990eb607befcb739f2a2686e8050afee46c0b16e61ee9136ead654afcb1c9bcec31e7a2a897edfbe44ce5
dungeonsanddragonssom,Dungeons & Dragons: Shadow over Mystara,,1996-06-19,4ed17aad7b83a6c41daf391b2837e8b0,0b7aea56a84659132ae99b8fdb590eac9ad9c723,d3eaae01edbd0c5749ab4e927e39943b55e9579612cd33cc6c8a90ca6d67bd94,bdfeb7a2155a73fc441ef5808ec5c56184a20171b0d990eb607befcb739f2a2686e8050afee46c0b16e61ee9136ead654afcb1c9bcec31e7a2a897edfbe44ce5
dungeonsanddragonssom,Dungeons & Dragons: Shadow over Mystara,,1996-02-08,4ed17aad7b83a6c41daf391b2837e8b0,0b7aea56a84659132ae99b8fdb590eac9ad9c723,d3eaae01edbd0c5749ab4e927e39943b55e9579612cd33cc6c8a90ca6d67bd94,bdfeb7a2155a73fc441ef5808ec5c56184a20171b0d990eb607befcb739f2a2686e8050afee46c0b16e61ee9136ead654afcb1c9bcec31e7a2a897edfbe44ce5
dungeonsanddragonssom,Dungeons & Dragons: Shadow over Mystara,,1996-02-09,4ed17aad7b83a6c41daf391b2837e8b0,0b7aea56a84659132ae99b8fdb590eac9ad9c723,d3eaae01edbd0c5749ab4e927e39943b55e9579612cd33cc6c8a90ca6d67bd94,bdfeb7a2155a73fc441ef5808ec5c56184a20171b0d990eb607befcb739f2a2686e8050afee46c0b16e61ee9136ead654afcb1c9bcec31e7a2a897edfbe44ce5
dungeonsanddragonssom,Dungeons & Dragons: Shadow over Mystara,,1996-02-23,4ed17aad7b83a6c41daf391b2837e8b0,0b7aea56a84659132ae99b8fdb590eac9ad9c723,d3eaae01edbd0c5749ab4e927e39943b55e9579612cd33cc6c8a90ca6d67bd94,bdfeb7a2155a73fc441ef5808ec5c56184a20171b0d990eb607befcb739f2a2686e8050afee46c0b16e61ee9136ead654afcb1c9bcec31e7a2a897edfbe44ce5
dungeonsanddragonssom,Dungeons & Dragons: Shadow over Mystara,,1996-06-19,4ed17aad7b83a6c41daf391b2837e8b0,0b7aea56a84659132ae99b8fdb590eac9ad9c723,d3eaae01edbd0c5749ab4e927e39943b55e9579612cd33cc6c8a90ca6d67bd94,bdfeb7a2155a73fc441ef5808ec5c56184a20171b0d990eb607befcb739f2a2686e8050afee46c0b16e61ee9136ead654afcb1c9bcec31e7a2a897edfbe44ce5
exedexes,Exed Exes,,1985,351cf01092addfd0aa74a94e5a746b36,af4d4596aa0628b3167b59a33cf781f7b4b8d23c,8bf1c7d71cc6f658e4e2f8a734c7fc31bbb7d4623b1df82fbc30414a20118370,380b34cc5318affb956f3c19cc686ee4bd741ee3b59734c77ce466653cfe861121262fdfec12122d67ffcd02fb30c320f641c52695446f39a982e187b9c2714a
exedexes,Savage Bees,,1985,351cf01092addfd0aa74a94e5a746b36,af4d4596aa0628b3167b59a33cf781f7b4b8d23c,8bf1c7d71cc6f658e4e2f8a734c7fc31bbb7d4623b1df82fbc30414a20118370,380b34cc5318affb956f3c19cc686ee4bd741ee3b59734c77ce466653cfe861121262fdfec12122d67ffcd02fb30c320f641c52695446f39a982e187b9c2714a
f1dream,F-1 Dream,,1988,7c3dc7ab68812cc1a7d1cf0207a44e9d,9d4c0db8d594e6cf75d18266e3f85be2374ddcb7,d183f35f02fb49ef8a9df689b2b6321c11de957d045b95a7112adfed79fa9145,d8fedc04bf1d40cd0eeb67ef52d6bcb24dcdaa7237780a472b1c1dda39771865d5b25ec1f5f348ffd4742a9923c5c021b95ae9f58a3423ac9b022e7d383c93ea
finalfight,Final Fight,,1989-11-25,db12c617be5acffa8104e8ca3a0239d1,909cc56a8a30c946e38bcec50902b8fa9c314518,064d4cea526a6020f3df4100b46b57dbfc9a9265bfaf77d8ba893137a1fd62bc,d6a577b4524c8604f24c0c0a0bd7e2dbab60005659a446dde84d71d2670433fe7a2e95c1421a301582238e05cc20adbd2f8c2962cbed030e3299c3ad41ae1a14
finalfight,Final Fight,,1990-01-12,db12c617be5acffa8104e8ca3a0239d1,909cc56a8a30c946e38bcec50902b8fa9c314518,064d4cea526a6020f3df4100b46b57dbfc9a9265bfaf77d8ba893137a1fd62bc,d6a577b4524c8604f24c0c0a0bd7e2dbab60005659a446dde84d71d2670433fe7a2e95c1421a301582238e05cc20adbd2f8c2962cbed030e3299c3ad41ae1a14
finalfight,Final Fight,,1990-03-05,db12c617be5acffa8104e8ca3a0239d1,909cc56a8a30c946e38bcec50902b8fa9c314518,064d4cea526a6020f3df4100b46b57dbfc9a9265bfaf77d8ba893137a1fd62bc,d6a577b4524c8604f24c0c0a0bd7e2dbab60005659a446dde84d71d2670433fe7a2e95c1421a301582238e05cc20adbd2f8c2962cbed030e3299c3ad41ae1a14
finalfight,Final Fight,,1990-04-05,db12c617be5acffa8104e8ca3a0239d1,909cc56a8a30c946e38bcec50902b8fa9c314518,064d4cea526a6020f3df4100b46b57dbfc9a9265bfaf77d8ba893137a1fd62bc,d6a577b4524c8604f24c0c0a0bd7e2dbab60005659a446dde84d71d2670433fe7a2e95c1421a301582238e05cc20adbd2f8c2962cbed030e3299c3ad41ae1a14
finalfight,Final Fight,,1990-06-13,db12c617be5acffa8104e8ca3a0239d1,909cc56a8a30c946e38bcec50902b8fa9c314518,064d4cea526a6020f3df4100b46b57dbfc9a9265bfaf77d8ba893137a1fd62bc,d6a577b4524c8604f24c0c0a0bd7e2dbab60005659a446dde84d71d2670433fe7a2e95c1421a301582238e05cc20adbd2f8c2962cbed030e3299c3ad41ae1a14
finalfight,Final Fight,,1989-12-01,db12c617be5acffa8104e8ca3a0239d1,909cc56a8a30c946e38bcec50902b8fa9c314518,064d4cea526a6020f3df4100b46b57dbfc9a9265bfaf77d8ba893137a1fd62bc,d6a577b4524c8604f24c0c0a0bd7e2dbab60005659a446dde84d71d2670433fe7a2e95c1421a301582238e05cc20adbd2f8c2962cbed030e3299c3ad41ae1a14
finalfight,Final Fight,,1990,db12c617be5acffa8104e8ca3a0239d1,909cc56a8a30c946e38bcec50902b8fa9c314518,064d4cea526a6020f3df4100b46b57dbfc9a9265bfaf77d8ba893137a1fd62bc,d6a577b4524c8604f24c0c0a0bd7e2dbab60005659a446dde84d71d2670433fe7a2e95c1421a301582238e05cc20adbd2f8c2962cbed030e3299c3ad41ae1a14
finalfight,Final Fight,,1990-01-12,db12c617be5acffa8104e8ca3a0239d1,909cc56a8a30c946e38bcec50902b8fa9c314518,064d4cea526a6020f3df4100b46b57dbfc9a9265bfaf77d8ba893137a1fd62bc,d6a577b4524c8604f24c0c0a0bd7e2dbab60005659a446dde84d71d2670433fe7a2e95c1421a301582238e05cc20adbd2f8c2962cbed030e3299c3ad41ae1a14
finalfight,Final Fight,,1990-04-24,db12c617be5acffa8104e8ca3a0239d1,909cc56a8a30c946e38bcec50902b8fa9c314518,064d4cea526a6020f3df4100b46b57dbfc9a9265bfaf77d8ba893137a1fd62bc,d6a577b4524c8604f24c0c0a0bd7e2dbab60005659a446dde84d71d2670433fe7a2e95c1421a301582238e05cc20adbd2f8c2962cbed030e3299c3ad41ae1a14
finalfight,Final Fight,,1990-06-13,db12c617be5acffa8104e8ca3a0239d1,909cc56a8a30c946e38bcec50902b8fa9c314518,064d4cea526a6020f3df4100b46b57dbfc9a9265bfaf77d8ba893137a1fd62bc,d6a577b4524c8604f24c0c0a0bd7e2dbab60005659a446dde84d71d2670433fe7a2e95c1421a301582238e05cc20adbd2f8c2962cbed030e3299c3ad41ae1a14
finalfight,Final Fight,,1989-12-01,db12c617be5acffa8104e8ca3a0239d1,909cc56a8a30c946e38bcec50902b8fa9c314518,064d4cea526a6020f3df4100b46b57dbfc9a9265bfaf77d8ba893137a1fd62bc,d6a577b4524c8604f24c0c0a0bd7e2dbab60005659a446dde84d71d2670433fe7a2e95c1421a301582238e05cc20adbd2f8c2962cbed030e3299c3ad41ae1a14
finalfight,Final Fight,,1990-01,db12c617be5acffa8104e8ca3a0239d1,909cc56a8a30c946e38bcec50902b8fa9c314518,064d4cea526a6020f3df4100b46b57dbfc9a9265bfaf77d8ba893137a1fd62bc,d6a577b4524c8604f24c0c0a0bd7e2dbab60005659a446dde84d71d2670433fe7a2e95c1421a301582238e05cc20adbd2f8c2962cbed030e3299c3ad41ae1a14
finalfight,Final Fight 30th Anniversary Edition,,2019,db12c617be5acffa8104e8ca3a0239d1,909cc56a8a30c946e38bcec50902b8fa9c314518,064d4cea526a6020f3df4100b46b57dbfc9a9265bfaf77d8ba893137a1fd62bc,d6a577b4524c8604f24c0c0a0bd7e2dbab60005659a446dde84d71d2670433fe7a2e95c1421a301582238e05cc20adbd2f8c2962cbed030e3299c3ad41ae1a14
finalfight,Final Fight,,1994,,,,
ganbare,Ganbare! Marine Kun,がんばれ!マリン君,2000-04-11,28a094676503b05bba5638ee55745b47,f0377650866ec58af6afd05e2601d17dd583cbbc,d851a6179a8aa1257de60fb4c83e40e4c5399e3db4f294f29c9642daee275036,206ca7e933106a0367a59889485aeeada0a3b3aeb4f31f0862848b8238120f32aec8c958408701396a32b2b557ba13f4e8051e6ac6201ac52f47d62d7b3ec509
gigawing,Giga Wing,,1999-02-23,bda236486d963b8fa7d806c6af9f87e4,207bece81a2e786c2c89e0b5eabb1fc6b8b33a7d,b836fb35ff344408632868999305d783df5ba3d1a9bbcc4064b0dcb6d0b51bad,2ec558b2012cbd681140f06868fb876e2d4316c05bc221d7f9285dc2fe8d021ce1df9ce726976afd9e8667a922242df0e31c892ed2b6f9e5c584d722dcf89958
gigawing (Phoenix Edition),Giga Wing,,1999-02-23,bda236486d963b8fa7d806c6af9f87e4,207bece81a2e786c2c89e0b5eabb1fc6b8b33a7d,b836fb35ff344408632868999305d783df5ba3d1a9bbcc4064b0dcb6d0b51bad,2ec558b2012cbd681140f06868fb876e2d4316c05bc221d7f9285dc2fe8d021ce1df9ce726976afd9e8667a922242df0e31c892ed2b6f9e5c584d722dcf89958
gigawing,Giga Wing,,1999-02-22,bda236486d963b8fa7d806c6af9f87e4,207bece81a2e786c2c89e0b5eabb1fc6b8b33a7d,b836fb35ff344408632868999305d783df5ba3d1a9bbcc4064b0dcb6d0b51bad,2ec558b2012cbd681140f06868fb876e2d4316c05bc221d7f9285dc2fe8d021ce1df9ce726976afd9e8667a922242df0e31c892ed2b6f9e5c584d722dcf89958
gigawing,Giga Wing,,1999-02-22,bda236486d963b8fa7d806c6af9f87e4,207bece81a2e786c2c89e0b5eabb1fc6b8b33a7d,b836fb35ff344408632868999305d783df5ba3d1a9bbcc4064b0dcb6d0b51bad,2ec558b2012cbd681140f06868fb876e2d4316c05bc221d7f9285dc2fe8d021ce1df9ce726976afd9e8667a922242df0e31c892ed2b6f9e5c584d722dcf89958
gigawing (Phoenix Edition),Giga Wing,,1999-02-22,bda236486d963b8fa7d806c6af9f87e4,207bece81a2e786c2c89e0b5eabb1fc6b8b33a7d,b836fb35ff344408632868999305d783df5ba3d1a9bbcc4064b0dcb6d0b51bad,2ec558b2012cbd681140f06868fb876e2d4316c05bc221d7f9285dc2fe8d021ce1df9ce726976afd9e8667a922242df0e31c892ed2b6f9e5c584d722dcf89958
gigawing,Giga Wing,,1999-02-22,bda236486d963b8fa7d806c6af9f87e4,207bece81a2e786c2c89e0b5eabb1fc6b8b33a7d,b836fb35ff344408632868999305d783df5ba3d1a9bbcc4064b0dcb6d0b51bad,2ec558b2012cbd681140f06868fb876e2d4316c05bc221d7f9285dc2fe8d021ce1df9ce726976afd9e8667a922242df0e31c892ed2b6f9e5c584d722dcf89958
gigawing,Giga Wing,,1999-02-22,bda236486d963b8fa7d806c6af9f87e4,207bece81a2e786c2c89e0b5eabb1fc6b8b33a7d,b836fb35ff344408632868999305d783df5ba3d1a9bbcc4064b0dcb6d0b51bad,2ec558b2012cbd681140f06868fb876e2d4316c05bc221d7f9285dc2fe8d021ce1df9ce726976afd9e8667a922242df0e31c892ed2b6f9e5c584d722dcf89958
greatmahoudaisakusen,Great Mahō Daisakusen,グレート魔法大作戦,2000-01-21,3358ee6cddda33da2314f983b623e735,91338b3893ceba6df7207a5f621117806a76a6f0,f7238d80e5b5c7b606db614a65373fc53e02984d758c3df47490698af921cbab,086937745dfb6eb28f145967dc7198afad8c9c09861c1590a0c096093c10803bfc9f49f87126ea7bb05b220b1ca272c56a26284faf0e944ece5becb2d06ba8af
greatmahoudaisakusen,Dimahoo,,2000-01-21,3358ee6cddda33da2314f983b623e735,91338b3893ceba6df7207a5f621117806a76a6f0,f7238d80e5b5c7b606db614a65373fc53e02984d758c3df47490698af921cbab,086937745dfb6eb28f145967dc7198afad8c9c09861c1590a0c096093c10803bfc9f49f87126ea7bb05b220b1ca272c56a26284faf0e944ece5becb2d06ba8af
greatmahoudaisakusen (Phoenix Edition),Dimahoo,,2000-01-21,3358ee6cddda33da2314f983b623e735,91338b3893ceba6df7207a5f621117806a76a6f0,f7238d80e5b5c7b606db614a65373fc53e02984d758c3df47490698af921cbab,086937745dfb6eb28f145967dc7198afad8c9c09861c1590a0c096093c10803bfc9f49f87126ea7bb05b220b1ca272c56a26284faf0e944ece5becb2d06ba8af
greatmahoudaisakusen,Dimahoo,,2000-01-21,3358ee6cddda33da2314f983b623e735,91338b3893ceba6df7207a5f621117806a76a6f0,f7238d80e5b5c7b606db614a65373fc53e02984d758c3df47490698af921cbab,086937745dfb6eb28f145967dc7198afad8c9c09861c1590a0c096093c10803bfc9f49f87126ea7bb05b220b1ca272c56a26284faf0e944ece5becb2d06ba8af
gulunpa,Gulun.Pa!,,1993-12-20,7560ac71ffd13abaf5bedbc64a94cf54,4fb2d1b581e607e5e3ee9c6690e67ae7f74106a3,e3e8911e6b8b4a86bac85c18ca8dcae403fbb57f1099c043b22047e82dc64b34,2d795f44e8c747c1a282b5d8473ba3af33a983736bd533230402692099d8ea67bd951950ef9ec3257354a644af0d6cd6f93161ce4072857f5c7966b384b2b3ce
gunsmoke,Gun.Smoke,,1985-11-15,5f7ea2069b7b0776cf088b88cc7952fe,97037229339c060d5e359ec9e88cb787b7b5012a,9e046fb1595f8ffcdac0060d223c69ae4132c3a93dd9c69b067a2356c447b6f5,6d8a9d62599e51f4733dcdff6b2d2191c094e2a3680a62ceab8ef1876a653ea245e0d89663be52ee98efea5f6f875e12ee1239a34862bfa7728b364720d8bfc4
gunsmoke,Gun.Smoke,,1985-11-15,5f7ea2069b7b0776cf088b88cc7952fe,97037229339c060d5e359ec9e88cb787b7b5012a,9e046fb1595f8ffcdac0060d223c69ae4132c3a93dd9c69b067a2356c447b6f5,6d8a9d62599e51f4733dcdff6b2d2191c094e2a3680a62ceab8ef1876a653ea245e0d89663be52ee98efea5f6f875e12ee1239a34862bfa7728b364720d8bfc4
gunsmoke,Gun.Smoke,,1985-11-15,5f7ea2069b7b0776cf088b88cc7952fe,97037229339c060d5e359ec9e88cb787b7b5012a,9e046fb1595f8ffcdac0060d223c69ae4132c3a93dd9c69b067a2356c447b6f5,6d8a9d62599e51f4733dcdff6b2d2191c094e2a3680a62ceab8ef1876a653ea245e0d89663be52ee98efea5f6f875e12ee1239a34862bfa7728b364720d8bfc4
gunsmoke,Gun.Smoke,,1986-04-08,5f7ea2069b7b0776cf088b88cc7952fe,97037229339c060d5e359ec9e88cb787b7b5012a,9e046fb1595f8ffcdac0060d223c69ae4132c3a93dd9c69b067a2356c447b6f5,6d8a9d62599e51f4733dcdff6b2d2191c094e2a3680a62ceab8ef1876a653ea245e0d89663be52ee98efea5f6f875e12ee1239a34862bfa7728b364720d8bfc4
gunsmoke,Gun.Smoke (Censored),,1985-11-15,5f7ea2069b7b0776cf088b88cc7952fe,97037229339c060d5e359ec9e88cb787b7b5012a,9e046fb1595f8ffcdac0060d223c69ae4132c3a93dd9c69b067a2356c447b6f5,6d8a9d62599e51f4733dcdff6b2d2191c094e2a3680a62ceab8ef1876a653ea245e0d89663be52ee98efea5f6f875e12ee1239a34862bfa7728b364720d8bfc4
gunsmoke,Gun.Smoke,,1985-11-15,5f7ea2069b7b0776cf088b88cc7952fe,97037229339c060d5e359ec9e88cb787b7b5012a,9e046fb1595f8ffcdac0060d223c69ae4132c3a93dd9c69b067a2356c447b6f5,6d8a9d62599e51f4733dcdff6b2d2191c094e2a3680a62ceab8ef1876a653ea245e0d89663be52ee98efea5f6f875e12ee1239a34862bfa7728b364720d8bfc4
gunsmoke,Gun.Smoke,,1985-11-15,5f7ea2069b7b0776cf088b88cc7952fe,97037229339c060d5e359ec9e88cb787b7b5012a,9e046fb1595f8ffcdac0060d223c69ae4132c3a93dd9c69b067a2356c447b6f5,6d8a9d62599e51f4733dcdff6b2d2191c094e2a3680a62ceab8ef1876a653ea245e0d89663be52ee98efea5f6f875e12ee1239a34862bfa7728b364720d8bfc4
sidearmshd,Hyper Dyne: Side Arms,,1986-11-28,f62f46b2404b22da45d8fb7eb8ee23cc,016d946bce91369266e5bf2e5e392c55b46b163d,390d1846408b0a162aa5985816de57089ef07c2201418a237107e3638ca0ed05,6d47c84e76e018ee07dd647bee8a8671c80f935de814049d9f5e518860852b8501b3f40aff8b87d311221c4bf7eb9bec23a1a990c67b75cab5a8f4b396a8f81a
sidearmshd,Hyper Dyne: Side Arms,,1986-11-28,f62f46b2404b22da45d8fb7eb8ee23cc,016d946bce91369266e5bf2e5e392c55b46b163d,390d1846408b0a162aa5985816de57089ef07c2201418a237107e3638ca0ed05,6d47c84e76e018ee07dd647bee8a8671c80f935de814049d9f5e518860852b8501b3f40aff8b87d311221c4bf7eb9bec23a1a990c67b75cab5a8f4b396a8f81a
sidearmshd,Hyper Dyne: Side Arms,,1986-12-02,f62f46b2404b22da45d8fb7eb8ee23cc,016d946bce91369266e5bf2e5e392c55b46b163d,390d1846408b0a162aa5985816de57089ef07c2201418a237107e3638ca0ed05,6d47c84e76e018ee07dd647bee8a8671c80f935de814049d9f5e518860852b8501b3f40aff8b87d311221c4bf7eb9bec23a1a990c67b75cab5a8f4b396a8f81a
sidearmshd,Hyper Dyne: Side Arms,,1986-12,f62f46b2404b22da45d8fb7eb8ee23cc,016d946bce91369266e5bf2e5e392c55b46b163d,390d1846408b0a162aa5985816de57089ef07c2201418a237107e3638ca0ed05,6d47c84e76e018ee07dd647bee8a8671c80f935de814049d9f5e518860852b8501b3f40aff8b87d311221c4bf7eb9bec23a1a990c67b75cab5a8f4b396a8f81a
hyperstreetfighter2,Hyper Street Fighter II: The Anniversary Edition,,2003-12-22,92d98ea467b8839dd246b4ca04d8b87c,b5cfd7090a885082fb22341d80f424019ad56406,519d2b4a708d09c25dccf14124a8463ec408c1236013cba031bff4511830fa0e,5bac8d95c958548f436f3f846117bebc359342a5564ca228525543cf09bf3a3c87177d95d63bad8fad9cb6bc69ae3ef1cdfe67b7ce9addebbb67f7dedb375783
hyperstreetfighter2,Hyper Street Fighter II: The Anniversary Edition,,2004-02-02,92d98ea467b8839dd246b4ca04d8b87c,b5cfd7090a885082fb22341d80f424019ad56406,519d2b4a708d09c25dccf14124a8463ec408c1236013cba031bff4511830fa0e,5bac8d95c958548f436f3f846117bebc359342a5564ca228525543cf09bf3a3c87177d95d63bad8fad9cb6bc69ae3ef1cdfe67b7ce9addebbb67f7dedb375783
hyperstreetfighter2,Hyper Street Fighter II: The Anniversary Edition,,2004-02-02,92d98ea467b8839dd246b4ca04d8b87c,b5cfd7090a885082fb22341d80f424019ad56406,519d2b4a708d09c25dccf14124a8463ec408c1236013cba031bff4511830fa0e,5bac8d95c958548f436f3f846117bebc359342a5564ca228525543cf09bf3a3c87177d95d63bad8fad9cb6bc69ae3ef1cdfe67b7ce9addebbb67f7dedb375783
hyperstreetfighter2,Hyper Street Fighter II: The Anniversary Edition (Phoenix Edition),,2004-02-02,92d98ea467b8839dd246b4ca04d8b87c,b5cfd7090a885082fb22341d80f424019ad56406,519d2b4a708d09c25dccf14124a8463ec408c1236013cba031bff4511830fa0e,5bac8d95c958548f436f3f846117bebc359342a5564ca228525543cf09bf3a3c87177d95d63bad8fad9cb6bc69ae3ef1cdfe67b7ce9addebbb67f7dedb375783
hyperstreetfighter2,Hyper Street Fighter II: The Anniversary Edition,,2004-02-02,92d98ea467b8839dd246b4ca04d8b87c,b5cfd7090a885082fb22341d80f424019ad56406,519d2b4a708d09c25dccf14124a8463ec408c1236013cba031bff4511830fa0e,5bac8d95c958548f436f3f846117bebc359342a5564ca228525543cf09bf3a3c87177d95d63bad8fad9cb6bc69ae3ef1cdfe67b7ce9addebbb67f7dedb375783
choukou,Janpai Puzzle Chōkō,雀牌パズル 長江,2001-08-20,0146e204c52d62592675ed1f4c94f04c,b291f0b3ecd5c7101566c7c9d3218ca83e9e56a1,ccced7e4afa54777be4cfec31a1505635bc7ff1e25a8b26080f82261f0e66112,6aeb626983bfd3d828e9ed9d1def346ac2ed7576ccc8f5a1c5e3c348b8f414ecf800936d2dd05a201cbc79dc45419e3f1549d6f5aa2011b9041aee8479e7906e
jangokushihns,Jangokushi: Haō no Saihai,雀國志 覇王の采牌,1999-05-27,d9e9b2c831408723d2a629a73f3098f6,8470395d96afdd19c519029c048000078445b45f,50bb945eaacbe030b2b2a309cad9f549f19e0bf391a604110ef4f3cdd2ce5f35,fa5d3c8f48bcdcfd5eec96886fc4447c9b001100b59cfbe433a8aa9b54c434b1ca7b4e107bc720221aaff02e383802f83b4bbe11c45b9f68ba5626a6e438c260
jojonakimyounabouken,JoJo no Kimyō na Bōken,ジョジョの奇妙な冒険,1998-12-02,00922e67345628aa08fc9618c01d8abd,883c26c12cd83e30ea75d979c40049339e04dde6,e45ec120cc8927871cc48ae6dda1366831e122bb0700492b27302677bf600583,f8a2862df3ddb8dceaf2052c86c0a23e43c7527b948cb8f39b86e257e358357b0624d7ef29b3b4059edf9007501009856007e16e0b0b8d37a445df7d62f6d2f1
jojonakimyounabouken,JoJo no Kimyō na Bōken,ジョジョの奇妙な冒険,1999-01-08,00922e67345628aa08fc9618c01d8abd,883c26c12cd83e30ea75d979c40049339e04dde6,e45ec120cc8927871cc48ae6dda1366831e122bb0700492b27302677bf600583,f8a2862df3ddb8dceaf2052c86c0a23e43c7527b948cb8f39b86e257e358357b0624d7ef29b3b4059edf9007501009856007e16e0b0b8d37a445df7d62f6d2f1
jojonakimyounabouken,JoJo no Kimyō na Bōken,ジョジョの奇妙な冒険,1999-01-28,00922e67345628aa08fc9618c01d8abd,883c26c12cd83e30ea75d979c40049339e04dde6,e45ec120cc8927871cc48ae6dda1366831e122bb0700492b27302677bf600583,f8a2862df3ddb8dceaf2052c86c0a23e43c7527b948cb8f39b86e257e358357b0624d7ef29b3b4059edf9007501009856007e16e0b0b8d37a445df7d62f6d2f1
jojonakimyounabouken,JoJo's Venture,,1998-12-02,00922e67345628aa08fc9618c01d8abd,883c26c12cd83e30ea75d979c40049339e04dde6,e45ec120cc8927871cc48ae6dda1366831e122bb0700492b27302677bf600583,f8a2862df3ddb8dceaf2052c86c0a23e43c7527b948cb8f39b86e257e358357b0624d7ef29b3b4059edf9007501009856007e16e0b0b8d37a445df7d62f6d2f1
jojonakimyounabouken,JoJo's Venture,,1998-12-02,00922e67345628aa08fc9618c01d8abd,883c26c12cd83e30ea75d979c40049339e04dde6,e45ec120cc8927871cc48ae6dda1366831e122bb0700492b27302677bf600583,f8a2862df3ddb8dceaf2052c86c0a23e43c7527b948cb8f39b86e257e358357b0624d7ef29b3b4059edf9007501009856007e16e0b0b8d37a445df7d62f6d2f1
jojonakimyounabouken,JoJo's Venture,,1999-01-08,00922e67345628aa08fc9618c01d8abd,883c26c12cd83e30ea75d979c40049339e04dde6,e45ec120cc8927871cc48ae6dda1366831e122bb0700492b27302677bf600583,f8a2862df3ddb8dceaf2052c86c0a23e43c7527b948cb8f39b86e257e358357b0624d7ef29b3b4059edf9007501009856007e16e0b0b8d37a445df7d62f6d2f1
jojonakimyounabouken,JoJo's Venture,,1999-01-08,00922e67345628aa08fc9618c01d8abd,883c26c12cd83e30ea75d979c40049339e04dde6,e45ec120cc8927871cc48ae6dda1366831e122bb0700492b27302677bf600583,f8a2862df3ddb8dceaf2052c86c0a23e43c7527b948cb8f39b86e257e358357b0624d7ef29b3b4059edf9007501009856007e16e0b0b8d37a445df7d62f6d2f1
jojonakimyounabouken,JoJo's Venture,,1999-01-28,00922e67345628aa08fc9618c01d8abd,883c26c12cd83e30ea75d979c40049339e04dde6,e45ec120cc8927871cc48ae6dda1366831e122bb0700492b27302677bf600583,f8a2862df3ddb8dceaf2052c86c0a23e43c7527b948cb8f39b86e257e358357b0624d7ef29b3b4059edf9007501009856007e16e0b0b8d37a445df7d62f6d2f1
jojonakimyounabouken,JoJo's Venture,,1999-01-28,00922e67345628aa08fc9618c01d8abd,883c26c12cd83e30ea75d979c40049339e04dde6,e45ec120cc8927871cc48ae6dda1366831e122bb0700492b27302677bf600583,f8a2862df3ddb8dceaf2052c86c0a23e43c7527b948cb8f39b86e257e358357b0624d7ef29b3b4059edf9007501009856007e16e0b0b8d37a445df7d62f6d2f1
jojonakimyounabouken,JoJo's Venture,,1998-12-02,00922e67345628aa08fc9618c01d8abd,883c26c12cd83e30ea75d979c40049339e04dde6,e45ec120cc8927871cc48ae6dda1366831e122bb0700492b27302677bf600583,f8a2862df3ddb8dceaf2052c86c0a23e43c7527b948cb8f39b86e257e358357b0624d7ef29b3b4059edf9007501009856007e16e0b0b8d37a445df7d62f6d2f1
jojonakimyounabouken,JoJo's Venture,,1998-01-08,00922e67345628aa08fc9618c01d8abd,883c26c12cd83e30ea75d979c40049339e04dde6,e45ec120cc8927871cc48ae6dda1366831e122bb0700492b27302677bf600583,f8a2862df3ddb8dceaf2052c86c0a23e43c7527b948cb8f39b86e257e358357b0624d7ef29b3b4059edf9007501009856007e16e0b0b8d37a445df7d62f6d2f1
jojonakimyounabouken,JoJo's Venture,,1999-01-28,00922e67345628aa08fc9618c01d8abd,883c26c12cd83e30ea75d979c40049339e04dde6,e45ec120cc8927871cc48ae6dda1366831e122bb0700492b27302677bf600583,f8a2862df3ddb8dceaf2052c86c0a23e43c7527b948cb8f39b86e257e358357b0624d7ef29b3b4059edf9007501009856007e16e0b0b8d37a445df7d62f6d2f1
jojonakimyounabouken,JoJo's Venture,,1998-12-02,00922e67345628aa08fc9618c01d8abd,883c26c12cd83e30ea75d979c40049339e04dde6,e45ec120cc8927871cc48ae6dda1366831e122bb0700492b27302677bf600583,f8a2862df3ddb8dceaf2052c86c0a23e43c7527b948cb8f39b86e257e358357b0624d7ef29b3b4059edf9007501009856007e16e0b0b8d37a445df7d62f6d2f1
jojonakimyounabouken,JoJo's Venture,,1999-01-08,00922e67345628aa08fc9618c01d8abd,883c26c12cd83e30ea75d979c40049339e04dde6,e45ec120cc8927871cc48ae6dda1366831e122bb0700492b27302677bf600583,f8a2862df3ddb8dceaf2052c86c0a23e43c7527b948cb8f39b86e257e358357b0624d7ef29b3b4059edf9007501009856007e16e0b0b8d37a445df7d62f6d2f1
jojonakimyounabouken,JoJo's Venture,,1999-01-28,00922e67345628aa08fc9618c01d8abd,883c26c12cd83e30ea75d979c40049339e04dde6,e45ec120cc8927871cc48ae6dda1366831e122bb0700492b27302677bf600583,f8a2862df3ddb8dceaf2052c86c0a23e43c7527b948cb8f39b86e257e358357b0624d7ef29b3b4059edf9007501009856007e16e0b0b8d37a445df7d62f6d2f1
jojonakimyounaboukenmeni,JoJo no Kimyō na Bōken: Mirai e no Isan,ジョジョの奇妙な冒険 未来への遺産,1999-09-13,9214edf167c273a754b69643154f9684,c5d45f24dfbd2f5318e4937b16f3cb8cb64a90b8,5be404a846a1ea8796cebf8783efd0bbe0d4f0c5ebdcb16c4e6c0931a71c516d,57c43b90d5c14f70b48e6b845c3fbf17883059143b2e1dbfdffaed9c8814dd5fee593675edad8dab04c01c0760c450b377e02a82fd25ecd4f0577675498f7001
jojonakimyounaboukenmeni,JoJo no Kimyō na Bōken: Mirai e no Isan,ジョジョの奇妙な冒険 未来への遺産,1999-09-13,9214edf167c273a754b69643154f9684,c5d45f24dfbd2f5318e4937b16f3cb8cb64a90b8,5be404a846a1ea8796cebf8783efd0bbe0d4f0c5ebdcb16c4e6c0931a71c516d,57c43b90d5c14f70b48e6b845c3fbf17883059143b2e1dbfdffaed9c8814dd5fee593675edad8dab04c01c0760c450b377e02a82fd25ecd4f0577675498f7001
jojonakimyounaboukenmeni,JoJo no Kimyō na Bōken: Mirai e no Isan,ジョジョの奇妙な冒険 未来への遺産,1999-09-27,9214edf167c273a754b69643154f9684,c5d45f24dfbd2f5318e4937b16f3cb8cb64a90b8,5be404a846a1ea8796cebf8783efd0bbe0d4f0c5ebdcb16c4e6c0931a71c516d,57c43b90d5c14f70b48e6b845c3fbf17883059143b2e1dbfdffaed9c8814dd5fee593675edad8dab04c01c0760c450b377e02a82fd25ecd4f0577675498f7001
jojonakimyounaboukenmeni,JoJo no Kimyō na Bōken: Mirai e no Isan,ジョジョの奇妙な冒険 未来への遺産,1999-09-27,9214edf167c273a754b69643154f9684,c5d45f24dfbd2f5318e4937b16f3cb8cb64a90b8,5be404a846a1ea8796cebf8783efd0bbe0d4f0c5ebdcb16c4e6c0931a71c516d,57c43b90d5c14f70b48e6b845c3fbf17883059143b2e1dbfdffaed9c8814dd5fee593675edad8dab04c01c0760c450b377e02a82fd25ecd4f0577675498f7001
jojonakimyounaboukenmeni,JoJo's Bizarre Adventure,,1999-09-13,9214edf167c273a754b69643154f9684,c5d45f24dfbd2f5318e4937b16f3cb8cb64a90b8,5be404a846a1ea8796cebf8783efd0bbe0d4f0c5ebdcb16c4e6c0931a71c516d,57c43b90d5c14f70b48e6b845c3fbf17883059143b2e1dbfdffaed9c8814dd5fee593675edad8dab04c01c0760c450b377e02a82fd25ecd4f0577675498f7001
jojonakimyounaboukenmeni,JoJo's Bizarre Adventure,,1999-09-13,9214edf167c273a754b69643154f9684,c5d45f24dfbd2f5318e4937b16f3cb8cb64a90b8,5be404a846a1ea8796cebf8783efd0bbe0d4f0c5ebdcb16c4e6c0931a71c516d,57c43b90d5c14f70b48e6b845c3fbf17883059143b2e1dbfdffaed9c8814dd5fee593675edad8dab04c01c0760c450b377e02a82fd25ecd4f0577675498f7001
jojonakimyounaboukenmeni,JoJo's Bizarre Adventure,,1999-09-27,9214edf167c273a754b69643154f9684,c5d45f24dfbd2f5318e4937b16f3cb8cb64a90b8,5be404a846a1ea8796cebf8783efd0bbe0d4f0c5ebdcb16c4e6c0931a71c516d,57c43b90d5c14f70b48e6b845c3fbf17883059143b2e1dbfdffaed9c8814dd5fee593675edad8dab04c01c0760c450b377e02a82fd25ecd4f0577675498f7001
jojonakimyounaboukenmeni,JoJo's Bizarre Adventure,,1999-09-27,9214edf167c273a754b69643154f9684,c5d45f24dfbd2f5318e4937b16f3cb8cb64a90b8,5be404a846a1ea8796cebf8783efd0bbe0d4f0c5ebdcb16c4e6c0931a71c516d,57c43b90d5c14f70b48e6b845c3fbf17883059143b2e1dbfdffaed9c8814dd5fee593675edad8dab04c01c0760c450b377e02a82fd25ecd4f0577675498f7001
kenseimogura,Ken Sei Mogura: Street Fighter II,拳聖土竜 Street Fighter II,1994-04-18,02bacb42325473a484e8da239f196b93,c3278721ce6e8f70e357b00700228a126a77086d,b056a05b0a1832e72779329cd3ce80936d3799daf561bd57729308d73808da3f,7056a1ce79b30efa06638897fa17165d12fff0ab37f185628f4711c9aac3697f69cc4bdfc6d2fd8d112f6a39d45ff29490ee6237a66147a660345f8611c07b7c
knightsoftheround,Knights of the Round,,1991-11-27,defb93bebb1fe6ba9afdeb454c499315,1adbe7c5435f9dccec192ba35aa08e8c0650ad95,bda01ffbf75c30d6ec2a4456d00a087cbe9dadf36e0aa8ad740a1ce118cb2c20,1e650a2bad5b3fed0846a3448ee983b832ac5dd2726ceb0a1a935d53c0d6d53628aaf9c79b46b36e86567ac3d8c67a06f7df9f1e2e620e8f1fdd12042cf6b14f
knightsoftheround,Knights of the Round,,1991-11-27,defb93bebb1fe6ba9afdeb454c499315,1adbe7c5435f9dccec192ba35aa08e8c0650ad95,bda01ffbf75c30d6ec2a4456d00a087cbe9dadf36e0aa8ad740a1ce118cb2c20,1e650a2bad5b3fed0846a3448ee983b832ac5dd2726ceb0a1a935d53c0d6d53628aaf9c79b46b36e86567ac3d8c67a06f7df9f1e2e620e8f1fdd12042cf6b14f
knightsoftheround,Knights of the Round,,1991-11-27,defb93bebb1fe6ba9afdeb454c499315,1adbe7c5435f9dccec192ba35aa08e8c0650ad95,bda01ffbf75c30d6ec2a4456d00a087cbe9dadf36e0aa8ad740a1ce118cb2c20,1e650a2bad5b3fed0846a3448ee983b832ac5dd2726ceb0a1a935d53c0d6d53628aaf9c79b46b36e86567ac3d8c67a06f7df9f1e2e620e8f1fdd12042cf6b14f
knightsoftheround,Knights of the Round,,1991-11-27,defb93bebb1fe6ba9afdeb454c499315,1adbe7c5435f9dccec192ba35aa08e8c0650ad95,bda01ffbf75c30d6ec2a4456d00a087cbe9dadf36e0aa8ad740a1ce118cb2c20,1e650a2bad5b3fed0846a3448ee983b832ac5dd2726ceb0a1a935d53c0d6d53628aaf9c79b46b36e86567ac3d8c67a06f7df9f1e2e620e8f1fdd12042cf6b14f
knightsoftheround,Knights of the Round,,1995,,,,
lostworlds,Lost Worlds,,1988-05-13,410c47d45028f36b85084e7c614e2d46,32ebaa25ad5189d05321019c728d61d7c09e8247,9181cb60bc9b3dfa5b7bc72f845778d5aa81e312c6b584d8826163e9bbd5915a,83bff54b5b17850853e4b8f3ec56fd00d2523dc10fc8fd1f4d49b7321936f2a231a686b513d3f64de77d55efad4234eb655bad17d8825d3736aa50b153c1436c
lostworlds,Lost Worlds,,1988-07,410c47d45028f36b85084e7c614e2d46,32ebaa25ad5189d05321019c728d61d7c09e8247,9181cb60bc9b3dfa5b7bc72f845778d5aa81e312c6b584d8826163e9bbd5915a,83bff54b5b17850853e4b8f3ec56fd00d2523dc10fc8fd1f4d49b7321936f2a231a686b513d3f64de77d55efad4234eb655bad17d8825d3736aa50b153c1436c
lostworlds,Forgotten Worlds,,1988,410c47d45028f36b85084e7c614e2d46,32ebaa25ad5189d05321019c728d61d7c09e8247,9181cb60bc9b3dfa5b7bc72f845778d5aa81e312c6b584d8826163e9bbd5915a,83bff54b5b17850853e4b8f3ec56fd00d2523dc10fc8fd1f4d49b7321936f2a231a686b513d3f64de77d55efad4234eb655bad17d8825d3736aa50b153c1436c
lostworlds,Forgotten Worlds,,1988-05,410c47d45028f36b85084e7c614e2d46,32ebaa25ad5189d05321019c728d61d7c09e8247,9181cb60bc9b3dfa5b7bc72f845778d5aa81e312c6b584d8826163e9bbd5915a,83bff54b5b17850853e4b8f3ec56fd00d2523dc10fc8fd1f4d49b7321936f2a231a686b513d3f64de77d55efad4234eb655bad17d8825d3736aa50b153c1436c
lostworlds,Forgotten Worlds,,1988-05,410c47d45028f36b85084e7c614e2d46,32ebaa25ad5189d05321019c728d61d7c09e8247,9181cb60bc9b3dfa5b7bc72f845778d5aa81e312c6b584d8826163e9bbd5915a,83bff54b5b17850853e4b8f3ec56fd00d2523dc10fc8fd1f4d49b7321936f2a231a686b513d3f64de77d55efad4234eb655bad17d8825d3736aa50b153c1436c
lostworlds,Forgotten Worlds,,1988-05,410c47d45028f36b85084e7c614e2d46,32ebaa25ad5189d05321019c728d61d7c09e8247,9181cb60bc9b3dfa5b7bc72f845778d5aa81e312c6b584d8826163e9bbd5915a,83bff54b5b17850853e4b8f3ec56fd00d2523dc10fc8fd1f4d49b7321936f2a231a686b513d3f64de77d55efad4234eb655bad17d8825d3736aa50b153c1436c
lostworlds,Forgotten Worlds,,1988-05,410c47d45028f36b85084e7c614e2d46,32ebaa25ad5189d05321019c728d61d7c09e8247,9181cb60bc9b3dfa5b7bc72f845778d5aa81e312c6b584d8826163e9bbd5915a,83bff54b5b17850853e4b8f3ec56fd00d2523dc10fc8fd1f4d49b7321936f2a231a686b513d3f64de77d55efad4234eb655bad17d8825d3736aa50b153c1436c
lostworlds,Forgotten Worlds,,1988-05,410c47d45028f36b85084e7c614e2d46,32ebaa25ad5189d05321019c728d61d7c09e8247,9181cb60bc9b3dfa5b7bc72f845778d5aa81e312c6b584d8826163e9bbd5915a,83bff54b5b17850853e4b8f3ec56fd00d2523dc10fc8fd1f4d49b7321936f2a231a686b513d3f64de77d55efad4234eb655bad17d8825d3736aa50b153c1436c
lostworlds,Forgotten Worlds,,1988-05-13,410c47d45028f36b85084e7c614e2d46,32ebaa25ad5189d05321019c728d61d7c09e8247,9181cb60bc9b3dfa5b7bc72f845778d5aa81e312c6b584d8826163e9bbd5915a,83bff54b5b17850853e4b8f3ec56fd00d2523dc10fc8fd1f4d49b7321936f2a231a686b513d3f64de77d55efad4234eb655bad17d8825d3736aa50b153c1436c
lostworlds,Forgotten Worlds,,1988-05,410c47d45028f36b85084e7c614e2d46,32ebaa25ad5189d05321019c728d61d7c09e8247,9181cb60bc9b3dfa5b7bc72f845778d5aa81e312c6b584d8826163e9bbd5915a,83bff54b5b17850853e4b8f3ec56fd00d2523dc10fc8fd1f4d49b7321936f2a231a686b513d3f64de77d55efad4234eb655bad17d8825d3736aa50b153c1436c
magicsword,Magic Sword,,1990-06-23,0d7b70ced27b0d03572ce528e66bb910,eda0cfe04daa64ac9ee9d811bcb75694758c7c67,bb816397b11f227a56990a2ac7e23220918c94e5c8c83006ed222dd63de6c2a9,90c65b847b934cdd19597b7475a4a998625d8cf5694accac8aa8a80a66e15cc8bb6024f40e69e96002475192e29e8146006c7b3e13d5a46c9165a61165cafca1
magicsword,Magic Sword: Heroic Fantasy,,1990-07-25,0d7b70ced27b0d03572ce528e66bb910,eda0cfe04daa64ac9ee9d811bcb75694758c7c67,bb816397b11f227a56990a2ac7e23220918c94e5c8c83006ed222dd63de6c2a9,90c65b847b934cdd19597b7475a4a998625d8cf5694accac8aa8a80a66e15cc8bb6024f40e69e96002475192e29e8146006c7b3e13d5a46c9165a61165cafca1
magicsword,Magic Sword: Heroic Fantasy,,1990-06-23,0d7b70ced27b0d03572ce528e66bb910,eda0cfe04daa64ac9ee9d811bcb75694758c7c67,bb816397b11f227a56990a2ac7e23220918c94e5c8c83006ed222dd63de6c2a9,90c65b847b934cdd19597b7475a4a998625d8cf5694accac8aa8a80a66e15cc8bb6024f40e69e96002475192e29e8146006c7b3e13d5a46c9165a61165cafca1
magicsword,Magic Sword: Heroic Fantasy,,1990-07-25,0d7b70ced27b0d03572ce528e66bb910,eda0cfe04daa64ac9ee9d811bcb75694758c7c67,bb816397b11f227a56990a2ac7e23220918c94e5c8c83006ed222dd63de6c2a9,90c65b847b934cdd19597b7475a4a998625d8cf5694accac8aa8a80a66e15cc8bb6024f40e69e96002475192e29e8146006c7b3e13d5a46c9165a61165cafca1
magicalpumpkin,Magical Pumpkin: Puroland de Daibōken,マジカルパンプキン ピューロランドでだいぼうけん,1996-10-31,0ae04d60a3d9713b061b4a52a9f90193,80b4136ee031c3025f157b66c92a99b456427e0d,550ae2b020ad1554b21d823ddeef98b53d7e8a9e74040d06d1a74c241b471174,563c94b558e40c1ddae01758ff21e0f11cbdf21c905d04829e86ad8e79c36bc1a6205e32d30af7f32863559f2535bceeb9888b3e805166fc72c50e0aa7db1980
makaimura,Makaimura,魔界村,1985,940e148ff796c5bad816672a5ecf07d8,bfc4908c7381ae9a87eb8fb36ab646f1189448eb,8531a703582f2fd53d02c551a47d2ded74f5ca2877a9b3bc391a6284eccc4f2f,c1e2691716f3de9dda8c0eeacdea6bf71c495da2f0ac8b0cc6ddc5a82ac23c59aff64d4eccd44aeaa18474597b3f23a86605320fe7e17c5903a8c51c5805a054
makaimura,Makaimura,魔界村,1985,940e148ff796c5bad816672a5ecf07d8,bfc4908c7381ae9a87eb8fb36ab646f1189448eb,8531a703582f2fd53d02c551a47d2ded74f5ca2877a9b3bc391a6284eccc4f2f,c1e2691716f3de9dda8c0eeacdea6bf71c495da2f0ac8b0cc6ddc5a82ac23c59aff64d4eccd44aeaa18474597b3f23a86605320fe7e17c5903a8c51c5805a054
makaimura,Makaimura,魔界村,1985,940e148ff796c5bad816672a5ecf07d8,bfc4908c7381ae9a87eb8fb36ab646f1189448eb,8531a703582f2fd53d02c551a47d2ded74f5ca2877a9b3bc391a6284eccc4f2f,c1e2691716f3de9dda8c0eeacdea6bf71c495da2f0ac8b0cc6ddc5a82ac23c59aff64d4eccd44aeaa18474597b3f23a86605320fe7e17c5903a8c51c5805a054
makaimura,Ghosts'n Goblins,,1985,940e148ff796c5bad816672a5ecf07d8,bfc4908c7381ae9a87eb8fb36ab646f1189448eb,8531a703582f2fd53d02c551a47d2ded74f5ca2877a9b3bc391a6284eccc4f2f,c1e2691716f3de9dda8c0eeacdea6bf71c495da2f0ac8b0cc6ddc5a82ac23c59aff64d4eccd44aeaa18474597b3f23a86605320fe7e17c5903a8c51c5805a054
makaimura,Ghosts'n Goblins,,1985,940e148ff796c5bad816672a5ecf07d8,bfc4908c7381ae9a87eb8fb36ab646f1189448eb,8531a703582f2fd53d02c551a47d2ded74f5ca2877a9b3bc391a6284eccc4f2f,c1e2691716f3de9dda8c0eeacdea6bf71c495da2f0ac8b0cc6ddc5a82ac23c59aff64d4eccd44aeaa18474597b3f23a86605320fe7e17c5903a8c51c5805a054
makaimura,Ghosts'n Goblins,,1985,940e148ff796c5bad816672a5ecf07d8,bfc4908c7381ae9a87eb8fb36ab646f1189448eb,8531a703582f2fd53d02c551a47d2ded74f5ca2877a9b3bc391a6284eccc4f2f,c1e2691716f3de9dda8c0eeacdea6bf71c495da2f0ac8b0cc6ddc5a82ac23c59aff64d4eccd44aeaa18474597b3f23a86605320fe7e17c5903a8c51c5805a054
makaimura,Ghosts'n Goblins,,1985,940e148ff796c5bad816672a5ecf07d8,bfc4908c7381ae9a87eb8fb36ab646f1189448eb,8531a703582f2fd53d02c551a47d2ded74f5ca2877a9b3bc391a6284eccc4f2f,c1e2691716f3de9dda8c0eeacdea6bf71c495da2f0ac8b0cc6ddc5a82ac23c59aff64d4eccd44aeaa18474597b3f23a86605320fe7e17c5903a8c51c5805a054
makaimura,Ghosts'n Goblins,,1985,940e148ff796c5bad816672a5ecf07d8,bfc4908c7381ae9a87eb8fb36ab646f1189448eb,8531a703582f2fd53d02c551a47d2ded74f5ca2877a9b3bc391a6284eccc4f2f,c1e2691716f3de9dda8c0eeacdea6bf71c495da2f0ac8b0cc6ddc5a82ac23c59aff64d4eccd44aeaa18474597b3f23a86605320fe7e17c5903a8c51c5805a054
makaimura,Ghosts'n Goblins (with Cross),,1985,940e148ff796c5bad816672a5ecf07d8,bfc4908c7381ae9a87eb8fb36ab646f1189448eb,8531a703582f2fd53d02c551a47d2ded74f5ca2877a9b3bc391a6284eccc4f2f,c1e2691716f3de9dda8c0eeacdea6bf71c495da2f0ac8b0cc6ddc5a82ac23c59aff64d4eccd44aeaa18474597b3f23a86605320fe7e17c5903a8c51c5805a054
makaimura,Ghosts'n Goblins (Harder),,1985,940e148ff796c5bad816672a5ecf07d8,bfc4908c7381ae9a87eb8fb36ab646f1189448eb,8531a703582f2fd53d02c551a47d2ded74f5ca2877a9b3bc391a6284eccc4f2f,c1e2691716f3de9dda8c0eeacdea6bf71c495da2f0ac8b0cc6ddc5a82ac23c59aff64d4eccd44aeaa18474597b3f23a86605320fe7e17c5903a8c51c5805a054
marsmatrix,Mars Matrix,,2000-04-12,c0b827b3ac2154390f97bb88f5827be2,718e92acfb195cf0abe0ac4760ca1e7d87aa35f3,feb694ba16432a1a5b9cb5409b219cea2f7c393552abd7677d38b27312b136ff,2c443af2bcfbd7ae06f1357e8dd86d0dcc6e376a7af068adee3d18646abeb82986b15d60662a8e0406c4fae46b8e2950acb4092c0443db572eda737484d87dc8
marsmatrix,Mars Matrix: Hyper Solid Shooting,,2000-04-12,c0b827b3ac2154390f97bb88f5827be2,718e92acfb195cf0abe0ac4760ca1e7d87aa35f3,feb694ba16432a1a5b9cb5409b219cea2f7c393552abd7677d38b27312b136ff,2c443af2bcfbd7ae06f1357e8dd86d0dcc6e376a7af068adee3d18646abeb82986b15d60662a8e0406c4fae46b8e2950acb4092c0443db572eda737484d87dc8
marsmatrix,Mars Matrix: Hyper Solid Shooting,,2000-04-12,c0b827b3ac2154390f97bb88f5827be2,718e92acfb195cf0abe0ac4760ca1e7d87aa35f3,feb694ba16432a1a5b9cb5409b219cea2f7c393552abd7677d38b27312b136ff,2c443af2bcfbd7ae06f1357e8dd86d0dcc6e376a7af068adee3d18646abeb82986b15d60662a8e0406c4fae46b8e2950acb4092c0443db572eda737484d87dc8
marsmatrix,Mars Matrix: Hyper Solid Shooting (Phoenix Edition),,2000-04-12,c0b827b3ac2154390f97bb88f5827be2,718e92acfb195cf0abe0ac4760ca1e7d87aa35f3,feb694ba16432a1a5b9cb5409b219cea2f7c393552abd7677d38b27312b136ff,2c443af2bcfbd7ae06f1357e8dd86d0dcc6e376a7af068adee3d18646abeb82986b15d60662a8e0406c4fae46b8e2950acb4092c0443db572eda737484d87dc8
marvelsuperheroes,Marvel Super Heroes,,1995-10-24,1c5256ccac5753606ff60beb0fbdc96a,cdd33db6d541c1ad74fc3f7351c79024e6212f89,6d46c20f2678ec2e1bb28daa4dfd9b609f42595d0d7c33268f6fb2d8ead699b8,1720575f4fd460e19256214b2084689ef47bfacd24a8f49b170596302f632cf1c272d08a8dfe0875447ae6f428862bdc10dce7340aeaff33a4a24ceefbd0a818
marvelsuperheroes,Marvel Super Heroes,,1995-11-17,1c5256ccac5753606ff60beb0fbdc96a,cdd33db6d541c1ad74fc3f7351c79024e6212f89,6d46c20f2678ec2e1bb28daa4dfd9b609f42595d0d7c33268f6fb2d8ead699b8,1720575f4fd460e19256214b2084689ef47bfacd24a8f49b170596302f632cf1c272d08a8dfe0875447ae6f428862bdc10dce7340aeaff33a4a24ceefbd0a818
marvelsuperheroes,Marvel Super Heroes,,1995-10-24,1c5256ccac5753606ff60beb0fbdc96a,cdd33db6d541c1ad74fc3f7351c79024e6212f89,6d46c20f2678ec2e1bb28daa4dfd9b609f42595d0d7c33268f6fb2d8ead699b8,1720575f4fd460e19256214b2084689ef47bfacd24a8f49b170596302f632cf1c272d08a8dfe0875447ae6f428862bdc10dce7340aeaff33a4a24ceefbd0a818
marvelsuperheroes,Marvel Super Heroes,,1995-10-24,1c5256ccac5753606ff60beb0fbdc96a,cdd33db6d541c1ad74fc3f7351c79024e6212f89,6d46c20f2678ec2e1bb28daa4dfd9b609f42595d0d7c33268f6fb2d8ead699b8,1720575f4fd460e19256214b2084689ef47bfacd24a8f49b170596302f632cf1c272d08a8dfe0875447ae6f428862bdc10dce7340aeaff33a4a24ceefbd0a818
marvelsuperheroes,Marvel Super Heroes (Phoenix Edition),,1995-10-24,1c5256ccac5753606ff60beb0fbdc96a,cdd33db6d541c1ad74fc3f7351c79024e6212f89,6d46c20f2678ec2e1bb28daa4dfd9b609f42595d0d7c33268f6fb2d8ead699b8,1720575f4fd460e19256214b2084689ef47bfacd24a8f49b170596302f632cf1c272d08a8dfe0875447ae6f428862bdc10dce7340aeaff33a4a24ceefbd0a818
marvelsuperheroes,Marvel Super Heroes,,1995-11-17,1c5256ccac5753606ff60beb0fbdc96a,cdd33db6d541c1ad74fc3f7351c79024e6212f89,6d46c20f2678ec2e1bb28daa4dfd9b609f42595d0d7c33268f6fb2d8ead699b8,1720575f4fd460e19256214b2084689ef47bfacd24a8f49b170596302f632cf1c272d08a8dfe0875447ae6f428862bdc10dce7340aeaff33a4a24ceefbd0a818
marvelsuperheroes,Marvel Super Heroes,,1995-10-24,1c5256ccac5753606ff60beb0fbdc96a,cdd33db6d541c1ad74fc3f7351c79024e6212f89,6d46c20f2678ec2e1bb28daa4dfd9b609f42595d0d7c33268f6fb2d8ead699b8,1720575f4fd460e19256214b2084689ef47bfacd24a8f49b170596302f632cf1c272d08a8dfe0875447ae6f428862bdc10dce7340aeaff33a4a24ceefbd0a818
marvelsuperheroes,Marvel Super Heroes,,1995-11-17,1c5256ccac5753606ff60beb0fbdc96a,cdd33db6d541c1ad74fc3f7351c79024e6212f89,6d46c20f2678ec2e1bb28daa4dfd9b609f42595d0d7c33268f6fb2d8ead699b8,1720575f4fd460e19256214b2084689ef47bfacd24a8f49b170596302f632cf1c272d08a8dfe0875447ae6f428862bdc10dce7340aeaff33a4a24ceefbd0a818
marvelsuperheroes,Marvel Super Heroes,,1995-10-24,1c5256ccac5753606ff60beb0fbdc96a,cdd33db6d541c1ad74fc3f7351c79024e6212f89,6d46c20f2678ec2e1bb28daa4dfd9b609f42595d0d7c33268f6fb2d8ead699b8,1720575f4fd460e19256214b2084689ef47bfacd24a8f49b170596302f632cf1c272d08a8dfe0875447ae6f428862bdc10dce7340aeaff33a4a24ceefbd0a818
marvelsuperheroesvsstreetfighter,Marvel Super Heroes vs. Street Fighter,,1997-06-25,5a52d147e295de669239f60e5df3b9cc,dc03e1ec0e622b9fc7f19a8b8ced5771162c01ec,29e6c2de20d246ddba803cfd748b0655037f7e2745d46aab3da2e89d7eac9a7d,6475c986f3ef8cffe4ccc117787709f7b6c262634ac4214c7d2bf70a79821b2add434dac529e70b4f2168e2ef6d0d4bf6e5b37afd1e67f7def055e8ad391b5db
marvelsuperheroesvsstreetfighter,Marvel Super Heroes vs. Street Fighter,,1997-07-02,5a52d147e295de669239f60e5df3b9cc,dc03e1ec0e622b9fc7f19a8b8ced5771162c01ec,29e6c2de20d246ddba803cfd748b0655037f7e2745d46aab3da2e89d7eac9a7d,6475c986f3ef8cffe4ccc117787709f7b6c262634ac4214c7d2bf70a79821b2add434dac529e70b4f2168e2ef6d0d4bf6e5b37afd1e67f7def055e8ad391b5db
marvelsuperheroesvsstreetfighter,Marvel Super Heroes vs. Street Fighter,,1997-07-07,5a52d147e295de669239f60e5df3b9cc,dc03e1ec0e622b9fc7f19a8b8ced5771162c01ec,29e6c2de20d246ddba803cfd748b0655037f7e2745d46aab3da2e89d7eac9a7d,6475c986f3ef8cffe4ccc117787709f7b6c262634ac4214c7d2bf70a79821b2add434dac529e70b4f2168e2ef6d0d4bf6e5b37afd1e67f7def055e8ad391b5db
marvelsuperheroesvsstreetfighter,Marvel Super Heroes vs. Street Fighter,,1997-06-20,5a52d147e295de669239f60e5df3b9cc,dc03e1ec0e622b9fc7f19a8b8ced5771162c01ec,29e6c2de20d246ddba803cfd748b0655037f7e2745d46aab3da2e89d7eac9a7d,6475c986f3ef8cffe4ccc117787709f7b6c262634ac4214c7d2bf70a79821b2add434dac529e70b4f2168e2ef6d0d4bf6e5b37afd1e67f7def055e8ad391b5db
marvelsuperheroesvsstreetfighter,Marvel Super Heroes vs. Street Fighter,,1997-06-25,5a52d147e295de669239f60e5df3b9cc,dc03e1ec0e622b9fc7f19a8b8ced5771162c01ec,29e6c2de20d246ddba803cfd748b0655037f7e2745d46aab3da2e89d7eac9a7d,6475c986f3ef8cffe4ccc117787709f7b6c262634ac4214c7d2bf70a79821b2add434dac529e70b4f2168e2ef6d0d4bf6e5b37afd1e67f7def055e8ad391b5db
marvelsuperheroesvsstreetfighter,Marvel Super Heroes vs. Street Fighter,,1997-06-25,5a52d147e295de669239f60e5df3b9cc,dc03e1ec0e622b9fc7f19a8b8ced5771162c01ec,29e6c2de20d246ddba803cfd748b0655037f7e2745d46aab3da2e89d7eac9a7d,6475c986f3ef8cffe4ccc117787709f7b6c262634ac4214c7d2bf70a79821b2add434dac529e70b4f2168e2ef6d0d4bf6e5b37afd1e67f7def055e8ad391b5db
marvelsuperheroesvsstreetfighter,Marvel Super Heroes vs. Street Fighter,,1997-08-27,5a52d147e295de669239f60e5df3b9cc,dc03e1ec0e622b9fc7f19a8b8ced5771162c01ec,29e6c2de20d246ddba803cfd748b0655037f7e2745d46aab3da2e89d7eac9a7d,6475c986f3ef8cffe4ccc117787709f7b6c262634ac4214c7d2bf70a79821b2add434dac529e70b4f2168e2ef6d0d4bf6e5b37afd1e67f7def055e8ad391b5db
marvelsuperheroesvsstreetfighter,Marvel Super Heroes vs. Street Fighter (Phoenix Edition),,1997-06-25,5a52d147e295de669239f60e5df3b9cc,dc03e1ec0e622b9fc7f19a8b8ced5771162c01ec,29e6c2de20d246ddba803cfd748b0655037f7e2745d46aab3da2e89d7eac9a7d,6475c986f3ef8cffe4ccc117787709f7b6c262634ac4214c7d2bf70a79821b2add434dac529e70b4f2168e2ef6d0d4bf6e5b37afd1e67f7def055e8ad391b5db
marvelsuperheroesvsstreetfighter,Marvel Super Heroes vs. Street Fighter,,1997-06-25,5a52d147e295de669239f60e5df3b9cc,dc03e1ec0e622b9fc7f19a8b8ced5771162c01ec,29e6c2de20d246ddba803cfd748b0655037f7e2745d46aab3da2e89d7eac9a7d,6475c986f3ef8cffe4ccc117787709f7b6c262634ac4214c7d2bf70a79821b2add434dac529e70b4f2168e2ef6d0d4bf6e5b37afd1e67f7def055e8ad391b5db
marvelsuperheroesvsstreetfighter,Marvel Super Heroes vs. Street Fighter,,1997-06-25,5a52d147e295de669239f60e5df3b9cc,dc03e1ec0e622b9fc7f19a8b8ced5771162c01ec,29e6c2de20d246ddba803cfd748b0655037f7e2745d46aab3da2e89d7eac9a7d,6475c986f3ef8cffe4ccc117787709f7b6c262634ac4214c7d2bf70a79821b2add434dac529e70b4f2168e2ef6d0d4bf6e5b37afd1e67f7def055e8ad391b5db
marvelsuperheroesvsstreetfighter,Marvel Super Heroes vs. Street Fighter,,1997-08-27,5a52d147e295de669239f60e5df3b9cc,dc03e1ec0e622b9fc7f19a8b8ced5771162c01ec,29e6c2de20d246ddba803cfd748b0655037f7e2745d46aab3da2e89d7eac9a7d,6475c986f3ef8cffe4ccc117787709f7b6c262634ac4214c7d2bf70a79821b2add434dac529e70b4f2168e2ef6d0d4bf6e5b37afd1e67f7def055e8ad391b5db
marvelsuperheroesvsstreetfighter,Marvel Super Heroes vs. Street Fighter,,1997-06-25,5a52d147e295de669239f60e5df3b9cc,dc03e1ec0e622b9fc7f19a8b8ced5771162c01ec,29e6c2de20d246ddba803cfd748b0655037f7e2745d46aab3da2e89d7eac9a7d,6475c986f3ef8cffe4ccc117787709f7b6c262634ac4214c7d2bf70a79821b2add434dac529e70b4f2168e2ef6d0d4bf6e5b37afd1e67f7def055e8ad391b5db
marvelvscapcom,Marvel vs. CAPCOM: Clash of Super Heroes,,1998-01-12,e286da0cd2439723169d45f40165c455,33d6d6f7237deb9438931b55628edf4018799f89,4fa282121abe3d593caa9fe79ae9934b30e754026b6c9e3a2f14cabe9eb3b55c,34ccb1d241c9abb033ac06bbd35dda01afc10059032dcf1c0d37f79a1dd0e63d57eef1a73c48cb661fc778d2b2c1f95e059211fdceef6ac2048ac55a0e71640a
marvelvscapcom,Marvel vs. CAPCOM: Clash of Super Heroes,,1998-01-23,e286da0cd2439723169d45f40165c455,33d6d6f7237deb9438931b55628edf4018799f89,4fa282121abe3d593caa9fe79ae9934b30e754026b6c9e3a2f14cabe9eb3b55c,34ccb1d241c9abb033ac06bbd35dda01afc10059032dcf1c0d37f79a1dd0e63d57eef1a73c48cb661fc778d2b2c1f95e059211fdceef6ac2048ac55a0e71640a
marvelvscapcom,Marvel vs. CAPCOM: Clash of Super Heroes,,1998-01-23,e286da0cd2439723169d45f40165c455,33d6d6f7237deb9438931b55628edf4018799f89,4fa282121abe3d593caa9fe79ae9934b30e754026b6c9e3a2f14cabe9eb3b55c,34ccb1d241c9abb033ac06bbd35dda01afc10059032dcf1c0d37f79a1dd0e63d57eef1a73c48cb661fc778d2b2c1f95e059211fdceef6ac2048ac55a0e71640a
marvelvscapcom,Marvel vs. CAPCOM: Clash of Super Heroes,,1998-01-12,e286da0cd2439723169d45f40165c455,33d6d6f7237deb9438931b55628edf4018799f89,4fa282121abe3d593caa9fe79ae9934b30e754026b6c9e3a2f14cabe9eb3b55c,34ccb1d241c9abb033ac06bbd35dda01afc10059032dcf1c0d37f79a1dd0e63d57eef1a73c48cb661fc778d2b2c1f95e059211fdceef6ac2048ac55a0e71640a
marvelvscapcom,Marvel vs. CAPCOM: Clash of Super Heroes,,1998-01-23,e286da0cd2439723169d45f40165c455,33d6d6f7237deb9438931b55628edf4018799f89,4fa282121abe3d593caa9fe79ae9934b30e754026b6c9e3a2f14cabe9eb3b55c,34ccb1d241c9abb033ac06bbd35dda01afc10059032dcf1c0d37f79a1dd0e63d57eef1a73c48cb661fc778d2b2c1f95e059211fdceef6ac2048ac55a0e71640a
marvelvscapcom,Marvel vs. CAPCOM: Clash of Super Heroes,,1997-12-22,e286da0cd2439723169d45f40165c455,33d6d6f7237deb9438931b55628edf4018799f89,4fa282121abe3d593caa9fe79ae9934b30e754026b6c9e3a2f14cabe9eb3b55c,34ccb1d241c9abb033ac06bbd35dda01afc10059032dcf1c0d37f79a1dd0e63d57eef1a73c48cb661fc778d2b2c1f95e059211fdceef6ac2048ac55a0e71640a
marvelvscapcom,Marvel vs. CAPCOM: Clash of Super Heroes,,1998-01-23,e286da0cd2439723169d45f40165c455,33d6d6f7237deb9438931b55628edf4018799f89,4fa282121abe3d593caa9fe79ae9934b30e754026b6c9e3a2f14cabe9eb3b55c,34ccb1d241c9abb033ac06bbd35dda01afc10059032dcf1c0d37f79a1dd0e63d57eef1a73c48cb661fc778d2b2c1f95e059211fdceef6ac2048ac55a0e71640a
marvelvscapcom,Marvel vs. CAPCOM: Clash of Super Heroes (Phoenix Edition),,1998-01-23,e286da0cd2439723169d45f40165c455,33d6d6f7237deb9438931b55628edf4018799f89,4fa282121abe3d593caa9fe79ae9934b30e754026b6c9e3a2f14cabe9eb3b55c,34ccb1d241c9abb033ac06bbd35dda01afc10059032dcf1c0d37f79a1dd0e63d57eef1a73c48cb661fc778d2b2c1f95e059211fdceef6ac2048ac55a0e71640a
marvelvscapcom,Marvel vs. CAPCOM: Clash of Super Heroes,,1998-01-23,e286da0cd2439723169d45f40165c455,33d6d6f7237deb9438931b55628edf4018799f89,4fa282121abe3d593caa9fe79ae9934b30e754026b6c9e3a2f14cabe9eb3b55c,34ccb1d241c9abb033ac06bbd35dda01afc10059032dcf1c0d37f79a1dd0e63d57eef1a73c48cb661fc778d2b2c1f95e059211fdceef6ac2048ac55a0e71640a
marvelvscapcom,Marvel vs. CAPCOM: Clash of Super Heroes,,1998-01-23,e286da0cd2439723169d45f40165c455,33d6d6f7237deb9438931b55628edf4018799f89,4fa282121abe3d593caa9fe79ae9934b30e754026b6c9e3a2f14cabe9eb3b55c,34ccb1d241c9abb033ac06bbd35dda01afc10059032dcf1c0d37f79a1dd0e63d57eef1a73c48cb661fc778d2b2c1f95e059211fdceef6ac2048ac55a0e71640a
marvelvscapcom,Marvel vs. CAPCOM: Clash of Super Heroes,,1998-01-12,e286da0cd2439723169d45f40165c455,33d6d6f7237deb9438931b55628edf4018799f89,4fa282121abe3d593caa9fe79ae9934b30e754026b6c9e3a2f14cabe9eb3b55c,34ccb1d241c9abb033ac06bbd35dda01afc10059032dcf1c0d37f79a1dd0e63d57eef1a73c48cb661fc778d2b2c1f95e059211fdceef6ac2048ac55a0e71640a
marvelvscapcom,Marvel vs. CAPCOM: Clash of Super Heroes,,1998-01-23,e286da0cd2439723169d45f40165c455,33d6d6f7237deb9438931b55628edf4018799f89,4fa282121abe3d593caa9fe79ae9934b30e754026b6c9e3a2f14cabe9eb3b55c,34ccb1d241c9abb033ac06bbd35dda01afc10059032dcf1c0d37f79a1dd0e63d57eef1a73c48cb661fc778d2b2c1f95e059211fdceef6ac2048ac55a0e71640a
mightypang,Mighty! Pang,,2000-10-11,d0360f4d43324bcf60dd3da72fb7aa2a,f50f1d7cf8148fd91cdac40dc09cb468dd282f04,af72ee893852313bc5db20e61bf5a145936ef109ad6db6252693641cabdba317,2aff634af579fe4ca666bb02dc5e20af8e7a78d427ba217b80eb9d666a0f36ac635a1c1ff9221ab8393b82e8695996a32cf824ec2e8d0dd7dee6bb93af622da1
mightypang,Mighty! Pang,,2000-10-10,d0360f4d43324bcf60dd3da72fb7aa2a,f50f1d7cf8148fd91cdac40dc09cb468dd282f04,af72ee893852313bc5db20e61bf5a145936ef109ad6db6252693641cabdba317,2aff634af579fe4ca666bb02dc5e20af8e7a78d427ba217b80eb9d666a0f36ac635a1c1ff9221ab8393b82e8695996a32cf824ec2e8d0dd7dee6bb93af622da1
mightypang,Mighty! Pang,,2000-10-10,d0360f4d43324bcf60dd3da72fb7aa2a,f50f1d7cf8148fd91cdac40dc09cb468dd282f04,af72ee893852313bc5db20e61bf5a145936ef109ad6db6252693641cabdba317,2aff634af579fe4ca666bb02dc5e20af8e7a78d427ba217b80eb9d666a0f36ac635a1c1ff9221ab8393b82e8695996a32cf824ec2e8d0dd7dee6bb93af622da1
mightypang,Mighty! Pang,,2000-09-25,d0360f4d43324bcf60dd3da72fb7aa2a,f50f1d7cf8148fd91cdac40dc09cb468dd282f04,af72ee893852313bc5db20e61bf5a145936ef109ad6db6252693641cabdba317,2aff634af579fe4ca666bb02dc5e20af8e7a78d427ba217b80eb9d666a0f36ac635a1c1ff9221ab8393b82e8695996a32cf824ec2e8d0dd7dee6bb93af622da1
mightypang,Mighty! Pang,,2000-10-10,d0360f4d43324bcf60dd3da72fb7aa2a,f50f1d7cf8148fd91cdac40dc09cb468dd282f04,af72ee893852313bc5db20e61bf5a145936ef109ad6db6252693641cabdba317,2aff634af579fe4ca666bb02dc5e20af8e7a78d427ba217b80eb9d666a0f36ac635a1c1ff9221ab8393b82e8695996a32cf824ec2e8d0dd7dee6bb93af622da1
musclebomber,Muscle Bomber: The Body Explosion,,1993-07-13,c328f51f9b980aae0f3d8965228b4e5d,919c0735a98aeb627c95cd812e2994f9a5549b77,5077d04eaa67b1b768b3d74340be20d465827229588a754bde05ba96d06ce325,e7de927a5a0cfd903cb2efd145d1a17a83daf5ca98b862f55da10a67ee6f0a504cc4a2cbf3d3fdab39933da156d1c398e749299736676a4db9157e8873cc489b
musclebomber,Saturday Night Slam Masters,,1993-07-13,c328f51f9b980aae0f3d8965228b4e5d,919c0735a98aeb627c95cd812e2994f9a5549b77,5077d04eaa67b1b768b3d74340be20d465827229588a754bde05ba96d06ce325,e7de927a5a0cfd903cb2efd145d1a17a83daf5ca98b862f55da10a67ee6f0a504cc4a2cbf3d3fdab39933da156d1c398e749299736676a4db9157e8873cc489b
musclebomber,Saturday Night Slam Masters,,1993-07-13,c328f51f9b980aae0f3d8965228b4e5d,919c0735a98aeb627c95cd812e2994f9a5549b77,5077d04eaa67b1b768b3d74340be20d465827229588a754bde05ba96d06ce325,e7de927a5a0cfd903cb2efd145d1a17a83daf5ca98b862f55da10a67ee6f0a504cc4a2cbf3d3fdab39933da156d1c398e749299736676a4db9157e8873cc489b
musclebomber,Muscle Bomber: The Body Explosion,,1994,,,,
musclebomberduo,Muscle Bomber Duo: Heat Up Warriors,,1993-12-06,64bc42f64289b0c4b3cac2e9c3507071,ca753b5b51e0e6decedb8997a9c7847391bbf8e0,fad6ec9483ad56e39209e507d943934cf0a74b933e95a24ed2d017ff768a8856,8f132b0bc7a536f9b031c6b1f91fc2f86fac7e71fd798842c6931cced6c948c52494e6c1ea4e788bc81c2ce5065d20f576d0182cf1d3d6d5eb0fb564cdb9d7a9
musclebomberduo,Muscle Bomber Duo: Ultimate Team Battle,,1993-12-06,64bc42f64289b0c4b3cac2e9c3507071,ca753b5b51e0e6decedb8997a9c7847391bbf8e0,fad6ec9483ad56e39209e507d943934cf0a74b933e95a24ed2d017ff768a8856,8f132b0bc7a536f9b031c6b1f91fc2f86fac7e71fd798842c6931cced6c948c52494e6c1ea4e788bc81c2ce5065d20f576d0182cf1d3d6d5eb0fb564cdb9d7a9
musclebomberduo,Muscle Bomber Duo: Heat Up Warriors,,1995,,,,
nemo,Nemo,,1990-11-20,2653b7be2a4119d39249309014f39cbd,a81f4609a1261b6ce6d5be20c12197c8e515632e,8ba6ee930d69c8de409ff1aab8dc3645baa2f2f3c0c1a8ceb5bfa99b3034ac4e,2f2f1073ec7f7af97777fcf80bfc6722ff576be99f680a407298a862fe7e711c36677c6de5a013f1bee5c915ea1ac324963e25c0d7e20eab9e0c8d55f88513a4
nemo,Nemo,,1990-11-09,2653b7be2a4119d39249309014f39cbd,a81f4609a1261b6ce6d5be20c12197c8e515632e,8ba6ee930d69c8de409ff1aab8dc3645baa2f2f3c0c1a8ceb5bfa99b3034ac4e,2f2f1073ec7f7af97777fcf80bfc6722ff576be99f680a407298a862fe7e711c36677c6de5a013f1bee5c915ea1ac324963e25c0d7e20eab9e0c8d55f88513a4
nemo,Nemo,,1990-11-30,2653b7be2a4119d39249309014f39cbd,a81f4609a1261b6ce6d5be20c12197c8e515632e,8ba6ee930d69c8de409ff1aab8dc3645baa2f2f3c0c1a8ceb5bfa99b3034ac4e,2f2f1073ec7f7af97777fcf80bfc6722ff576be99f680a407298a862fe7e711c36677c6de5a013f1bee5c915ea1ac324963e25c0d7e20eab9e0c8d55f88513a4
pang3,Pang! 3: Kaitōtachi no Karei na Gogo,Pang! 3 怪盗たちの華麗な午後,1995-05-11,c7b0883aefbca7feead4b65b429db80d,ec068645f77f2f96d9dd129af64b3441770097f7,026e9bdf85d19b14c1c5f8d6fe064408f2f2fc661e3f745fa774d889465801d7,7cd36c94763cc0a0f9379f51a96a47d38295596eca005ff2c10037e50ba7b2da0b8528d4ec746a964c0f0bcf15cdc3ae2ef9a20aaaa1bfaecd30d5e33ecb935b
pang3,Pang! 3,,1995-05-11,c7b0883aefbca7feead4b65b429db80d,ec068645f77f2f96d9dd129af64b3441770097f7,026e9bdf85d19b14c1c5f8d6fe064408f2f2fc661e3f745fa774d889465801d7,7cd36c94763cc0a0f9379f51a96a47d38295596eca005ff2c10037e50ba7b2da0b8528d4ec746a964c0f0bcf15cdc3ae2ef9a20aaaa1bfaecd30d5e33ecb935b
pang3,Pang! 3,,1995-06-01,c7b0883aefbca7feead4b65b429db80d,ec068645f77f2f96d9dd129af64b3441770097f7,026e9bdf85d19b14c1c5f8d6fe064408f2f2fc661e3f745fa774d889465801d7,7cd36c94763cc0a0f9379f51a96a47d38295596eca005ff2c10037e50ba7b2da0b8528d4ec746a964c0f0bcf15cdc3ae2ef9a20aaaa1bfaecd30d5e33ecb935b
pirateshiphigemaru,Pirate Ship Higemaru,,1984-09,dc4cd7b57509fb15289f6984a26c7a6f,258eca8004e2921727aa34e13058e3138df384a4,0880abda92bc246006ffb361dc960af007f7ba47487c65e579824d5a2a0259ab,1f35f08081e8b7012c79536820d9b1930be1398e388cbb7e8a567b68a1ac2e09c153f671ee63d0e1119408f2635bd1288e83f2fc0ce186e77de16c3326497197
pocketfighter,Pocket Fighter,,1997-09-04,6a34a27b41118bf46214e25c3dead61b,a5c7cebd22e982a110f3798b7497b6e9a95c3015,840fcbcfa3fe8bdcd30836e17349c48b628925245c4b8008723743367b44113e,7a29a5dc192ed362db05428cc0e933218018e13d27914cd90b0af0fc7499e3eadfd4ec4d3a20692bb6071c7e7341deec9e7b1e74a422f8e36ce6b21c3fe2f937
pocketfighter,Super Gem Fighter Mini Mix,,1997-09-04,6a34a27b41118bf46214e25c3dead61b,a5c7cebd22e982a110f3798b7497b6e9a95c3015,840fcbcfa3fe8bdcd30836e17349c48b628925245c4b8008723743367b44113e,7a29a5dc192ed362db05428cc0e933218018e13d27914cd90b0af0fc7499e3eadfd4ec4d3a20692bb6071c7e7341deec9e7b1e74a422f8e36ce6b21c3fe2f937
pocketfighter,Super Gem Fighter Mini Mix,,1997-09-04,6a34a27b41118bf46214e25c3dead61b,a5c7cebd22e982a110f3798b7497b6e9a95c3015,840fcbcfa3fe8bdcd30836e17349c48b628925245c4b8008723743367b44113e,7a29a5dc192ed362db05428cc0e933218018e13d27914cd90b0af0fc7499e3eadfd4ec4d3a20692bb6071c7e7341deec9e7b1e74a422f8e36ce6b21c3fe2f937
pocketfighter,Super Gem Fighter Mini Mix (Phoenix Edition),,1997-09-04,6a34a27b41118bf46214e25c3dead61b,a5c7cebd22e982a110f3798b7497b6e9a95c3015,840fcbcfa3fe8bdcd30836e17349c48b628925245c4b8008723743367b44113e,7a29a5dc192ed362db05428cc0e933218018e13d27914cd90b0af0fc7499e3eadfd4ec4d3a20692bb6071c7e7341deec9e7b1e74a422f8e36ce6b21c3fe2f937
pocketfighter,Super Gem Fighter Mini Mix,,1997-09-04,6a34a27b41118bf46214e25c3dead61b,a5c7cebd22e982a110f3798b7497b6e9a95c3015,840fcbcfa3fe8bdcd30836e17349c48b628925245c4b8008723743367b44113e,7a29a5dc192ed362db05428cc0e933218018e13d27914cd90b0af0fc7499e3eadfd4ec4d3a20692bb6071c7e7341deec9e7b1e74a422f8e36ce6b21c3fe2f937
pokonyanballon,Pokonyan! Balloon,ポコニャン！バルーン,1994-03-22,a6a62edd097ea68dc84ede952ecc5a6c,1912800ecc321d7e31dfbb1878762ebf9ffacae2,cc2f877813ef0069507fcfff0461f77e6b0d78258216d7a40834749494cbcbda,55df85b7ca7126444ff0027d25d4e7e5c1164eb5c5ecb0352f8594fd92b0fd17ba6a4d85ee9c3de447c27b3df1dc9d38acba86a49162164d7026be0c98d6dfa2
poweredgear,Powered Gear: Strategic Variant Armor Equipment,,1994-09-16,fd07c371e68483277aa8c3c5aadc6d90,ae6994c765b6bf9d0fdb34ddd215145749b24a90,d05e68ad34d4ec95591185be07283623490bc783892c26190d2ce3fd6c68ea4c,12c54daed84da334da4000ff22d76c1eecf93a1e74cb26501ccf7bbe9fb3d71e1d3c2a3500bccf35650e96653a0f3f98d2f0f7b22c686bf8feceec8531e33eaa
poweredgear,Powered Gear: Strategic Variant Armor Equipment,,1994-10-24,fd07c371e68483277aa8c3c5aadc6d90,ae6994c765b6bf9d0fdb34ddd215145749b24a90,d05e68ad34d4ec95591185be07283623490bc783892c26190d2ce3fd6c68ea4c,12c54daed84da334da4000ff22d76c1eecf93a1e74cb26501ccf7bbe9fb3d71e1d3c2a3500bccf35650e96653a0f3f98d2f0f7b22c686bf8feceec8531e33eaa
poweredgear,Armored Warriors,,1994-09-20,fd07c371e68483277aa8c3c5aadc6d90,ae6994c765b6bf9d0fdb34ddd215145749b24a90,d05e68ad34d4ec95591185be07283623490bc783892c26190d2ce3fd6c68ea4c,12c54daed84da334da4000ff22d76c1eecf93a1e74cb26501ccf7bbe9fb3d71e1d3c2a3500bccf35650e96653a0f3f98d2f0f7b22c686bf8feceec8531e33eaa
poweredgear,Armored Warriors,,1994-10-24,fd07c371e68483277aa8c3c5aadc6d90,ae6994c765b6bf9d0fdb34ddd215145749b24a90,d05e68ad34d4ec95591185be07283623490bc783892c26190d2ce3fd6c68ea4c,12c54daed84da334da4000ff22d76c1eecf93a1e74cb26501ccf7bbe9fb3d71e1d3c2a3500bccf35650e96653a0f3f98d2f0f7b22c686bf8feceec8531e33eaa
poweredgear,Armored Warriors,,1994-09-20,fd07c371e68483277aa8c3c5aadc6d90,ae6994c765b6bf9d0fdb34ddd215145749b24a90,d05e68ad34d4ec95591185be07283623490bc783892c26190d2ce3fd6c68ea4c,12c54daed84da334da4000ff22d76c1eecf93a1e74cb26501ccf7bbe9fb3d71e1d3c2a3500bccf35650e96653a0f3f98d2f0f7b22c686bf8feceec8531e33eaa
poweredgear,Armored Warriors,,1994-10-24,fd07c371e68483277aa8c3c5aadc6d90,ae6994c765b6bf9d0fdb34ddd215145749b24a90,d05e68ad34d4ec95591185be07283623490bc783892c26190d2ce3fd6c68ea4c,12c54daed84da334da4000ff22d76c1eecf93a1e74cb26501ccf7bbe9fb3d71e1d3c2a3500bccf35650e96653a0f3f98d2f0f7b22c686bf8feceec8531e33eaa
poweredgear,Armored Warriors,,1994-10-24,fd07c371e68483277aa8c3c5aadc6d90,ae6994c765b6bf9d0fdb34ddd215145749b24a90,d05e68ad34d4ec95591185be07283623490bc783892c26190d2ce3fd6c68ea4c,12c54daed84da334da4000ff22d76c1eecf93a1e74cb26501ccf7bbe9fb3d71e1d3c2a3500bccf35650e96653a0f3f98d2f0f7b22c686bf8feceec8531e33eaa
poweredgear,Armored Warriors,,1994-10-24,fd07c371e68483277aa8c3c5aadc6d90,ae6994c765b6bf9d0fdb34ddd215145749b24a90,d05e68ad34d4ec95591185be07283623490bc783892c26190d2ce3fd6c68ea4c,12c54daed84da334da4000ff22d76c1eecf93a1e74cb26501ccf7bbe9fb3d71e1d3c2a3500bccf35650e96653a0f3f98d2f0f7b22c686bf8feceec8531e33eaa
poweredgear,Armored Warriors (Phoenix Edition),,1994-10-24,fd07c371e68483277aa8c3c5aadc6d90,ae6994c765b6bf9d0fdb34ddd215145749b24a90,d05e68ad34d4ec95591185be07283623490bc783892c26190d2ce3fd6c68ea4c,12c54daed84da334da4000ff22d76c1eecf93a1e74cb26501ccf7bbe9fb3d71e1d3c2a3500bccf35650e96653a0f3f98d2f0f7b22c686bf8feceec8531e33eaa
pnickies,Pnickies,ぷにっきいず,1994-06-08,ae5e47d1a4941258e4b9f6b031432898,082ca579d52d250c08d1aead400a96de57b0aa36,6065aaed188ec732fe2f0cb207e34bb2089896328fc03c524db59dc4f2359c1a,9e30f5e2b77bddf0bade7be293df9d2bbd33f4c282f178e8321fa83a6c1dd617fb60fb3b65bb1f19e93668de47d9130c1fd03b4f8f2e813a8c6cf431b6f64d01
pang,Pomping World,Pomping World ポンピング・ワールド,1989,ffe9dbb0a834bb5b0028b7b711ee60c3,a752214ab0ee6589f81617989054f8fc16f43388,045abdc012d615bf8a9ef3173c68e616036d5ccff663239e92b4908e22627791,592cd1d335e147ac950736696c73b12f95c16563a4a1525a7c0fc8ceff46bae50c555ec32beaec2d63ca7f5ef6c34fcacea1c62bc57dc9278f7e3f183c8e8ffb 
pang,Buster Bros.,,1989,ffe9dbb0a834bb5b0028b7b711ee60c3,a752214ab0ee6589f81617989054f8fc16f43388,045abdc012d615bf8a9ef3173c68e616036d5ccff663239e92b4908e22627791,592cd1d335e147ac950736696c73b12f95c16563a4a1525a7c0fc8ceff46bae50c555ec32beaec2d63ca7f5ef6c34fcacea1c62bc57dc9278f7e3f183c8e8ffb 
pang,Pang,,1989,ffe9dbb0a834bb5b0028b7b711ee60c3,a752214ab0ee6589f81617989054f8fc16f43388,045abdc012d615bf8a9ef3173c68e616036d5ccff663239e92b4908e22627791,592cd1d335e147ac950736696c73b12f95c16563a4a1525a7c0fc8ceff46bae50c555ec32beaec2d63ca7f5ef6c34fcacea1c62bc57dc9278f7e3f183c8e8ffb 
pang,Pang,,1989,ffe9dbb0a834bb5b0028b7b711ee60c3,a752214ab0ee6589f81617989054f8fc16f43388,045abdc012d615bf8a9ef3173c68e616036d5ccff663239e92b4908e22627791,592cd1d335e147ac950736696c73b12f95c16563a4a1525a7c0fc8ceff46bae50c555ec32beaec2d63ca7f5ef6c34fcacea1c62bc57dc9278f7e3f183c8e8ffb 
pang,Pang,,1989,ffe9dbb0a834bb5b0028b7b711ee60c3,a752214ab0ee6589f81617989054f8fc16f43388,045abdc012d615bf8a9ef3173c68e616036d5ccff663239e92b4908e22627791,592cd1d335e147ac950736696c73b12f95c16563a4a1525a7c0fc8ceff46bae50c555ec32beaec2d63ca7f5ef6c34fcacea1c62bc57dc9278f7e3f183c8e8ffb 
pang,Pang,,1989,ffe9dbb0a834bb5b0028b7b711ee60c3,a752214ab0ee6589f81617989054f8fc16f43388,045abdc012d615bf8a9ef3173c68e616036d5ccff663239e92b4908e22627791,592cd1d335e147ac950736696c73b12f95c16563a4a1525a7c0fc8ceff46bae50c555ec32beaec2d63ca7f5ef6c34fcacea1c62bc57dc9278f7e3f183c8e8ffb 
pang,Pang,,1989,ffe9dbb0a834bb5b0028b7b711ee60c3,a752214ab0ee6589f81617989054f8fc16f43388,045abdc012d615bf8a9ef3173c68e616036d5ccff663239e92b4908e22627791,592cd1d335e147ac950736696c73b12f95c16563a4a1525a7c0fc8ceff46bae50c555ec32beaec2d63ca7f5ef6c34fcacea1c62bc57dc9278f7e3f183c8e8ffb 
pang,Pang,,1989,ffe9dbb0a834bb5b0028b7b711ee60c3,a752214ab0ee6589f81617989054f8fc16f43388,045abdc012d615bf8a9ef3173c68e616036d5ccff663239e92b4908e22627791,592cd1d335e147ac950736696c73b12f95c16563a4a1525a7c0fc8ceff46bae50c555ec32beaec2d63ca7f5ef6c34fcacea1c62bc57dc9278f7e3f183c8e8ffb 
pang,Pang,,1989,ffe9dbb0a834bb5b0028b7b711ee60c3,a752214ab0ee6589f81617989054f8fc16f43388,045abdc012d615bf8a9ef3173c68e616036d5ccff663239e92b4908e22627791,592cd1d335e147ac950736696c73b12f95c16563a4a1525a7c0fc8ceff46bae50c555ec32beaec2d63ca7f5ef6c34fcacea1c62bc57dc9278f7e3f183c8e8ffb 
pang,Pang,,1989,ffe9dbb0a834bb5b0028b7b711ee60c3,a752214ab0ee6589f81617989054f8fc16f43388,045abdc012d615bf8a9ef3173c68e616036d5ccff663239e92b4908e22627791,592cd1d335e147ac950736696c73b12f95c16563a4a1525a7c0fc8ceff46bae50c555ec32beaec2d63ca7f5ef6c34fcacea1c62bc57dc9278f7e3f183c8e8ffb 
progearnoarashi,Progear no Arashi,プロギアの嵐,2001-01-17,d75d575cce083c8d0b8d422e8f985b70,b9bae499ce52745b569e701717888fbcf755e775,17ccd8dc6daa73b4d1765d24a140ec740c559faa58bc1c3e346d92d72cc231e0,9c940c8db943728a397684195adfd1204effd3164b157c01414424f711a0c46e79bd97a5adf2c8443be1daf3d23fb4c0d23b24d4a731326b815b51834d7989e4
progearnoarashi,Progear no Arashi,プロギアの嵐,2001-01-17,d75d575cce083c8d0b8d422e8f985b70,b9bae499ce52745b569e701717888fbcf755e775,17ccd8dc6daa73b4d1765d24a140ec740c559faa58bc1c3e346d92d72cc231e0,9c940c8db943728a397684195adfd1204effd3164b157c01414424f711a0c46e79bd97a5adf2c8443be1daf3d23fb4c0d23b24d4a731326b815b51834d7989e4
progearnoarashi,Progear no Arashi,プロギアの嵐 (Phoenix Edition),2001-01-17,d75d575cce083c8d0b8d422e8f985b70,b9bae499ce52745b569e701717888fbcf755e775,17ccd8dc6daa73b4d1765d24a140ec740c559faa58bc1c3e346d92d72cc231e0,9c940c8db943728a397684195adfd1204effd3164b157c01414424f711a0c46e79bd97a5adf2c8443be1daf3d23fb4c0d23b24d4a731326b815b51834d7989e4
progearnoarashi,Progear,,2001-01-17,d75d575cce083c8d0b8d422e8f985b70,b9bae499ce52745b569e701717888fbcf755e775,17ccd8dc6daa73b4d1765d24a140ec740c559faa58bc1c3e346d92d72cc231e0,9c940c8db943728a397684195adfd1204effd3164b157c01414424f711a0c46e79bd97a5adf2c8443be1daf3d23fb4c0d23b24d4a731326b815b51834d7989e4
progearnoarashi,Progear,,2001-01-17,d75d575cce083c8d0b8d422e8f985b70,b9bae499ce52745b569e701717888fbcf755e775,17ccd8dc6daa73b4d1765d24a140ec740c559faa58bc1c3e346d92d72cc231e0,9c940c8db943728a397684195adfd1204effd3164b157c01414424f711a0c46e79bd97a5adf2c8443be1daf3d23fb4c0d23b24d4a731326b815b51834d7989e4
progearnoarashi,Progear (Phoenix Edition),,2001-01-17,d75d575cce083c8d0b8d422e8f985b70,b9bae499ce52745b569e701717888fbcf755e775,17ccd8dc6daa73b4d1765d24a140ec740c559faa58bc1c3e346d92d72cc231e0,9c940c8db943728a397684195adfd1204effd3164b157c01414424f711a0c46e79bd97a5adf2c8443be1daf3d23fb4c0d23b24d4a731326b815b51834d7989e4
puzzloop2,Puzz Loop 2,,2001-02-05,850ab19d016045ea9450f23a6b2ac18c,988472a2c1de04e57d1d85867e0db6d3a01e897b,d259d7b2a8bac8c559c8c6b551763807ecdd8c64180241fca4cfbc6eecfbeb15,0aae4be660516e8ebfde9d85c594443e26e0ebb43619985954b35f3fa7e49d06b5eb4fe216905a627378832f449fc548fb5ad44fbaae87298495a7af245f37e1
puzzloop2,Puzz Loop 2,,2001-02-26,850ab19d016045ea9450f23a6b2ac18c,988472a2c1de04e57d1d85867e0db6d3a01e897b,d259d7b2a8bac8c559c8c6b551763807ecdd8c64180241fca4cfbc6eecfbeb15,0aae4be660516e8ebfde9d85c594443e26e0ebb43619985954b35f3fa7e49d06b5eb4fe216905a627378832f449fc548fb5ad44fbaae87298495a7af245f37e1
puzzloop2,Puzz Loop 2 (Phoenix Edition),,2001-02-26,850ab19d016045ea9450f23a6b2ac18c,988472a2c1de04e57d1d85867e0db6d3a01e897b,d259d7b2a8bac8c559c8c6b551763807ecdd8c64180241fca4cfbc6eecfbeb15,0aae4be660516e8ebfde9d85c594443e26e0ebb43619985954b35f3fa7e49d06b5eb4fe216905a627378832f449fc548fb5ad44fbaae87298495a7af245f37e1
puzzloop2,Puzz Loop 2,,2001-03-02,850ab19d016045ea9450f23a6b2ac18c,988472a2c1de04e57d1d85867e0db6d3a01e897b,d259d7b2a8bac8c559c8c6b551763807ecdd8c64180241fca4cfbc6eecfbeb15,0aae4be660516e8ebfde9d85c594443e26e0ebb43619985954b35f3fa7e49d06b5eb4fe216905a627378832f449fc548fb5ad44fbaae87298495a7af245f37e1
quizdragons,Quiz & Dragons,,1994-09-21,7ffa792cf2a8fdaf564c88dd154392b3,f53ddc137fedc635b83bca5b07d586077fc656d1,0f2a54c9639d52120a76154eac2f0531964fbd1f7693614ca7c355468dedf6c5,e0e86ec013f76afc26f94b349dd51c56bd3dc64f87818805532169cf9d9ab8a064498a605b4696ef0ca1bd2c28a8880e609ac6c3338eed04ad97476f76705dc2
quizdragons,Quiz & Dragons: CAPCOM Quiz Game,,1992-07-01,7ffa792cf2a8fdaf564c88dd154392b3,f53ddc137fedc635b83bca5b07d586077fc656d1,0f2a54c9639d52120a76154eac2f0531964fbd1f7693614ca7c355468dedf6c5,e0e86ec013f76afc26f94b349dd51c56bd3dc64f87818805532169cf9d9ab8a064498a605b4696ef0ca1bd2c28a8880e609ac6c3338eed04ad97476f76705dc2
quiznanairodreamsnijiirochounokiseki,Quiz Nanairo Dreams: Nijiirochō no Kiseki,Quiz なないろ Dreams 虹色町の奇跡,1996-08-26,c6bf9af175d1a90f6da50dfa80c1f3b1,a6c08101aac3e1b452f16e8dac3673a2b6eb44fc,099695bf282bf4d67e813b4ea598940441bef443c4405b9af3d2596a39baa1cf,562f7dc467f98e84b72dc6a83b4dd26dbdc81c1c156424a65cd21add33c6e91474bdf4a7e13314602ad3f7a47a0adff9860ea3c6dfbdd47ddbec9274170523f6
quiztonosamanoyabou2,Quiz Tonosama no Yabō 2: Zenkoku-ban,クイズ殿様の野望2 全国版,1995-01-23,ff9adb5050b6d14009e64202fc90750f,b5c1269a9c51e4485d9ae45cb56cf7dd078e39ba,f9d80386146c94c522f28a476bfeb60fa37b9ccb6e323a7a6a211c04657d6d69,19188e51aac288f181ba4e674207a064f7b95877d6d7ce5945c646ed94391c1e48d14079e34c766acef1ad7d36032f1644bbead37de04e0df4b2da296897e023
rockmanthepowerbattle,Rockman: The Power Battle,,1995-09-22,f92e1fa9e2197adfa7efc4d6ba0dfc54,38a1187b2c2daf371850147287f2040a18d819ab,b80921ef473ebae12f98c8ee1f324b91a2b2b3a0d3aea3c5d98f5f07f1444c8c,70033251a3efbc26235d75f7c8dede65f80062dc5b04abd23fc26872de73617dac9cb8400b0bc1f1e344312fbf33cd256e6cf3da6706dcca830f63150d16072b
rockmanthepowerbattle,Mega Man: The Power Battle,,1995-10-06,f92e1fa9e2197adfa7efc4d6ba0dfc54,38a1187b2c2daf371850147287f2040a18d819ab,b80921ef473ebae12f98c8ee1f324b91a2b2b3a0d3aea3c5d98f5f07f1444c8c,70033251a3efbc26235d75f7c8dede65f80062dc5b04abd23fc26872de73617dac9cb8400b0bc1f1e344312fbf33cd256e6cf3da6706dcca830f63150d16072b
rockmanthepowerbattle,Mega Man: The Power Battle,,1995-10-06,f92e1fa9e2197adfa7efc4d6ba0dfc54,38a1187b2c2daf371850147287f2040a18d819ab,b80921ef473ebae12f98c8ee1f324b91a2b2b3a0d3aea3c5d98f5f07f1444c8c,70033251a3efbc26235d75f7c8dede65f80062dc5b04abd23fc26872de73617dac9cb8400b0bc1f1e344312fbf33cd256e6cf3da6706dcca830f63150d16072b
rockmanthepowerbattle,Rockman: The Power Battle,,1995-09-22,f92e1fa9e2197adfa7efc4d6ba0dfc54,38a1187b2c2daf371850147287f2040a18d819ab,b80921ef473ebae12f98c8ee1f324b91a2b2b3a0d3aea3c5d98f5f07f1444c8c,70033251a3efbc26235d75f7c8dede65f80062dc5b04abd23fc26872de73617dac9cb8400b0bc1f1e344312fbf33cd256e6cf3da6706dcca830f63150d16072b
rockmanthepowerbattle,Megaman: The Power Battle,,1995-09-25,f92e1fa9e2197adfa7efc4d6ba0dfc54,38a1187b2c2daf371850147287f2040a18d819ab,b80921ef473ebae12f98c8ee1f324b91a2b2b3a0d3aea3c5d98f5f07f1444c8c,70033251a3efbc26235d75f7c8dede65f80062dc5b04abd23fc26872de73617dac9cb8400b0bc1f1e344312fbf33cd256e6cf3da6706dcca830f63150d16072b
rockmanthepowerbattle,Megaman: The Power Battle,,1995-09-26,f92e1fa9e2197adfa7efc4d6ba0dfc54,38a1187b2c2daf371850147287f2040a18d819ab,b80921ef473ebae12f98c8ee1f324b91a2b2b3a0d3aea3c5d98f5f07f1444c8c,70033251a3efbc26235d75f7c8dede65f80062dc5b04abd23fc26872de73617dac9cb8400b0bc1f1e344312fbf33cd256e6cf3da6706dcca830f63150d16072b
rockmanthepowerbattle,Megaman: The Power Battle,,1995-10-06,f92e1fa9e2197adfa7efc4d6ba0dfc54,38a1187b2c2daf371850147287f2040a18d819ab,b80921ef473ebae12f98c8ee1f324b91a2b2b3a0d3aea3c5d98f5f07f1444c8c,70033251a3efbc26235d75f7c8dede65f80062dc5b04abd23fc26872de73617dac9cb8400b0bc1f1e344312fbf33cd256e6cf3da6706dcca830f63150d16072b
rockman2thepowerfighters,Rockman 2: The Power Fighters,,1996-07-08,a0407d13ce13a249bbf27eeef8e981cb,1a913ff5c6cc3e49061d1d6f8114864a859469a5,f82a04a764fc7e27a2b0aebeed2cd9a16819bed96628075c19c8a0584c6cb512,653350f0c2f19ddb7687bedb295c2364583a77d7c625672ea68aca45ffec89cb9f8142c6a62f772f6812e5d2777e1324653db827f03bbd8ee0326335f3c09e1c
rockman2thepowerfighters,Mega Man 2: The Power Fighters,,1996-07-08,a0407d13ce13a249bbf27eeef8e981cb,1a913ff5c6cc3e49061d1d6f8114864a859469a5,f82a04a764fc7e27a2b0aebeed2cd9a16819bed96628075c19c8a0584c6cb512,653350f0c2f19ddb7687bedb295c2364583a77d7c625672ea68aca45ffec89cb9f8142c6a62f772f6812e5d2777e1324653db827f03bbd8ee0326335f3c09e1c
rockman2thepowerfighters,Mega Man 2: The Power Fighters,,1996-07-08,a0407d13ce13a249bbf27eeef8e981cb,1a913ff5c6cc3e49061d1d6f8114864a859469a5,f82a04a764fc7e27a2b0aebeed2cd9a16819bed96628075c19c8a0584c6cb512,653350f0c2f19ddb7687bedb295c2364583a77d7c625672ea68aca45ffec89cb9f8142c6a62f772f6812e5d2777e1324653db827f03bbd8ee0326335f3c09e1c
rockman2thepowerfighters,Mega Man 2: The Power Fighters (Phoenix Edition),,1996-07-08,a0407d13ce13a249bbf27eeef8e981cb,1a913ff5c6cc3e49061d1d6f8114864a859469a5,f82a04a764fc7e27a2b0aebeed2cd9a16819bed96628075c19c8a0584c6cb512,653350f0c2f19ddb7687bedb295c2364583a77d7c625672ea68aca45ffec89cb9f8142c6a62f772f6812e5d2777e1324653db827f03bbd8ee0326335f3c09e1c
rockman2thepowerfighters,Mega Man 2: The Power Fighters,,1996-07-08,a0407d13ce13a249bbf27eeef8e981cb,1a913ff5c6cc3e49061d1d6f8114864a859469a5,f82a04a764fc7e27a2b0aebeed2cd9a16819bed96628075c19c8a0584c6cb512,653350f0c2f19ddb7687bedb295c2364583a77d7c625672ea68aca45ffec89cb9f8142c6a62f772f6812e5d2777e1324653db827f03bbd8ee0326335f3c09e1c
rushandcrash,Rush & Crash,,1986,45da685b2fbf73a8bd63a51f135606fa,59b02331633d4456a03d8e77d8cbd0dd52dd68ec,424ff429e7d0e6cc33245e0358939e8045ad9265b666b18c67b44b9ecbe36e95,e6211f03124fe2c888f3d78a9898738519b5633a5d4a3eceb301eb35ee13bc28b154b690230a5097b8bab7d4f697c24dd45fd35ba1d7701dc06826b20cba3a14
rushandcrash,The Speed Rumbler,,1986,45da685b2fbf73a8bd63a51f135606fa,59b02331633d4456a03d8e77d8cbd0dd52dd68ec,424ff429e7d0e6cc33245e0358939e8045ad9265b666b18c67b44b9ecbe36e95,e6211f03124fe2c888f3d78a9898738519b5633a5d4a3eceb301eb35ee13bc28b154b690230a5097b8bab7d4f697c24dd45fd35ba1d7701dc06826b20cba3a14
rushandcrash,The Speed Rumbler,,1986,45da685b2fbf73a8bd63a51f135606fa,59b02331633d4456a03d8e77d8cbd0dd52dd68ec,424ff429e7d0e6cc33245e0358939e8045ad9265b666b18c67b44b9ecbe36e95,e6211f03124fe2c888f3d78a9898738519b5633a5d4a3eceb301eb35ee13bc28b154b690230a5097b8bab7d4f697c24dd45fd35ba1d7701dc06826b20cba3a14
rushandcrash,The Speed Rumbler,,1986,45da685b2fbf73a8bd63a51f135606fa,59b02331633d4456a03d8e77d8cbd0dd52dd68ec,424ff429e7d0e6cc33245e0358939e8045ad9265b666b18c67b44b9ecbe36e95,e6211f03124fe2c888f3d78a9898738519b5633a5d4a3eceb301eb35ee13bc28b154b690230a5097b8bab7d4f697c24dd45fd35ba1d7701dc06826b20cba3a14
sectionz,Section Z,,1985-12,f1585181b0024c708663c193486065e0,de5bec5e2439f2eccd29106e808313cb6475f152,639837d80666117cb16c76b03c4dc8701f8cf2bb35bd84ae846b40676cc11791,1452d718e146782d094be58797befed5362058a2e78a5a0d4ca23561d6aad24f965c60054455b6a73e7533b788085bf72921ef5913143483d9472752e28b57e8
sectionz,Section Z,,1985-12,f1585181b0024c708663c193486065e0,de5bec5e2439f2eccd29106e808313cb6475f152,639837d80666117cb16c76b03c4dc8701f8cf2bb35bd84ae846b40676cc11791,1452d718e146782d094be58797befed5362058a2e78a5a0d4ca23561d6aad24f965c60054455b6a73e7533b788085bf72921ef5913143483d9472752e28b57e8
senjounoookami,Senjō no Ookami,戦場の狼,1985-05,c6af4a2a2579bcd9bc3df065e8d5c894,99e8430f1f09005b788b9ac1b4cc8e10a500004a,0a619f7260976cefc2a1d957df75b04e8c79c4039c28b4ae028063429938ec0e,d9f4219330d976cb9821485a5b6124436f3ac66b0e66bb7eb7d4d713b840c28b091849095637ca6afda97699e53bde7e05a24fddcbe89b8abd27d86133553b49
senjounoookami,Commando,,1985,c6af4a2a2579bcd9bc3df065e8d5c894,99e8430f1f09005b788b9ac1b4cc8e10a500004a,0a619f7260976cefc2a1d957df75b04e8c79c4039c28b4ae028063429938ec0e,d9f4219330d976cb9821485a5b6124436f3ac66b0e66bb7eb7d4d713b840c28b091849095637ca6afda97699e53bde7e05a24fddcbe89b8abd27d86133553b49
senjounoookami,Commando,,1985,c6af4a2a2579bcd9bc3df065e8d5c894,99e8430f1f09005b788b9ac1b4cc8e10a500004a,0a619f7260976cefc2a1d957df75b04e8c79c4039c28b4ae028063429938ec0e,d9f4219330d976cb9821485a5b6124436f3ac66b0e66bb7eb7d4d713b840c28b091849095637ca6afda97699e53bde7e05a24fddcbe89b8abd27d86133553b49
senjounoookami,Commando,,1985,c6af4a2a2579bcd9bc3df065e8d5c894,99e8430f1f09005b788b9ac1b4cc8e10a500004a,0a619f7260976cefc2a1d957df75b04e8c79c4039c28b4ae028063429938ec0e,d9f4219330d976cb9821485a5b6124436f3ac66b0e66bb7eb7d4d713b840c28b091849095637ca6afda97699e53bde7e05a24fddcbe89b8abd27d86133553b49
senjounoookami,Commando,,1985,c6af4a2a2579bcd9bc3df065e8d5c894,99e8430f1f09005b788b9ac1b4cc8e10a500004a,0a619f7260976cefc2a1d957df75b04e8c79c4039c28b4ae028063429938ec0e,d9f4219330d976cb9821485a5b6124436f3ac66b0e66bb7eb7d4d713b840c28b091849095637ca6afda97699e53bde7e05a24fddcbe89b8abd27d86133553b49
senjounoookami,Commando,,1985,c6af4a2a2579bcd9bc3df065e8d5c894,99e8430f1f09005b788b9ac1b4cc8e10a500004a,0a619f7260976cefc2a1d957df75b04e8c79c4039c28b4ae028063429938ec0e,d9f4219330d976cb9821485a5b6124436f3ac66b0e66bb7eb7d4d713b840c28b091849095637ca6afda97699e53bde7e05a24fddcbe89b8abd27d86133553b49
senjounoookami,Commando,,1985,c6af4a2a2579bcd9bc3df065e8d5c894,99e8430f1f09005b788b9ac1b4cc8e10a500004a,0a619f7260976cefc2a1d957df75b04e8c79c4039c28b4ae028063429938ec0e,d9f4219330d976cb9821485a5b6124436f3ac66b0e66bb7eb7d4d713b840c28b091849095637ca6afda97699e53bde7e05a24fddcbe89b8abd27d86133553b49
senjounoookami,Space Invasion,,1985,c6af4a2a2579bcd9bc3df065e8d5c894,99e8430f1f09005b788b9ac1b4cc8e10a500004a,0a619f7260976cefc2a1d957df75b04e8c79c4039c28b4ae028063429938ec0e,d9f4219330d976cb9821485a5b6124436f3ac66b0e66bb7eb7d4d713b840c28b091849095637ca6afda97699e53bde7e05a24fddcbe89b8abd27d86133553b49
senjounoookami2,Senjō no Ookami II,戦場の狼II,1990-03-02,ab29451c756b3904bf2d6a0d7eec9dd8,a316262456d2c6d8ceb4203a81b7e73105ca4263,349fd006f449a92e1f32caee790e6a7e327247b32a041e1824e2f9104eee299b,d61f77b94b66a68b8b55a232571458dd112a83ee52ec34311e76abfb24e7e02f2cd52ffd6891deee318088cb3995402c745ae278b45069dc56b317d05fce30cb
senjounoookami2,Mercs,,1990-03-02,ab29451c756b3904bf2d6a0d7eec9dd8,a316262456d2c6d8ceb4203a81b7e73105ca4263,349fd006f449a92e1f32caee790e6a7e327247b32a041e1824e2f9104eee299b,d61f77b94b66a68b8b55a232571458dd112a83ee52ec34311e76abfb24e7e02f2cd52ffd6891deee318088cb3995402c745ae278b45069dc56b317d05fce30cb
senjounoookami2,Mercs,,1990-06-08,ab29451c756b3904bf2d6a0d7eec9dd8,a316262456d2c6d8ceb4203a81b7e73105ca4263,349fd006f449a92e1f32caee790e6a7e327247b32a041e1824e2f9104eee299b,d61f77b94b66a68b8b55a232571458dd112a83ee52ec34311e76abfb24e7e02f2cd52ffd6891deee318088cb3995402c745ae278b45069dc56b317d05fce30cb
senjounoookami2,Mercs,,1990-03-02,ab29451c756b3904bf2d6a0d7eec9dd8,a316262456d2c6d8ceb4203a81b7e73105ca4263,349fd006f449a92e1f32caee790e6a7e327247b32a041e1824e2f9104eee299b,d61f77b94b66a68b8b55a232571458dd112a83ee52ec34311e76abfb24e7e02f2cd52ffd6891deee318088cb3995402c745ae278b45069dc56b317d05fce30cb
streetfighter,Street Fighter,,1987-08-30,e904f3d7c3a3d253d9646d039ced7206,8064e7cf433cea57f09d7f399d960b44b45b9fb9,164b9b4c7c65eeb26de9f7ab6582b826f1d3d3ad9c2c6741be6a08f80f5d89d0,7b07876989594b932c7aa6ce26e2b56fd1122dc27dd92e4d39fc44a98794eb58fc24a5c99cfa367700aca93e180f680a9701858e89e1b146c56c1d3ba616ff15
streetfighter,Street Fighter,,1987-10,e904f3d7c3a3d253d9646d039ced7206,8064e7cf433cea57f09d7f399d960b44b45b9fb9,164b9b4c7c65eeb26de9f7ab6582b826f1d3d3ad9c2c6741be6a08f80f5d89d0,7b07876989594b932c7aa6ce26e2b56fd1122dc27dd92e4d39fc44a98794eb58fc24a5c99cfa367700aca93e180f680a9701858e89e1b146c56c1d3ba616ff15
streetfighter,Street Fighter,,1987,e904f3d7c3a3d253d9646d039ced7206,8064e7cf433cea57f09d7f399d960b44b45b9fb9,164b9b4c7c65eeb26de9f7ab6582b826f1d3d3ad9c2c6741be6a08f80f5d89d0,7b07876989594b932c7aa6ce26e2b56fd1122dc27dd92e4d39fc44a98794eb58fc24a5c99cfa367700aca93e180f680a9701858e89e1b146c56c1d3ba616ff15
streetfighter,Street Fighter,,1987-12,e904f3d7c3a3d253d9646d039ced7206,8064e7cf433cea57f09d7f399d960b44b45b9fb9,164b9b4c7c65eeb26de9f7ab6582b826f1d3d3ad9c2c6741be6a08f80f5d89d0,7b07876989594b932c7aa6ce26e2b56fd1122dc27dd92e4d39fc44a98794eb58fc24a5c99cfa367700aca93e180f680a9701858e89e1b146c56c1d3ba616ff15
streetfighter,Street Fighter,,1987-12,e904f3d7c3a3d253d9646d039ced7206,8064e7cf433cea57f09d7f399d960b44b45b9fb9,164b9b4c7c65eeb26de9f7ab6582b826f1d3d3ad9c2c6741be6a08f80f5d89d0,7b07876989594b932c7aa6ce26e2b56fd1122dc27dd92e4d39fc44a98794eb58fc24a5c99cfa367700aca93e180f680a9701858e89e1b146c56c1d3ba616ff15
streetfighter,Street Fighter,,1987,e904f3d7c3a3d253d9646d039ced7206,8064e7cf433cea57f09d7f399d960b44b45b9fb9,164b9b4c7c65eeb26de9f7ab6582b826f1d3d3ad9c2c6741be6a08f80f5d89d0,7b07876989594b932c7aa6ce26e2b56fd1122dc27dd92e4d39fc44a98794eb58fc24a5c99cfa367700aca93e180f680a9701858e89e1b146c56c1d3ba616ff15
streetfighter,Street Fighter,,1987-08-30,e904f3d7c3a3d253d9646d039ced7206,8064e7cf433cea57f09d7f399d960b44b45b9fb9,164b9b4c7c65eeb26de9f7ab6582b826f1d3d3ad9c2c6741be6a08f80f5d89d0,7b07876989594b932c7aa6ce26e2b56fd1122dc27dd92e4d39fc44a98794eb58fc24a5c99cfa367700aca93e180f680a9701858e89e1b146c56c1d3ba616ff15
streetfighter,Street Fighter,,1987,e904f3d7c3a3d253d9646d039ced7206,8064e7cf433cea57f09d7f399d960b44b45b9fb9,164b9b4c7c65eeb26de9f7ab6582b826f1d3d3ad9c2c6741be6a08f80f5d89d0,7b07876989594b932c7aa6ce26e2b56fd1122dc27dd92e4d39fc44a98794eb58fc24a5c99cfa367700aca93e180f680a9701858e89e1b146c56c1d3ba616ff15
streetfighter2ww,Street Fighter II: The World Warrior,,1991-02-14,7b62a4094296a814f049bab74cf17b36,5722757c90907750ad01c0d0fbb057700c3b5d7d,80d8631179983af5bccfcd9211f068255848824f9129a1e67297696bc3b032c0,2b1cdfa0de86fe5e18c7596cb1e5b942bcb076cc9aca8542f92d7d9e8a6699b5a1f9dd5bd2d51dd35f90bab899fce582646580369e2e9b03a252c00253d0f2e9
streetfighter2ww,Street Fighter II: The World Warrior,,1991-03-06,7b62a4094296a814f049bab74cf17b36,5722757c90907750ad01c0d0fbb057700c3b5d7d,80d8631179983af5bccfcd9211f068255848824f9129a1e67297696bc3b032c0,2b1cdfa0de86fe5e18c7596cb1e5b942bcb076cc9aca8542f92d7d9e8a6699b5a1f9dd5bd2d51dd35f90bab899fce582646580369e2e9b03a252c00253d0f2e9
streetfighter2ww,Street Fighter II: The World Warrior,,1991-04-11,7b62a4094296a814f049bab74cf17b36,5722757c90907750ad01c0d0fbb057700c3b5d7d,80d8631179983af5bccfcd9211f068255848824f9129a1e67297696bc3b032c0,2b1cdfa0de86fe5e18c7596cb1e5b942bcb076cc9aca8542f92d7d9e8a6699b5a1f9dd5bd2d51dd35f90bab899fce582646580369e2e9b03a252c00253d0f2e9
streetfighter2ww,Street Fighter II: The World Warrior,,1991-05-22,7b62a4094296a814f049bab74cf17b36,5722757c90907750ad01c0d0fbb057700c3b5d7d,80d8631179983af5bccfcd9211f068255848824f9129a1e67297696bc3b032c0,2b1cdfa0de86fe5e18c7596cb1e5b942bcb076cc9aca8542f92d7d9e8a6699b5a1f9dd5bd2d51dd35f90bab899fce582646580369e2e9b03a252c00253d0f2e9
streetfighter2ww,Street Fighter II: The World Warrior,,1991-12-10,7b62a4094296a814f049bab74cf17b36,5722757c90907750ad01c0d0fbb057700c3b5d7d,80d8631179983af5bccfcd9211f068255848824f9129a1e67297696bc3b032c0,2b1cdfa0de86fe5e18c7596cb1e5b942bcb076cc9aca8542f92d7d9e8a6699b5a1f9dd5bd2d51dd35f90bab899fce582646580369e2e9b03a252c00253d0f2e9
streetfighter2ww,Street Fighter II: The World Warrior,,1991-12-10,7b62a4094296a814f049bab74cf17b36,5722757c90907750ad01c0d0fbb057700c3b5d7d,80d8631179983af5bccfcd9211f068255848824f9129a1e67297696bc3b032c0,2b1cdfa0de86fe5e18c7596cb1e5b942bcb076cc9aca8542f92d7d9e8a6699b5a1f9dd5bd2d51dd35f90bab899fce582646580369e2e9b03a252c00253d0f2e9
streetfighter2ww,Street Fighter II: The World Warrior,,1992-03-12,7b62a4094296a814f049bab74cf17b36,5722757c90907750ad01c0d0fbb057700c3b5d7d,80d8631179983af5bccfcd9211f068255848824f9129a1e67297696bc3b032c0,2b1cdfa0de86fe5e18c7596cb1e5b942bcb076cc9aca8542f92d7d9e8a6699b5a1f9dd5bd2d51dd35f90bab899fce582646580369e2e9b03a252c00253d0f2e9
streetfighter2ww,Street Fighter II: The World Warrior,,1991-02-06,7b62a4094296a814f049bab74cf17b36,5722757c90907750ad01c0d0fbb057700c3b5d7d,80d8631179983af5bccfcd9211f068255848824f9129a1e67297696bc3b032c0,2b1cdfa0de86fe5e18c7596cb1e5b942bcb076cc9aca8542f92d7d9e8a6699b5a1f9dd5bd2d51dd35f90bab899fce582646580369e2e9b03a252c00253d0f2e9
streetfighter2ww,Street Fighter II: The World Warrior,,1991-02-14,7b62a4094296a814f049bab74cf17b36,5722757c90907750ad01c0d0fbb057700c3b5d7d,80d8631179983af5bccfcd9211f068255848824f9129a1e67297696bc3b032c0,2b1cdfa0de86fe5e18c7596cb1e5b942bcb076cc9aca8542f92d7d9e8a6699b5a1f9dd5bd2d51dd35f90bab899fce582646580369e2e9b03a252c00253d0f2e9
streetfighter2ww,Street Fighter II: The World Warrior,,1991-03-06,7b62a4094296a814f049bab74cf17b36,5722757c90907750ad01c0d0fbb057700c3b5d7d,80d8631179983af5bccfcd9211f068255848824f9129a1e67297696bc3b032c0,2b1cdfa0de86fe5e18c7596cb1e5b942bcb076cc9aca8542f92d7d9e8a6699b5a1f9dd5bd2d51dd35f90bab899fce582646580369e2e9b03a252c00253d0f2e9
streetfighter2ww,Street Fighter II: The World Warrior,,1991-03-18,7b62a4094296a814f049bab74cf17b36,5722757c90907750ad01c0d0fbb057700c3b5d7d,80d8631179983af5bccfcd9211f068255848824f9129a1e67297696bc3b032c0,2b1cdfa0de86fe5e18c7596cb1e5b942bcb076cc9aca8542f92d7d9e8a6699b5a1f9dd5bd2d51dd35f90bab899fce582646580369e2e9b03a252c00253d0f2e9
streetfighter2ww,Street Fighter II: The World Warrior,,1991-04-11,7b62a4094296a814f049bab74cf17b36,5722757c90907750ad01c0d0fbb057700c3b5d7d,80d8631179983af5bccfcd9211f068255848824f9129a1e67297696bc3b032c0,2b1cdfa0de86fe5e18c7596cb1e5b942bcb076cc9aca8542f92d7d9e8a6699b5a1f9dd5bd2d51dd35f90bab899fce582646580369e2e9b03a252c00253d0f2e9
streetfighter2ww,Street Fighter II: The World Warrior,,1991-05-22,7b62a4094296a814f049bab74cf17b36,5722757c90907750ad01c0d0fbb057700c3b5d7d,80d8631179983af5bccfcd9211f068255848824f9129a1e67297696bc3b032c0,2b1cdfa0de86fe5e18c7596cb1e5b942bcb076cc9aca8542f92d7d9e8a6699b5a1f9dd5bd2d51dd35f90bab899fce582646580369e2e9b03a252c00253d0f2e9
streetfighter2ww,Street Fighter II: The World Warrior,,1991-05-22,7b62a4094296a814f049bab74cf17b36,5722757c90907750ad01c0d0fbb057700c3b5d7d,80d8631179983af5bccfcd9211f068255848824f9129a1e67297696bc3b032c0,2b1cdfa0de86fe5e18c7596cb1e5b942bcb076cc9aca8542f92d7d9e8a6699b5a1f9dd5bd2d51dd35f90bab899fce582646580369e2e9b03a252c00253d0f2e9
streetfighter2ww,Street Fighter II: The World Warrior,,1991-05-22,7b62a4094296a814f049bab74cf17b36,5722757c90907750ad01c0d0fbb057700c3b5d7d,80d8631179983af5bccfcd9211f068255848824f9129a1e67297696bc3b032c0,2b1cdfa0de86fe5e18c7596cb1e5b942bcb076cc9aca8542f92d7d9e8a6699b5a1f9dd5bd2d51dd35f90bab899fce582646580369e2e9b03a252c00253d0f2e9
streetfighter2ww,Street Fighter II: The World Warrior,,1991-10-01,7b62a4094296a814f049bab74cf17b36,5722757c90907750ad01c0d0fbb057700c3b5d7d,80d8631179983af5bccfcd9211f068255848824f9129a1e67297696bc3b032c0,2b1cdfa0de86fe5e18c7596cb1e5b942bcb076cc9aca8542f92d7d9e8a6699b5a1f9dd5bd2d51dd35f90bab899fce582646580369e2e9b03a252c00253d0f2e9
streetfighter2ww,Street Fighter II: The World Warrior,,1991-01-29,7b62a4094296a814f049bab74cf17b36,5722757c90907750ad01c0d0fbb057700c3b5d7d,80d8631179983af5bccfcd9211f068255848824f9129a1e67297696bc3b032c0,2b1cdfa0de86fe5e18c7596cb1e5b942bcb076cc9aca8542f92d7d9e8a6699b5a1f9dd5bd2d51dd35f90bab899fce582646580369e2e9b03a252c00253d0f2e9
streetfighter2ww,Street Fighter II: The World Warrior,,1991-02-04,7b62a4094296a814f049bab74cf17b36,5722757c90907750ad01c0d0fbb057700c3b5d7d,80d8631179983af5bccfcd9211f068255848824f9129a1e67297696bc3b032c0,2b1cdfa0de86fe5e18c7596cb1e5b942bcb076cc9aca8542f92d7d9e8a6699b5a1f9dd5bd2d51dd35f90bab899fce582646580369e2e9b03a252c00253d0f2e9
streetfighter2ww,Street Fighter II: The World Warrior (Conversion),,1991-02-04,7b62a4094296a814f049bab74cf17b36,5722757c90907750ad01c0d0fbb057700c3b5d7d,80d8631179983af5bccfcd9211f068255848824f9129a1e67297696bc3b032c0,2b1cdfa0de86fe5e18c7596cb1e5b942bcb076cc9aca8542f92d7d9e8a6699b5a1f9dd5bd2d51dd35f90bab899fce582646580369e2e9b03a252c00253d0f2e9
streetfighter2ww,Street Fighter II: The World Warrior,,1991-02-14,7b62a4094296a814f049bab74cf17b36,5722757c90907750ad01c0d0fbb057700c3b5d7d,80d8631179983af5bccfcd9211f068255848824f9129a1e67297696bc3b032c0,2b1cdfa0de86fe5e18c7596cb1e5b942bcb076cc9aca8542f92d7d9e8a6699b5a1f9dd5bd2d51dd35f90bab899fce582646580369e2e9b03a252c00253d0f2e9
streetfighter2ww,Street Fighter II: The World Warrior,,1991-03-18,7b62a4094296a814f049bab74cf17b36,5722757c90907750ad01c0d0fbb057700c3b5d7d,80d8631179983af5bccfcd9211f068255848824f9129a1e67297696bc3b032c0,2b1cdfa0de86fe5e18c7596cb1e5b942bcb076cc9aca8542f92d7d9e8a6699b5a1f9dd5bd2d51dd35f90bab899fce582646580369e2e9b03a252c00253d0f2e9
streetfighter2ww,Street Fighter II: The World Warrior,,1991-05-22,7b62a4094296a814f049bab74cf17b36,5722757c90907750ad01c0d0fbb057700c3b5d7d,80d8631179983af5bccfcd9211f068255848824f9129a1e67297696bc3b032c0,2b1cdfa0de86fe5e18c7596cb1e5b942bcb076cc9aca8542f92d7d9e8a6699b5a1f9dd5bd2d51dd35f90bab899fce582646580369e2e9b03a252c00253d0f2e9
streetfighter2dashce,Street Fighter II': Champion Edition,,1992-03-22,6adec591d638a2789a5c77ad22a4ba66,2943fde23c6e0b34967c54ebc08e2e7f45f36642,581ebb3b07f41874e91b5336c34cda813847c781fb3992cc5eb0ad44abb31d9c,87e3f629eee1fd9cc0cf917b7af2cb23a30199d577705fe75d03a98afb01baca16e7d6cf05e68e2a4ed496026595a4082e65d90cb24aab591990a0c756eed039
streetfighter2dashce,Street Fighter II': Champion Edition,,1992-05-13,6adec591d638a2789a5c77ad22a4ba66,2943fde23c6e0b34967c54ebc08e2e7f45f36642,581ebb3b07f41874e91b5336c34cda813847c781fb3992cc5eb0ad44abb31d9c,87e3f629eee1fd9cc0cf917b7af2cb23a30199d577705fe75d03a98afb01baca16e7d6cf05e68e2a4ed496026595a4082e65d90cb24aab591990a0c756eed039
streetfighter2dashce,Street Fighter II': Champion Edition,,1992-08-03,6adec591d638a2789a5c77ad22a4ba66,2943fde23c6e0b34967c54ebc08e2e7f45f36642,581ebb3b07f41874e91b5336c34cda813847c781fb3992cc5eb0ad44abb31d9c,87e3f629eee1fd9cc0cf917b7af2cb23a30199d577705fe75d03a98afb01baca16e7d6cf05e68e2a4ed496026595a4082e65d90cb24aab591990a0c756eed039
streetfighter2dashce,Street Fighter II': Champion Edition,,1992-03-13,6adec591d638a2789a5c77ad22a4ba66,2943fde23c6e0b34967c54ebc08e2e7f45f36642,581ebb3b07f41874e91b5336c34cda813847c781fb3992cc5eb0ad44abb31d9c,87e3f629eee1fd9cc0cf917b7af2cb23a30199d577705fe75d03a98afb01baca16e7d6cf05e68e2a4ed496026595a4082e65d90cb24aab591990a0c756eed039
streetfighter2dashce,Street Fighter II': Champion Edition,,1992-03-13,6adec591d638a2789a5c77ad22a4ba66,2943fde23c6e0b34967c54ebc08e2e7f45f36642,581ebb3b07f41874e91b5336c34cda813847c781fb3992cc5eb0ad44abb31d9c,87e3f629eee1fd9cc0cf917b7af2cb23a30199d577705fe75d03a98afb01baca16e7d6cf05e68e2a4ed496026595a4082e65d90cb24aab591990a0c756eed039
streetfighter2dashce,Street Fighter II': Champion Edition,,1992-05-13,6adec591d638a2789a5c77ad22a4ba66,2943fde23c6e0b34967c54ebc08e2e7f45f36642,581ebb3b07f41874e91b5336c34cda813847c781fb3992cc5eb0ad44abb31d9c,87e3f629eee1fd9cc0cf917b7af2cb23a30199d577705fe75d03a98afb01baca16e7d6cf05e68e2a4ed496026595a4082e65d90cb24aab591990a0c756eed039
streetfighter2dashce,Street Fighter II': Champion Edition,,1992-08-03,6adec591d638a2789a5c77ad22a4ba66,2943fde23c6e0b34967c54ebc08e2e7f45f36642,581ebb3b07f41874e91b5336c34cda813847c781fb3992cc5eb0ad44abb31d9c,87e3f629eee1fd9cc0cf917b7af2cb23a30199d577705fe75d03a98afb01baca16e7d6cf05e68e2a4ed496026595a4082e65d90cb24aab591990a0c756eed039
streetfighter2dashce,Street Fighter II': Champion Edition,,1992-03-13,6adec591d638a2789a5c77ad22a4ba66,2943fde23c6e0b34967c54ebc08e2e7f45f36642,581ebb3b07f41874e91b5336c34cda813847c781fb3992cc5eb0ad44abb31d9c,87e3f629eee1fd9cc0cf917b7af2cb23a30199d577705fe75d03a98afb01baca16e7d6cf05e68e2a4ed496026595a4082e65d90cb24aab591990a0c756eed039
streetfighter2dashce,Street Fighter II': Champion Edition,,1992-05-13,6adec591d638a2789a5c77ad22a4ba66,2943fde23c6e0b34967c54ebc08e2e7f45f36642,581ebb3b07f41874e91b5336c34cda813847c781fb3992cc5eb0ad44abb31d9c,87e3f629eee1fd9cc0cf917b7af2cb23a30199d577705fe75d03a98afb01baca16e7d6cf05e68e2a4ed496026595a4082e65d90cb24aab591990a0c756eed039
streetfighter2dashce,Street Fighter II': Champion Edition,,1994,,,,
streetfighter2dashturbohf,Street Fighter II' Turbo: Hyper Fighting,,1992-12-09,9c36f22673a2e9147ac02ef7eb74c9fa,aa754252cd4da277f9ebc2e326629fcbf489b666,adcfa06ca237b5c279cfac782fd4fb8b04daaf433c71c0eac57d9a926a01ccfe,3c4569d32231d9f860f7ced44e203f03bb305e6071fa2b7255805c3eca6df22233ea402d7714d1e512d17b359d959b7fa04f38003912768bbc30f28fd4522678
streetfighter2dashturbohf,Street Fighter II' Turbo: Hyper Fighting,,1992-12-09,9c36f22673a2e9147ac02ef7eb74c9fa,aa754252cd4da277f9ebc2e326629fcbf489b666,adcfa06ca237b5c279cfac782fd4fb8b04daaf433c71c0eac57d9a926a01ccfe,3c4569d32231d9f860f7ced44e203f03bb305e6071fa2b7255805c3eca6df22233ea402d7714d1e512d17b359d959b7fa04f38003912768bbc30f28fd4522678
streetfighter2dashturbohf,Street Fighter II' Turbo: Hyper Fighting,,1992-12-09,9c36f22673a2e9147ac02ef7eb74c9fa,aa754252cd4da277f9ebc2e326629fcbf489b666,adcfa06ca237b5c279cfac782fd4fb8b04daaf433c71c0eac57d9a926a01ccfe,3c4569d32231d9f860f7ced44e203f03bb305e6071fa2b7255805c3eca6df22233ea402d7714d1e512d17b359d959b7fa04f38003912768bbc30f28fd4522678
streetfighter2dashturbohf,Street Fighter II' Turbo: Hyper Fighting,,1994,,,,
streetfighter3,Street Fighter III: New Generation,,1997-02-04,ac7c6db646d108c65b09e70c195864d8,74491fadf1b75ac4957ba57c42b8b9ab23a62835,44500b783c88a1dc615860307d13f0fe8bf2a38aa8a6a2735e9c13100f050e27,2ec5c48de511ce1dd516a5ca53110b0a8af922c0f8cc774bf55f0c8f623b89e7d4e88eaa2acf0c9cbffc81a1a5a4e36dbe6eae3a862b22c3d9c3f2032d668b5f
streetfighter3,Street Fighter III: New Generation,,1997-02-04,ac7c6db646d108c65b09e70c195864d8,74491fadf1b75ac4957ba57c42b8b9ab23a62835,44500b783c88a1dc615860307d13f0fe8bf2a38aa8a6a2735e9c13100f050e27,2ec5c48de511ce1dd516a5ca53110b0a8af922c0f8cc774bf55f0c8f623b89e7d4e88eaa2acf0c9cbffc81a1a5a4e36dbe6eae3a862b22c3d9c3f2032d668b5f
streetfighter3,Street Fighter III: New Generation,,1997-02-04,ac7c6db646d108c65b09e70c195864d8,74491fadf1b75ac4957ba57c42b8b9ab23a62835,44500b783c88a1dc615860307d13f0fe8bf2a38aa8a6a2735e9c13100f050e27,2ec5c48de511ce1dd516a5ca53110b0a8af922c0f8cc774bf55f0c8f623b89e7d4e88eaa2acf0c9cbffc81a1a5a4e36dbe6eae3a862b22c3d9c3f2032d668b5f
streetfighter3,Street Fighter III: New Generation,,1997-02-04,ac7c6db646d108c65b09e70c195864d8,74491fadf1b75ac4957ba57c42b8b9ab23a62835,44500b783c88a1dc615860307d13f0fe8bf2a38aa8a6a2735e9c13100f050e27,2ec5c48de511ce1dd516a5ca53110b0a8af922c0f8cc774bf55f0c8f623b89e7d4e88eaa2acf0c9cbffc81a1a5a4e36dbe6eae3a862b22c3d9c3f2032d668b5f
streetfighter3,Street Fighter III: New Generation,,1997-02-04,ac7c6db646d108c65b09e70c195864d8,74491fadf1b75ac4957ba57c42b8b9ab23a62835,44500b783c88a1dc615860307d13f0fe8bf2a38aa8a6a2735e9c13100f050e27,2ec5c48de511ce1dd516a5ca53110b0a8af922c0f8cc774bf55f0c8f623b89e7d4e88eaa2acf0c9cbffc81a1a5a4e36dbe6eae3a862b22c3d9c3f2032d668b5f
streetfighter3,Street Fighter III: New Generation,,1997-02-04,ac7c6db646d108c65b09e70c195864d8,74491fadf1b75ac4957ba57c42b8b9ab23a62835,44500b783c88a1dc615860307d13f0fe8bf2a38aa8a6a2735e9c13100f050e27,2ec5c48de511ce1dd516a5ca53110b0a8af922c0f8cc774bf55f0c8f623b89e7d4e88eaa2acf0c9cbffc81a1a5a4e36dbe6eae3a862b22c3d9c3f2032d668b5f
streetfighter3,Street Fighter III: New Generation,,1997-02-04,ac7c6db646d108c65b09e70c195864d8,74491fadf1b75ac4957ba57c42b8b9ab23a62835,44500b783c88a1dc615860307d13f0fe8bf2a38aa8a6a2735e9c13100f050e27,2ec5c48de511ce1dd516a5ca53110b0a8af922c0f8cc774bf55f0c8f623b89e7d4e88eaa2acf0c9cbffc81a1a5a4e36dbe6eae3a862b22c3d9c3f2032d668b5f
streetfighter32ndimpact,Street Fighter III 2nd Impact: Giant Attack,,1997-09-30,2a752e36ac5f48dbc53e5dd3cf8417fe,cf1532a7dff532826a0474a8ed766f27bc92d14b,393494dd57821bb6a6d0de30e33455d41d0207c81e0b145f8a295a9c3e485a3f,14415f857d048f13093c2ec071b69cc5fc5279229e0ea8c6d61603bc008095129af3e00e0713fa19a11ebea2efdb2cc515554c820fbe330d771793029547ba11
streetfighter32ndimpact,Street Fighter III 2nd Impact: Giant Attack,,1997-09-30,2a752e36ac5f48dbc53e5dd3cf8417fe,cf1532a7dff532826a0474a8ed766f27bc92d14b,393494dd57821bb6a6d0de30e33455d41d0207c81e0b145f8a295a9c3e485a3f,14415f857d048f13093c2ec071b69cc5fc5279229e0ea8c6d61603bc008095129af3e00e0713fa19a11ebea2efdb2cc515554c820fbe330d771793029547ba11
streetfighter32ndimpact,Street Fighter III 2nd Impact: Giant Attack,,1997-09-30,2a752e36ac5f48dbc53e5dd3cf8417fe,cf1532a7dff532826a0474a8ed766f27bc92d14b,393494dd57821bb6a6d0de30e33455d41d0207c81e0b145f8a295a9c3e485a3f,14415f857d048f13093c2ec071b69cc5fc5279229e0ea8c6d61603bc008095129af3e00e0713fa19a11ebea2efdb2cc515554c820fbe330d771793029547ba11
streetfighter32ndimpact,Street Fighter III 2nd Impact: Giant Attack,,1997-09-30,2a752e36ac5f48dbc53e5dd3cf8417fe,cf1532a7dff532826a0474a8ed766f27bc92d14b,393494dd57821bb6a6d0de30e33455d41d0207c81e0b145f8a295a9c3e485a3f,14415f857d048f13093c2ec071b69cc5fc5279229e0ea8c6d61603bc008095129af3e00e0713fa19a11ebea2efdb2cc515554c820fbe330d771793029547ba11
streetfighter33rdstrike,Street Fighter III 3rd Strike: Fight for the Future,,1999-05-12,9b8253e05083fdf9f23adb56f632c10d,9296416fe3f180247bdaedae98406c71ccb65841,56f3501f5ee42069a2614e2eeda164e0a2dad6fba6f733adcd75bccc9c749235,ea7618fb5c7b36e892e5b2f938ff8b5142d3f5b8487d1d3232d623d0b5dc2e4553fc5a1ceb6205b455a0cacc97e36d94e82fcc40cca70ada63d57ed0906e64f7
streetfighter33rdstrike,Street Fighter III 3rd Strike: Fight for the Future,,1999-05-12,9b8253e05083fdf9f23adb56f632c10d,9296416fe3f180247bdaedae98406c71ccb65841,56f3501f5ee42069a2614e2eeda164e0a2dad6fba6f733adcd75bccc9c749235,ea7618fb5c7b36e892e5b2f938ff8b5142d3f5b8487d1d3232d623d0b5dc2e4553fc5a1ceb6205b455a0cacc97e36d94e82fcc40cca70ada63d57ed0906e64f7
streetfighter33rdstrike,Street Fighter III 3rd Strike: Fight for the Future,,1999-06-08,9b8253e05083fdf9f23adb56f632c10d,9296416fe3f180247bdaedae98406c71ccb65841,56f3501f5ee42069a2614e2eeda164e0a2dad6fba6f733adcd75bccc9c749235,ea7618fb5c7b36e892e5b2f938ff8b5142d3f5b8487d1d3232d623d0b5dc2e4553fc5a1ceb6205b455a0cacc97e36d94e82fcc40cca70ada63d57ed0906e64f7
streetfighter33rdstrike,Street Fighter III 3rd Strike: Fight for the Future,,1999-06-08,9b8253e05083fdf9f23adb56f632c10d,9296416fe3f180247bdaedae98406c71ccb65841,56f3501f5ee42069a2614e2eeda164e0a2dad6fba6f733adcd75bccc9c749235,ea7618fb5c7b36e892e5b2f938ff8b5142d3f5b8487d1d3232d623d0b5dc2e4553fc5a1ceb6205b455a0cacc97e36d94e82fcc40cca70ada63d57ed0906e64f7
streetfighter33rdstrike,Street Fighter III 3rd Strike: Fight for the Future,,1999-05-12,9b8253e05083fdf9f23adb56f632c10d,9296416fe3f180247bdaedae98406c71ccb65841,56f3501f5ee42069a2614e2eeda164e0a2dad6fba6f733adcd75bccc9c749235,ea7618fb5c7b36e892e5b2f938ff8b5142d3f5b8487d1d3232d623d0b5dc2e4553fc5a1ceb6205b455a0cacc97e36d94e82fcc40cca70ada63d57ed0906e64f7
streetfighter33rdstrike,Street Fighter III 3rd Strike: Fight for the Future,,1999-06-08,9b8253e05083fdf9f23adb56f632c10d,9296416fe3f180247bdaedae98406c71ccb65841,56f3501f5ee42069a2614e2eeda164e0a2dad6fba6f733adcd75bccc9c749235,ea7618fb5c7b36e892e5b2f938ff8b5142d3f5b8487d1d3232d623d0b5dc2e4553fc5a1ceb6205b455a0cacc97e36d94e82fcc40cca70ada63d57ed0906e64f7
streetfighter33rdstrike,Street Fighter III 3rd Strike: Fight for the Future,,1999-05-12,9b8253e05083fdf9f23adb56f632c10d,9296416fe3f180247bdaedae98406c71ccb65841,56f3501f5ee42069a2614e2eeda164e0a2dad6fba6f733adcd75bccc9c749235,ea7618fb5c7b36e892e5b2f938ff8b5142d3f5b8487d1d3232d623d0b5dc2e4553fc5a1ceb6205b455a0cacc97e36d94e82fcc40cca70ada63d57ed0906e64f7
streetfighter33rdstrike,Street Fighter III 3rd Strike: Fight for the Future,,1999-06-08,9b8253e05083fdf9f23adb56f632c10d,9296416fe3f180247bdaedae98406c71ccb65841,56f3501f5ee42069a2614e2eeda164e0a2dad6fba6f733adcd75bccc9c749235,ea7618fb5c7b36e892e5b2f938ff8b5142d3f5b8487d1d3232d623d0b5dc2e4553fc5a1ceb6205b455a0cacc97e36d94e82fcc40cca70ada63d57ed0906e64f7
streetfighterzero,Street Fighter Zero,,1995-10-20,af3833ae7802cad622492dca272f2406,3ae7d8ec42ff751fb4a31b93c47e4716a3e32415,d33392672d2a7c76cf2e8fdec1e59cd0783d2c89ca03bfaf5a1debf8aeaebe6c,3b6610c1a613bacfdedd0c25297deee5111c92485b4ae9d49c4d3f016832003267308d43c4101e058e3975b888a07d2da7577018425329d3ed6f5a4170b99251
streetfighterzero,Street Fighter Zero,,1995-07-27,af3833ae7802cad622492dca272f2406,3ae7d8ec42ff751fb4a31b93c47e4716a3e32415,d33392672d2a7c76cf2e8fdec1e59cd0783d2c89ca03bfaf5a1debf8aeaebe6c,3b6610c1a613bacfdedd0c25297deee5111c92485b4ae9d49c4d3f016832003267308d43c4101e058e3975b888a07d2da7577018425329d3ed6f5a4170b99251
streetfighterzero,Street Fighter Alpha,,1995-07-27,,,,
streetfighterzero,Street Fighter Zero,,1995-06-05,c474aa8720e88c7fc448576923ff03f1,241b3ebc3005bd62881c213dd3c5f376f3c7b047,8edb407227978d30338c83e25d1e09edcef4c8626afc7bc48b63f1e301de2714,9b1810f8197dac8d75d5270bdb57fa248147bae25cc46b63956bfc28f8b371c30fc9f8a4cac52b73bfc1ebb44ac67dd9b036a072af98e52f9e394e8bfbf49d45
streetfighterzero,Street Fighter Zero,,1995-06-27,c474aa8720e88c7fc448576923ff03f1,241b3ebc3005bd62881c213dd3c5f376f3c7b047,8edb407227978d30338c83e25d1e09edcef4c8626afc7bc48b63f1e301de2714,9b1810f8197dac8d75d5270bdb57fa248147bae25cc46b63956bfc28f8b371c30fc9f8a4cac52b73bfc1ebb44ac67dd9b036a072af98e52f9e394e8bfbf49d45
streetfighterzero,Street Fighter Zero,,1995-07-27,c474aa8720e88c7fc448576923ff03f1,241b3ebc3005bd62881c213dd3c5f376f3c7b047,8edb407227978d30338c83e25d1e09edcef4c8626afc7bc48b63f1e301de2714,9b1810f8197dac8d75d5270bdb57fa248147bae25cc46b63956bfc28f8b371c30fc9f8a4cac52b73bfc1ebb44ac67dd9b036a072af98e52f9e394e8bfbf49d45
streetfighterzero,Street Fighter Zero,,1995-06-05,c474aa8720e88c7fc448576923ff03f1,241b3ebc3005bd62881c213dd3c5f376f3c7b047,8edb407227978d30338c83e25d1e09edcef4c8626afc7bc48b63f1e301de2714,9b1810f8197dac8d75d5270bdb57fa248147bae25cc46b63956bfc28f8b371c30fc9f8a4cac52b73bfc1ebb44ac67dd9b036a072af98e52f9e394e8bfbf49d45
streetfighterzero,Street Fighter Zero,,1995-06-27,c474aa8720e88c7fc448576923ff03f1,241b3ebc3005bd62881c213dd3c5f376f3c7b047,8edb407227978d30338c83e25d1e09edcef4c8626afc7bc48b63f1e301de2714,9b1810f8197dac8d75d5270bdb57fa248147bae25cc46b63956bfc28f8b371c30fc9f8a4cac52b73bfc1ebb44ac67dd9b036a072af98e52f9e394e8bfbf49d45
streetfighterzero,Street Fighter Zero,,1995-06-27,c474aa8720e88c7fc448576923ff03f1,241b3ebc3005bd62881c213dd3c5f376f3c7b047,8edb407227978d30338c83e25d1e09edcef4c8626afc7bc48b63f1e301de2714,9b1810f8197dac8d75d5270bdb57fa248147bae25cc46b63956bfc28f8b371c30fc9f8a4cac52b73bfc1ebb44ac67dd9b036a072af98e52f9e394e8bfbf49d45
streetfighterzero,Street Fighter Zero,,1995-07-18,c474aa8720e88c7fc448576923ff03f1,241b3ebc3005bd62881c213dd3c5f376f3c7b047,8edb407227978d30338c83e25d1e09edcef4c8626afc7bc48b63f1e301de2714,9b1810f8197dac8d75d5270bdb57fa248147bae25cc46b63956bfc28f8b371c30fc9f8a4cac52b73bfc1ebb44ac67dd9b036a072af98e52f9e394e8bfbf49d45
streetfighterzero,Street Fighter Zero,,1995-07-27,c474aa8720e88c7fc448576923ff03f1,241b3ebc3005bd62881c213dd3c5f376f3c7b047,8edb407227978d30338c83e25d1e09edcef4c8626afc7bc48b63f1e301de2714,9b1810f8197dac8d75d5270bdb57fa248147bae25cc46b63956bfc28f8b371c30fc9f8a4cac52b73bfc1ebb44ac67dd9b036a072af98e52f9e394e8bfbf49d45
streetfighterzero,Street Fighter Zero,,1995-11-09,c474aa8720e88c7fc448576923ff03f1,241b3ebc3005bd62881c213dd3c5f376f3c7b047,8edb407227978d30338c83e25d1e09edcef4c8626afc7bc48b63f1e301de2714,9b1810f8197dac8d75d5270bdb57fa248147bae25cc46b63956bfc28f8b371c30fc9f8a4cac52b73bfc1ebb44ac67dd9b036a072af98e52f9e394e8bfbf49d45
streetfighterzero,Street Fighter Alpha: Warriors' Dreams,,1995-06-27,c474aa8720e88c7fc448576923ff03f1,241b3ebc3005bd62881c213dd3c5f376f3c7b047,8edb407227978d30338c83e25d1e09edcef4c8626afc7bc48b63f1e301de2714,9b1810f8197dac8d75d5270bdb57fa248147bae25cc46b63956bfc28f8b371c30fc9f8a4cac52b73bfc1ebb44ac67dd9b036a072af98e52f9e394e8bfbf49d45
streetfighterzero,Street Fighter Alpha: Warriors' Dreams,,1995-06-05,c474aa8720e88c7fc448576923ff03f1,241b3ebc3005bd62881c213dd3c5f376f3c7b047,8edb407227978d30338c83e25d1e09edcef4c8626afc7bc48b63f1e301de2714,9b1810f8197dac8d75d5270bdb57fa248147bae25cc46b63956bfc28f8b371c30fc9f8a4cac52b73bfc1ebb44ac67dd9b036a072af98e52f9e394e8bfbf49d45
streetfighterzero,Street Fighter Alpha: Warriors' Dreams,,1995-06-27,c474aa8720e88c7fc448576923ff03f1,241b3ebc3005bd62881c213dd3c5f376f3c7b047,8edb407227978d30338c83e25d1e09edcef4c8626afc7bc48b63f1e301de2714,9b1810f8197dac8d75d5270bdb57fa248147bae25cc46b63956bfc28f8b371c30fc9f8a4cac52b73bfc1ebb44ac67dd9b036a072af98e52f9e394e8bfbf49d45
streetfighterzero,Street Fighter Alpha: Warriors' Dreams,,1995-07-18,c474aa8720e88c7fc448576923ff03f1,241b3ebc3005bd62881c213dd3c5f376f3c7b047,8edb407227978d30338c83e25d1e09edcef4c8626afc7bc48b63f1e301de2714,9b1810f8197dac8d75d5270bdb57fa248147bae25cc46b63956bfc28f8b371c30fc9f8a4cac52b73bfc1ebb44ac67dd9b036a072af98e52f9e394e8bfbf49d45
streetfighterzero,Street Fighter Alpha: Warriors' Dreams,,1995-07-27,c474aa8720e88c7fc448576923ff03f1,241b3ebc3005bd62881c213dd3c5f376f3c7b047,8edb407227978d30338c83e25d1e09edcef4c8626afc7bc48b63f1e301de2714,9b1810f8197dac8d75d5270bdb57fa248147bae25cc46b63956bfc28f8b371c30fc9f8a4cac52b73bfc1ebb44ac67dd9b036a072af98e52f9e394e8bfbf49d45
streetfighterzero,Street Fighter Alpha: Warriors' Dreams (Phoenix Edition),,1995-07-27,c474aa8720e88c7fc448576923ff03f1,241b3ebc3005bd62881c213dd3c5f376f3c7b047,8edb407227978d30338c83e25d1e09edcef4c8626afc7bc48b63f1e301de2714,9b1810f8197dac8d75d5270bdb57fa248147bae25cc46b63956bfc28f8b371c30fc9f8a4cac52b73bfc1ebb44ac67dd9b036a072af98e52f9e394e8bfbf49d45
streetfighterzero2,Street Fighter Zero 2,,1996-02-27,6e5138587d47d543d2bbbfdf7d9bf038,35b4f03fe766eca57315d7fc0a2aa1538d6759e3,f22ad7412dd3961ab1c02d9185145442484d31a4ce854a49b91338547740f7bf,9c19379e17f2eed09dac3146e7c9ee3f3e865f1438c79ac4645719db42ebad1e991e7b70434ea1829abffcf1d65e1617a909c5eeac8fc8f844de4e1e1dd8b3ae
streetfighterzero2,Street Fighter Zero 2,,1996-04-30,6e5138587d47d543d2bbbfdf7d9bf038,35b4f03fe766eca57315d7fc0a2aa1538d6759e3,f22ad7412dd3961ab1c02d9185145442484d31a4ce854a49b91338547740f7bf,9c19379e17f2eed09dac3146e7c9ee3f3e865f1438c79ac4645719db42ebad1e991e7b70434ea1829abffcf1d65e1617a909c5eeac8fc8f844de4e1e1dd8b3ae
streetfighterzero2,Street Fighter Zero 2 (Phoenix Edition),,1996-04-30,6e5138587d47d543d2bbbfdf7d9bf038,35b4f03fe766eca57315d7fc0a2aa1538d6759e3,f22ad7412dd3961ab1c02d9185145442484d31a4ce854a49b91338547740f7bf,9c19379e17f2eed09dac3146e7c9ee3f3e865f1438c79ac4645719db42ebad1e991e7b70434ea1829abffcf1d65e1617a909c5eeac8fc8f844de4e1e1dd8b3ae
streetfighterzero2,Street Fighter Zero 2,,1996-02-27,6e5138587d47d543d2bbbfdf7d9bf038,35b4f03fe766eca57315d7fc0a2aa1538d6759e3,f22ad7412dd3961ab1c02d9185145442484d31a4ce854a49b91338547740f7bf,9c19379e17f2eed09dac3146e7c9ee3f3e865f1438c79ac4645719db42ebad1e991e7b70434ea1829abffcf1d65e1617a909c5eeac8fc8f844de4e1e1dd8b3ae
streetfighterzero2,Street Fighter Zero 2 (Phoenix Edition),,1996-02-27,6e5138587d47d543d2bbbfdf7d9bf038,35b4f03fe766eca57315d7fc0a2aa1538d6759e3,f22ad7412dd3961ab1c02d9185145442484d31a4ce854a49b91338547740f7bf,9c19379e17f2eed09dac3146e7c9ee3f3e865f1438c79ac4645719db42ebad1e991e7b70434ea1829abffcf1d65e1617a909c5eeac8fc8f844de4e1e1dd8b3ae
streetfighterzero2,Street Fighter Zero 2,,1996-02-27,6e5138587d47d543d2bbbfdf7d9bf038,35b4f03fe766eca57315d7fc0a2aa1538d6759e3,f22ad7412dd3961ab1c02d9185145442484d31a4ce854a49b91338547740f7bf,9c19379e17f2eed09dac3146e7c9ee3f3e865f1438c79ac4645719db42ebad1e991e7b70434ea1829abffcf1d65e1617a909c5eeac8fc8f844de4e1e1dd8b3ae
streetfighterzero2,Street Fighter Zero 2,,1996-03-04,6e5138587d47d543d2bbbfdf7d9bf038,35b4f03fe766eca57315d7fc0a2aa1538d6759e3,f22ad7412dd3961ab1c02d9185145442484d31a4ce854a49b91338547740f7bf,9c19379e17f2eed09dac3146e7c9ee3f3e865f1438c79ac4645719db42ebad1e991e7b70434ea1829abffcf1d65e1617a909c5eeac8fc8f844de4e1e1dd8b3ae
streetfighterzero2,Street Fighter Zero 2,,1996-03-04,6e5138587d47d543d2bbbfdf7d9bf038,35b4f03fe766eca57315d7fc0a2aa1538d6759e3,f22ad7412dd3961ab1c02d9185145442484d31a4ce854a49b91338547740f7bf,9c19379e17f2eed09dac3146e7c9ee3f3e865f1438c79ac4645719db42ebad1e991e7b70434ea1829abffcf1d65e1617a909c5eeac8fc8f844de4e1e1dd8b3ae
streetfighterzero2,Street Fighter Zero 2,,1996-05-31,6e5138587d47d543d2bbbfdf7d9bf038,35b4f03fe766eca57315d7fc0a2aa1538d6759e3,f22ad7412dd3961ab1c02d9185145442484d31a4ce854a49b91338547740f7bf,9c19379e17f2eed09dac3146e7c9ee3f3e865f1438c79ac4645719db42ebad1e991e7b70434ea1829abffcf1d65e1617a909c5eeac8fc8f844de4e1e1dd8b3ae
streetfighterzero2,Street Fighter Alpha 2,,1996-03-06,6e5138587d47d543d2bbbfdf7d9bf038,35b4f03fe766eca57315d7fc0a2aa1538d6759e3,f22ad7412dd3961ab1c02d9185145442484d31a4ce854a49b91338547740f7bf,9c19379e17f2eed09dac3146e7c9ee3f3e865f1438c79ac4645719db42ebad1e991e7b70434ea1829abffcf1d65e1617a909c5eeac8fc8f844de4e1e1dd8b3ae
streetfighterzero2,Street Fighter Alpha 2,,1996-04-30,6e5138587d47d543d2bbbfdf7d9bf038,35b4f03fe766eca57315d7fc0a2aa1538d6759e3,f22ad7412dd3961ab1c02d9185145442484d31a4ce854a49b91338547740f7bf,9c19379e17f2eed09dac3146e7c9ee3f3e865f1438c79ac4645719db42ebad1e991e7b70434ea1829abffcf1d65e1617a909c5eeac8fc8f844de4e1e1dd8b3ae
streetfighterzero2,Street Fighter Alpha 2,,1996-02-29,6e5138587d47d543d2bbbfdf7d9bf038,35b4f03fe766eca57315d7fc0a2aa1538d6759e3,f22ad7412dd3961ab1c02d9185145442484d31a4ce854a49b91338547740f7bf,9c19379e17f2eed09dac3146e7c9ee3f3e865f1438c79ac4645719db42ebad1e991e7b70434ea1829abffcf1d65e1617a909c5eeac8fc8f844de4e1e1dd8b3ae
streetfighterzero2alpha,Street Fighter Zero 2 Alpha,,1996-08-05,9771c9854223523a8454748475cfff2f,9b65ee4646d884772a1faf030e0ef8cca53b0496,d5d3fe626c6c0ab8c10f7564a24b5d352886ab114bbb34a8b96a0a8d016e3328,97eb8fcaaa9a06d69ed441924f337521cb8d83807411f01f4c3b1add74abc2c86f9a71bf6f44f7a59afa61681b28a40a95982ca897bd9344e82f8b7a3fc2f81c
streetfighterzero2alpha,Street Fighter Zero 2 Alpha,,1996-08-05,9771c9854223523a8454748475cfff2f,9b65ee4646d884772a1faf030e0ef8cca53b0496,d5d3fe626c6c0ab8c10f7564a24b5d352886ab114bbb34a8b96a0a8d016e3328,97eb8fcaaa9a06d69ed441924f337521cb8d83807411f01f4c3b1add74abc2c86f9a71bf6f44f7a59afa61681b28a40a95982ca897bd9344e82f8b7a3fc2f81c
streetfighterzero2alpha,Street Fighter Zero 2 Alpha,,1996-08-26,9771c9854223523a8454748475cfff2f,9b65ee4646d884772a1faf030e0ef8cca53b0496,d5d3fe626c6c0ab8c10f7564a24b5d352886ab114bbb34a8b96a0a8d016e3328,97eb8fcaaa9a06d69ed441924f337521cb8d83807411f01f4c3b1add74abc2c86f9a71bf6f44f7a59afa61681b28a40a95982ca897bd9344e82f8b7a3fc2f81c
streetfighterzero2alpha,Street Fighter Zero 2 Alpha (Phoenix Edition),,1996-08-26,9771c9854223523a8454748475cfff2f,9b65ee4646d884772a1faf030e0ef8cca53b0496,d5d3fe626c6c0ab8c10f7564a24b5d352886ab114bbb34a8b96a0a8d016e3328,97eb8fcaaa9a06d69ed441924f337521cb8d83807411f01f4c3b1add74abc2c86f9a71bf6f44f7a59afa61681b28a40a95982ca897bd9344e82f8b7a3fc2f81c
streetfighterzero2alpha,Street Fighter Zero 2 Alpha,,1996-08-13,9771c9854223523a8454748475cfff2f,9b65ee4646d884772a1faf030e0ef8cca53b0496,d5d3fe626c6c0ab8c10f7564a24b5d352886ab114bbb34a8b96a0a8d016e3328,97eb8fcaaa9a06d69ed441924f337521cb8d83807411f01f4c3b1add74abc2c86f9a71bf6f44f7a59afa61681b28a40a95982ca897bd9344e82f8b7a3fc2f81c
streetfighterzero2alpha,Street Fighter Zero 2 Alpha,,1996-08-13,9771c9854223523a8454748475cfff2f,9b65ee4646d884772a1faf030e0ef8cca53b0496,d5d3fe626c6c0ab8c10f7564a24b5d352886ab114bbb34a8b96a0a8d016e3328,97eb8fcaaa9a06d69ed441924f337521cb8d83807411f01f4c3b1add74abc2c86f9a71bf6f44f7a59afa61681b28a40a95982ca897bd9344e82f8b7a3fc2f81c
streetfighterzero3,Street Fighter Zero 3,,1998-06-29,1b1e221f09317450828f9136730f3444,d35512ff94a1ac70363e9c1d217e87d910430911,95f6a7bab7064c6e9e78a6169199b796aa00876e3037624412fb1a5fc8c46a83,cedb284508eb1f8b3619be7ada9b45ba7bb2a9ecc58247f13b07a4611c2666fb321b0f545b9a1d83e37a66e11a3ff21e78708472ceac4c5b7292eb8b6a442800
streetfighterzero3,Street Fighter Zero 3,,1998-07-27,1b1e221f09317450828f9136730f3444,d35512ff94a1ac70363e9c1d217e87d910430911,95f6a7bab7064c6e9e78a6169199b796aa00876e3037624412fb1a5fc8c46a83,cedb284508eb1f8b3619be7ada9b45ba7bb2a9ecc58247f13b07a4611c2666fb321b0f545b9a1d83e37a66e11a3ff21e78708472ceac4c5b7292eb8b6a442800
streetfighterzero3,Street Fighter Zero 3,,1998-09-04,1b1e221f09317450828f9136730f3444,d35512ff94a1ac70363e9c1d217e87d910430911,95f6a7bab7064c6e9e78a6169199b796aa00876e3037624412fb1a5fc8c46a83,cedb284508eb1f8b3619be7ada9b45ba7bb2a9ecc58247f13b07a4611c2666fb321b0f545b9a1d83e37a66e11a3ff21e78708472ceac4c5b7292eb8b6a442800
streetfighterzero3,Street Fighter Zero 3 (Phoenix Edition),,1998-06-29,1b1e221f09317450828f9136730f3444,d35512ff94a1ac70363e9c1d217e87d910430911,95f6a7bab7064c6e9e78a6169199b796aa00876e3037624412fb1a5fc8c46a83,cedb284508eb1f8b3619be7ada9b45ba7bb2a9ecc58247f13b07a4611c2666fb321b0f545b9a1d83e37a66e11a3ff21e78708472ceac4c5b7292eb8b6a442800
streetfighterzero3,Street Fighter Zero 3,,1998-07-01,1b1e221f09317450828f9136730f3444,d35512ff94a1ac70363e9c1d217e87d910430911,95f6a7bab7064c6e9e78a6169199b796aa00876e3037624412fb1a5fc8c46a83,cedb284508eb1f8b3619be7ada9b45ba7bb2a9ecc58247f13b07a4611c2666fb321b0f545b9a1d83e37a66e11a3ff21e78708472ceac4c5b7292eb8b6a442800
streetfighterzero3,Street Fighter Zero 3,,1998-09-04,1b1e221f09317450828f9136730f3444,d35512ff94a1ac70363e9c1d217e87d910430911,95f6a7bab7064c6e9e78a6169199b796aa00876e3037624412fb1a5fc8c46a83,cedb284508eb1f8b3619be7ada9b45ba7bb2a9ecc58247f13b07a4611c2666fb321b0f545b9a1d83e37a66e11a3ff21e78708472ceac4c5b7292eb8b6a442800
streetfighterzero3,Street Fighter Alpha 3,,1998-06-16,1b1e221f09317450828f9136730f3444,d35512ff94a1ac70363e9c1d217e87d910430911,95f6a7bab7064c6e9e78a6169199b796aa00876e3037624412fb1a5fc8c46a83,cedb284508eb1f8b3619be7ada9b45ba7bb2a9ecc58247f13b07a4611c2666fb321b0f545b9a1d83e37a66e11a3ff21e78708472ceac4c5b7292eb8b6a442800
streetfighterzero3,Street Fighter Alpha 3,,1998-06-29,1b1e221f09317450828f9136730f3444,d35512ff94a1ac70363e9c1d217e87d910430911,95f6a7bab7064c6e9e78a6169199b796aa00876e3037624412fb1a5fc8c46a83,cedb284508eb1f8b3619be7ada9b45ba7bb2a9ecc58247f13b07a4611c2666fb321b0f545b9a1d83e37a66e11a3ff21e78708472ceac4c5b7292eb8b6a442800
streetfighterzero3,Street Fighter Alpha 3,,1998-09-04,1b1e221f09317450828f9136730f3444,d35512ff94a1ac70363e9c1d217e87d910430911,95f6a7bab7064c6e9e78a6169199b796aa00876e3037624412fb1a5fc8c46a83,cedb284508eb1f8b3619be7ada9b45ba7bb2a9ecc58247f13b07a4611c2666fb321b0f545b9a1d83e37a66e11a3ff21e78708472ceac4c5b7292eb8b6a442800
streetfighterzero3,Street Fighter Alpha 3 (Phoenix Edition),,1998-09-04,1b1e221f09317450828f9136730f3444,d35512ff94a1ac70363e9c1d217e87d910430911,95f6a7bab7064c6e9e78a6169199b796aa00876e3037624412fb1a5fc8c46a83,cedb284508eb1f8b3619be7ada9b45ba7bb2a9ecc58247f13b07a4611c2666fb321b0f545b9a1d83e37a66e11a3ff21e78708472ceac4c5b7292eb8b6a442800
streetfighterzero3,Street Fighter Alpha 3,,1998-06-29,1b1e221f09317450828f9136730f3444,d35512ff94a1ac70363e9c1d217e87d910430911,95f6a7bab7064c6e9e78a6169199b796aa00876e3037624412fb1a5fc8c46a83,cedb284508eb1f8b3619be7ada9b45ba7bb2a9ecc58247f13b07a4611c2666fb321b0f545b9a1d83e37a66e11a3ff21e78708472ceac4c5b7292eb8b6a442800
streetfighterzero3,Street Fighter Alpha 3,,1998-09-04,1b1e221f09317450828f9136730f3444,d35512ff94a1ac70363e9c1d217e87d910430911,95f6a7bab7064c6e9e78a6169199b796aa00876e3037624412fb1a5fc8c46a83,cedb284508eb1f8b3619be7ada9b45ba7bb2a9ecc58247f13b07a4611c2666fb321b0f545b9a1d83e37a66e11a3ff21e78708472ceac4c5b7292eb8b6a442800
streetfighterzero3,Street Fighter Alpha 3,,1998-06-29,1b1e221f09317450828f9136730f3444,d35512ff94a1ac70363e9c1d217e87d910430911,95f6a7bab7064c6e9e78a6169199b796aa00876e3037624412fb1a5fc8c46a83,cedb284508eb1f8b3619be7ada9b45ba7bb2a9ecc58247f13b07a4611c2666fb321b0f545b9a1d83e37a66e11a3ff21e78708472ceac4c5b7292eb8b6a442800
streetfighterzero3,Street Fighter Alpha 3,,1998-09-04,1b1e221f09317450828f9136730f3444,d35512ff94a1ac70363e9c1d217e87d910430911,95f6a7bab7064c6e9e78a6169199b796aa00876e3037624412fb1a5fc8c46a83,cedb284508eb1f8b3619be7ada9b45ba7bb2a9ecc58247f13b07a4611c2666fb321b0f545b9a1d83e37a66e11a3ff21e78708472ceac4c5b7292eb8b6a442800
striderhiryuu,Strider Hiryū,ストライダー飛竜,1989-03-07,7b6de232df5a76cc693c5ddbe9e7548e,946d6a1bada36dbd74ea5be8bbec120870df4c2f,63b1c6fbd20079b28ded25de51047a06991af4e272b840dd597243ef75ea4ae6,5795776eaa380bde0312145c6bbde40d2d0f69e142a5a8222c4dd67c4cc1e34ff9b3827ad04fe6b7f023571ecd43c41214851726ba4c1858218acf714148615f
striderhiryuu,Strider Hiryū,ストライダー飛竜,1989,7b6de232df5a76cc693c5ddbe9e7548e,946d6a1bada36dbd74ea5be8bbec120870df4c2f,63b1c6fbd20079b28ded25de51047a06991af4e272b840dd597243ef75ea4ae6,5795776eaa380bde0312145c6bbde40d2d0f69e142a5a8222c4dd67c4cc1e34ff9b3827ad04fe6b7f023571ecd43c41214851726ba4c1858218acf714148615f
striderhiryuu,Strider,,1989-06-24,7b6de232df5a76cc693c5ddbe9e7548e,946d6a1bada36dbd74ea5be8bbec120870df4c2f,63b1c6fbd20079b28ded25de51047a06991af4e272b840dd597243ef75ea4ae6,5795776eaa380bde0312145c6bbde40d2d0f69e142a5a8222c4dd67c4cc1e34ff9b3827ad04fe6b7f023571ecd43c41214851726ba4c1858218acf714148615f
striderhiryuu,Strider,,1989-06-24,7b6de232df5a76cc693c5ddbe9e7548e,946d6a1bada36dbd74ea5be8bbec120870df4c2f,63b1c6fbd20079b28ded25de51047a06991af4e272b840dd597243ef75ea4ae6,5795776eaa380bde0312145c6bbde40d2d0f69e142a5a8222c4dd67c4cc1e34ff9b3827ad04fe6b7f023571ecd43c41214851726ba4c1858218acf714148615f
striderhiryuu,Strider,,1989-06-24,7b6de232df5a76cc693c5ddbe9e7548e,946d6a1bada36dbd74ea5be8bbec120870df4c2f,63b1c6fbd20079b28ded25de51047a06991af4e272b840dd597243ef75ea4ae6,5795776eaa380bde0312145c6bbde40d2d0f69e142a5a8222c4dd67c4cc1e34ff9b3827ad04fe6b7f023571ecd43c41214851726ba4c1858218acf714148615f
sonson,SonSon,,1984-07,8bd1d76d3ba6e2d8d8a0e5510b925983,1b4128de6b8c0cb72a8f12f97fb2e12ae00e4048,c47f613111c79f033e773aa617c9bb6e86d1d08f7060406fa3f4f7fa90ede699,f568137abbfaf5b6c8891d7b2eefab546ae2aeaf5537dfcce1130d14bb7ef94d17a5a47a547b5099a263225212b59f0b34787aa6c9bce41cfa33ebed82b1775a
sonson,SonSon,,1984,8bd1d76d3ba6e2d8d8a0e5510b925983,1b4128de6b8c0cb72a8f12f97fb2e12ae00e4048,c47f613111c79f033e773aa617c9bb6e86d1d08f7060406fa3f4f7fa90ede699,f568137abbfaf5b6c8891d7b2eefab546ae2aeaf5537dfcce1130d14bb7ef94d17a5a47a547b5099a263225212b59f0b34787aa6c9bce41cfa33ebed82b1775a
supermusclebomber,Super Muscle Bomber: The International Blowout,,1994-08-08,198c8f3b9672af8023a557985ed39266,063cbdd96773b500cb52364ae87dca8f467a873c,8f438d0fb2e42f00559e237b8b350f9607d6f0d7a8b548e45bb84c6970c6e4ee,23677ac97d82f083a0c1d36644c54f6396004b1ce8e29f2394b9824c7c8ec69059f182c73f3c899b9c9e5283d646ee3079709909a63807a2a0bb13de9721e920
supermusclebomber,Super Muscle Bomber: The International Blowout,,1994-08-31,198c8f3b9672af8023a557985ed39266,063cbdd96773b500cb52364ae87dca8f467a873c,8f438d0fb2e42f00559e237b8b350f9607d6f0d7a8b548e45bb84c6970c6e4ee,23677ac97d82f083a0c1d36644c54f6396004b1ce8e29f2394b9824c7c8ec69059f182c73f3c899b9c9e5283d646ee3079709909a63807a2a0bb13de9721e920
supermusclebomber,Ring of Destruction: Slammasters II,,1994-08-31,198c8f3b9672af8023a557985ed39266,063cbdd96773b500cb52364ae87dca8f467a873c,8f438d0fb2e42f00559e237b8b350f9607d6f0d7a8b548e45bb84c6970c6e4ee,23677ac97d82f083a0c1d36644c54f6396004b1ce8e29f2394b9824c7c8ec69059f182c73f3c899b9c9e5283d646ee3079709909a63807a2a0bb13de9721e920
supermusclebomber,Ring of Destruction: Slammasters II,,1994-09-02,198c8f3b9672af8023a557985ed39266,063cbdd96773b500cb52364ae87dca8f467a873c,8f438d0fb2e42f00559e237b8b350f9607d6f0d7a8b548e45bb84c6970c6e4ee,23677ac97d82f083a0c1d36644c54f6396004b1ce8e29f2394b9824c7c8ec69059f182c73f3c899b9c9e5283d646ee3079709909a63807a2a0bb13de9721e920
supermusclebomber,Ring of Destruction: Slammasters II,,1994-09-02,198c8f3b9672af8023a557985ed39266,063cbdd96773b500cb52364ae87dca8f467a873c,8f438d0fb2e42f00559e237b8b350f9607d6f0d7a8b548e45bb84c6970c6e4ee,23677ac97d82f083a0c1d36644c54f6396004b1ce8e29f2394b9824c7c8ec69059f182c73f3c899b9c9e5283d646ee3079709909a63807a2a0bb13de9721e920
supermusclebomber,Ring of Destruction: Slammasters II,,1994-09-02,198c8f3b9672af8023a557985ed39266,063cbdd96773b500cb52364ae87dca8f467a873c,8f438d0fb2e42f00559e237b8b350f9607d6f0d7a8b548e45bb84c6970c6e4ee,23677ac97d82f083a0c1d36644c54f6396004b1ce8e29f2394b9824c7c8ec69059f182c73f3c899b9c9e5283d646ee3079709909a63807a2a0bb13de9721e920
supermusclebomber,Ring of Destruction: Slammasters II (Phoenix Edition),,1994-09-02,198c8f3b9672af8023a557985ed39266,063cbdd96773b500cb52364ae87dca8f467a873c,8f438d0fb2e42f00559e237b8b350f9607d6f0d7a8b548e45bb84c6970c6e4ee,23677ac97d82f083a0c1d36644c54f6396004b1ce8e29f2394b9824c7c8ec69059f182c73f3c899b9c9e5283d646ee3079709909a63807a2a0bb13de9721e920
superpang,Super Pang,,1990-10-23,0429613b62e0f0c7d82e16d50368a500,0a6719c908b8cce6a3f60f316410903e882ad04c,4cdd52a6fe4845728832fca4aca73d42209fb588cdefec85b14cfdad7f2d33f2,082711659adf43f0ecbf38cf499e28ab451be6b04442a20aed3795b20f37597b0f07638a542aa6741861b45597b4bc619f4418bbb58c3c0a45dcedd9d103083b
superpang,Super Buster Bros.,,1990-10-01,0429613b62e0f0c7d82e16d50368a500,0a6719c908b8cce6a3f60f316410903e882ad04c,4cdd52a6fe4845728832fca4aca73d42209fb588cdefec85b14cfdad7f2d33f2,082711659adf43f0ecbf38cf499e28ab451be6b04442a20aed3795b20f37597b0f07638a542aa6741861b45597b4bc619f4418bbb58c3c0a45dcedd9d103083b
superpang,Super Pang,,1990-09-14,0429613b62e0f0c7d82e16d50368a500,0a6719c908b8cce6a3f60f316410903e882ad04c,4cdd52a6fe4845728832fca4aca73d42209fb588cdefec85b14cfdad7f2d33f2,082711659adf43f0ecbf38cf499e28ab451be6b04442a20aed3795b20f37597b0f07638a542aa6741861b45597b4bc619f4418bbb58c3c0a45dcedd9d103083b
superpang,Super Pang,,1990,0429613b62e0f0c7d82e16d50368a500,0a6719c908b8cce6a3f60f316410903e882ad04c,4cdd52a6fe4845728832fca4aca73d42209fb588cdefec85b14cfdad7f2d33f2,082711659adf43f0ecbf38cf499e28ab451be6b04442a20aed3795b20f37597b0f07638a542aa6741861b45597b4bc619f4418bbb58c3c0a45dcedd9d103083b
superpang,Super Pang,,1990,0429613b62e0f0c7d82e16d50368a500,0a6719c908b8cce6a3f60f316410903e882ad04c,4cdd52a6fe4845728832fca4aca73d42209fb588cdefec85b14cfdad7f2d33f2,082711659adf43f0ecbf38cf499e28ab451be6b04442a20aed3795b20f37597b0f07638a542aa6741861b45597b4bc619f4418bbb58c3c0a45dcedd9d103083b
superpuzzlefighter2x,Super Puzzle Fighter II X,,1996-05-31,4c8d78d32cfecf21fd88dda7e9f8b724,c505191fac0785a289efc70c072bd8e2aab68005,22d4e6066e2d7bc1cdf7afea851c865e22c7bb60a86cebe18522297b4b726c9f,e49b2a766774ee7af1c7c095376ffc021af8d05fbd3aab98d0720aa3b5f5968ee98fadbf511694815cbda682c285caf3bfac188c3f242c79b24521f3e5d3b624
superpuzzlefighter2x,Super Puzzle Fighter II X (Phoenix Edition),,1996-05-31,4c8d78d32cfecf21fd88dda7e9f8b724,c505191fac0785a289efc70c072bd8e2aab68005,22d4e6066e2d7bc1cdf7afea851c865e22c7bb60a86cebe18522297b4b726c9f,e49b2a766774ee7af1c7c095376ffc021af8d05fbd3aab98d0720aa3b5f5968ee98fadbf511694815cbda682c285caf3bfac188c3f242c79b24521f3e5d3b624
superpuzzlefighter2x,Super Puzzle Fighter II Turbo,,1996-05-29,4c8d78d32cfecf21fd88dda7e9f8b724,c505191fac0785a289efc70c072bd8e2aab68005,22d4e6066e2d7bc1cdf7afea851c865e22c7bb60a86cebe18522297b4b726c9f,e49b2a766774ee7af1c7c095376ffc021af8d05fbd3aab98d0720aa3b5f5968ee98fadbf511694815cbda682c285caf3bfac188c3f242c79b24521f3e5d3b624
superpuzzlefighter2x,Super Puzzle Fighter II Turbo,,1996-06-20,4c8d78d32cfecf21fd88dda7e9f8b724,c505191fac0785a289efc70c072bd8e2aab68005,22d4e6066e2d7bc1cdf7afea851c865e22c7bb60a86cebe18522297b4b726c9f,e49b2a766774ee7af1c7c095376ffc021af8d05fbd3aab98d0720aa3b5f5968ee98fadbf511694815cbda682c285caf3bfac188c3f242c79b24521f3e5d3b624
superpuzzlefighter2x,Super Puzzle Fighter II Turbo (Phoenix Edition),,1996-06-20,4c8d78d32cfecf21fd88dda7e9f8b724,c505191fac0785a289efc70c072bd8e2aab68005,22d4e6066e2d7bc1cdf7afea851c865e22c7bb60a86cebe18522297b4b726c9f,e49b2a766774ee7af1c7c095376ffc021af8d05fbd3aab98d0720aa3b5f5968ee98fadbf511694815cbda682c285caf3bfac188c3f242c79b24521f3e5d3b624
superpuzzlefighter2x,Super Puzzle Fighter II Turbo,,1996-05-31,4c8d78d32cfecf21fd88dda7e9f8b724,c505191fac0785a289efc70c072bd8e2aab68005,22d4e6066e2d7bc1cdf7afea851c865e22c7bb60a86cebe18522297b4b726c9f,e49b2a766774ee7af1c7c095376ffc021af8d05fbd3aab98d0720aa3b5f5968ee98fadbf511694815cbda682c285caf3bfac188c3f242c79b24521f3e5d3b624
superpuzzlefighter2x,Super Puzzle Fighter II Turbo,,1996-05-29,4c8d78d32cfecf21fd88dda7e9f8b724,c505191fac0785a289efc70c072bd8e2aab68005,22d4e6066e2d7bc1cdf7afea851c865e22c7bb60a86cebe18522297b4b726c9f,e49b2a766774ee7af1c7c095376ffc021af8d05fbd3aab98d0720aa3b5f5968ee98fadbf511694815cbda682c285caf3bfac188c3f242c79b24521f3e5d3b624
superstreetfighter2tnc,Super Street Fighter II: The New Challengers,,1993-09-10,921bc7e31ade6edba030f8444b45291c,c85dd68a9097a0a033e9d7c4ed3ecba1acb72567,5cbe66a9b22a262d895c6ceec6a3e17fe54e0807124bbca9eaaab05715b31682,0a3ddc140c427781492ffe181f32fbc199c11ba3e1b02a0e2bc423341f5df6f8daa87db8c03475e21ed623b4745066b7227003e39b6e6f589a499661cbb80c5e
superstreetfighter2tnc,Super Street Fighter II: The New Challengers,,1993-09-11,921bc7e31ade6edba030f8444b45291c,c85dd68a9097a0a033e9d7c4ed3ecba1acb72567,5cbe66a9b22a262d895c6ceec6a3e17fe54e0807124bbca9eaaab05715b31682,0a3ddc140c427781492ffe181f32fbc199c11ba3e1b02a0e2bc423341f5df6f8daa87db8c03475e21ed623b4745066b7227003e39b6e6f589a499661cbb80c5e
superstreetfighter2tnc,Super Street Fighter II: The New Challengers,,1993-10-05,921bc7e31ade6edba030f8444b45291c,c85dd68a9097a0a033e9d7c4ed3ecba1acb72567,5cbe66a9b22a262d895c6ceec6a3e17fe54e0807124bbca9eaaab05715b31682,0a3ddc140c427781492ffe181f32fbc199c11ba3e1b02a0e2bc423341f5df6f8daa87db8c03475e21ed623b4745066b7227003e39b6e6f589a499661cbb80c5e
superstreetfighter2tnc,Super Street Fighter II: The New Challengers,,1993-09-14,921bc7e31ade6edba030f8444b45291c,c85dd68a9097a0a033e9d7c4ed3ecba1acb72567,5cbe66a9b22a262d895c6ceec6a3e17fe54e0807124bbca9eaaab05715b31682,0a3ddc140c427781492ffe181f32fbc199c11ba3e1b02a0e2bc423341f5df6f8daa87db8c03475e21ed623b4745066b7227003e39b6e6f589a499661cbb80c5e
superstreetfighter2tnc,Super Street Fighter II: The New Challengers,,1993-10-05,921bc7e31ade6edba030f8444b45291c,c85dd68a9097a0a033e9d7c4ed3ecba1acb72567,5cbe66a9b22a262d895c6ceec6a3e17fe54e0807124bbca9eaaab05715b31682,0a3ddc140c427781492ffe181f32fbc199c11ba3e1b02a0e2bc423341f5df6f8daa87db8c03475e21ed623b4745066b7227003e39b6e6f589a499661cbb80c5e
superstreetfighter2tnc,Super Street Fighter II: The New Challengers,,1993-09-11,921bc7e31ade6edba030f8444b45291c,c85dd68a9097a0a033e9d7c4ed3ecba1acb72567,5cbe66a9b22a262d895c6ceec6a3e17fe54e0807124bbca9eaaab05715b31682,0a3ddc140c427781492ffe181f32fbc199c11ba3e1b02a0e2bc423341f5df6f8daa87db8c03475e21ed623b4745066b7227003e39b6e6f589a499661cbb80c5e
superstreetfighter2tnc,Super Street Fighter II: The New Challengers (Phoenix Edition),,1993-09-11,921bc7e31ade6edba030f8444b45291c,c85dd68a9097a0a033e9d7c4ed3ecba1acb72567,5cbe66a9b22a262d895c6ceec6a3e17fe54e0807124bbca9eaaab05715b31682,0a3ddc140c427781492ffe181f32fbc199c11ba3e1b02a0e2bc423341f5df6f8daa87db8c03475e21ed623b4745066b7227003e39b6e6f589a499661cbb80c5e
superstreetfighter2tnc,Super Street Fighter II: The New Challengers,,1993-09-11,921bc7e31ade6edba030f8444b45291c,c85dd68a9097a0a033e9d7c4ed3ecba1acb72567,5cbe66a9b22a262d895c6ceec6a3e17fe54e0807124bbca9eaaab05715b31682,0a3ddc140c427781492ffe181f32fbc199c11ba3e1b02a0e2bc423341f5df6f8daa87db8c03475e21ed623b4745066b7227003e39b6e6f589a499661cbb80c5e
superstreetfighter2tnc,Super Street Fighter II: The New Challengers,,1993-09-11,921bc7e31ade6edba030f8444b45291c,c85dd68a9097a0a033e9d7c4ed3ecba1acb72567,5cbe66a9b22a262d895c6ceec6a3e17fe54e0807124bbca9eaaab05715b31682,0a3ddc140c427781492ffe181f32fbc199c11ba3e1b02a0e2bc423341f5df6f8daa87db8c03475e21ed623b4745066b7227003e39b6e6f589a499661cbb80c5e
superstreetfighter2tnc,Super Street Fighter II: The New Challengers,,1993-10-05,921bc7e31ade6edba030f8444b45291c,c85dd68a9097a0a033e9d7c4ed3ecba1acb72567,5cbe66a9b22a262d895c6ceec6a3e17fe54e0807124bbca9eaaab05715b31682,0a3ddc140c427781492ffe181f32fbc199c11ba3e1b02a0e2bc423341f5df6f8daa87db8c03475e21ed623b4745066b7227003e39b6e6f589a499661cbb80c5e
superstreetfighter2tnc,Super Street Fighter II: The Tournament Battle,,1993-09-11,921bc7e31ade6edba030f8444b45291c,c85dd68a9097a0a033e9d7c4ed3ecba1acb72567,5cbe66a9b22a262d895c6ceec6a3e17fe54e0807124bbca9eaaab05715b31682,0a3ddc140c427781492ffe181f32fbc199c11ba3e1b02a0e2bc423341f5df6f8daa87db8c03475e21ed623b4745066b7227003e39b6e6f589a499661cbb80c5e
superstreetfighter2tnc,Super Street Fighter II: The Tournament Battle,,1993-10-05,921bc7e31ade6edba030f8444b45291c,c85dd68a9097a0a033e9d7c4ed3ecba1acb72567,5cbe66a9b22a262d895c6ceec6a3e17fe54e0807124bbca9eaaab05715b31682,0a3ddc140c427781492ffe181f32fbc199c11ba3e1b02a0e2bc423341f5df6f8daa87db8c03475e21ed623b4745066b7227003e39b6e6f589a499661cbb80c5e
superstreetfighter2tnc,Super Street Fighter II: The Tournament Battle,,1993-10-05,921bc7e31ade6edba030f8444b45291c,c85dd68a9097a0a033e9d7c4ed3ecba1acb72567,5cbe66a9b22a262d895c6ceec6a3e17fe54e0807124bbca9eaaab05715b31682,0a3ddc140c427781492ffe181f32fbc199c11ba3e1b02a0e2bc423341f5df6f8daa87db8c03475e21ed623b4745066b7227003e39b6e6f589a499661cbb80c5e
superstreetfighter2tnc,Super Street Fighter II: The Tournament Battle,,1993-09-11,921bc7e31ade6edba030f8444b45291c,c85dd68a9097a0a033e9d7c4ed3ecba1acb72567,5cbe66a9b22a262d895c6ceec6a3e17fe54e0807124bbca9eaaab05715b31682,0a3ddc140c427781492ffe181f32fbc199c11ba3e1b02a0e2bc423341f5df6f8daa87db8c03475e21ed623b4745066b7227003e39b6e6f589a499661cbb80c5e
superstreetfighter2tnc,Super Street Fighter II: The Tournament Battle,,1993-10-05,921bc7e31ade6edba030f8444b45291c,c85dd68a9097a0a033e9d7c4ed3ecba1acb72567,5cbe66a9b22a262d895c6ceec6a3e17fe54e0807124bbca9eaaab05715b31682,0a3ddc140c427781492ffe181f32fbc199c11ba3e1b02a0e2bc423341f5df6f8daa87db8c03475e21ed623b4745066b7227003e39b6e6f589a499661cbb80c5e
superstreetfighter2tnc,Super Street Fighter II: The Tournament Battle,,1993-09-11,921bc7e31ade6edba030f8444b45291c,c85dd68a9097a0a033e9d7c4ed3ecba1acb72567,5cbe66a9b22a262d895c6ceec6a3e17fe54e0807124bbca9eaaab05715b31682,0a3ddc140c427781492ffe181f32fbc199c11ba3e1b02a0e2bc423341f5df6f8daa87db8c03475e21ed623b4745066b7227003e39b6e6f589a499661cbb80c5e
superstreetfighter2tnc,Super Street Fighter II: The Tournament Battle,,1993-11-19,921bc7e31ade6edba030f8444b45291c,c85dd68a9097a0a033e9d7c4ed3ecba1acb72567,5cbe66a9b22a262d895c6ceec6a3e17fe54e0807124bbca9eaaab05715b31682,0a3ddc140c427781492ffe181f32fbc199c11ba3e1b02a0e2bc423341f5df6f8daa87db8c03475e21ed623b4745066b7227003e39b6e6f589a499661cbb80c5e
superstreetfighter2tnc,Super Street Fighter II: The Tournament Battle (Phoenix Edition),,1993-11-19,921bc7e31ade6edba030f8444b45291c,c85dd68a9097a0a033e9d7c4ed3ecba1acb72567,5cbe66a9b22a262d895c6ceec6a3e17fe54e0807124bbca9eaaab05715b31682,0a3ddc140c427781492ffe181f32fbc199c11ba3e1b02a0e2bc423341f5df6f8daa87db8c03475e21ed623b4745066b7227003e39b6e6f589a499661cbb80c5e
superstreetfighter2x,Super Street Fighter II X: Grand Master Challenge,,1994-02-23,cc19617ed9b7ab83a791b5f557f6b6fc,a24dcddf11724b69d6b3b161e995364ee0234c22,3fd1c7fb30069586cb9ac7f473745d5074a0c56c28ac583c38bfe5fe9f3a7167,99ac39ab04171034771c52dd8b35618e44699197962f15f3ec0e9d3c336de6c778e78a2b99d27eaddba9f7c599726f9b0fe9d4ec086d4992cf6ded2cbb6fbe88
superstreetfighter2x,Super Street Fighter II X: Grand Master Challenge,,1994-02-23,cc19617ed9b7ab83a791b5f557f6b6fc,a24dcddf11724b69d6b3b161e995364ee0234c22,3fd1c7fb30069586cb9ac7f473745d5074a0c56c28ac583c38bfe5fe9f3a7167,99ac39ab04171034771c52dd8b35618e44699197962f15f3ec0e9d3c336de6c778e78a2b99d27eaddba9f7c599726f9b0fe9d4ec086d4992cf6ded2cbb6fbe88
superstreetfighter2x,Super Street Fighter II X: Grand Master Challenge,,1994-03-11,cc19617ed9b7ab83a791b5f557f6b6fc,a24dcddf11724b69d6b3b161e995364ee0234c22,3fd1c7fb30069586cb9ac7f473745d5074a0c56c28ac583c38bfe5fe9f3a7167,99ac39ab04171034771c52dd8b35618e44699197962f15f3ec0e9d3c336de6c778e78a2b99d27eaddba9f7c599726f9b0fe9d4ec086d4992cf6ded2cbb6fbe88
superstreetfighter2x,Super Street Fighter II X: Grand Master Challenge (Phoenix Edition),,1994-02-23,cc19617ed9b7ab83a791b5f557f6b6fc,a24dcddf11724b69d6b3b161e995364ee0234c22,3fd1c7fb30069586cb9ac7f473745d5074a0c56c28ac583c38bfe5fe9f3a7167,99ac39ab04171034771c52dd8b35618e44699197962f15f3ec0e9d3c336de6c778e78a2b99d27eaddba9f7c599726f9b0fe9d4ec086d4992cf6ded2cbb6fbe88
superstreetfighter2x,Super Street Fighter II Turbo,,1994-02-23,cc19617ed9b7ab83a791b5f557f6b6fc,a24dcddf11724b69d6b3b161e995364ee0234c22,3fd1c7fb30069586cb9ac7f473745d5074a0c56c28ac583c38bfe5fe9f3a7167,99ac39ab04171034771c52dd8b35618e44699197962f15f3ec0e9d3c336de6c778e78a2b99d27eaddba9f7c599726f9b0fe9d4ec086d4992cf6ded2cbb6fbe88
superstreetfighter2x,Super Street Fighter II Turbo (Phoenix Edition),,1994-02-23,cc19617ed9b7ab83a791b5f557f6b6fc,a24dcddf11724b69d6b3b161e995364ee0234c22,3fd1c7fb30069586cb9ac7f473745d5074a0c56c28ac583c38bfe5fe9f3a7167,99ac39ab04171034771c52dd8b35618e44699197962f15f3ec0e9d3c336de6c778e78a2b99d27eaddba9f7c599726f9b0fe9d4ec086d4992cf6ded2cbb6fbe88
superstreetfighter2x,Super Street Fighter II Turbo,,1994-02-23,cc19617ed9b7ab83a791b5f557f6b6fc,a24dcddf11724b69d6b3b161e995364ee0234c22,3fd1c7fb30069586cb9ac7f473745d5074a0c56c28ac583c38bfe5fe9f3a7167,99ac39ab04171034771c52dd8b35618e44699197962f15f3ec0e9d3c336de6c778e78a2b99d27eaddba9f7c599726f9b0fe9d4ec086d4992cf6ded2cbb6fbe88
superstreetfighter2x,Super Street Fighter II Turbo,,1994-03-23,cc19617ed9b7ab83a791b5f557f6b6fc,a24dcddf11724b69d6b3b161e995364ee0234c22,3fd1c7fb30069586cb9ac7f473745d5074a0c56c28ac583c38bfe5fe9f3a7167,99ac39ab04171034771c52dd8b35618e44699197962f15f3ec0e9d3c336de6c778e78a2b99d27eaddba9f7c599726f9b0fe9d4ec086d4992cf6ded2cbb6fbe88
superstreetfighter2x,Super Street Fighter II Turbo,,1994-02-23,cc19617ed9b7ab83a791b5f557f6b6fc,a24dcddf11724b69d6b3b161e995364ee0234c22,3fd1c7fb30069586cb9ac7f473745d5074a0c56c28ac583c38bfe5fe9f3a7167,99ac39ab04171034771c52dd8b35618e44699197962f15f3ec0e9d3c336de6c778e78a2b99d27eaddba9f7c599726f9b0fe9d4ec086d4992cf6ded2cbb6fbe88
superstreetfighter2x,Super Street Fighter II Turbo,,1994-02-23,cc19617ed9b7ab83a791b5f557f6b6fc,a24dcddf11724b69d6b3b161e995364ee0234c22,3fd1c7fb30069586cb9ac7f473745d5074a0c56c28ac583c38bfe5fe9f3a7167,99ac39ab04171034771c52dd8b35618e44699197962f15f3ec0e9d3c336de6c778e78a2b99d27eaddba9f7c599726f9b0fe9d4ec086d4992cf6ded2cbb6fbe88
tatakainobanka,Tatakai no Banka,闘いの挽歌,1986-04,c24b29668a2bf3371914795393046436,9cdcd908dea011a69ba96dadd2b1f0d55e14c35c,a137daba9de3b9093a7ec0b65454119224ac24db22c8c1a0228157e857fd4979,946ab612b88e0ca900e90391c7840a2aa318c75a1d6146fc36eb97a39f5cc421ed96849cb03816c6268fad548bfb445e07836e80e69633d67bbe20a0fa693134
tatakainobanka,Tatakai no Banka,闘いの挽歌,1986-04,c24b29668a2bf3371914795393046436,9cdcd908dea011a69ba96dadd2b1f0d55e14c35c,a137daba9de3b9093a7ec0b65454119224ac24db22c8c1a0228157e857fd4979,946ab612b88e0ca900e90391c7840a2aa318c75a1d6146fc36eb97a39f5cc421ed96849cb03816c6268fad548bfb445e07836e80e69633d67bbe20a0fa693134
tatakainobanka,Trojan,,1986-04,c24b29668a2bf3371914795393046436,9cdcd908dea011a69ba96dadd2b1f0d55e14c35c,a137daba9de3b9093a7ec0b65454119224ac24db22c8c1a0228157e857fd4979,946ab612b88e0ca900e90391c7840a2aa318c75a1d6146fc36eb97a39f5cc421ed96849cb03816c6268fad548bfb445e07836e80e69633d67bbe20a0fa693134
tatakainobanka,Trojan,,1986,c24b29668a2bf3371914795393046436,9cdcd908dea011a69ba96dadd2b1f0d55e14c35c,a137daba9de3b9093a7ec0b65454119224ac24db22c8c1a0228157e857fd4979,946ab612b88e0ca900e90391c7840a2aa318c75a1d6146fc36eb97a39f5cc421ed96849cb03816c6268fad548bfb445e07836e80e69633d67bbe20a0fa693134
tatakainobanka,Trojan (Location Test),,1986,c24b29668a2bf3371914795393046436,9cdcd908dea011a69ba96dadd2b1f0d55e14c35c,a137daba9de3b9093a7ec0b65454119224ac24db22c8c1a0228157e857fd4979,946ab612b88e0ca900e90391c7840a2aa318c75a1d6146fc36eb97a39f5cc421ed96849cb03816c6268fad548bfb445e07836e80e69633d67bbe20a0fa693134
tatakainobanka,Trojan,,1986,c24b29668a2bf3371914795393046436,9cdcd908dea011a69ba96dadd2b1f0d55e14c35c,a137daba9de3b9093a7ec0b65454119224ac24db22c8c1a0228157e857fd4979,946ab612b88e0ca900e90391c7840a2aa318c75a1d6146fc36eb97a39f5cc421ed96849cb03816c6268fad548bfb445e07836e80e69633d67bbe20a0fa693134
tatakainobanka,Trojan,,1986,c24b29668a2bf3371914795393046436,9cdcd908dea011a69ba96dadd2b1f0d55e14c35c,a137daba9de3b9093a7ec0b65454119224ac24db22c8c1a0228157e857fd4979,946ab612b88e0ca900e90391c7840a2aa318c75a1d6146fc36eb97a39f5cc421ed96849cb03816c6268fad548bfb445e07836e80e69633d67bbe20a0fa693134
tenchiwokurau,Tenchi wo Kurau,天地を喰らう,1989-04,380cde51eb508a1589f8a3ad36c88019,e574f3b6100ce15da6046818b2ef59a4a606abd7,33c4c9594f4447f7b27f1f5e46fdbb9f55826f04b95cf5a86bf434b047b99580,c54947cde98c22cedcbb8bb1ade06249e6531d0b8847bcfd3aa0815cd24546d1b575e77af1f95a05e2d6ff35a3be7b2095a75c1431d1fac7e2df43b58670fc93
tenchiwokurau,Tenchi wo Kurau,天地を喰らう,1989-07,380cde51eb508a1589f8a3ad36c88019,e574f3b6100ce15da6046818b2ef59a4a606abd7,33c4c9594f4447f7b27f1f5e46fdbb9f55826f04b95cf5a86bf434b047b99580,c54947cde98c22cedcbb8bb1ade06249e6531d0b8847bcfd3aa0815cd24546d1b575e77af1f95a05e2d6ff35a3be7b2095a75c1431d1fac7e2df43b58670fc93
tenchiwokurau,Dynasty Wars,,1989-04,380cde51eb508a1589f8a3ad36c88019,e574f3b6100ce15da6046818b2ef59a4a606abd7,33c4c9594f4447f7b27f1f5e46fdbb9f55826f04b95cf5a86bf434b047b99580,c54947cde98c22cedcbb8bb1ade06249e6531d0b8847bcfd3aa0815cd24546d1b575e77af1f95a05e2d6ff35a3be7b2095a75c1431d1fac7e2df43b58670fc93
tenchiwokurau,Dynasty Wars,,1989-04,380cde51eb508a1589f8a3ad36c88019,e574f3b6100ce15da6046818b2ef59a4a606abd7,33c4c9594f4447f7b27f1f5e46fdbb9f55826f04b95cf5a86bf434b047b99580,c54947cde98c22cedcbb8bb1ade06249e6531d0b8847bcfd3aa0815cd24546d1b575e77af1f95a05e2d6ff35a3be7b2095a75c1431d1fac7e2df43b58670fc93
tenchiwokurau2,Tenchi wo Kurau II: Sekiheki no Tatakai,天地を喰らうII 赤壁の戦い,1992-10-31,e0e7203b290a6a62d47dc0a7de2aab1b,72ae431e37e783d0cb84f0da6440a40203906b4d,75454b4bc15048eba4f1f815b3d5924a9e06382763100a683a78718b631067b6,da3b78d4eb19cb1a8900e72165fd7cb6329a0282c0fcd547fc34c4cc16d941af88d9b1a6daca6b3c181529ebf2d6c221e96649712b6c23c958fd81256e8fdb90
tenchiwokurau2,Sangokushi II,三国志II,1992-10-05,e0e7203b290a6a62d47dc0a7de2aab1b,72ae431e37e783d0cb84f0da6440a40203906b4d,75454b4bc15048eba4f1f815b3d5924a9e06382763100a683a78718b631067b6,da3b78d4eb19cb1a8900e72165fd7cb6329a0282c0fcd547fc34c4cc16d941af88d9b1a6daca6b3c181529ebf2d6c221e96649712b6c23c958fd81256e8fdb90
tenchiwokurau2,Warriors of Fate,,1992-10-31,e0e7203b290a6a62d47dc0a7de2aab1b,72ae431e37e783d0cb84f0da6440a40203906b4d,75454b4bc15048eba4f1f815b3d5924a9e06382763100a683a78718b631067b6,da3b78d4eb19cb1a8900e72165fd7cb6329a0282c0fcd547fc34c4cc16d941af88d9b1a6daca6b3c181529ebf2d6c221e96649712b6c23c958fd81256e8fdb90
tenchiwokurau2,Warriors of Fate,,1992-10-02,e0e7203b290a6a62d47dc0a7de2aab1b,72ae431e37e783d0cb84f0da6440a40203906b4d,75454b4bc15048eba4f1f815b3d5924a9e06382763100a683a78718b631067b6,da3b78d4eb19cb1a8900e72165fd7cb6329a0282c0fcd547fc34c4cc16d941af88d9b1a6daca6b3c181529ebf2d6c221e96649712b6c23c958fd81256e8fdb90
tenchiwokurau2,Warriors of Fate,,1992-10-31,e0e7203b290a6a62d47dc0a7de2aab1b,72ae431e37e783d0cb84f0da6440a40203906b4d,75454b4bc15048eba4f1f815b3d5924a9e06382763100a683a78718b631067b6,da3b78d4eb19cb1a8900e72165fd7cb6329a0282c0fcd547fc34c4cc16d941af88d9b1a6daca6b3c181529ebf2d6c221e96649712b6c23c958fd81256e8fdb90
tenchiwokurau2,Tenchi wo Kurau II: Sekiheki no Tatakai,天地を喰らうII 赤壁の戦い,1994,3ab98920803253f6b69a1426f84f6e91,27fcb6a6e63b5c7f015d0f931ec70b8b6fbf5498,0302a903b5142e6c5fda5769920759adfeb4790b56950a5b3ea22560f66027be,32417618140fe6c220057977ae772692ff434d356ab2c919730854857b81080f517fce81ccb33d903ee060711351b39dc4b8c5b975a922154f763c1c5f00bf16
thekingofdragons,The King of Dragons,,1991-08-05,a40920a1ee80d8d03c981b949e43572b,d6390cdc3bf48d68e8c666d32ad74fde072a7100,a8f2e9a85c8c9db86d6115ae97dc977870fa01454acf0230f9e27ad43c899894,c63de15dd4b4aa1730b3ab9ac6d40ed1824cde24328bd9224f4bb5390ee5b2580c2023b50f13042d5a20cec1f863d5fd99a5bda781f3ba18bf826dafc2fb0c40
thekingofdragons,The King of Dragons,,1991-08-05,a40920a1ee80d8d03c981b949e43572b,d6390cdc3bf48d68e8c666d32ad74fde072a7100,a8f2e9a85c8c9db86d6115ae97dc977870fa01454acf0230f9e27ad43c899894,c63de15dd4b4aa1730b3ab9ac6d40ed1824cde24328bd9224f4bb5390ee5b2580c2023b50f13042d5a20cec1f863d5fd99a5bda781f3ba18bf826dafc2fb0c40
thekingofdragons,The King of Dragons,,1991-09-10,a40920a1ee80d8d03c981b949e43572b,d6390cdc3bf48d68e8c666d32ad74fde072a7100,a8f2e9a85c8c9db86d6115ae97dc977870fa01454acf0230f9e27ad43c899894,c63de15dd4b4aa1730b3ab9ac6d40ed1824cde24328bd9224f4bb5390ee5b2580c2023b50f13042d5a20cec1f863d5fd99a5bda781f3ba18bf826dafc2fb0c40
thekingofdragons,The King of Dragons,,1991-07-11,a40920a1ee80d8d03c981b949e43572b,d6390cdc3bf48d68e8c666d32ad74fde072a7100,a8f2e9a85c8c9db86d6115ae97dc977870fa01454acf0230f9e27ad43c899894,c63de15dd4b4aa1730b3ab9ac6d40ed1824cde24328bd9224f4bb5390ee5b2580c2023b50f13042d5a20cec1f863d5fd99a5bda781f3ba18bf826dafc2fb0c40
thekingofdragons,The King of Dragons,,1991-07-31,a40920a1ee80d8d03c981b949e43572b,d6390cdc3bf48d68e8c666d32ad74fde072a7100,a8f2e9a85c8c9db86d6115ae97dc977870fa01454acf0230f9e27ad43c899894,c63de15dd4b4aa1730b3ab9ac6d40ed1824cde24328bd9224f4bb5390ee5b2580c2023b50f13042d5a20cec1f863d5fd99a5bda781f3ba18bf826dafc2fb0c40
thekingofdragons,The King of Dragons,,1991-08-05,a40920a1ee80d8d03c981b949e43572b,d6390cdc3bf48d68e8c666d32ad74fde072a7100,a8f2e9a85c8c9db86d6115ae97dc977870fa01454acf0230f9e27ad43c899894,c63de15dd4b4aa1730b3ab9ac6d40ed1824cde24328bd9224f4bb5390ee5b2580c2023b50f13042d5a20cec1f863d5fd99a5bda781f3ba18bf826dafc2fb0c40
thekingofdragons,The King of Dragons,,1995,,,,
thepunisher,The Punisher,,1993-04-22,bd72dd42a354f210c23b790ec83ea08d,ed7fe2e248f26d0c28c47a6f1247475e76df1db8,28ac6351db503ef04cb86702e9a37a67e323c16e8a040094581fa66bc06b2850,ee8b4b14ce82c3be7f66b483e7bf331a13291b686cde671df2a6b5527122c1b936458af5b1961f7c18fcfdb7efaa1cebe0843b09a479bc065000f3c3fd10549d
thepunisher,The Punisher,,1993-04-22,bd72dd42a354f210c23b790ec83ea08d,ed7fe2e248f26d0c28c47a6f1247475e76df1db8,28ac6351db503ef04cb86702e9a37a67e323c16e8a040094581fa66bc06b2850,ee8b4b14ce82c3be7f66b483e7bf331a13291b686cde671df2a6b5527122c1b936458af5b1961f7c18fcfdb7efaa1cebe0843b09a479bc065000f3c3fd10549d
thepunisher,The Punisher,,1993-04-22,bd72dd42a354f210c23b790ec83ea08d,ed7fe2e248f26d0c28c47a6f1247475e76df1db8,28ac6351db503ef04cb86702e9a37a67e323c16e8a040094581fa66bc06b2850,ee8b4b14ce82c3be7f66b483e7bf331a13291b686cde671df2a6b5527122c1b936458af5b1961f7c18fcfdb7efaa1cebe0843b09a479bc065000f3c3fd10549d
thepunisher,The Punisher,,1993-04-22,bd72dd42a354f210c23b790ec83ea08d,ed7fe2e248f26d0c28c47a6f1247475e76df1db8,28ac6351db503ef04cb86702e9a37a67e323c16e8a040094581fa66bc06b2850,ee8b4b14ce82c3be7f66b483e7bf331a13291b686cde671df2a6b5527122c1b936458af5b1961f7c18fcfdb7efaa1cebe0843b09a479bc065000f3c3fd10549d
toraenomichi,Tora e no Michi,虎への道,1987-11,70fd30f3aba366394f19b020b1215027,852330f66302b6f110f8c735c5323f855eece7d4,e3920496f43077b4a1f3423aa2b93afe5613a879096dd796f6b0813fc85a955a,31de9e1c004300ff88b6bc88a041f6778b38e25866f35cabb2a8fa8fbab7fb2c28b1d0debd962df9862a6e48025ef30cd9c7386f0e562f8522c2915964b60ba8
toraenomichi,Tiger Road,,1987-12,70fd30f3aba366394f19b020b1215027,852330f66302b6f110f8c735c5323f855eece7d4,e3920496f43077b4a1f3423aa2b93afe5613a879096dd796f6b0813fc85a955a,31de9e1c004300ff88b6bc88a041f6778b38e25866f35cabb2a8fa8fbab7fb2c28b1d0debd962df9862a6e48025ef30cd9c7386f0e562f8522c2915964b60ba8
topsecret,Top Secret,,1987-03,d105d78fc89f56ba5cbb9fad97be1b32,378651852ff281681c02feb724a0e11a7c57ee0b,0bc3dc7f38db6a266a10342377dbe141523ceec9d417a17684bf5c5bb2141a79,57d3e77c5b9740e49e211b15745fb972eac047f96cda0e5c1e95f1b6e18d5a8eb6a0f431a952962514aa97ab02e3e94eb7f0ee4ffa23e30b7ff3c923439c6c1d
topsecret,Top Secret,,1987-03,d105d78fc89f56ba5cbb9fad97be1b32,378651852ff281681c02feb724a0e11a7c57ee0b,0bc3dc7f38db6a266a10342377dbe141523ceec9d417a17684bf5c5bb2141a79,57d3e77c5b9740e49e211b15745fb972eac047f96cda0e5c1e95f1b6e18d5a8eb6a0f431a952962514aa97ab02e3e94eb7f0ee4ffa23e30b7ff3c923439c6c1d
topsecret,Bionic Commando,,1987,d105d78fc89f56ba5cbb9fad97be1b32,378651852ff281681c02feb724a0e11a7c57ee0b,0bc3dc7f38db6a266a10342377dbe141523ceec9d417a17684bf5c5bb2141a79,57d3e77c5b9740e49e211b15745fb972eac047f96cda0e5c1e95f1b6e18d5a8eb6a0f431a952962514aa97ab02e3e94eb7f0ee4ffa23e30b7ff3c923439c6c1d
topsecret,Bionic Commando,,1987,d105d78fc89f56ba5cbb9fad97be1b32,378651852ff281681c02feb724a0e11a7c57ee0b,0bc3dc7f38db6a266a10342377dbe141523ceec9d417a17684bf5c5bb2141a79,57d3e77c5b9740e49e211b15745fb972eac047f96cda0e5c1e95f1b6e18d5a8eb6a0f431a952962514aa97ab02e3e94eb7f0ee4ffa23e30b7ff3c923439c6c1d
topsecret,Bionic Commando,,1987,d105d78fc89f56ba5cbb9fad97be1b32,378651852ff281681c02feb724a0e11a7c57ee0b,0bc3dc7f38db6a266a10342377dbe141523ceec9d417a17684bf5c5bb2141a79,57d3e77c5b9740e49e211b15745fb972eac047f96cda0e5c1e95f1b6e18d5a8eb6a0f431a952962514aa97ab02e3e94eb7f0ee4ffa23e30b7ff3c923439c6c1d
topsecret,Bionic Commandos,,1987,d105d78fc89f56ba5cbb9fad97be1b32,378651852ff281681c02feb724a0e11a7c57ee0b,0bc3dc7f38db6a266a10342377dbe141523ceec9d417a17684bf5c5bb2141a79,57d3e77c5b9740e49e211b15745fb972eac047f96cda0e5c1e95f1b6e18d5a8eb6a0f431a952962514aa97ab02e3e94eb7f0ee4ffa23e30b7ff3c923439c6c1d
topsecret,Bionic Commandos,,1987,d105d78fc89f56ba5cbb9fad97be1b32,378651852ff281681c02feb724a0e11a7c57ee0b,0bc3dc7f38db6a266a10342377dbe141523ceec9d417a17684bf5c5bb2141a79,57d3e77c5b9740e49e211b15745fb972eac047f96cda0e5c1e95f1b6e18d5a8eb6a0f431a952962514aa97ab02e3e94eb7f0ee4ffa23e30b7ff3c923439c6c1d
usnavy,U.S. Navy,,1990-10-12,acefdc4eab538793a491e4491d090a09,6ff590944aade021e1b434af5f26d808e615424a,18328c25f6f264656b9881e2c14b295b3ae9b5f6060b657ab1cd4ece98d5b181,b00b7fc950ad0d4a8f73d147f51c4b9812cf199264935b26f1880f70610a271eac32341d784ad278a5fa3bea2c782d3945fe48e8c30fa2ae45c542f41e104fcc
usnavy,Carrier Air Wing,,1990-10-12,acefdc4eab538793a491e4491d090a09,6ff590944aade021e1b434af5f26d808e615424a,18328c25f6f264656b9881e2c14b295b3ae9b5f6060b657ab1cd4ece98d5b181,b00b7fc950ad0d4a8f73d147f51c4b9812cf199264935b26f1880f70610a271eac32341d784ad278a5fa3bea2c782d3945fe48e8c30fa2ae45c542f41e104fcc
usnavy,Carrier Air Wing,,1990-11-30,acefdc4eab538793a491e4491d090a09,6ff590944aade021e1b434af5f26d808e615424a,18328c25f6f264656b9881e2c14b295b3ae9b5f6060b657ab1cd4ece98d5b181,b00b7fc950ad0d4a8f73d147f51c4b9812cf199264935b26f1880f70610a271eac32341d784ad278a5fa3bea2c782d3945fe48e8c30fa2ae45c542f41e104fcc
usnavy,Carrier Air Wing,,1990-10-09,acefdc4eab538793a491e4491d090a09,6ff590944aade021e1b434af5f26d808e615424a,18328c25f6f264656b9881e2c14b295b3ae9b5f6060b657ab1cd4ece98d5b181,b00b7fc950ad0d4a8f73d147f51c4b9812cf199264935b26f1880f70610a271eac32341d784ad278a5fa3bea2c782d3945fe48e8c30fa2ae45c542f41e104fcc
usnavy,Carrier Air Wing,,1990-10-12,acefdc4eab538793a491e4491d090a09,6ff590944aade021e1b434af5f26d808e615424a,18328c25f6f264656b9881e2c14b295b3ae9b5f6060b657ab1cd4ece98d5b181,b00b7fc950ad0d4a8f73d147f51c4b9812cf199264935b26f1880f70610a271eac32341d784ad278a5fa3bea2c782d3945fe48e8c30fa2ae45c542f41e104fcc
ultimateecology,Ultimate Ecology,Ultimate エコロジー,1993-12-03,cc7a9712662d884d9203e6f8d3797805,1b7fbf0641437412d06627dd9626ddca975f5414,0a1e9d884803800b16f93cf269fab714724f0ed415d239658bca49b7d17e6e90,f1389c5ce17eeba68ae78348ad9d1bb45846fe15cc0fd31f90a9c290214c778dc3b7be3933ab8dc77e45769bce81b432ae9dc3274e1ed817e72e6a439db7f7a9
ultimateecology,Eco Fighters,,1993-12-03,cc7a9712662d884d9203e6f8d3797805,1b7fbf0641437412d06627dd9626ddca975f5414,0a1e9d884803800b16f93cf269fab714724f0ed415d239658bca49b7d17e6e90,f1389c5ce17eeba68ae78348ad9d1bb45846fe15cc0fd31f90a9c290214c778dc3b7be3933ab8dc77e45769bce81b432ae9dc3274e1ed817e72e6a439db7f7a9
ultimateecology,Eco Fighters,,1993-12-03,cc7a9712662d884d9203e6f8d3797805,1b7fbf0641437412d06627dd9626ddca975f5414,0a1e9d884803800b16f93cf269fab714724f0ed415d239658bca49b7d17e6e90,f1389c5ce17eeba68ae78348ad9d1bb45846fe15cc0fd31f90a9c290214c778dc3b7be3933ab8dc77e45769bce81b432ae9dc3274e1ed817e72e6a439db7f7a9
ultimateecology,Eco Fighters,,1994-02-15,cc7a9712662d884d9203e6f8d3797805,1b7fbf0641437412d06627dd9626ddca975f5414,0a1e9d884803800b16f93cf269fab714724f0ed415d239658bca49b7d17e6e90,f1389c5ce17eeba68ae78348ad9d1bb45846fe15cc0fd31f90a9c290214c778dc3b7be3933ab8dc77e45769bce81b432ae9dc3274e1ed817e72e6a439db7f7a9
ultimateecology,Eco Fighters,,1993-12-03,cc7a9712662d884d9203e6f8d3797805,1b7fbf0641437412d06627dd9626ddca975f5414,0a1e9d884803800b16f93cf269fab714724f0ed415d239658bca49b7d17e6e90,f1389c5ce17eeba68ae78348ad9d1bb45846fe15cc0fd31f90a9c290214c778dc3b7be3933ab8dc77e45769bce81b432ae9dc3274e1ed817e72e6a439db7f7a9
ultimateecology,Eco Fighters,,1993-12-03,cc7a9712662d884d9203e6f8d3797805,1b7fbf0641437412d06627dd9626ddca975f5414,0a1e9d884803800b16f93cf269fab714724f0ed415d239658bca49b7d17e6e90,f1389c5ce17eeba68ae78348ad9d1bb45846fe15cc0fd31f90a9c290214c778dc3b7be3933ab8dc77e45769bce81b432ae9dc3274e1ed817e72e6a439db7f7a9
ultimateecology,Eco Fighters (Phoenix Edition),,1993-12-03,cc7a9712662d884d9203e6f8d3797805,1b7fbf0641437412d06627dd9626ddca975f5414,0a1e9d884803800b16f93cf269fab714724f0ed415d239658bca49b7d17e6e90,f1389c5ce17eeba68ae78348ad9d1bb45846fe15cc0fd31f90a9c290214c778dc3b7be3933ab8dc77e45769bce81b432ae9dc3274e1ed817e72e6a439db7f7a9
vampiretnw,Vampire: The Night Warriors,,1994-06-30,df9e9850b94e1a1b0f72cea0e5501511,22d9dc967874482d54ad2e8d75f66ff8dade9dc1,a6bc886eb124efb0d5c9e5a0d008f92e916214c65ef48013ca14b3477118e05b,8c35428b5feed1f365670a46f5cd11c02ecdc667d64aec7d4ce100c53058f6bb8f6b1572f3cd65e01e4b0b91b040fa6329e0397f5e89b3ff313852e35a5acde7
vampiretnw,Vampire: The Night Warriors,,1994-07-05,df9e9850b94e1a1b0f72cea0e5501511,22d9dc967874482d54ad2e8d75f66ff8dade9dc1,a6bc886eb124efb0d5c9e5a0d008f92e916214c65ef48013ca14b3477118e05b,8c35428b5feed1f365670a46f5cd11c02ecdc667d64aec7d4ce100c53058f6bb8f6b1572f3cd65e01e4b0b91b040fa6329e0397f5e89b3ff313852e35a5acde7
vampiretnw,Vampire: The Night Warriors,,1994-07-05,df9e9850b94e1a1b0f72cea0e5501511,22d9dc967874482d54ad2e8d75f66ff8dade9dc1,a6bc886eb124efb0d5c9e5a0d008f92e916214c65ef48013ca14b3477118e05b,8c35428b5feed1f365670a46f5cd11c02ecdc667d64aec7d4ce100c53058f6bb8f6b1572f3cd65e01e4b0b91b040fa6329e0397f5e89b3ff313852e35a5acde7
vampiretnw,Darkstalkers: The Night Warriors,,1994-07-05,df9e9850b94e1a1b0f72cea0e5501511,22d9dc967874482d54ad2e8d75f66ff8dade9dc1,a6bc886eb124efb0d5c9e5a0d008f92e916214c65ef48013ca14b3477118e05b,8c35428b5feed1f365670a46f5cd11c02ecdc667d64aec7d4ce100c53058f6bb8f6b1572f3cd65e01e4b0b91b040fa6329e0397f5e89b3ff313852e35a5acde7
vampiretnw,Darkstalkers: The Night Warriors,,1994-07-05,df9e9850b94e1a1b0f72cea0e5501511,22d9dc967874482d54ad2e8d75f66ff8dade9dc1,a6bc886eb124efb0d5c9e5a0d008f92e916214c65ef48013ca14b3477118e05b,8c35428b5feed1f365670a46f5cd11c02ecdc667d64aec7d4ce100c53058f6bb8f6b1572f3cd65e01e4b0b91b040fa6329e0397f5e89b3ff313852e35a5acde7
vampiretnw,Darkstalkers: The Night Warriors,,1994-08-18,df9e9850b94e1a1b0f72cea0e5501511,22d9dc967874482d54ad2e8d75f66ff8dade9dc1,a6bc886eb124efb0d5c9e5a0d008f92e916214c65ef48013ca14b3477118e05b,8c35428b5feed1f365670a46f5cd11c02ecdc667d64aec7d4ce100c53058f6bb8f6b1572f3cd65e01e4b0b91b040fa6329e0397f5e89b3ff313852e35a5acde7
vampiretnw,Darkstalkers: The Night Warriors (Phoenix Edition),,1994-07-05,df9e9850b94e1a1b0f72cea0e5501511,22d9dc967874482d54ad2e8d75f66ff8dade9dc1,a6bc886eb124efb0d5c9e5a0d008f92e916214c65ef48013ca14b3477118e05b,8c35428b5feed1f365670a46f5cd11c02ecdc667d64aec7d4ce100c53058f6bb8f6b1572f3cd65e01e4b0b91b040fa6329e0397f5e89b3ff313852e35a5acde7
vampiretnw,Darkstalkers: The Night Warriors,,1994-08-18,df9e9850b94e1a1b0f72cea0e5501511,22d9dc967874482d54ad2e8d75f66ff8dade9dc1,a6bc886eb124efb0d5c9e5a0d008f92e916214c65ef48013ca14b3477118e05b,8c35428b5feed1f365670a46f5cd11c02ecdc667d64aec7d4ce100c53058f6bb8f6b1572f3cd65e01e4b0b91b040fa6329e0397f5e89b3ff313852e35a5acde7
vampiretnw,Darkstalkers: The Night Warriors,,1994-07-05,df9e9850b94e1a1b0f72cea0e5501511,22d9dc967874482d54ad2e8d75f66ff8dade9dc1,a6bc886eb124efb0d5c9e5a0d008f92e916214c65ef48013ca14b3477118e05b,8c35428b5feed1f365670a46f5cd11c02ecdc667d64aec7d4ce100c53058f6bb8f6b1572f3cd65e01e4b0b91b040fa6329e0397f5e89b3ff313852e35a5acde7
vampirehunterdr,Vampire Hunter: Darkstalkers' Revenge,,1995-03-02,dd9bcb3d72264a1daa89bc7a7f0f3dde,8bd6e76a3527827d175769baabab9b918901a5ed,b12f1c28f9d1384c03ffd2773096a74adb4ea4062df9abfa8f8afa7be20ef4de,810868745fc9b84f2b650cce554f619b7c7d2746db1493f182e13007388d47de66123c508dec38a9fc2bcedda4a7f7fadd2e4e952d948de61f0462e37e7752cc
vampirehunterdr,Vampire Hunter: Darkstalkers' Revenge,,1995-03-07,dd9bcb3d72264a1daa89bc7a7f0f3dde,8bd6e76a3527827d175769baabab9b918901a5ed,b12f1c28f9d1384c03ffd2773096a74adb4ea4062df9abfa8f8afa7be20ef4de,810868745fc9b84f2b650cce554f619b7c7d2746db1493f182e13007388d47de66123c508dec38a9fc2bcedda4a7f7fadd2e4e952d948de61f0462e37e7752cc
vampirehunterdr,Vampire Hunter: Darkstalkers' Revenge,,1995-03-07,dd9bcb3d72264a1daa89bc7a7f0f3dde,8bd6e76a3527827d175769baabab9b918901a5ed,b12f1c28f9d1384c03ffd2773096a74adb4ea4062df9abfa8f8afa7be20ef4de,810868745fc9b84f2b650cce554f619b7c7d2746db1493f182e13007388d47de66123c508dec38a9fc2bcedda4a7f7fadd2e4e952d948de61f0462e37e7752cc
vampirehunterdr,Vampire Hunter: Darkstalkers' Revenge,,1995-03-16,dd9bcb3d72264a1daa89bc7a7f0f3dde,8bd6e76a3527827d175769baabab9b918901a5ed,b12f1c28f9d1384c03ffd2773096a74adb4ea4062df9abfa8f8afa7be20ef4de,810868745fc9b84f2b650cce554f619b7c7d2746db1493f182e13007388d47de66123c508dec38a9fc2bcedda4a7f7fadd2e4e952d948de61f0462e37e7752cc
vampirehunterdr,Night Warriors: Darkstalkers' Revenge,,1995-03-02,dd9bcb3d72264a1daa89bc7a7f0f3dde,8bd6e76a3527827d175769baabab9b918901a5ed,b12f1c28f9d1384c03ffd2773096a74adb4ea4062df9abfa8f8afa7be20ef4de,810868745fc9b84f2b650cce554f619b7c7d2746db1493f182e13007388d47de66123c508dec38a9fc2bcedda4a7f7fadd2e4e952d948de61f0462e37e7752cc
vampirehunterdr,Night Warriors: Darkstalkers' Revenge,,1995-04-06,dd9bcb3d72264a1daa89bc7a7f0f3dde,8bd6e76a3527827d175769baabab9b918901a5ed,b12f1c28f9d1384c03ffd2773096a74adb4ea4062df9abfa8f8afa7be20ef4de,810868745fc9b84f2b650cce554f619b7c7d2746db1493f182e13007388d47de66123c508dec38a9fc2bcedda4a7f7fadd2e4e952d948de61f0462e37e7752cc
vampirehunterdr,Night Warriors: Darkstalkers' Revenge (Phoenix Edition),,1995-04-06,dd9bcb3d72264a1daa89bc7a7f0f3dde,8bd6e76a3527827d175769baabab9b918901a5ed,b12f1c28f9d1384c03ffd2773096a74adb4ea4062df9abfa8f8afa7be20ef4de,810868745fc9b84f2b650cce554f619b7c7d2746db1493f182e13007388d47de66123c508dec38a9fc2bcedda4a7f7fadd2e4e952d948de61f0462e37e7752cc
vampirehunterdr,Night Warriors: Darkstalkers' Revenge,,1995-04-03,dd9bcb3d72264a1daa89bc7a7f0f3dde,8bd6e76a3527827d175769baabab9b918901a5ed,b12f1c28f9d1384c03ffd2773096a74adb4ea4062df9abfa8f8afa7be20ef4de,810868745fc9b84f2b650cce554f619b7c7d2746db1493f182e13007388d47de66123c508dec38a9fc2bcedda4a7f7fadd2e4e952d948de61f0462e37e7752cc
vampirehunterdr,Night Warriors: Darkstalkers' Revenge,,1995-04-03,dd9bcb3d72264a1daa89bc7a7f0f3dde,8bd6e76a3527827d175769baabab9b918901a5ed,b12f1c28f9d1384c03ffd2773096a74adb4ea4062df9abfa8f8afa7be20ef4de,810868745fc9b84f2b650cce554f619b7c7d2746db1493f182e13007388d47de66123c508dec38a9fc2bcedda4a7f7fadd2e4e952d948de61f0462e37e7752cc
vampirehunterdr,Night Warriors: Darkstalkers' Revenge,,1995-03-16,dd9bcb3d72264a1daa89bc7a7f0f3dde,8bd6e76a3527827d175769baabab9b918901a5ed,b12f1c28f9d1384c03ffd2773096a74adb4ea4062df9abfa8f8afa7be20ef4de,810868745fc9b84f2b650cce554f619b7c7d2746db1493f182e13007388d47de66123c508dec38a9fc2bcedda4a7f7fadd2e4e952d948de61f0462e37e7752cc
vampirehunter2dr,Vampire Hunter 2: Darkstalkers' Revenge,,1997-09-13,cad869f09371e3f4f1be1d35018961e2,d32dbf09851ca51f31df1f52373befeee506ac6b,e385228dd988dc0b47975c9344f333f631e7cf3fcaf031a472c17418a2b918de,3ce4a0d7d5c79acb1327acbb22f1fc72a02fcf5bf96ad94bc37ac20d348dbd36b32583eccc13db145a00aa18aafd9f07a5e0d30129016a102aa5114b5618adcc
vampirehunter2dr,Vampire Hunter 2: Darkstalkers' Revenge,,1997-09-29,cad869f09371e3f4f1be1d35018961e2,d32dbf09851ca51f31df1f52373befeee506ac6b,e385228dd988dc0b47975c9344f333f631e7cf3fcaf031a472c17418a2b918de,3ce4a0d7d5c79acb1327acbb22f1fc72a02fcf5bf96ad94bc37ac20d348dbd36b32583eccc13db145a00aa18aafd9f07a5e0d30129016a102aa5114b5618adcc
vampirehunter2dr,Vampire Hunter 2: Darkstalkers' Revenge (Phoenix Edition),,1997-09-29,cad869f09371e3f4f1be1d35018961e2,d32dbf09851ca51f31df1f52373befeee506ac6b,e385228dd988dc0b47975c9344f333f631e7cf3fcaf031a472c17418a2b918de,3ce4a0d7d5c79acb1327acbb22f1fc72a02fcf5bf96ad94bc37ac20d348dbd36b32583eccc13db145a00aa18aafd9f07a5e0d30129016a102aa5114b5618adcc
vampiresavior,Vampire Savior: The Lord of Vampire,,1997-05-19,a155f7437b74040b59eaac7756fcae4a,32ca4de326c5cde808d7880fbf7ce336af9c0033,591fbea0933357d47ddbf80d8f0caf46e97b3a159dd7f7744f52651378b6ae4a,c0aee2d691e82471476a29a839e24d5582d31d33e34d67b83a75aa3de3384d696e88d5655504763981f6ffff55850252369d729aee9eb34f6fbb41d882e46345
vampiresavior,Vampire Savior: The Lord of Vampire,,1997-05-19,a155f7437b74040b59eaac7756fcae4a,32ca4de326c5cde808d7880fbf7ce336af9c0033,591fbea0933357d47ddbf80d8f0caf46e97b3a159dd7f7744f52651378b6ae4a,c0aee2d691e82471476a29a839e24d5582d31d33e34d67b83a75aa3de3384d696e88d5655504763981f6ffff55850252369d729aee9eb34f6fbb41d882e46345
vampiresavior,Vampire Savior: The Lord of Vampire,,1997-05-19,a155f7437b74040b59eaac7756fcae4a,32ca4de326c5cde808d7880fbf7ce336af9c0033,591fbea0933357d47ddbf80d8f0caf46e97b3a159dd7f7744f52651378b6ae4a,c0aee2d691e82471476a29a839e24d5582d31d33e34d67b83a75aa3de3384d696e88d5655504763981f6ffff55850252369d729aee9eb34f6fbb41d882e46345
vampiresavior,Vampire Savior: The Lord of Vampire,,1997-05-19,a155f7437b74040b59eaac7756fcae4a,32ca4de326c5cde808d7880fbf7ce336af9c0033,591fbea0933357d47ddbf80d8f0caf46e97b3a159dd7f7744f52651378b6ae4a,c0aee2d691e82471476a29a839e24d5582d31d33e34d67b83a75aa3de3384d696e88d5655504763981f6ffff55850252369d729aee9eb34f6fbb41d882e46345
vampiresavior,Vampire Savior: The Lord of Vampire,,1997-05-19,a155f7437b74040b59eaac7756fcae4a,32ca4de326c5cde808d7880fbf7ce336af9c0033,591fbea0933357d47ddbf80d8f0caf46e97b3a159dd7f7744f52651378b6ae4a,c0aee2d691e82471476a29a839e24d5582d31d33e34d67b83a75aa3de3384d696e88d5655504763981f6ffff55850252369d729aee9eb34f6fbb41d882e46345
vampiresavior,Vampire Savior: The Lord of Vampire,,1997-05-19,a155f7437b74040b59eaac7756fcae4a,32ca4de326c5cde808d7880fbf7ce336af9c0033,591fbea0933357d47ddbf80d8f0caf46e97b3a159dd7f7744f52651378b6ae4a,c0aee2d691e82471476a29a839e24d5582d31d33e34d67b83a75aa3de3384d696e88d5655504763981f6ffff55850252369d729aee9eb34f6fbb41d882e46345
vampiresavior,Vampire Savior: The Lord of Vampire (Phoenix Edition),,1997-05-19,a155f7437b74040b59eaac7756fcae4a,32ca4de326c5cde808d7880fbf7ce336af9c0033,591fbea0933357d47ddbf80d8f0caf46e97b3a159dd7f7744f52651378b6ae4a,c0aee2d691e82471476a29a839e24d5582d31d33e34d67b83a75aa3de3384d696e88d5655504763981f6ffff55850252369d729aee9eb34f6fbb41d882e46345
vampiresavior2,Vampire Savior 2: The Lord of Vampire,,1997-09-13,71bfc4546a204b985f6bed2163d5f083,f425b911a18dc38cd4dc23a1aec03f5eecf58607,424f85e60869f329442a4a12c8b7cd3434bd35effc307d8fc0b100d256a78712,d6cd57467cb998d3d7bd7713e901cba8ecf8e8126af7939ae633f469b176bf3c49d48c5feec7aab5f18ce553849472e1d66d437ed7b57c6fdb3ea5a96f22ce92
vampiresavior2,Vampire Savior 2: The Lord of Vampire (Phoenix Edition),,1997-09-13,71bfc4546a204b985f6bed2163d5f083,f425b911a18dc38cd4dc23a1aec03f5eecf58607,424f85e60869f329442a4a12c8b7cd3434bd35effc307d8fc0b100d256a78712,d6cd57467cb998d3d7bd7713e901cba8ecf8e8126af7939ae633f469b176bf3c49d48c5feec7aab5f18ce553849472e1d66d437ed7b57c6fdb3ea5a96f22ce92
varth,Varth: Operation Thunderstorm,,1992-07-14,cb51cadfb37f76e9a73234ce3bd9a8f0,1b1b3faa1f01daf5baf56c83918aee5f29069833,e46fa3ef6a92c71be5d48095c2fecc3cdeec57f8fa76605069eab3b054c1881b,ea7fd2af34bd86e4d90ed59b81da4848ee21149b41deb0821adb7711ceb202c672cd018670cee448bf4df2c18e731db7c0a086996a45a059c35b964693d96ef1
varth,Varth: Operation Thunderstorm,,1992-07-14,cb51cadfb37f76e9a73234ce3bd9a8f0,1b1b3faa1f01daf5baf56c83918aee5f29069833,e46fa3ef6a92c71be5d48095c2fecc3cdeec57f8fa76605069eab3b054c1881b,ea7fd2af34bd86e4d90ed59b81da4848ee21149b41deb0821adb7711ceb202c672cd018670cee448bf4df2c18e731db7c0a086996a45a059c35b964693d96ef1
varth,Varth: Operation Thunderstorm,,1992-06-12,cb51cadfb37f76e9a73234ce3bd9a8f0,1b1b3faa1f01daf5baf56c83918aee5f29069833,e46fa3ef6a92c71be5d48095c2fecc3cdeec57f8fa76605069eab3b054c1881b,ea7fd2af34bd86e4d90ed59b81da4848ee21149b41deb0821adb7711ceb202c672cd018670cee448bf4df2c18e731db7c0a086996a45a059c35b964693d96ef1
varth,Varth: Operation Thunderstorm,,1992-06-12,cb51cadfb37f76e9a73234ce3bd9a8f0,1b1b3faa1f01daf5baf56c83918aee5f29069833,e46fa3ef6a92c71be5d48095c2fecc3cdeec57f8fa76605069eab3b054c1881b,ea7fd2af34bd86e4d90ed59b81da4848ee21149b41deb0821adb7711ceb202c672cd018670cee448bf4df2c18e731db7c0a086996a45a059c35b964693d96ef1
varth,Varth: Operation Thunderstorm,,1992-07-14,cb51cadfb37f76e9a73234ce3bd9a8f0,1b1b3faa1f01daf5baf56c83918aee5f29069833,e46fa3ef6a92c71be5d48095c2fecc3cdeec57f8fa76605069eab3b054c1881b,ea7fd2af34bd86e4d90ed59b81da4848ee21149b41deb0821adb7711ceb202c672cd018670cee448bf4df2c18e731db7c0a086996a45a059c35b964693d96ef1
vulgus,Vulgus,,1984-05,f6d3e1b9baca80e35ad48f1db38e6f87,dd7858ed73a8acd6b1ad75069c812330529264a0,44d369f42f7504a645e859d04acd416018961c65a1ac831313bdd000aec84328,8284b76208719766876336393e6dc73b6d71283651c52c35a5a6b1b16910c2fa942deff5d50dfa76b98763eb72dec3e101434932de1229196eaf8ada0ff57e8f
vulgus,Vulgus,,1984,f6d3e1b9baca80e35ad48f1db38e6f87,dd7858ed73a8acd6b1ad75069c812330529264a0,44d369f42f7504a645e859d04acd416018961c65a1ac831313bdd000aec84328,8284b76208719766876336393e6dc73b6d71283651c52c35a5a6b1b16910c2fa942deff5d50dfa76b98763eb72dec3e101434932de1229196eaf8ada0ff57e8f
vulgus,Vulgus,,1984,f6d3e1b9baca80e35ad48f1db38e6f87,dd7858ed73a8acd6b1ad75069c812330529264a0,44d369f42f7504a645e859d04acd416018961c65a1ac831313bdd000aec84328,8284b76208719766876336393e6dc73b6d71283651c52c35a5a6b1b16910c2fa942deff5d50dfa76b98763eb72dec3e101434932de1229196eaf8ada0ff57e8f
vulgus,Mach-9,,1984,f6d3e1b9baca80e35ad48f1db38e6f87,dd7858ed73a8acd6b1ad75069c812330529264a0,44d369f42f7504a645e859d04acd416018961c65a1ac831313bdd000aec84328,8284b76208719766876336393e6dc73b6d71283651c52c35a5a6b1b16910c2fa942deff5d50dfa76b98763eb72dec3e101434932de1229196eaf8ada0ff57e8f
warzard,War-Zard,,1996-10-23,4e5223d56a2c29640d726a0e1548a352,776643569676a019fd15e967f621b55d26cc67ad,7d6db62188e6fb870e3711916d0412cfc7a7239ca29ed9f1121f78801230b3ba,4cdf0fde337afeb28d51a7451fe6f637a9fda26527abed3f8f4eac4f187ca9c90a85a6bcc9e2b8635bfb6f1005348df26f5ad277c04fdb7eba234759ba402d15
warzard,War-Zard,,1996-11-21,4e5223d56a2c29640d726a0e1548a352,776643569676a019fd15e967f621b55d26cc67ad,7d6db62188e6fb870e3711916d0412cfc7a7239ca29ed9f1121f78801230b3ba,4cdf0fde337afeb28d51a7451fe6f637a9fda26527abed3f8f4eac4f187ca9c90a85a6bcc9e2b8635bfb6f1005348df26f5ad277c04fdb7eba234759ba402d15
warzard,Red Earth,,1996-10-23,4e5223d56a2c29640d726a0e1548a352,776643569676a019fd15e967f621b55d26cc67ad,7d6db62188e6fb870e3711916d0412cfc7a7239ca29ed9f1121f78801230b3ba,4cdf0fde337afeb28d51a7451fe6f637a9fda26527abed3f8f4eac4f187ca9c90a85a6bcc9e2b8635bfb6f1005348df26f5ad277c04fdb7eba234759ba402d15
warzard,Red Earth,,1996-11-21,4e5223d56a2c29640d726a0e1548a352,776643569676a019fd15e967f621b55d26cc67ad,7d6db62188e6fb870e3711916d0412cfc7a7239ca29ed9f1121f78801230b3ba,4cdf0fde337afeb28d51a7451fe6f637a9fda26527abed3f8f4eac4f187ca9c90a85a6bcc9e2b8635bfb6f1005348df26f5ad277c04fdb7eba234759ba402d15
warzard,Red Earth,,1996-10-23,4e5223d56a2c29640d726a0e1548a352,776643569676a019fd15e967f621b55d26cc67ad,7d6db62188e6fb870e3711916d0412cfc7a7239ca29ed9f1121f78801230b3ba,4cdf0fde337afeb28d51a7451fe6f637a9fda26527abed3f8f4eac4f187ca9c90a85a6bcc9e2b8635bfb6f1005348df26f5ad277c04fdb7eba234759ba402d15
warzard,Red Earth,,1996-11-21,4e5223d56a2c29640d726a0e1548a352,776643569676a019fd15e967f621b55d26cc67ad,7d6db62188e6fb870e3711916d0412cfc7a7239ca29ed9f1121f78801230b3ba,4cdf0fde337afeb28d51a7451fe6f637a9fda26527abed3f8f4eac4f187ca9c90a85a6bcc9e2b8635bfb6f1005348df26f5ad277c04fdb7eba234759ba402d15
willow,Willow,,1989-06,1d69f9f5dcc2bf3071ee747d31ab92b3,a2f1b1a8d71909f49dc6179f0552ec9b63a3e777,e28ced6ac05e6f0fb93fc655c78418f2d3e0b4803da89ceda15fd6f1ddab9b99,77d06fe0bbe2985d7ca19d185a280df191579933e56554884971a13b38f332d2fa028c29cdba3448c03dac51334311aa813d4bb252c6ec5aa69fb9c5c0525b63
willow,Willow,,1989-06,1d69f9f5dcc2bf3071ee747d31ab92b3,a2f1b1a8d71909f49dc6179f0552ec9b63a3e777,e28ced6ac05e6f0fb93fc655c78418f2d3e0b4803da89ceda15fd6f1ddab9b99,77d06fe0bbe2985d7ca19d185a280df191579933e56554884971a13b38f332d2fa028c29cdba3448c03dac51334311aa813d4bb252c6ec5aa69fb9c5c0525b63
willow,Willow,,1989-09,1d69f9f5dcc2bf3071ee747d31ab92b3,a2f1b1a8d71909f49dc6179f0552ec9b63a3e777,e28ced6ac05e6f0fb93fc655c78418f2d3e0b4803da89ceda15fd6f1ddab9b99,77d06fe0bbe2985d7ca19d185a280df191579933e56554884971a13b38f332d2fa028c29cdba3448c03dac51334311aa813d4bb252c6ec5aa69fb9c5c0525b63
willow,Willow,,1989,1d69f9f5dcc2bf3071ee747d31ab92b3,a2f1b1a8d71909f49dc6179f0552ec9b63a3e777,e28ced6ac05e6f0fb93fc655c78418f2d3e0b4803da89ceda15fd6f1ddab9b99,77d06fe0bbe2985d7ca19d185a280df191579933e56554884971a13b38f332d2fa028c29cdba3448c03dac51334311aa813d4bb252c6ec5aa69fb9c5c0525b63
wonder3,Wonder 3,,1991-05-20,c4b8b023b941fe367e4c6cb6a32b2e3a,e3bb7669cbfcf31a321533b29b5c75aeffc7b86d,83b381b12270ab3ea478245640302e19d5657aebb46369afff5336698bcb8659,fb5741d5dfd5a8828b631c8f7aaf97bb97d20ea161af9f3ca546623a99e0ff792682484d52520d834f9f48fefe28177d71248ec79f269dc9cc11ef011c376982
wonder3,Three Wonders,,1991-05-13,c4b8b023b941fe367e4c6cb6a32b2e3a,e3bb7669cbfcf31a321533b29b5c75aeffc7b86d,83b381b12270ab3ea478245640302e19d5657aebb46369afff5336698bcb8659,fb5741d5dfd5a8828b631c8f7aaf97bb97d20ea161af9f3ca546623a99e0ff792682484d52520d834f9f48fefe28177d71248ec79f269dc9cc11ef011c376982
wonder3,Three Wonders,,1991-05-20,c4b8b023b941fe367e4c6cb6a32b2e3a,e3bb7669cbfcf31a321533b29b5c75aeffc7b86d,83b381b12270ab3ea478245640302e19d5657aebb46369afff5336698bcb8659,fb5741d5dfd5a8828b631c8f7aaf97bb97d20ea161af9f3ca546623a99e0ff792682484d52520d834f9f48fefe28177d71248ec79f269dc9cc11ef011c376982
wonder3,Three Wonders,,,c4b8b023b941fe367e4c6cb6a32b2e3a,e3bb7669cbfcf31a321533b29b5c75aeffc7b86d,83b381b12270ab3ea478245640302e19d5657aebb46369afff5336698bcb8659,fb5741d5dfd5a8828b631c8f7aaf97bb97d20ea161af9f3ca546623a99e0ff792682484d52520d834f9f48fefe28177d71248ec79f269dc9cc11ef011c376982
xmenchildrenoftheatom,X-Men: Children of the Atom,,1994-12-08,7a36666d679ed9657af88bda85e0ec71,ba1832209f217d806359718972764931d981e099,d81cdc05a3036ab2557250c7280efe86f9353a84114b61c85a9d6aac8406db47,3d76a4dfdc553984c487ddf598ef9b3db747c3e68f4912ce17c282692ff1a2fc434abf0a2e70aca7b317074fd3f114afd60b07fb0084fcaa8c18043c3ae121d0
xmenchildrenoftheatom,X-Men: Children of the Atom,,1994-12-17,7a36666d679ed9657af88bda85e0ec71,ba1832209f217d806359718972764931d981e099,d81cdc05a3036ab2557250c7280efe86f9353a84114b61c85a9d6aac8406db47,3d76a4dfdc553984c487ddf598ef9b3db747c3e68f4912ce17c282692ff1a2fc434abf0a2e70aca7b317074fd3f114afd60b07fb0084fcaa8c18043c3ae121d0
xmenchildrenoftheatom,X-Men: Children of the Atom,,1994-12-19,7a36666d679ed9657af88bda85e0ec71,ba1832209f217d806359718972764931d981e099,d81cdc05a3036ab2557250c7280efe86f9353a84114b61c85a9d6aac8406db47,3d76a4dfdc553984c487ddf598ef9b3db747c3e68f4912ce17c282692ff1a2fc434abf0a2e70aca7b317074fd3f114afd60b07fb0084fcaa8c18043c3ae121d0
xmenchildrenoftheatom,X-Men: Children of the Atom,,1994-12-22,7a36666d679ed9657af88bda85e0ec71,ba1832209f217d806359718972764931d981e099,d81cdc05a3036ab2557250c7280efe86f9353a84114b61c85a9d6aac8406db47,3d76a4dfdc553984c487ddf598ef9b3db747c3e68f4912ce17c282692ff1a2fc434abf0a2e70aca7b317074fd3f114afd60b07fb0084fcaa8c18043c3ae121d0
xmenchildrenoftheatom,X-Men: Children of the Atom,,1995-01-05,7a36666d679ed9657af88bda85e0ec71,ba1832209f217d806359718972764931d981e099,d81cdc05a3036ab2557250c7280efe86f9353a84114b61c85a9d6aac8406db47,3d76a4dfdc553984c487ddf598ef9b3db747c3e68f4912ce17c282692ff1a2fc434abf0a2e70aca7b317074fd3f114afd60b07fb0084fcaa8c18043c3ae121d0
xmenchildrenoftheatom,X-Men: Children of the Atom,,1994-12-17,7a36666d679ed9657af88bda85e0ec71,ba1832209f217d806359718972764931d981e099,d81cdc05a3036ab2557250c7280efe86f9353a84114b61c85a9d6aac8406db47,3d76a4dfdc553984c487ddf598ef9b3db747c3e68f4912ce17c282692ff1a2fc434abf0a2e70aca7b317074fd3f114afd60b07fb0084fcaa8c18043c3ae121d0
xmenchildrenoftheatom,X-Men: Children of the Atom,,1994-12-19,7a36666d679ed9657af88bda85e0ec71,ba1832209f217d806359718972764931d981e099,d81cdc05a3036ab2557250c7280efe86f9353a84114b61c85a9d6aac8406db47,3d76a4dfdc553984c487ddf598ef9b3db747c3e68f4912ce17c282692ff1a2fc434abf0a2e70aca7b317074fd3f114afd60b07fb0084fcaa8c18043c3ae121d0
xmenchildrenoftheatom,X-Men: Children of the Atom,,1995-01-05,7a36666d679ed9657af88bda85e0ec71,ba1832209f217d806359718972764931d981e099,d81cdc05a3036ab2557250c7280efe86f9353a84114b61c85a9d6aac8406db47,3d76a4dfdc553984c487ddf598ef9b3db747c3e68f4912ce17c282692ff1a2fc434abf0a2e70aca7b317074fd3f114afd60b07fb0084fcaa8c18043c3ae121d0
xmenchildrenoftheatom,X-Men: Children of the Atom,,1995-01-05,7a36666d679ed9657af88bda85e0ec71,ba1832209f217d806359718972764931d981e099,d81cdc05a3036ab2557250c7280efe86f9353a84114b61c85a9d6aac8406db47,3d76a4dfdc553984c487ddf598ef9b3db747c3e68f4912ce17c282692ff1a2fc434abf0a2e70aca7b317074fd3f114afd60b07fb0084fcaa8c18043c3ae121d0
xmenchildrenoftheatom,X-Men: Children of the Atom,,1995-01-05,7a36666d679ed9657af88bda85e0ec71,ba1832209f217d806359718972764931d981e099,d81cdc05a3036ab2557250c7280efe86f9353a84114b61c85a9d6aac8406db47,3d76a4dfdc553984c487ddf598ef9b3db747c3e68f4912ce17c282692ff1a2fc434abf0a2e70aca7b317074fd3f114afd60b07fb0084fcaa8c18043c3ae121d0
xmenchildrenoftheatom,X-Men: Children of the Atom,,1995-03-31,7a36666d679ed9657af88bda85e0ec71,ba1832209f217d806359718972764931d981e099,d81cdc05a3036ab2557250c7280efe86f9353a84114b61c85a9d6aac8406db47,3d76a4dfdc553984c487ddf598ef9b3db747c3e68f4912ce17c282692ff1a2fc434abf0a2e70aca7b317074fd3f114afd60b07fb0084fcaa8c18043c3ae121d0
xmenchildrenoftheatom,X-Men: Children of the Atom,,1995-03-31,7a36666d679ed9657af88bda85e0ec71,ba1832209f217d806359718972764931d981e099,d81cdc05a3036ab2557250c7280efe86f9353a84114b61c85a9d6aac8406db47,3d76a4dfdc553984c487ddf598ef9b3db747c3e68f4912ce17c282692ff1a2fc434abf0a2e70aca7b317074fd3f114afd60b07fb0084fcaa8c18043c3ae121d0
xmenchildrenoftheatom,X-Men: Children of the Atom,,1995-01-05,7a36666d679ed9657af88bda85e0ec71,ba1832209f217d806359718972764931d981e099,d81cdc05a3036ab2557250c7280efe86f9353a84114b61c85a9d6aac8406db47,3d76a4dfdc553984c487ddf598ef9b3db747c3e68f4912ce17c282692ff1a2fc434abf0a2e70aca7b317074fd3f114afd60b07fb0084fcaa8c18043c3ae121d0
xmenchildrenoftheatom,X-Men: Children of the Atom,,1995-03-31,7a36666d679ed9657af88bda85e0ec71,ba1832209f217d806359718972764931d981e099,d81cdc05a3036ab2557250c7280efe86f9353a84114b61c85a9d6aac8406db47,3d76a4dfdc553984c487ddf598ef9b3db747c3e68f4912ce17c282692ff1a2fc434abf0a2e70aca7b317074fd3f114afd60b07fb0084fcaa8c18043c3ae121d0
xmenchildrenoftheatom,X-Men: Children of the Atom (Phoenix Edition),,1995-01-05,7a36666d679ed9657af88bda85e0ec71,ba1832209f217d806359718972764931d981e099,d81cdc05a3036ab2557250c7280efe86f9353a84114b61c85a9d6aac8406db47,3d76a4dfdc553984c487ddf598ef9b3db747c3e68f4912ce17c282692ff1a2fc434abf0a2e70aca7b317074fd3f114afd60b07fb0084fcaa8c18043c3ae121d0
xmenvsstreetfighter,X-Men vs. Street Fighter,,1996-09-09,8f7e6d7a87ef16ff7ef503b0f941da7e,ba1ced37ba3dadefd1e0851373359110074db527,b982a6004db66a00234420179e9a328aac356108059160e6148852128e043632,d45ee28e3801009b9f86c93d4d68cda4258508d4128b57d901e66a4ab5ef0c9196cfa395ef53a96eb0232b07a1f0656499600348e27a7d76bd77812b1e669d17
xmenvsstreetfighter,X-Men vs. Street Fighter,,1996-09-10,8f7e6d7a87ef16ff7ef503b0f941da7e,ba1ced37ba3dadefd1e0851373359110074db527,b982a6004db66a00234420179e9a328aac356108059160e6148852128e043632,d45ee28e3801009b9f86c93d4d68cda4258508d4128b57d901e66a4ab5ef0c9196cfa395ef53a96eb0232b07a1f0656499600348e27a7d76bd77812b1e669d17
xmenvsstreetfighter,X-Men vs. Street Fighter,,1996-10-04,8f7e6d7a87ef16ff7ef503b0f941da7e,ba1ced37ba3dadefd1e0851373359110074db527,b982a6004db66a00234420179e9a328aac356108059160e6148852128e043632,d45ee28e3801009b9f86c93d4d68cda4258508d4128b57d901e66a4ab5ef0c9196cfa395ef53a96eb0232b07a1f0656499600348e27a7d76bd77812b1e669d17
xmenvsstreetfighter,X-Men vs. Street Fighter,,1996-10-23,8f7e6d7a87ef16ff7ef503b0f941da7e,ba1ced37ba3dadefd1e0851373359110074db527,b982a6004db66a00234420179e9a328aac356108059160e6148852128e043632,d45ee28e3801009b9f86c93d4d68cda4258508d4128b57d901e66a4ab5ef0c9196cfa395ef53a96eb0232b07a1f0656499600348e27a7d76bd77812b1e669d17
xmenvsstreetfighter,X-Men vs. Street Fighter,,1996-09-10,8f7e6d7a87ef16ff7ef503b0f941da7e,ba1ced37ba3dadefd1e0851373359110074db527,b982a6004db66a00234420179e9a328aac356108059160e6148852128e043632,d45ee28e3801009b9f86c93d4d68cda4258508d4128b57d901e66a4ab5ef0c9196cfa395ef53a96eb0232b07a1f0656499600348e27a7d76bd77812b1e669d17
xmenvsstreetfighter,X-Men vs. Street Fighter,,1996-09-19,8f7e6d7a87ef16ff7ef503b0f941da7e,ba1ced37ba3dadefd1e0851373359110074db527,b982a6004db66a00234420179e9a328aac356108059160e6148852128e043632,d45ee28e3801009b9f86c93d4d68cda4258508d4128b57d901e66a4ab5ef0c9196cfa395ef53a96eb0232b07a1f0656499600348e27a7d76bd77812b1e669d17
xmenvsstreetfighter,X-Men vs. Street Fighter,,1996-10-04,8f7e6d7a87ef16ff7ef503b0f941da7e,ba1ced37ba3dadefd1e0851373359110074db527,b982a6004db66a00234420179e9a328aac356108059160e6148852128e043632,d45ee28e3801009b9f86c93d4d68cda4258508d4128b57d901e66a4ab5ef0c9196cfa395ef53a96eb0232b07a1f0656499600348e27a7d76bd77812b1e669d17
xmenvsstreetfighter,X-Men vs. Street Fighter,,1996-10-23,8f7e6d7a87ef16ff7ef503b0f941da7e,ba1ced37ba3dadefd1e0851373359110074db527,b982a6004db66a00234420179e9a328aac356108059160e6148852128e043632,d45ee28e3801009b9f86c93d4d68cda4258508d4128b57d901e66a4ab5ef0c9196cfa395ef53a96eb0232b07a1f0656499600348e27a7d76bd77812b1e669d17
xmenvsstreetfighter,X-Men vs. Street Fighter,,1996-09-10,8f7e6d7a87ef16ff7ef503b0f941da7e,ba1ced37ba3dadefd1e0851373359110074db527,b982a6004db66a00234420179e9a328aac356108059160e6148852128e043632,d45ee28e3801009b9f86c93d4d68cda4258508d4128b57d901e66a4ab5ef0c9196cfa395ef53a96eb0232b07a1f0656499600348e27a7d76bd77812b1e669d17
xmenvsstreetfighter,X-Men vs. Street Fighter,,1996-10-04,8f7e6d7a87ef16ff7ef503b0f941da7e,ba1ced37ba3dadefd1e0851373359110074db527,b982a6004db66a00234420179e9a328aac356108059160e6148852128e043632,d45ee28e3801009b9f86c93d4d68cda4258508d4128b57d901e66a4ab5ef0c9196cfa395ef53a96eb0232b07a1f0656499600348e27a7d76bd77812b1e669d17
xmenvsstreetfighter,X-Men vs. Street Fighter,,1996-10-23,8f7e6d7a87ef16ff7ef503b0f941da7e,ba1ced37ba3dadefd1e0851373359110074db527,b982a6004db66a00234420179e9a328aac356108059160e6148852128e043632,d45ee28e3801009b9f86c93d4d68cda4258508d4128b57d901e66a4ab5ef0c9196cfa395ef53a96eb0232b07a1f0656499600348e27a7d76bd77812b1e669d17
xmenvsstreetfighter,X-Men vs. Street Fighter (Phoenix Edition),,1996-10-04,8f7e6d7a87ef16ff7ef503b0f941da7e,ba1ced37ba3dadefd1e0851373359110074db527,b982a6004db66a00234420179e9a328aac356108059160e6148852128e043632,d45ee28e3801009b9f86c93d4d68cda4258508d4128b57d901e66a4ab5ef0c9196cfa395ef53a96eb0232b07a1f0656499600348e27a7d76bd77812b1e669d17
xmenvsstreetfighter,X-Men vs. Street Fighter,,1996-10-04,8f7e6d7a87ef16ff7ef503b0f941da7e,ba1ced37ba3dadefd1e0851373359110074db527,b982a6004db66a00234420179e9a328aac356108059160e6148852128e043632,d45ee28e3801009b9f86c93d4d68cda4258508d4128b57d901e66a4ab5ef0c9196cfa395ef53a96eb0232b07a1f0656499600348e27a7d76bd77812b1e669d17
xmenvsstreetfighter,X-Men vs. Street Fighter,,1996-10-23,8f7e6d7a87ef16ff7ef503b0f941da7e,ba1ced37ba3dadefd1e0851373359110074db527,b982a6004db66a00234420179e9a328aac356108059160e6148852128e043632,d45ee28e3801009b9f86c93d4d68cda4258508d4128b57d901e66a4ab5ef0c9196cfa395ef53a96eb0232b07a1f0656499600348e27a7d76bd77812b1e669d17
xmenvsstreetfighter,X-Men vs. Street Fighter,,1996-09-10,8f7e6d7a87ef16ff7ef503b0f941da7e,ba1ced37ba3dadefd1e0851373359110074db527,b982a6004db66a00234420179e9a328aac356108059160e6148852128e043632,d45ee28e3801009b9f86c93d4d68cda4258508d4128b57d901e66a4ab5ef0c9196cfa395ef53a96eb0232b07a1f0656499600348e27a7d76bd77812b1e669d17
xmenvsstreetfighter,X-Men vs. Street Fighter,,1996-10-04,8f7e6d7a87ef16ff7ef503b0f941da7e,ba1ced37ba3dadefd1e0851373359110074db527,b982a6004db66a00234420179e9a328aac356108059160e6148852128e043632,d45ee28e3801009b9f86c93d4d68cda4258508d4128b57d901e66a4ab5ef0c9196cfa395ef53a96eb0232b07a1f0656499600348e27a7d76bd77812b1e669d17
