tag_name,tag_id
#players:1 #genre:action #compatibility:superfamicom>hirom #based:looneytunes #lang:en #unfinished:proto,1
#players:1 #genre:action #compatibility:superfamicom>lorom #based #lang:en,2
#players:1 #genre:action #compatibility:superfamicom>lorom #based #lang:en #unfinished:beta,3
#players:1 #genre:action #compatibility:superfamicom>lorom #based #lang:en #unfinished:proto,4
#players:1 #genre:action #compatibility:superfamicom>lorom #based #lang:ja,5
#players:1 #genre:action #compatibility:superfamicom>lorom #based #lang:ja #unfinished:beta,6
#players:1 #genre:action #compatibility:superfamicom>lorom #based:disney #lang:en #unfinished:proto,7
#players:1 #genre:action #compatibility:superfamicom>lorom #based:looneytunes #lang:en,8
#players:1 #genre:action #compatibility:superfamicom>lorom #based:looneytunes #lang:en #rev:1,9
#players:1 #genre:action #compatibility:superfamicom>lorom #based:looneytunes #lang:en #unfinished:beta>1,10
#players:1 #genre:action #compatibility:superfamicom>lorom #based:looneytunes #lang:en #unfinished:beta>2,11
#players:1 #genre:action #compatibility:superfamicom>lorom #based:manganime #lang:ja,12
#players:1 #genre:action #compatibility:superfamicom>lorom #based:manganime #lang:ja #unfinished:beta,13
#players:1 #genre:action #compatibility:superfamicom>lorom #based:movie #lang:en,14
#players:1 #genre:action #compatibility:superfamicom>lorom #based:movie #lang:ja,15
#players:1 #genre:action #compatibility:superfamicom>lorom #based:movie #search:feature>dracula #lang:en,16
#players:1 #genre:action #compatibility:superfamicom>lorom #based:movie #search:feature>dracula #lang:en #unfinished:beta,17
#players:1 #genre:action #compatibility:superfamicom>lorom #lang:en,18
#players:1 #genre:action #compatibility:superfamicom>lorom #lang:en #rerelease:virtualconsole:sfcmini:switchonline,19
#players:1 #genre:action #compatibility:superfamicom>lorom #lang:en #unfinished:beta,20
#players:1 #genre:action #compatibility:superfamicom>lorom #lang:en #unfinished:beta>1,21
#players:1 #genre:action #compatibility:superfamicom>lorom #lang:en #unfinished:beta>2,22
#players:1 #genre:action #compatibility:superfamicom>lorom #lang:en #unlicensed:clone,23
#players:1 #genre:action #compatibility:superfamicom>lorom #lang:ja,24
#players:1 #genre:action #compatibility:superfamicom>lorom #lang:ja #rerelease:virtualconsole:switchonline,25
#players:1 #genre:action #compatibility:superfamicom>lorom #lang:ja #unfinished:beta,26
#players:1 #genre:action #compatibility:superfamicom>lorom #port:arcade #lang:en,27
#players:1 #genre:action #compatibility:superfamicom>lorom #port:arcade #lang:en #rev:1,28
#players:1 #genre:action #compatibility:superfamicom>lorom #port:arcade #lang:en #rev:1 #unfinished:beta,29
#players:1 #genre:action #compatibility:superfamicom>lorom #port:arcade #lang:ja,30
#players:1 #genre:action #compatibility:superfamicom>lorom #port:commodore>amiga #lang:en #unfinished:proto,31
#players:1 #genre:action #embedded:backup>battery #compatibility:superfamicom>lorom #lang:en,32
#players:1 #genre:action #embedded:backup>battery #compatibility:superfamicom>lorom #lang:en #unfinished:beta>1,33
#players:1 #genre:action #embedded:backup>battery #compatibility:superfamicom>lorom #lang:en #unfinished:beta>2,34
#players:1 #genre:action #save:password #compatibility:superfamicom>hirom #search:keyword>brand #lang:en #unfinished:proto,35
#players:1 #genre:action #save:password #compatibility:superfamicom>lorom #based #lang:en,36
#players:1 #genre:action #save:password #compatibility:superfamicom>lorom #based #search:keyword>dolby #lang:en,37
#players:1 #genre:action #save:password #compatibility:superfamicom>lorom #based:movie #lang:en,38
#players:1 #genre:action #save:password #compatibility:superfamicom>lorom #based:movie #lang:en #unfinished:beta>1,39
#players:1 #genre:action #save:password #compatibility:superfamicom>lorom #based:movie #lang:en #unfinished:beta>2,40
#players:1 #genre:action #save:password #compatibility:superfamicom>lorom #lang:en,41
#players:1 #genre:action #save:password #compatibility:superfamicom>lorom #lang:en #unfinished:beta,42
#players:1 #genre:action #save:password #compatibility:superfamicom>lorom #lang:en #unfinished:proto>1,43
#players:1 #genre:action #save:password #compatibility:superfamicom>lorom #lang:en #unfinished:proto>2,44
#players:1 #genre:action #save:password #compatibility:superfamicom>lorom #lang:en:fr:de,45
#players:1 #genre:action #save:password #compatibility:superfamicom>lorom #lang:ja,46
#players:1 #genre:action #save:password #compatibility:superfamicom>lorom #port:apple>apple2 #lang:en,47
#players:1 #genre:action #save:password #compatibility:superfamicom>lorom #port:apple>apple2 #lang:en #unfinished:beta,48
#players:1 #genre:action #save:password #compatibility:superfamicom>lorom #port:apple>apple2 #lang:ja,49
#players:1 #genre:action #save:password #compatibility:superfamicom>lorom #port:pc #lang:en,50
#players:1 #genre:action #save:password #compatibility:superfamicom>lorom #port:pc #lang:en #unfinished:beta,51
#players:1 #genre:action:adventure #compatibility:superfamicom>hirom #based:movie #lang:en,52
#players:1 #genre:action:adventure #compatibility:superfamicom>lorom #based #lang:en,53
#players:1 #genre:action:adventure #compatibility:superfamicom>lorom #based #lang:en #unfinished:beta,54
#players:1 #genre:action:adventure #compatibility:superfamicom>lorom #based:movie #lang:en,55
#players:1 #genre:action:adventure #compatibility:superfamicom>lorom #lang:en #unfinished:proto,56
#players:1 #genre:action:adventure #compatibility:superfamicom>lorom #lang:en:fr:de,57
#players:1 #genre:action:adventure #compatibility:superfamicom>lorom #lang:ja,58
#players:1 #genre:action:adventure #embedded:backup>battery #save:backup #compatibility:superfamicom>hirom #based:manganime #lang:ja,59
#players:1 #genre:action:adventure #embedded:backup>battery #save:backup #compatibility:superfamicom>hirom #based:movie #lang:ja,60
#players:1 #genre:action:adventure #embedded:chip>sa1:backup>battery #save:backup #compatibility:superfamicom>hirom #lang:ja,61
#players:1 #genre:action:adventure #save:password #compatibility:superfamicom>hirom #based:manganime #lang:ja,62
#players:1 #genre:action:adventure #save:password #compatibility:superfamicom>hirom #lang:en,63
#players:1 #genre:action:adventure #save:password #compatibility:superfamicom>hirom #lang:en #unfinished:beta,64
#players:1 #genre:action:adventure #save:password #compatibility:superfamicom>hirom #lang:ja,65
#players:1 #genre:action:adventure #save:password #compatibility:superfamicom>hirom #port:commodore>amiga #lang:en:fr #unfinished:beta,66
#players:1 #genre:action:adventure #save:password #compatibility:superfamicom>hirom #port:commodore>amiga #lang:en:fr:de,67
#players:1 #genre:action:adventure #save:password #compatibility:superfamicom>hirom #port:commodore>amiga #lang:ja,68
#players:1 #genre:action:adventure:minigames #compatibility:superfamicom>lorom #based:simpsons #lang:en,69
#players:1 #genre:action:adventure:puzzle #embedded:backup>battery #save:backup #compatibility:superfamicom>lorom #lang:en,70
#players:1 #genre:action:adventure:puzzle #embedded:backup>battery #save:backup #compatibility:superfamicom>lorom #lang:en #unfinished:beta,71
#players:1 #genre:action:adventure:puzzle #embedded:backup>battery #save:backup #compatibility:superfamicom>lorom #lang:ja,72
#players:1 #genre:action:adventure:puzzle #embedded:backup>battery #save:backup #compatibility:superfamicom>lorom #lang:ja #unfinished:beta,73
#players:1 #genre:action:adventure:shmup>h #save:password #compatibility:superfamicom>lorom #based #lang:en,74
#players:1 #genre:action:adventure:shmup>h #save:password #compatibility:superfamicom>lorom #based #lang:en #unfinished:beta>1,75
#players:1 #genre:action:adventure:shmup>h #save:password #compatibility:superfamicom>lorom #based #lang:en #unfinished:beta>2,76
#players:1 #genre:action:adventure:shooting>fps #addon:mouse>sfc #compatibility:superfamicom>lorom #based:movie:jurassicpark #search:keyword>dolby #lang:de,77
#players:1 #genre:action:adventure:shooting>fps #addon:mouse>sfc #compatibility:superfamicom>lorom #based:movie:jurassicpark #search:keyword>dolby #lang:en,78
#players:1 #genre:action:adventure:shooting>fps #addon:mouse>sfc #compatibility:superfamicom>lorom #based:movie:jurassicpark #search:keyword>dolby #lang:en #rev:1,79
#players:1 #genre:action:adventure:shooting>fps #addon:mouse>sfc #compatibility:superfamicom>lorom #based:movie:jurassicpark #search:keyword>dolby #lang:en #unfinished:beta,80
#players:1 #genre:action:adventure:shooting>fps #addon:mouse>sfc #compatibility:superfamicom>lorom #based:movie:jurassicpark #search:keyword>dolby #lang:es,81
#players:1 #genre:action:adventure:shooting>fps #addon:mouse>sfc #compatibility:superfamicom>lorom #based:movie:jurassicpark #search:keyword>dolby #lang:fr,82
#players:1 #genre:action:adventure:shooting>fps #addon:mouse>sfc #compatibility:superfamicom>lorom #based:movie:jurassicpark #search:keyword>dolby #lang:it,83
#players:1 #genre:action:adventure:shooting>fps #addon:mouse>sfc #compatibility:superfamicom>lorom #based:movie:jurassicpark #search:keyword>dolby #lang:ja,84
#players:1 #genre:action:adventure>pointandclick #save:password #compatibility:superfamicom>lorom #search:feature>pacman #lang:de,85
#players:1 #genre:action:adventure>pointandclick #save:password #compatibility:superfamicom>lorom #search:feature>pacman #lang:en,86
#players:1 #genre:action:adventure>pointandclick #save:password #compatibility:superfamicom>lorom #search:feature>pacman #lang:fr,87
#players:1 #genre:action:adventure>pointandclick #save:password #compatibility:superfamicom>lorom #search:feature>pacman #lang:ja,88
#players:1 #genre:action:minigames #compatibility:superfamicom>lorom #based #lang:en,89
#players:1 #genre:action:minigames:board>jankenpon #compatibility:superfamicom>lorom #based:manganime #lang:ja,90
#players:1 #genre:action:notagame>educational #save:password #compatibility:superfamicom>lorom #lang:en:fr:es,91
#players:1 #genre:action:notagame>educational #save:password #compatibility:superfamicom>lorom #lang:en:fr:es #unfinished:beta,92
#players:1 #genre:action:puzzle #addon:mouse>sfc #compatibility:superfamicom>lorom #lang:ja #unfinished:proto,93
#players:1 #genre:action:puzzle #addon:mouse>sfc #compatibility:superfamicom>lorom #search:feature>mario #lang:en,94
#players:1 #genre:action:puzzle #compatibility:superfamicom>lorom #port:commodore>amiga #lang:en,95
#players:1 #genre:action:puzzle #embedded:backup>battery #save:backup #compatibility:superfamicom>lorom #based #lang:ja,96
#players:1 #genre:action:puzzle #embedded:backup>battery #save:backup #compatibility:superfamicom>lorom #lang:ja,97
#players:1 #genre:action:puzzle #embedded:backup>battery #save:backup #compatibility:superfamicom>lorom #port:pc #search:keyword>endorsed #lang:ja,98
#players:1 #genre:action:puzzle #embedded:backup>battery #save:backup #compatibility:superfamicom>lorom>np #lang:ja,99
#players:1 #genre:action:puzzle #save:password #compatibility:superfamicom>lorom #port:commodore>amiga #lang:en,100
#players:1 #genre:action:puzzle #save:password #compatibility:superfamicom>lorom #port:commodore>amiga #lang:en #unfinished:beta,101
#players:1 #genre:action:puzzle #save:password #compatibility:superfamicom>lorom #port:commodore>amiga #lang:ja,102
#players:1 #genre:action:shmup #compatibility:superfamicom>lorom #based #lang:ja,103
#players:1 #genre:action:shmup #compatibility:superfamicom>lorom #based #port:sega>megadrive #lang:en,104
#players:1 #genre:action:shooting>gallery #embedded:backup>battery #save:password #compatibility:superfamicom>hirom #based:movie #lang:en #unfinished:proto,105
#players:1 #genre:action:sim>strategy:fighting #compatibility:superfamicom>lorom #based #lang:en,106
#players:1 #genre:action:sim>strategy:fighting #compatibility:superfamicom>lorom #based #lang:ja,107
#players:1 #genre:action:sim>strategy:fighting #compatibility:superfamicom>lorom #based #lang:ja #rev:1,108
#players:1 #genre:action>blockbreaker #compatibility:superfamicom>hirom #lang:ja,109
#players:1 #genre:action>blockbreaker:rpg #embedded:backup>battery #save:backup #compatibility:superfamicom>hirom #lang:ja,110
#players:1 #genre:action>hackandslash #addon:link>bb2interface #save:password #compatibility:superfamicom>hirom #based:marvel #search:feature>spiderman #lang:ja,111
#players:1 #genre:action>hackandslash #compatibility:superfamicom>hirom #based:marvel #search:feature>spiderman #lang:en,112
#players:1 #genre:action>hackandslash #compatibility:superfamicom>hirom #based:marvel #search:feature>spiderman #lang:en #unfinished:beta,113
#players:1 #genre:action>hackandslash #compatibility:superfamicom>hirom #based:marvel #search:feature>spiderman #lang:ja,114
#players:1 #genre:action>hackandslash #compatibility:superfamicom>hirom #based:marvel #search:feature>spiderman #lang:ja #unfinished:beta,115
#players:1 #genre:action>hackandslash #compatibility:superfamicom>hirom #lang:ja,116
#players:1 #genre:action>hackandslash #compatibility:superfamicom>lorom #based:manganime #lang:ja,117
#players:1 #genre:action>hackandslash #compatibility:superfamicom>lorom #based:manganime #lang:ja #unfinished:beta,118
#players:1 #genre:action>hackandslash #compatibility:superfamicom>lorom #based:marvel #lang:en,119
#players:1 #genre:action>hackandslash #compatibility:superfamicom>lorom #based:marvel #lang:en #unfinished:beta,120
#players:1 #genre:action>hackandslash #compatibility:superfamicom>lorom #based:movie #lang:en,121
#players:1 #genre:action>hackandslash #compatibility:superfamicom>lorom #based:movie #lang:ja,122
#players:1 #genre:action>hackandslash #compatibility:superfamicom>lorom #lang:en,123
#players:1 #genre:action>hackandslash #compatibility:superfamicom>lorom #lang:ja,124
#players:1 #genre:action>hackandslash #compatibility:superfamicom>lorom #port:arcade #lang:en,125
#players:1 #genre:action>hackandslash #compatibility:superfamicom>lorom #port:arcade #lang:ja,126
#players:1 #genre:action>hackandslash #compatibility:superfamicom>lorom #port:sharp>x68000 #lang:en,127
#players:1 #genre:action>hackandslash #compatibility:superfamicom>lorom #port:sharp>x68000 #lang:en #unfinished:beta,128
#players:1 #genre:action>hackandslash #embedded:backup>battery #compatibility:superfamicom>lorom #based:manganime #lang:en #unfinished:proto>1,129
#players:1 #genre:action>hackandslash #embedded:backup>battery #compatibility:superfamicom>lorom #based:manganime #lang:en #unfinished:proto>2,130
#players:1 #genre:action>hackandslash #save:password #compatibility:superfamicom>hirom #based #lang:en,131
#players:1 #genre:action>hackandslash #save:password #compatibility:superfamicom>hirom #based #lang:en #unfinished:beta,132
#players:1 #genre:action>hackandslash #save:password #compatibility:superfamicom>hirom #based:marvel #search:feature>xmen #lang:en,133
#players:1 #genre:action>hackandslash #save:password #compatibility:superfamicom>hirom #based:marvel #search:feature>xmen #lang:ja,134
#players:1 #genre:action>hackandslash #save:password #compatibility:superfamicom>lorom #based #lang:en,135
#players:1 #genre:action>hackandslash #save:password #compatibility:superfamicom>lorom #based #search:feature>batman #lang:en,136
#players:1 #genre:action>hackandslash #save:password #compatibility:superfamicom>lorom #based:marvel #search:feature>xmen #lang:en,137
#players:1 #genre:action>hackandslash #save:password #compatibility:superfamicom>lorom #based:marvel #search:feature>xmen #lang:en #unfinished:beta,138
#players:1 #genre:action>hackandslash #save:password #compatibility:superfamicom>lorom #multigame:compilation>ninjaryuukendenfc>ninjaryuukenden2ankokunojashinken>ninjaryuukenden3yominohakobune #lang:en,139
#players:1 #genre:action>hackandslash #save:password #compatibility:superfamicom>lorom #multigame:compilation>ninjaryuukendenfc>ninjaryuukenden2ankokunojashinken>ninjaryuukenden3yominohakobune #lang:ja,140
#players:1 #genre:action>hackandslash>platformer #compatibility:superfamicom>hirom #based:marvel #search:feature>spiderman #lang:en #unfinished:beta,141
#players:1 #genre:action>hackandslash>platformer #compatibility:superfamicom>hirom #lang:en,142
#players:1 #genre:action>hackandslash>platformer #compatibility:superfamicom>hirom #lang:ja,143
#players:1 #genre:action>hackandslash>platformer #compatibility:superfamicom>hirom #lang:ja #unfinished:beta,144
#players:1 #genre:action>hackandslash>platformer #compatibility:superfamicom>lorom #based:marvel #search:feature>spiderman #lang:en,145
#players:1 #genre:action>hackandslash>platformer #save:password #compatibility:superfamicom>hirom #based:manganime #lang:ja,146
#players:1 #genre:action>hackandslash>platformer #save:password #compatibility:superfamicom>hirom #based:manganime #lang:ja #unfinished:sample,147
#players:1 #genre:action>hackandslash>runandgun #compatibility:superfamicom>lorom #based:manganime #search:feature>gundam #lang:ja,148
#players:1 #genre:action>hackandslash>runandgun>platformer:shmup>h #save:password #compatibility:superfamicom>lorom #based:manganime #lang:ja,149
#players:1 #genre:action>maze #compatibility:superfamicom>lorom #port:arcade #lang:en,150
#players:1 #genre:action>maze #compatibility:superfamicom>lorom #port:arcade #lang:ja,151
#players:1 #genre:action>platformer #addon:backup>turbofile #save:password #compatibility:superfamicom>lorom #lang:en,152
#players:1 #genre:action>platformer #addon:backup>turbofile #save:password #compatibility:superfamicom>lorom #lang:ja,153
#players:1 #genre:action>platformer #addon:backup>turbofile #save:password #compatibility:superfamicom>lorom #lang:ja #unfinished:beta,154
#players:1 #genre:action>platformer #addon:link>bb2interface #save:password #compatibility:superfamicom>hirom #based:disney #search:feature>donald #lang:ja,155
#players:1 #genre:action>platformer #compatibility:superfamicom>hirom #based #lang:en,156
#players:1 #genre:action>platformer #compatibility:superfamicom>hirom #based:looneytunes #lang:en #unfinished:beta,157
#players:1 #genre:action>platformer #compatibility:superfamicom>hirom #based:manganime #lang:en #unlicensed:bootleg,158
#players:1 #genre:action>platformer #compatibility:superfamicom>hirom #based:movie #lang:en,159
#players:1 #genre:action>platformer #compatibility:superfamicom>hirom #based:movie:disney #lang:en,160
#players:1 #genre:action>platformer #compatibility:superfamicom>hirom #based:movie:disney #lang:en #unfinished:beta,161
#players:1 #genre:action>platformer #compatibility:superfamicom>hirom #based:movie:disney #lang:en #unfinished:beta>1,162
#players:1 #genre:action>platformer #compatibility:superfamicom>hirom #based:movie:disney #lang:en #unfinished:beta>2,163
#players:1 #genre:action>platformer #compatibility:superfamicom>hirom #based:movie:disney #lang:en #unfinished:beta>3,164
#players:1 #genre:action>platformer #compatibility:superfamicom>hirom #based:movie:disney #lang:en #unfinished:beta>4,165
#players:1 #genre:action>platformer #compatibility:superfamicom>hirom #based:movie:disney #lang:en #unfinished:beta>5,166
#players:1 #genre:action>platformer #compatibility:superfamicom>hirom #based:movie:disney #lang:ja,167
#players:1 #genre:action>platformer #compatibility:superfamicom>hirom #based:movie:disney #lang:ja #unfinished:beta,168
#players:1 #genre:action>platformer #compatibility:superfamicom>hirom #based:movie:disney #port:sega>megadrive #lang:en,169
#players:1 #genre:action>platformer #compatibility:superfamicom>hirom #based:movie:disney #port:sega>megadrive #lang:en #rerelease:disneyclassic,170
#players:1 #genre:action>platformer #compatibility:superfamicom>hirom #based:movie:disney #port:sega>megadrive #lang:en #unfinished:beta>1,171
#players:1 #genre:action>platformer #compatibility:superfamicom>hirom #based:movie:disney #port:sega>megadrive #lang:en #unfinished:beta>2,172
#players:1 #genre:action>platformer #compatibility:superfamicom>hirom #based:movie:disney #port:sega>megadrive #lang:en #unfinished:beta>3,173
#players:1 #genre:action>platformer #compatibility:superfamicom>hirom #based:movie:disney #port:sega>megadrive #lang:ja,174
#players:1 #genre:action>platformer #compatibility:superfamicom>hirom #based:movie:disney #port:sega>megadrive #lang:ja #rerelease:disneyclassic,175
#players:1 #genre:action>platformer #compatibility:superfamicom>hirom #based:movie:disney #port:sega>megadrive #reboxed #lang:en,176
#players:1 #genre:action>platformer #compatibility:superfamicom>hirom #based:movie:disney #port:sega>megadrive #reboxed:disneysclassic #lang:en,177
#players:1 #genre:action>platformer #compatibility:superfamicom>hirom #lang:en,178
#players:1 #genre:action>platformer #compatibility:superfamicom>hirom #lang:en #unfinished:beta,179
#players:1 #genre:action>platformer #compatibility:superfamicom>hirom #lang:en #unfinished:beta #alt,180
#players:1 #genre:action>platformer #compatibility:superfamicom>hirom #lang:en #unfinished:proto,181
#players:1 #genre:action>platformer #compatibility:superfamicom>hirom #lang:ja,182
#players:1 #genre:action>platformer #compatibility:superfamicom>lorom #based #lang:en,183
#players:1 #genre:action>platformer #compatibility:superfamicom>lorom #based #lang:en #rev:1,184
#players:1 #genre:action>platformer #compatibility:superfamicom>lorom #based #lang:en #unfinished:beta,185
#players:1 #genre:action>platformer #compatibility:superfamicom>lorom #based #lang:en #unfinished:proto,186
#players:1 #genre:action>platformer #compatibility:superfamicom>lorom #based #lang:en #unlicensed:bootleg,187
#players:1 #genre:action>platformer #compatibility:superfamicom>lorom #based #lang:en:es:sv,188
#players:1 #genre:action>platformer #compatibility:superfamicom>lorom #based #lang:en:fr:de:es,189
#players:1 #genre:action>platformer #compatibility:superfamicom>lorom #based #lang:en:fr:de:nl,190
#players:1 #genre:action>platformer #compatibility:superfamicom>lorom #based #lang:ja,191
#players:1 #genre:action>platformer #compatibility:superfamicom>lorom #based #port:commodore>amiga #lang:en,192
#players:1 #genre:action>platformer #compatibility:superfamicom>lorom #based #port:sega>megadrive #lang:en,193
#players:1 #genre:action>platformer #compatibility:superfamicom>lorom #based #port:sega>megadrive #lang:en #unfinished:beta,194
#players:1 #genre:action>platformer #compatibility:superfamicom>lorom #based #reboxed #lang:en:es:sv,195
#players:1 #genre:action>platformer #compatibility:superfamicom>lorom #based #reboxed #lang:en:fr:de:es,196
#players:1 #genre:action>platformer #compatibility:superfamicom>lorom #based #reboxed #lang:en:fr:de:nl,197
#players:1 #genre:action>platformer #compatibility:superfamicom>lorom #based:disney #search:feature>mickey #port:sega>megadrive #lang:en,198
#players:1 #genre:action>platformer #compatibility:superfamicom>lorom #based:disney #search:feature>mickey #port:sega>megadrive #lang:en #unfinished:beta,199
#players:1 #genre:action>platformer #compatibility:superfamicom>lorom #based:disney #search:feature>mickey #port:sega>megadrive #lang:ja,200
#players:1 #genre:action>platformer #compatibility:superfamicom>lorom #based:disney #search:feature>mickey #port:sega>megadrive #lang:ja #unfinished:beta,201
#players:1 #genre:action>platformer #compatibility:superfamicom>lorom #based:disney #search:feature>mickey #port:sega>megadrive #reboxed #lang:en,202
#players:1 #genre:action>platformer #compatibility:superfamicom>lorom #based:looneytunes #lang:en,203
#players:1 #genre:action>platformer #compatibility:superfamicom>lorom #based:looneytunes #lang:en #rev:1,204
#players:1 #genre:action>platformer #compatibility:superfamicom>lorom #based:looneytunes #lang:en #unfinished:beta,205
#players:1 #genre:action>platformer #compatibility:superfamicom>lorom #based:looneytunes #lang:en #unfinished:beta>1,206
#players:1 #genre:action>platformer #compatibility:superfamicom>lorom #based:looneytunes #lang:en #unfinished:beta>2,207
#players:1 #genre:action>platformer #compatibility:superfamicom>lorom #based:looneytunes #lang:en #unfinished:proto,208
#players:1 #genre:action>platformer #compatibility:superfamicom>lorom #based:looneytunes #lang:en #unfinished:proto>1,209
#players:1 #genre:action>platformer #compatibility:superfamicom>lorom #based:looneytunes #lang:en #unfinished:proto>2,210
#players:1 #genre:action>platformer #compatibility:superfamicom>lorom #based:looneytunes #lang:ja,211
#players:1 #genre:action>platformer #compatibility:superfamicom>lorom #based:manganime #lang:en #unlicensed:bootleg,212
#players:1 #genre:action>platformer #compatibility:superfamicom>lorom #based:manganime #lang:ja,213
#players:1 #genre:action>platformer #compatibility:superfamicom>lorom #based:marvel #search:feature>spiderman>xmen #lang:en,214
#players:1 #genre:action>platformer #compatibility:superfamicom>lorom #based:marvel #search:feature>spiderman>xmen #lang:en #unfinished:beta,215
#players:1 #genre:action>platformer #compatibility:superfamicom>lorom #based:movie #lang:en,216
#players:1 #genre:action>platformer #compatibility:superfamicom>lorom #based:movie #lang:en #unfinished:beta,217
#players:1 #genre:action>platformer #compatibility:superfamicom>lorom #based:movie #lang:en #unfinished:beta>2,218
#players:1 #genre:action>platformer #compatibility:superfamicom>lorom #based:movie #lang:ja,219
#players:1 #genre:action>platformer #compatibility:superfamicom>lorom #based:movie:disney #lang:en,220
#players:1 #genre:action>platformer #compatibility:superfamicom>lorom #based:movie:disney #lang:en #rerelease:disneyclassic,221
#players:1 #genre:action>platformer #compatibility:superfamicom>lorom #based:movie:disney #lang:en #unfinished:beta,222
#players:1 #genre:action>platformer #compatibility:superfamicom>lorom #based:movie:disney #port:nintendo>famicom #lang:en,223
#players:1 #genre:action>platformer #compatibility:superfamicom>lorom #based:movie:disney #port:nintendo>famicom #lang:en #unfinished:beta,224
#players:1 #genre:action>platformer #compatibility:superfamicom>lorom #based:movie:disney #port:nintendo>famicom #lang:ja,225
#players:1 #genre:action>platformer #compatibility:superfamicom>lorom #based:movie:disney #port:nintendo>gbc #lang:en #unlicensed:bootleg,226
#players:1 #genre:action>platformer #compatibility:superfamicom>lorom #based:movie:disney #port:sega>megadrive #lang:en #unlicensed:bootleg,227
#players:1 #genre:action>platformer #compatibility:superfamicom>lorom #based:movie:disney #reboxed #lang:en,228
#players:1 #genre:action>platformer #compatibility:superfamicom>lorom #based:movie:disney #reboxed:disneysclassic #lang:en,229
#players:1 #genre:action>platformer #compatibility:superfamicom>lorom #lang:de,230
#players:1 #genre:action>platformer #compatibility:superfamicom>lorom #lang:en,231
#players:1 #genre:action>platformer #compatibility:superfamicom>lorom #lang:en #rerelease:bubsytwofur,232
#players:1 #genre:action>platformer #compatibility:superfamicom>lorom #lang:en #rev:1,233
#players:1 #genre:action>platformer #compatibility:superfamicom>lorom #lang:en #unfinished:beta,234
#players:1 #genre:action>platformer #compatibility:superfamicom>lorom #lang:en #unfinished:beta>1,235
#players:1 #genre:action>platformer #compatibility:superfamicom>lorom #lang:en #unfinished:beta>2,236
#players:1 #genre:action>platformer #compatibility:superfamicom>lorom #lang:en #unfinished:proto,237
#players:1 #genre:action>platformer #compatibility:superfamicom>lorom #lang:en #unfinished:proto>1,238
#players:1 #genre:action>platformer #compatibility:superfamicom>lorom #lang:en #unfinished:proto>2,239
#players:1 #genre:action>platformer #compatibility:superfamicom>lorom #lang:en #unfinished:proto>3,240
#players:1 #genre:action>platformer #compatibility:superfamicom>lorom #lang:en:fr,241
#players:1 #genre:action>platformer #compatibility:superfamicom>lorom #lang:en:fr:de,242
#players:1 #genre:action>platformer #compatibility:superfamicom>lorom #lang:en:fr:de:es #unfinished:beta,243
#players:1 #genre:action>platformer #compatibility:superfamicom>lorom #lang:en:fr:es,244
#players:1 #genre:action>platformer #compatibility:superfamicom>lorom #lang:fr,245
#players:1 #genre:action>platformer #compatibility:superfamicom>lorom #lang:fr #unfinished:beta,246
#players:1 #genre:action>platformer #compatibility:superfamicom>lorom #lang:ja,247
#players:1 #genre:action>platformer #compatibility:superfamicom>lorom #lang:ja #unfinished:beta,248
#players:1 #genre:action>platformer #compatibility:superfamicom>lorom #port:commodore>amiga #lang:en,249
#players:1 #genre:action>platformer #compatibility:superfamicom>lorom #port:commodore>amiga #lang:en #unfinished:beta,250
#players:1 #genre:action>platformer #compatibility:superfamicom>lorom #port:commodore>amiga #lang:en #unfinished:proto,251
#players:1 #genre:action>platformer #compatibility:superfamicom>lorom #port:commodore>amiga #lang:ja,252
#players:1 #genre:action>platformer #compatibility:superfamicom>lorom #port:sega>megadrive #lang:en #unlicensed:bootleg,253
#players:1 #genre:action>platformer #compatibility:superfamicom>lorom #port:sega>megadrive #lang:ja,254
#players:1 #genre:action>platformer #compatibility:superfamicom>lorom #search:keyword>brand #lang:en,255
#players:1 #genre:action>platformer #compatibility:superfamicom>lorom #search:keyword>brand #lang:en #unfinished:beta,256
#players:1 #genre:action>platformer #compatibility:superfamicom>lorom #search:keyword>brand #port:commodore>amiga #lang:en,257
#players:1 #genre:action>platformer #compatibility:superfamicom>lorom #search:keyword>brand #port:commodore>amiga #lang:en #unfinished:beta,258
#players:1 #genre:action>platformer #compatibility:superfamicom>lorom #search:keyword>brand #port:sega>megadrive #lang:en,259
#players:1 #genre:action>platformer #compatibility:superfamicom>lorom #search:keyword>brand #port:sega>megadrive #lang:en #unfinished:beta,260
#players:1 #genre:action>platformer #compatibility:superfamicom>lorom #search:keyword>official #lang:en,261
#players:1 #genre:action>platformer #compatibility:superfamicom>lorom #search:keyword>official #port:sega>megadrive #lang:en,262
#players:1 #genre:action>platformer #compatibility:superfamicom>lorom #search:keyword>official #port:sega>megadrive #lang:en #unfinished:beta,263
#players:1 #genre:action>platformer #compatibility:superfamicom>lorom>nss #based:movie #lang:en,264
#players:1 #genre:action>platformer #embedded:backup>battery #compatibility:superfamicom>lorom #based:movie #lang:en #unfinished:beta>1,265
#players:1 #genre:action>platformer #embedded:backup>battery #compatibility:superfamicom>lorom #lang:en #unfinished:proto,266
#players:1 #genre:action>platformer #embedded:backup>battery #compatibility:superfamicom>lorom #search:feature>mario #lang:en #unfinished:proto>1,267
#players:1 #genre:action>platformer #embedded:backup>battery #compatibility:superfamicom>lorom #search:feature>mario #lang:en #unfinished:proto>2,268
#players:1 #genre:action>platformer #embedded:backup>battery #save:backup #compatibility:superfamicom>hirom #lang:ja,269
#players:1 #genre:action>platformer #embedded:backup>battery #save:backup #compatibility:superfamicom>hirom #lang:ja #unfinished:proto,270
#players:1 #genre:action>platformer #embedded:chip>cx4 #compatibility:superfamicom>lorom #lang:en,271
#players:1 #genre:action>platformer #embedded:chip>cx4 #compatibility:superfamicom>lorom #lang:en #rerelease:rockmanclassic>x,272
#players:1 #genre:action>platformer #embedded:chip>cx4 #compatibility:superfamicom>lorom #lang:ja,273
#players:1 #genre:action>platformer #embedded:chip>cx4 #compatibility:superfamicom>lorom #lang:ja #rerelease:rockmanclassic>x,274
#players:1 #genre:action>platformer #embedded:chip>cx4 #compatibility:superfamicom>lorom #lang:ja #unfinished:beta>1,275
#players:1 #genre:action>platformer #embedded:chip>cx4 #compatibility:superfamicom>lorom #lang:ja #unfinished:beta>2,276
#players:1 #genre:action>platformer #embedded:chip>cx4 #save:password #compatibility:superfamicom>lorom #lang:en,277
#players:1 #genre:action>platformer #embedded:chip>cx4 #save:password #compatibility:superfamicom>lorom #lang:en #rerelease:rockmanclassic,278
#players:1 #genre:action>platformer #embedded:chip>cx4 #save:password #compatibility:superfamicom>lorom #lang:ja,279
#players:1 #genre:action>platformer #embedded:chip>cx4 #save:password #compatibility:superfamicom>lorom #lang:ja #rerelease:rockmanclassic,280
#players:1 #genre:action>platformer #embedded:chip>cx4 #save:password #compatibility:superfamicom>lorom #lang:ja #unfinished:beta,281
#players:1 #genre:action>platformer #embedded:chip>sfx2:backup>battery #save:backup #compatibility:superfamicom>lorom #search:feature>mario #lang:en,282
#players:1 #genre:action>platformer #embedded:chip>sfx2:backup>battery #save:backup #compatibility:superfamicom>lorom #search:feature>mario #lang:en #rev:1,283
#players:1 #genre:action>platformer #embedded:chip>sfx2:backup>battery #save:backup #compatibility:superfamicom>lorom #search:feature>mario #lang:en:fr:de,284
#players:1 #genre:action>platformer #embedded:chip>sfx2:backup>battery #save:backup #compatibility:superfamicom>lorom #search:feature>mario #lang:en:fr:de #rev:1,285
#players:1 #genre:action>platformer #embedded:chip>sfx2:backup>battery #save:backup #compatibility:superfamicom>lorom #search:feature>mario #lang:en:fr:de #rev:2,286
#players:1 #genre:action>platformer #embedded:chip>sfx2:backup>battery #save:backup #compatibility:superfamicom>lorom #search:feature>mario #lang:ja,287
#players:1 #genre:action>platformer #embedded:chip>sfx2:backup>battery #save:backup #compatibility:superfamicom>lorom #search:feature>mario #lang:ja #rev:1,288
#players:1 #genre:action>platformer #embedded:chip>sfx2:backup>battery #save:backup #compatibility:superfamicom>lorom #search:feature>mario #lang:ja #rev:2,289
#players:1 #genre:action>platformer #embedded:chip>sfx2:backup>battery #save:backup #compatibility:superfamicom>lorom #search:feature>mario #lang:ja #rev:2 #unfinished:beta,290
#players:1 #genre:action>platformer #embedded:chip>sfx2:backup>battery #save:backup #compatibility:superfamicom>lorom #search:feature>mario #lang:ja #unfinished:beta,291
#players:1 #genre:action>platformer #save:password #compatibility:superfamicom>hirom #based #lang:en #unfinished:proto,292
#players:1 #genre:action>platformer #save:password #compatibility:superfamicom>hirom #based:movie:disney #port:sega>megadrive #lang:en,293
#players:1 #genre:action>platformer #save:password #compatibility:superfamicom>hirom #based:movie:disney #port:sega>megadrive #lang:en:fr:de,294
#players:1 #genre:action>platformer #save:password #compatibility:superfamicom>hirom #based:movie:disney #port:sega>megadrive #lang:ja,295
#players:1 #genre:action>platformer #save:password #compatibility:superfamicom>hirom #lang:en,296
#players:1 #genre:action>platformer #save:password #compatibility:superfamicom>hirom #lang:en:fr:de,297
#players:1 #genre:action>platformer #save:password #compatibility:superfamicom>hirom #lang:ja,298
#players:1 #genre:action>platformer #save:password #compatibility:superfamicom>hirom #lang:ja #unfinished:beta,299
#players:1 #genre:action>platformer #save:password #compatibility:superfamicom>hirom #port:sega>megadrive #lang:en,300
#players:1 #genre:action>platformer #save:password #compatibility:superfamicom>hirom #port:sega>megadrive #lang:en #unfinished:beta,301
#players:1 #genre:action>platformer #save:password #compatibility:superfamicom>hirom #port:sega>megadrive #lang:ja,302
#players:1 #genre:action>platformer #save:password #compatibility:superfamicom>lorom #based #lang:en,303
#players:1 #genre:action>platformer #save:password #compatibility:superfamicom>lorom #based:disney #lang:en,304
#players:1 #genre:action>platformer #save:password #compatibility:superfamicom>lorom #based:disney #lang:ja,305
#players:1 #genre:action>platformer #save:password #compatibility:superfamicom>lorom #based:disney #search:feature>donald #port:sega>megadrive #lang:en,306
#players:1 #genre:action>platformer #save:password #compatibility:superfamicom>lorom #based:disney #search:feature>donald #port:sega>megadrive #lang:ja,307
#players:1 #genre:action>platformer #save:password #compatibility:superfamicom>lorom #based:disney #search:feature>mickey>donald #lang:ja,308
#players:1 #genre:action>platformer #save:password #compatibility:superfamicom>lorom #based:manganime #lang:en,309
#players:1 #genre:action>platformer #save:password #compatibility:superfamicom>lorom #based:manganime #lang:ja,310
#players:1 #genre:action>platformer #save:password #compatibility:superfamicom>lorom #based:movie #lang:en,311
#players:1 #genre:action>platformer #save:password #compatibility:superfamicom>lorom #based:movie #lang:en #unfinished:beta,312
#players:1 #genre:action>platformer #save:password #compatibility:superfamicom>lorom #based:movie #lang:en #unfinished:beta>3,313
#players:1 #genre:action>platformer #save:password #compatibility:superfamicom>lorom #based:movie #lang:en:fr:de,314
#players:1 #genre:action>platformer #save:password #compatibility:superfamicom>lorom #based:movie #lang:ja,315
#players:1 #genre:action>platformer #save:password #compatibility:superfamicom>lorom #based:movie:disney #lang:de,316
#players:1 #genre:action>platformer #save:password #compatibility:superfamicom>lorom #based:movie:disney #lang:en,317
#players:1 #genre:action>platformer #save:password #compatibility:superfamicom>lorom #based:movie:disney #lang:en #rerelease:disneyclassic,318
#players:1 #genre:action>platformer #save:password #compatibility:superfamicom>lorom #based:movie:disney #lang:en #unfinished:beta,319
#players:1 #genre:action>platformer #save:password #compatibility:superfamicom>lorom #based:movie:disney #lang:es,320
#players:1 #genre:action>platformer #save:password #compatibility:superfamicom>lorom #based:movie:disney #lang:fr,321
#players:1 #genre:action>platformer #save:password #compatibility:superfamicom>lorom #based:movie:disney #lang:ja,322
#players:1 #genre:action>platformer #save:password #compatibility:superfamicom>lorom #based:movie:disney #reboxed:disneysclassic #lang:en,323
#players:1 #genre:action>platformer #save:password #compatibility:superfamicom>lorom #based:smurfs #lang:en:fr:de:es,324
#players:1 #genre:action>platformer #save:password #compatibility:superfamicom>lorom #based:smurfs #lang:en:fr:de:es:it,325
#players:1 #genre:action>platformer #save:password #compatibility:superfamicom>lorom #based:smurfs #reboxed #lang:en:fr:de:es,326
#players:1 #genre:action>platformer #save:password #compatibility:superfamicom>lorom #based:smurfs #reboxed #lang:en:fr:de:es:it,327
#players:1 #genre:action>platformer #save:password #compatibility:superfamicom>lorom #lang:en,328
#players:1 #genre:action>platformer #save:password #compatibility:superfamicom>lorom #lang:en #rerelease:capcomtown,329
#players:1 #genre:action>platformer #save:password #compatibility:superfamicom>lorom #lang:en #rerelease:qubyte,330
#players:1 #genre:action>platformer #save:password #compatibility:superfamicom>lorom #lang:en #rerelease:rockmanclassic>x,331
#players:1 #genre:action>platformer #save:password #compatibility:superfamicom>lorom #lang:en #rerelease:switchonline,332
#players:1 #genre:action>platformer #save:password #compatibility:superfamicom>lorom #lang:en #rev:1,333
#players:1 #genre:action>platformer #save:password #compatibility:superfamicom>lorom #lang:en #unfinished:beta,334
#players:1 #genre:action>platformer #save:password #compatibility:superfamicom>lorom #lang:en #unfinished:beta>1,335
#players:1 #genre:action>platformer #save:password #compatibility:superfamicom>lorom #lang:en #unfinished:proto,336
#players:1 #genre:action>platformer #save:password #compatibility:superfamicom>lorom #lang:en:fr,337
#players:1 #genre:action>platformer #save:password #compatibility:superfamicom>lorom #lang:en:fr #unfinished:beta>2,338
#players:1 #genre:action>platformer #save:password #compatibility:superfamicom>lorom #lang:en:fr:es,339
#players:1 #genre:action>platformer #save:password #compatibility:superfamicom>lorom #lang:ja,340
#players:1 #genre:action>platformer #save:password #compatibility:superfamicom>lorom #lang:ja #rerelease:rockmanclassic>x,341
#players:1 #genre:action>platformer #save:password #compatibility:superfamicom>lorom #lang:ja #rerelease:switchonline,342
#players:1 #genre:action>platformer #save:password #compatibility:superfamicom>lorom #lang:ja #rev:1,343
#players:1 #genre:action>platformer #save:password #compatibility:superfamicom>lorom #lang:ja #unfinished:sample,344
#players:1 #genre:action>platformer #save:password #compatibility:superfamicom>lorom #port:commodore>amiga #lang:en,345
#players:1 #genre:action>platformer #save:password #compatibility:superfamicom>lorom #port:commodore>amiga #lang:en #unfinished:beta,346
#players:1 #genre:action>platformer #save:password #compatibility:superfamicom>lorom #port:commodore>amiga #lang:en #unfinished:proto,347
#players:1 #genre:action>platformer #save:password #compatibility:superfamicom>lorom #port:sega>megadrive #lang:en,348
#players:1 #genre:action>platformer #save:password #compatibility:superfamicom>lorom #port:sega>megadrive #lang:en #unfinished:beta,349
#players:1 #genre:action>platformer #save:password #compatibility:superfamicom>lorom #port:sega>megadrive #lang:en:fr:de:es,350
#players:1 #genre:action>platformer #save:password #compatibility:superfamicom>lorom #search:franchise>castlevania:feature>dracula #search:keyword>dolby #lang:en,351
#players:1 #genre:action>platformer #save:password #compatibility:superfamicom>lorom #search:franchise>castlevania:feature>dracula #search:keyword>dolby #lang:en #rerelease:castlevaniaadvance,352
#players:1 #genre:action>platformer #save:password #compatibility:superfamicom>lorom #search:franchise>castlevania:feature>dracula #search:keyword>dolby #lang:en #rerelease:castlevaniaanniversary,353
#players:1 #genre:action>platformer #save:password #compatibility:superfamicom>lorom #search:franchise>castlevania:feature>dracula #search:keyword>dolby #lang:en #rerelease:virtualconsole,354
#players:1 #genre:action>platformer #save:password #compatibility:superfamicom>lorom #search:franchise>castlevania:feature>dracula #search:keyword>dolby #lang:ja,355
#players:1 #genre:action>platformer #save:password #compatibility:superfamicom>lorom #search:franchise>castlevania:feature>dracula #search:keyword>dolby #lang:ja #rerelease:castlevaniaadvance,356
#players:1 #genre:action>platformer #save:password #compatibility:superfamicom>lorom #search:franchise>castlevania:feature>dracula #search:keyword>dolby #lang:ja #rerelease:castlevaniaanniversary,357
#players:1 #genre:action>platformer #save:password #compatibility:superfamicom>lorom #search:franchise>castlevania:feature>dracula #search:keyword>dolby #lang:ja #rerelease:virtualconsole,358
#players:1 #genre:action>platformer #save:password #compatibility:superfamicom>lorom #search:franchise>castlevania:feature>dracula #search:keyword>dolby #lang:ja #unfinished:beta,359
#players:1 #genre:action>platformer #save:password #compatibility:superfamicom>lorom #search:keyword>brand #lang:en:fr:de:es:it,360
#players:1 #genre:action>platformer #save:password #compatibility:superfamicom>lorom>nss #based:movie #lang:en,361
#players:1 #genre:action>platformer #save:password #port:commodore>amiga #compatibility:superfamicom>lorom #lang:en,362
#players:1 #genre:action>platformer #save:password #port:commodore>amiga #compatibility:superfamicom>lorom #lang:en #unfinished:beta,363
#players:1 #genre:action>platformer:adventure #addon:link>bb2interface #save:password #compatibility:superfamicom>hirom #based:manganime #lang:ja,364
#players:1 #genre:action>platformer:adventure #compatibility:superfamicom>hirom #lang:en,365
#players:1 #genre:action>platformer:adventure #compatibility:superfamicom>hirom #lang:ja,366
#players:1 #genre:action>platformer:adventure #compatibility:superfamicom>lorom #based:manganime #lang:ja,367
#players:1 #genre:action>platformer:adventure #compatibility:superfamicom>lorom #based:movie #lang:en,368
#players:1 #genre:action>platformer:adventure #save:password #addon:link>bb2interface #compatibility:superfamicom>hirom #based:manganime #lang:ja,369
#players:1 #genre:action>platformer:adventure #save:password #addon:link>bb2interface #compatibility:superfamicom>hirom #based:manganime #lang:ja #unfinished:beta,370
#players:1 #genre:action>platformer:adventure #save:password #compatibility:superfamicom>hirom #based:manganime #lang:ja,371
#players:1 #genre:action>platformer:adventure #save:password #compatibility:superfamicom>hirom #based:manganime #lang:ja #rev:1,372
#players:1 #genre:action>platformer:adventure #save:password #compatibility:superfamicom>lorom #based #lang:en,373
#players:1 #genre:action>platformer:adventure:parlor>jackpot #embedded:backup>battery #save:backup #compatibility:superfamicom>hirom #lang:en,374
#players:1 #genre:action>platformer:adventure:parlor>jackpot #embedded:backup>battery #save:backup #compatibility:superfamicom>hirom #lang:en #unfinished:beta,375
#players:1 #genre:action>platformer:adventure:parlor>jackpot #embedded:backup>battery #save:backup #compatibility:superfamicom>hirom #lang:ja,376
#players:1 #genre:action>platformer:adventure:sim>building>god #embedded:backup>battery #save:backup #compatibility:superfamicom>lorom #lang:de,377
#players:1 #genre:action>platformer:adventure:sim>building>god #embedded:backup>battery #save:backup #compatibility:superfamicom>lorom #lang:en,378
#players:1 #genre:action>platformer:adventure:sim>building>god #embedded:backup>battery #save:backup #compatibility:superfamicom>lorom #lang:fr,379
#players:1 #genre:action>platformer:adventure:sim>building>god #embedded:backup>battery #save:backup #compatibility:superfamicom>lorom #lang:ja,380
#players:1 #genre:action>platformer:adventure:sim>building>god #embedded:backup>battery #save:backup #compatibility:superfamicom>lorom #lang:ja #rerelease:virtualconsole,381
#players:1 #genre:action>platformer:adventure:sim>building>god #embedded:backup>battery #save:backup #compatibility:superfamicom>lorom>nss #lang:en,382
#players:1 #genre:action>platformer:minigames #save:password #compatibility:superfamicom>lorom #based:looneytunes #lang:en,383
#players:1 #genre:action>platformer:minigames #save:password #compatibility:superfamicom>lorom #based:looneytunes #lang:en #unfinished:beta,384
#players:1 #genre:action>platformer:minigames #save:password #compatibility:superfamicom>lorom #based:looneytunes #lang:es,385
#players:1 #genre:action>platformer:minigames #save:password #compatibility:superfamicom>lorom #based:looneytunes #lang:ja,386
#players:1 #genre:action>platformer:minigames #save:password #compatibility:superfamicom>lorom #based:looneytunes #lang:ja #rev:1,387
#players:1 #genre:action>platformer:minigames #save:password #compatibility:superfamicom>lorom #based:manganime #lang:ja,388
#players:1 #genre:action>platformer:minigames:parlor>jackpot:board>cards #embedded:backup>battery #save:backup #compatibility:superfamicom>lorom #based:manganime #lang:ja,389
#players:1 #genre:action>platformer:notagame>educational #save:password #compatibility:superfamicom>lorom #lang:en:fr:es,390
#players:1 #genre:action>platformer:parlor>jackpot #save:password #compatibility:superfamicom>lorom #based:looneytunes #lang:en,391
#players:1 #genre:action>platformer:parlor>jackpot #save:password #compatibility:superfamicom>lorom #based:looneytunes #lang:en #unfinished:beta,392
#players:1 #genre:action>platformer:parlor>jackpot #save:password #compatibility:superfamicom>lorom #based:looneytunes #lang:ja,393
#players:1 #genre:action>platformer:parlor>pachinko #compatibility:superfamicom>lorom #lang:ja,394
#players:1 #genre:action>platformer:puzzle #compatibility:superfamicom>lorom #based #lang:en,395
#players:1 #genre:action>platformer:puzzle #compatibility:superfamicom>lorom #based #lang:en #unfinished:beta,396
#players:1 #genre:action>platformer:puzzle #compatibility:superfamicom>lorom #based #lang:ja,397
#players:1 #genre:action>platformer:puzzle #save:password #compatibility:superfamicom>lorom #based:simpsons #port:commodore>amiga #lang:en,398
#players:1 #genre:action>platformer:puzzle #save:password #compatibility:superfamicom>lorom #based:simpsons #port:commodore>amiga #lang:en #rev:1,399
#players:1 #genre:action>platformer:puzzle #save:password #compatibility:superfamicom>lorom #lang:en,400
#players:1 #genre:action>platformer:puzzle #save:password #compatibility:superfamicom>lorom #lang:en #unfinished:beta,401
#players:1 #genre:action>platformer:puzzle #save:password #compatibility:superfamicom>lorom #lang:en #unfinished:proto,402
#players:1 #genre:action>platformer:puzzle #save:password #compatibility:superfamicom>lorom #lang:ja,403
#players:1 #genre:action>platformer:puzzle #save:password #compatibility:superfamicom>lorom #port:sega>megadrive #lang:en #unfinished:proto,404
#players:1 #genre:action>platformer:puzzle:parlor>pachinko #compatibility:superfamicom>lorom #search:feature>pacman #lang:ja,405
#players:1 #genre:action>platformer:quiz #save:password #compatibility:superfamicom>lorom #lang:ja,406
#players:1 #genre:action>platformer:racing:sim>flight #embedded:chip>dsp1 #compatibility:superfamicom>lorom #search:feature>mario #multigame:compilation>supermarioworld>fzero>pilotwings #lang:en #unfinished:competition,407
#players:1 #genre:action>platformer:racing>combat:sports>baseball #embedded:chip>dsp1a #compatibility:superfamicom>lorom>hirom #multigame:compilation>supermariobros2>supermariokart>majorleaguebaseball #search:feature>mario #lang:en #unfinished:competition,408
#players:1 #genre:action>platformer:rpg>a #embedded:backup>battery #save:backup #compatibility:superfamicom>lorom #lang:ja,409
#players:1 #genre:action>platformer:shmup>h #save:password #compatibility:superfamicom>lorom #based #lang:en,410
#players:1 #genre:action>platformer:shmup>h #save:password #compatibility:superfamicom>lorom #based #lang:en #unfinished:proto,411
#players:1 #genre:action>platformer:shmup>h #save:password #compatibility:superfamicom>lorom #based #lang:en:fr:de:es,412
#players:1 #genre:action>platformer:shmup>i #save:password #compatibility:superfamicom>lorom #based:movie #lang:en,413
#players:1 #genre:action>platformer:shmup>v #save:password #compatibility:superfamicom>hirom #based #lang:en,414
#players:1 #genre:action>platformer:shooting>gallery:racing #compatibility:superfamicom>lorom #based:simpsons #lang:en,415
#players:1 #genre:action>platformer:shooting>gallery:racing #compatibility:superfamicom>lorom #based:simpsons #lang:en #unfinished:beta,416
#players:1 #genre:action>platformer:shooting>rail #compatibility:superfamicom>lorom #based:manganime #lang:ja,417
#players:1 #genre:action>platformer:sim:fighting #save:password #compatibility:superfamicom>hirom #based:manganime #lang:ja,418
#players:1 #genre:action>platformer>blockbreaker:shmup>v:puzzle>drop:minigames #save:password #compatibility:superfamicom>lorom #based:manganime #search:feature>compatihero>gundam #lang:ja,419
#players:1 #genre:action>platformer>blockbreaker:shmup>v:puzzle>drop:minigames #save:password #compatibility:superfamicom>lorom #based:manganime #search:feature>compatihero>gundam #lang:ja #unfinished:beta,420
#players:1 #genre:action>platformer>hackandslash #compatibility:superfamicom>hirom #based:manganime #lang:ja,421
#players:1 #genre:action>platformer>hackandslash #compatibility:superfamicom>lorom #based:manganime #lang:ja,422
#players:1 #genre:action>platformer>hackandslash #compatibility:superfamicom>lorom #based:movie:starwars #lang:ja,423
#players:1 #genre:action>platformer>hackandslash #compatibility:superfamicom>lorom #lang:en,424
#players:1 #genre:action>platformer>hackandslash #compatibility:superfamicom>lorom #lang:ja,425
#players:1 #genre:action>platformer>hackandslash #compatibility:superfamicom>lorom #port:commodore>amiga #lang:en,426
#players:1 #genre:action>platformer>hackandslash #compatibility:superfamicom>lorom #port:commodore>amiga #lang:en #rerelease:qubyte,427
#players:1 #genre:action>platformer>hackandslash #compatibility:superfamicom>lorom #port:commodore>amiga #lang:en #unfinished:beta,428
#players:1 #genre:action>platformer>hackandslash #compatibility:superfamicom>lorom #port:commodore>amiga #lang:ja,429
#players:1 #genre:action>platformer>hackandslash #embedded:backup>battery #compatibility:superfamicom>lorom #based #lang:en #unfinished:proto,430
#players:1 #genre:action>platformer>hackandslash #save:password #compatibility:superfamicom>lorom #based:movie #search:keyword>dolby #lang:en,431
#players:1 #genre:action>platformer>hackandslash #save:password #compatibility:superfamicom>lorom #based:movie #search:keyword>dolby #lang:ja,432
#players:1 #genre:action>platformer>hackandslash #save:password #compatibility:superfamicom>lorom #lang:en,433
#players:1 #genre:action>platformer>hackandslash #save:password #compatibility:superfamicom>lorom #lang:en #unfinished:beta>1,434
#players:1 #genre:action>platformer>hackandslash #save:password #compatibility:superfamicom>lorom #lang:en #unfinished:beta>2,435
#players:1 #genre:action>platformer>hackandslash #save:password #compatibility:superfamicom>lorom #lang:ja,436
#players:1 #genre:action>platformer>hackandslash>runandgun:shooting>gallery>rail #save:password #compatibility:superfamicom>lorom #based:movie:starwars #lang:en,437
#players:1 #genre:action>platformer>hackandslash>runandgun:shooting>gallery>rail #save:password #compatibility:superfamicom>lorom #based:movie:starwars #lang:en #rev:1,438
#players:1 #genre:action>platformer>hackandslash>runandgun:shooting>gallery>rail #save:password #compatibility:superfamicom>lorom #based:movie:starwars #lang:en #unfinished:beta,439
#players:1 #genre:action>platformer>hackandslash>runandgun:shooting>gallery>rail #save:password #compatibility:superfamicom>lorom #based:movie:starwars #lang:ja,440
#players:1 #genre:action>platformer>hackandslash>runandgun:shooting>rail #save:password #compatibility:superfamicom>lorom #based:movie:starwars #lang:en,441
#players:1 #genre:action>platformer>hackandslash>runandgun:shooting>rail #save:password #compatibility:superfamicom>lorom #based:movie:starwars #lang:en #rev:1,442
#players:1 #genre:action>platformer>hackandslash>runandgun:shooting>rail #save:password #compatibility:superfamicom>lorom #based:movie:starwars #lang:en #unfinished:beta,443
#players:1 #genre:action>platformer>hackandslash>runandgun:shooting>rail #save:password #compatibility:superfamicom>lorom #based:movie:starwars #lang:ja,444
#players:1 #genre:action>platformer>hackandslash>runandgun:shooting>rail>gallery #compatibility:superfamicom>lorom #based:movie:starwars #lang:en,445
#players:1 #genre:action>platformer>hackandslash>runandgun:shooting>rail>gallery #compatibility:superfamicom>lorom #based:movie:starwars #lang:en #unfinished:beta>1,446
#players:1 #genre:action>platformer>hackandslash>runandgun:shooting>rail>gallery #compatibility:superfamicom>lorom #based:movie:starwars #lang:en #unfinished:beta>2,447
#players:1 #genre:action>platformer>hackandslash>runandgun:shooting>rail>gallery #compatibility:superfamicom>lorom #based:movie:starwars #lang:en #unfinished:beta>3,448
#players:1 #genre:action>platformer>hackandslash>runandgun:shooting>rail>gallery #compatibility:superfamicom>lorom #based:movie:starwars #reboxed #lang:en #rev:1,449
#players:1 #genre:action>platformer>hackandslash>runandgun:shooting>rail>gallery #compatibility:superfamicom>lorom #based:movie:starwars #reboxed:playerschoice #lang:en #rev:1,450
#players:1 #genre:action>platformer>runandgun #compatibility:superfamicom>lorom #based #lang:en,451
#players:1 #genre:action>platformer>runandgun #compatibility:superfamicom>lorom #based:looneytunes #lang:en,452
#players:1 #genre:action>platformer>runandgun #compatibility:superfamicom>lorom #based:looneytunes #lang:en #unfinished:beta,453
#players:1 #genre:action>platformer>runandgun #compatibility:superfamicom>lorom #lang:ja,454
#players:1 #genre:action>platformer>runandgun #embedded:backup>battery #save:backup #compatibility:superfamicom>lorom #lang:en,455
#players:1 #genre:action>platformer>runandgun #embedded:backup>battery #save:backup #compatibility:superfamicom>lorom #lang:ja,456
#players:1 #genre:action>platformer>runandgun #save:password #compatibility:superfamicom>hirom #search:keyword>endorsed #lang:en,457
#players:1 #genre:action>platformer>runandgun:shmup>h #compatibility:superfamicom>lorom #based #lang:en #unfinished:beta,458
#players:1 #genre:action>platformer>runandgun:shmup>h #compatibility:superfamicom>lorom #lang:en,459
#players:1 #genre:action>platformer>runandgun:shmup>h #compatibility:superfamicom>lorom #lang:en #rerelease:qubyte,460
#players:1 #genre:action>platformer>runandgun:shmup>h #compatibility:superfamicom>lorom #lang:en #unfinished:proto,461
#players:1 #genre:action>platformer>runandgun:shmup>h #save:password #compatibility:superfamicom>hirom #based #search:feature>batman #port:nintendo>famicom:sega>megadrive #lang:en #unfinished:proto,462
#players:1 #genre:action>platformer>runandgun:shmup>v #compatibility:superfamicom>lorom #port:arcade #lang:en,463
#players:1 #genre:action>platformer>runandgun:shmup>v #compatibility:superfamicom>lorom #port:arcade #lang:en #unfinished:beta,464
#players:1 #genre:action>platformer>runandgun:shooting>rail #compatibility:superfamicom>lorom #based #lang:en:fr:de:es,465
#players:1 #genre:action>platformer>runandgun:shooting>rail #compatibility:superfamicom>lorom #based #lang:en:fr:de:es #unfinished:beta,466
#players:1 #genre:action>platformer>runandgun:shooting>rail #compatibility:superfamicom>lorom #lang:en,467
#players:1 #genre:action>platformer>runandgun>metroidvania #embedded:backup>battery #save:backup #compatibility:superfamicom>lorom #lang:en:fr:de,468
#players:1 #genre:action>platformer>runandgun>metroidvania #embedded:backup>battery #save:backup #compatibility:superfamicom>lorom #lang:ja:en,469
#players:1 #genre:action>platformer>runandgun>metroidvania #embedded:backup>battery #save:backup #compatibility:superfamicom>lorom #lang:ja:en #rerelease:virtualconsole:sfcmini:switchonline,470
#players:1 #genre:action>platformer>runandgun>metroidvania #embedded:backup>battery #save:backup #compatibility:superfamicom>lorom #lang:ja:en #rerelease:virtualconsole:switchonline,471
#players:1 #genre:action>platformer>runandgun>metroidvania #embedded:backup>battery #save:backup #compatibility:superfamicom>lorom #reboxed:playerschoice #lang:ja:en,472
#players:1 #genre:action>runandgun #compatibility:superfamicom>lorom #based #lang:en #unfinished:proto,473
#players:1 #genre:action>runandgun #compatibility:superfamicom>lorom #based:manganime #lang:ja,474
#players:1 #genre:action>runandgun #compatibility:superfamicom>lorom #based:movie #lang:en,475
#players:1 #genre:action>runandgun #compatibility:superfamicom>lorom #based:movie #lang:en #unfinished:beta,476
#players:1 #genre:action>runandgun #compatibility:superfamicom>lorom #based:movie #port:sega>megadrive #lang:en,477
#players:1 #genre:action>runandgun #compatibility:superfamicom>lorom #lang:en,478
#players:1 #genre:action>runandgun #compatibility:superfamicom>lorom #lang:en #unfinished:proto,479
#players:1 #genre:action>runandgun #compatibility:superfamicom>lorom #lang:ja,480
#players:1 #genre:action>runandgun #compatibility:superfamicom>lorom #port:arcade #lang:en,481
#players:1 #genre:action>runandgun #compatibility:superfamicom>lorom #port:arcade #lang:en #unfinished:beta,482
#players:1 #genre:action>runandgun #compatibility:superfamicom>lorom #port:arcade #lang:ja,483
#players:1 #genre:action>runandgun #compatibility:superfamicom>lorom #port:sega>megadrive #search:keyword>dolby #lang:en,484
#players:1 #genre:action>runandgun #compatibility:superfamicom>lorom #port:sega>megadrive #search:keyword>dolby #lang:en #rerelease:virtualconsole,485
#players:1 #genre:action>runandgun #save:password #compatibility:superfamicom>lorom #based #port:sega>megadrive #lang:en,486
#players:1 #genre:action>runandgun #save:password #compatibility:superfamicom>lorom #based:movie #lang:en,487
#players:1 #genre:action>runandgun #save:password #compatibility:superfamicom>lorom #based:movie #lang:en #unfinished:beta,488
#players:1 #genre:action>runandgun #save:password #compatibility:superfamicom>lorom #based:movie #lang:en:fr:de,489
#players:1 #genre:action>runandgun #save:password #compatibility:superfamicom>lorom #based:movie #lang:ja,490
#players:1 #genre:action>runandgun:rpg>a #embedded:backup>battery #save:backup #compatibility:superfamicom>hirom #lang:ja,491
#players:1 #genre:action>runandgun:shmup>h #compatibility:superfamicom>lorom #lang:en,492
#players:1 #genre:action>runandgun:shmup>h #compatibility:superfamicom>lorom #lang:en #rerelease,493
#players:1 #genre:action>runandgun:shmup>h #compatibility:superfamicom>lorom #lang:en #unfinished:beta,494
#players:1 #genre:action>runandgun:shmup>h #compatibility:superfamicom>lorom #lang:ja,495
#players:1 #genre:action>runandgun:shmup>h #compatibility:superfamicom>lorom #lang:ja #rerelease,496
#players:1 #genre:action>runandgun:shmup>h #save:password #compatibility:superfamicom>lorom #lang:en,497
#players:1 #genre:action>runandgun:shmup>h #save:password #embedded:backup>battery #compatibility:superfamicom>lorom #lang:en #unfinished:proto,498
#players:1 #genre:action>runandgun:shmup>h>v #compatibility:superfamicom>lorom #search:keyword>dolby #lang:en,499
#players:1 #genre:action>runandgun:shmup>h>v #compatibility:superfamicom>lorom #search:keyword>dolby #lang:en #unfinished:beta>1,500
#players:1 #genre:action>runandgun:shmup>h>v #compatibility:superfamicom>lorom #search:keyword>dolby #lang:en #unfinished:beta>2,501
#players:1 #genre:action>runandgun:shmup>v #compatibility:superfamicom>lorom #lang:en,502
#players:1 #genre:action>runandgun:shmup>v #compatibility:superfamicom>lorom>nss #lang:en,503
#players:1 #genre:action>runandgun:shooting>rail:notagame>educational #compatibility:superfamicom>lorom #lang:en:es,504
#players:1 #genre:action>runandgun>metroidvania #save:password #compatibility:superfamicom>lorom #based:movie #search:feature>alien #lang:en,505
#players:1 #genre:action>runandgun>metroidvania #save:password #compatibility:superfamicom>lorom #based:movie #search:feature>alien #lang:en #rev:1,506
#players:1 #genre:action>runandgun>metroidvania #save:password #compatibility:superfamicom>lorom #based:movie #search:feature>alien #lang:en #unfinished:beta>1,507
#players:1 #genre:action>runandgun>metroidvania #save:password #compatibility:superfamicom>lorom #based:movie #search:feature>alien #lang:en #unfinished:beta>2,508
#players:1 #genre:action>runandgun>metroidvania #save:password #compatibility:superfamicom>lorom #based:movie #search:feature>alien #lang:en #unfinished:beta>3,509
#players:1 #genre:action>runandgun>metroidvania #save:password #compatibility:superfamicom>lorom #based:movie #search:feature>alien #lang:ja,510
#players:1 #genre:action>runandgun>platformer #addon:controller>6button #save:password #compatibility:superfamicom>lorom #based #lang:en,511
#players:1 #genre:action>runandgun>platformer #addon:controller>6button #save:password #compatibility:superfamicom>lorom #based #lang:en #unfinished:beta,512
#players:1 #genre:action>runandgun>platformer #addon:controller>6button #save:password #compatibility:superfamicom>lorom #based #lang:en:fr:de,513
#players:1 #genre:action>runandgun>platformer #compatibility:superfamicom>lorom #based:movie #lang:en #unfinished:sample,514
#players:1 #genre:action>runandgun>platformer #compatibility:superfamicom>lorom #search:feature>compatihero>gundam #lang:ja,515
#players:1 #genre:action>runandgun>platformer #compatibility:superfamicom>lorom #search:feature>compatihero>gundam #lang:ja #rev:1,516
#players:1 #genre:action>runandgun>platformer #save:password #compatibility:superfamicom>lorom #based:movie #lang:en,517
#players:1 #genre:action>runandgun>platformer #save:password #compatibility:superfamicom>lorom #based:movie #port:commodore>c64>amiga #lang:en #unfinished:proto,518
#players:1 #genre:adventure #addon:mouse>sfc #embedded:backup>battery #save:backup #compatibility:superfamicom>hirom #lang:ja,519
#players:1 #genre:adventure #addon:mouse>sfc #embedded:backup>battery #save:backup #compatibility:superfamicom>lorom #lang:ja,520
#players:1 #genre:adventure #compatibility:superfamicom>lorom #lang:en,521
#players:1 #genre:adventure #compatibility:superfamicom>lorom #lang:ja,522
#players:1 #genre:adventure #compatibility:superfamicom>lorom #search:keyword>strip #lang:ja #unfinished:beta #unlicensed,523
#players:1 #genre:adventure #compatibility:superfamicom>lorom #search:keyword>strip #lang:ja #unlicensed,524
#players:1 #genre:adventure #embedded:backup>battery #save:backup #compatibility:superfamicom>hirom>np #lang:ja,525
#players:1 #genre:adventure #embedded:backup>battery #save:backup #compatibility:superfamicom>hirom>np #lang:ja #rerelease:virtualconsole,526
#players:1 #genre:adventure #embedded:backup>battery #save:backup #compatibility:superfamicom>lorom #lang:ja,527
#players:1 #genre:adventure #embedded:backup>battery #save:backup #compatibility:superfamicom>lorom #search:keyword>strip #lang:ja #unlicensed,528
#players:1 #genre:adventure #embedded:backup>battery #save:backup #compatibility:superfamicom>lorom #search:keyword>strip #lang:ja #unlicensed #alt,529
#players:1 #genre:adventure #embedded:backup>battery #save:backup #compatibility:superfamicom>lorom>np #port:nintendo>famicom #lang:ja,530
#players:1 #genre:adventure #embedded:backup>battery #save:backup #compatibility:superfamicom>lorom>np #port:nintendo>famicom #lang:ja #rev:1,531
#players:1 #genre:adventure #save:password #compatibility:superfamicom>lorom #based #lang:en,532
#players:1 #genre:adventure #save:password #compatibility:superfamicom>lorom #based #lang:ja,533
#players:1 #genre:adventure #save:password #compatibility:superfamicom>lorom #lang:ja,534
#players:1 #genre:adventure #save:password #compatibility:superfamicom>lorom>np #port:nintendo>famicom #lang:ja,535
#players:1 #genre:adventure:action #embedded:backup>battery #save:backup #compatibility:superfamicom>hirom #lang:ja,536
#players:1 #genre:adventure:board>jankenpon #embedded:backup>battery #save:backup #compatibility:superfamicom>lorom #lang:ja,537
#players:1 #genre:adventure:notagame>educational #compatibility:superfamicom>lorom #port:apple>apple2 #lang:en:fr:de:es:it,538
#players:1 #genre:adventure:notagame>educational #save:password #compatibility:superfamicom>lorom #search:feature>mario #port:pc #lang:de,539
#players:1 #genre:adventure:notagame>educational #save:password #compatibility:superfamicom>lorom #search:feature>mario #port:pc #lang:en,540
#players:1 #genre:adventure:notagame>educational #save:password #compatibility:superfamicom>lorom #search:feature>mario #port:pc #lang:en #unfinished:beta,541
#players:1 #genre:adventure:notagame>educational #save:password #compatibility:superfamicom>lorom #search:feature>mario #port:pc #lang:fr,542
#players:1 #genre:adventure:puzzle:notagame>educational #embedded:backup>battery #compatibility:superfamicom>hirom #based:disney #search:feature>mickey #lang:en #unfinished:proto,543
#players:1 #genre:adventure:rpg>dungeoncrawler #embedded:backup>battery #save:backup #compatibility:superfamicom>lorom #based:manganime #lang:ja,544
#players:1 #genre:adventure:sim #addon:backup>turbofile #embedded:chip>sa1:backup>battery #save:backup #compatibility:superfamicom>lorom #based:manganime #search:keyword>brand #lang:ja,545
#players:1 #genre:adventure:sim #addon:backup>turbofile #embedded:chip>sa1:backup>battery #save:backup #compatibility:superfamicom>lorom #based:manganime #search:keyword>brand #reboxed #lang:ja,546
#players:1 #genre:adventure:sim #embedded:backup>battery #save:backup #compatibility:superfamicom>lorom #port:nec>pc98 #lang:ja,547
#players:1 #genre:adventure:sim #save:password #compatibility:superfamicom>hirom #search:keyword>strip #lang:ja #unlicensed,548
#players:1 #genre:adventure:sim #save:password #compatibility:superfamicom>lorom #search:keyword>strip #lang:ja #unfinished:sample #unlicensed,549
#players:1 #genre:adventure:sim #save:password #compatibility:superfamicom>lorom #search:keyword>strip #lang:ja #unlicensed,550
#players:1 #genre:adventure:sim:fighting #save:password #compatibility:superfamicom>lorom #based:manganime #lang:ja,551
#players:1 #genre:adventure:sim>date #addon:mouse>sfc #embedded:backup>battery #save:backup #compatibility:superfamicom>lorom>np #port:nec>pc98 #lang:ja,552
#players:1 #genre:adventure:sim>date #embedded:backup>battery #compatibility:superfamicom>hirom #lang:ja,553
#players:1 #genre:adventure:sim>flight:shooting>gallery #save:password #compatibility:superfamicom>lorom #port:pc #lang:de,554
#players:1 #genre:adventure:sim>flight:shooting>gallery #save:password #compatibility:superfamicom>lorom #port:pc #lang:de #rev:1,555
#players:1 #genre:adventure:sim>flight:shooting>gallery #save:password #compatibility:superfamicom>lorom #port:pc #lang:en,556
#players:1 #genre:adventure:sim>flight:shooting>gallery #save:password #compatibility:superfamicom>lorom #port:pc #lang:en #unfinished:beta,557
#players:1 #genre:adventure:sim>flight:shooting>gallery #save:password #compatibility:superfamicom>lorom #port:pc #lang:ja,558
#players:1 #genre:adventure:sim>otome #addon:link>voicerkun #embedded:backup>battery #compatibility:superfamicom>hirom #lang:ja,559
#players:1 #genre:adventure:sim>otome #embedded:backup>battery #compatibility:superfamicom>hirom #reboxed #lang:ja,560
#players:1 #genre:adventure>pointandclick #addon:mouse>sfc #embedded:backup>battery #save:backup #compatibility:superfamicom>lorom #based:manganime #lang:ja,561
#players:1 #genre:adventure>pointandclick #addon:mouse>sfc #embedded:backup>battery #save:backup #compatibility:superfamicom>lorom #based:manganime #lang:ja #unfinished:sample,562
#players:1 #genre:adventure>pointandclick:minigames:notagame>drawing #addon:mouse>sfc:link>bb2interface #compatibility:superfamicom>hirom #based:movie:disney #lang:ja,563
#players:1 #genre:adventure>pointandclick:sim>cooking:board>reversi #addon:mouse>sfc #compatibility:superfamicom>lorom #search:keyword>promo #lang:ja,564
#players:1 #genre:adventure>pointandclick>survivalhorror #embedded:backup>battery #save:backup #compatibility:superfamicom>hirom #lang:ja,565
#players:1 #genre:adventure>pointandclick>survivalhorror #embedded:backup>battery #save:backup #compatibility:superfamicom>hirom #lang:ja #unfinished:beta,566
#players:1 #genre:adventure>text #addon:backup>turbofile:online>satellaview:expansion>memorypak #embedded:backup>battery #save:backup #compatibility:superfamicom>lorom #lang:ja,567
#players:1 #genre:adventure>text #compatibility:superfamicom>hirom #search:keyword>strip #lang:ja #unfinished:beta #unlicensed,568
#players:1 #genre:adventure>text #compatibility:superfamicom>hirom #search:keyword>strip #lang:ja #unlicensed,569
#players:1 #genre:adventure>text #embedded:backup>battery #save:backup #compatibility:superfamicom>hirom #lang:ja,570
#players:1 #genre:adventure>text #embedded:backup>battery #save:backup #compatibility:superfamicom>hirom #lang:ja #rev:1,571
#players:1 #genre:adventure>text #embedded:backup>battery #save:backup #compatibility:superfamicom>hirom>np #lang:ja #rev:1,572
#players:1 #genre:adventure>text #embedded:backup>battery #save:backup #compatibility:superfamicom>lorom #based #lang:ja,573
#players:1 #genre:adventure>text #embedded:backup>battery #save:backup #compatibility:superfamicom>lorom #based:manganime #lang:ja,574
#players:1 #genre:adventure>text #embedded:backup>battery #save:backup #compatibility:superfamicom>lorom #lang:ja,575
#players:1 #genre:adventure>visualnovel:notagame>educational #addon:link>voicerkun #embedded:backup>battery #save:backup #compatibility:superfamicom>hirom #port:nec>pc98 #lang:ja,576
#players:1 #genre:board:puzzle #embedded:chip>sa1 #compatibility:superfamicom>lorom>gs #lang:en #unfinished:proto,577
#players:1 #genre:board>cards #addon:mouse>sfc #compatibility:superfamicom>lorom #lang:en:fr:de:es:it,578
#players:1 #genre:board>cards #addon:mouse>sfc #compatibility:superfamicom>lorom #lang:en:fr:de:es:it #unfinished:proto,579
#players:1 #genre:board>cards #addon:mouse>sfc #compatibility:superfamicom>lorom #lang:ja,580
#players:1 #genre:board>cards #compatibility:superfamicom>hirom #search:keyword>strip #lang:ch #unlicensed,581
#players:1 #genre:board>cards:parlor>jackpot #addon:mouse>sfc #save:password #compatibility:superfamicom>lorom #search:keyword>official #lang:en,582
#players:1 #genre:board>cards:parlor>jackpot #addon:mouse>sfc #save:password #compatibility:superfamicom>lorom #search:keyword>official #lang:en #unfinished:beta,583
#players:1 #genre:board>cards:parlor>jackpot #addon:mouse>sfc #save:password #compatibility:superfamicom>lorom #search:keyword>official #lang:ja,584
#players:1 #genre:board>cards:parlor>jackpot #addon:mouse>sfc #save:password #compatibility:superfamicom>lorom #search:keyword>official #lang:ja #rev:1,585
#players:1 #genre:board>go #addon:mouse>sfc #embedded:chip>sa1:backup>battery #save:backup #compatibility:superfamicom>lorom #search:keyword>endorsed #lang:ja,586
#players:1 #genre:board>go #embedded:backup>battery #save:backup #compatibility:superfamicom>lorom #lang:ja,587
#players:1 #genre:board>go #embedded:backup>battery #save:backup #compatibility:superfamicom>lorom #lang:ja #rev:1,588
#players:1 #genre:board>hanafuda #addon:mouse>sfc #save:password #compatibility:superfamicom>lorom #lang:ja,589
#players:1 #genre:board>hanafuda #embedded:backup>battery #save:backup #compatibility:superfamicom>lorom #lang:ja,590
#players:1 #genre:board>mahjong #addon:backup>turbofile #embedded:backup>battery #save:backup #compatibility:superfamicom>lorom #lang:ja,591
#players:1 #genre:board>mahjong #addon:mouse>sfc #compatibility:superfamicom>lorom #lang:ja,592
#players:1 #genre:board>mahjong #addon:mouse>sfc #embedded:backup>battery #save:backup #compatibility:superfamicom>hirom #lang:ja,593
#players:1 #genre:board>mahjong #addon:mouse>sfc #embedded:backup>battery #save:backup #compatibility:superfamicom>hirom #lang:ja #rev:1,594
#players:1 #genre:board>mahjong #addon:mouse>sfc #embedded:backup>battery #save:backup #compatibility:superfamicom>lorom #lang:ja,595
#players:1 #genre:board>mahjong #addon:mouse>sfc #save:password #compatibility:superfamicom>lorom #lang:ja,596
#players:1 #genre:board>mahjong #addon:mouse>sfc #save:password #compatibility:superfamicom>lorom #lang:ja #unfinished:beta,597
#players:1 #genre:board>mahjong #addon:mouse>sfc:online>satellaview:expansion>memorypak #embedded:backup>battery #save:backup #compatibility:superfamicom>hirom #lang:ja,598
#players:1 #genre:board>mahjong #compatibility:superfamicom>hirom #based:manganime #lang:ja,599
#players:1 #genre:board>mahjong #compatibility:superfamicom>lorom #lang:ja,600
#players:1 #genre:board>mahjong #compatibility:superfamicom>lorom #lang:zh #unlicensed,601
#players:1 #genre:board>mahjong #compatibility:superfamicom>lorom #port:arcade #lang:ja,602
#players:1 #genre:board>mahjong #compatibility:superfamicom>lorom #rev:1 #lang:ja,603
#players:1 #genre:board>mahjong #compatibility:superfamicom>lorom #search:keyword>brand #lang:ja,604
#players:1 #genre:board>mahjong #compatibility:superfamicom>lorom #search:keyword>strip #lang:ja,605
#players:1 #genre:board>mahjong #compatibility:superfamicom>lorom #search:keyword>strip #lang:ja #rev:1,606
#players:1 #genre:board>mahjong #embedded:backup>battery #save:backup #compatibility:superfamicom>hirom #based:manganime #lang:ja,607
#players:1 #genre:board>mahjong #embedded:backup>battery #save:backup #compatibility:superfamicom>hirom #lang:ja,608
#players:1 #genre:board>mahjong #embedded:backup>battery #save:backup #compatibility:superfamicom>lorom #based:manganime #lang:ja,609
#players:1 #genre:board>mahjong #embedded:backup>battery #save:backup #compatibility:superfamicom>lorom #lang:ja,610
#players:1 #genre:board>mahjong #embedded:backup>battery #save:backup #compatibility:superfamicom>lorom #lang:ja #rev:1,611
#players:1 #genre:board>mahjong #embedded:backup>battery #save:backup #compatibility:superfamicom>lorom #lang:ja #rev:2,612
#players:1 #genre:board>mahjong #embedded:backup>battery #save:backup #compatibility:superfamicom>lorom #lang:ja #rev:3,613
#players:1 #genre:board>mahjong #embedded:backup>battery #save:backup #compatibility:superfamicom>lorom #lang:ja #rev:4,614
#players:1 #genre:board>mahjong #embedded:backup>battery #save:backup #compatibility:superfamicom>lorom #lang:ja #rev:5,615
#players:1 #genre:board>mahjong #embedded:backup>battery #save:backup #compatibility:superfamicom>lorom #port:nec>pc98 #lang:ja,616
#players:1 #genre:board>mahjong #embedded:backup>battery #save:backup #compatibility:superfamicom>lorom #search:keyword>endorsed #lang:ja,617
#players:1 #genre:board>mahjong #embedded:backup>battery #save:backup:password #compatibility:superfamicom>hirom>np #lang:ja,618
#players:1 #genre:board>mahjong #embedded:backup>battery #save:backup:password #compatibility:superfamicom>hirom>np #lang:ja #rev:1,619
#players:1 #genre:board>mahjong #save:password #compatibility:superfamicom>lorom #lang:ja,620
#players:1 #genre:board>mahjong #save:password #compatibility:superfamicom>lorom #lang:ja #rev:1,621
#players:1 #genre:board>mahjong:adventure #compatibility:superfamicom>hirom #based:manganime #lang:ja,622
#players:1 #genre:board>mahjong:adventure #save:password #compatibility:superfamicom>lorom #lang:ja,623
#players:1 #genre:board>mahjong:minigames #compatibility:superfamicom>lorom #lang:ja,624
#players:1 #genre:board>mahjong:quiz #addon:mouse>sfc #compatibility:superfamicom>lorom #lang:ja,625
#players:1 #genre:board>mahjong:quiz #compatibility:superfamicom>lorom #based #lang:ja,626
#players:1 #genre:board>mahjong:quiz #embedded:backup>battery #save:backup #compatibility:superfamicom>lorom #lang:ja,627
#players:1 #genre:board>mahjong:quiz #embedded:backup>battery #save:backup #compatibility:superfamicom>lorom #lang:ja #rev:1,628
#players:1 #genre:board>mahjong:quiz #save:password #compatibility:superfamicom>lorom #based:manganime #lang:ja,629
#players:1 #genre:board>mahjong:rpg #save:password #compatibility:superfamicom>lorom #based:manganime #lang:ja,630
#players:1 #genre:board>mahjong:shmup #addon:mouse>sfc #embedded:backup>battery #save:backup #compatibility:superfamicom>lorom #lang:ja,631
#players:1 #genre:board>mahjong>shougi>othello>go #addon:mouse>sfc #save:password #compatibility:superfamicom>lorom #multigame #lang:ja,632
#players:1 #genre:board>othello #compatibility:superfamicom>lorom #search:keyword>strip #lang:ja #unlicensed,633
#players:1 #genre:board>shougi #addon:mouse>sfc #embedded:backup>battery #save:backup #compatibility:superfamicom>lorom #lang:ja,634
#players:1 #genre:board>shougi #addon:mouse>sfc #embedded:backup>battery #save:backup #compatibility:superfamicom>lorom #search:keyword>endorsed #lang:ja,635
#players:1 #genre:board>shougi #addon:mouse>sfc #embedded:backup>battery #save:backup #compatibility:superfamicom>lorom #search:keyword>endorsed #lang:ja #rev:1,636
#players:1 #genre:board>shougi #addon:mouse>sfc #embedded:chip>sa1:backup>battery #save:backup #compatibility:superfamicom>lorom #lang:ja,637
#players:1 #genre:board>shougi #addon:mouse>sfc #embedded:chip>st011:backup>battery #save:backup #compatibility:superfamicom>lorom #search:keyword>endorsed #lang:ja,638
#players:1 #genre:board>shougi #addon:mouse>sfc #embedded:chip>st018:backup>battery #save:backup #compatibility:superfamicom>lorom #search:keyword>endorsed #lang:ja,639
#players:1 #genre:board>shougi #addon:mouse>sfc:backup>turbofile #embedded:chip>sa1:backup>battery #save:backup #compatibility:superfamicom>lorom #port:pc #lang:ja,640
#players:1 #genre:board>shougi #compatibility:superfamicom>hirom #lang:ja,641
#players:1 #genre:board>shougi #embedded:backup>battery #save:backup #compatibility:superfamicom>lorom #lang:ja,642
#players:1 #genre:board>shougi #embedded:backup>battery #save:backup #compatibility:superfamicom>lorom #lang:ja #rev:1,643
#players:1 #genre:board>shougi #embedded:backup>battery #save:backup #compatibility:superfamicom>lorom #search:keyword>endorsed #lang:ja,644
#players:1 #genre:board>shougi #embedded:chip>sa1:backup>battery #save:backup #compatibility:superfamicom>lorom #lang:ja,645
#players:1 #genre:board>shougi:puzzle #save:password #compatibility:superfamicom>lorom #lang:ja,646
#players:1 #genre:board>shougi:quiz:adventure #embedded:chip>sa1:backup>battery #save:backup #compatibility:superfamicom>lorom #lang:ja,647
#players:1 #genre:board>shougi>mahjong #embedded:chip>sa1 #compatibility:superfamicom>lorom #lang:ja,648
#players:1 #genre:brawler #compatibility:superfamicom>hirom #port:arcade #lang:ja,649
#players:1 #genre:brawler #compatibility:superfamicom>lorom #based #lang:en,650
#players:1 #genre:brawler #compatibility:superfamicom>lorom #based #port:arcade #search:feature>alien #lang:en,651
#players:1 #genre:brawler #compatibility:superfamicom>lorom #based:manganime #lang:ja,652
#players:1 #genre:brawler #compatibility:superfamicom>lorom #based:marvel #search:feature>spiderman #lang:en,653
#players:1 #genre:brawler #compatibility:superfamicom>lorom #based:marvel #search:feature>spiderman #lang:en #unfinished:sample,654
#players:1 #genre:brawler #compatibility:superfamicom>lorom #based:movie #lang:en,655
#players:1 #genre:brawler #compatibility:superfamicom>lorom #based:movie #search:feature>batman #lang:en,656
#players:1 #genre:brawler #compatibility:superfamicom>lorom #based:movie #search:feature>batman #lang:en #unfinished:sample,657
#players:1 #genre:brawler #compatibility:superfamicom>lorom #based:movie #search:keyword>dolby #lang:en #unfinished:proto>1,658
#players:1 #genre:brawler #compatibility:superfamicom>lorom #based:movie #search:keyword>dolby #lang:en #unfinished:proto>2,659
#players:1 #genre:brawler #compatibility:superfamicom>lorom #lang:en,660
#players:1 #genre:brawler #compatibility:superfamicom>lorom #lang:ja,661
#players:1 #genre:brawler #compatibility:superfamicom>lorom #port:arcade #lang:en,662
#players:1 #genre:brawler #compatibility:superfamicom>lorom #port:arcade #lang:en #rerelease:capcomtown,663
#players:1 #genre:brawler #compatibility:superfamicom>lorom #port:arcade #lang:en #rerelease:virtualconsole,664
#players:1 #genre:brawler #compatibility:superfamicom>lorom #port:arcade #lang:ja,665
#players:1 #genre:brawler #compatibility:superfamicom>lorom #port:arcade #lang:ja #rerelease:capcomtown,666
#players:1 #genre:brawler #compatibility:superfamicom>lorom #port:arcade #lang:ja #rerelease:virtualconsole,667
#players:1 #genre:brawler #compatibility:superfamicom>lorom #search:keyword>brand #lang:ja,668
#players:1 #genre:brawler #compatibility:superfamicom>lorom #search:keyword>brand>promo #lang:ja,669
#players:1 #genre:brawler #embedded:backup>battery #save:backup #compatibility:superfamicom>lorom #based #search:feature>batman #lang:en #unfinished:proto,670
#players:1 #genre:brawler #save:password #compatibility:superfamicom>lorom #based #lang:en,671
#players:1 #genre:brawler:action>platformer:shmup>h #compatibility:superfamicom>lorom #based:manganime #lang:ja,672
#players:1 #genre:brawler:action>runandgun #compatibility:superfamicom>hirom #lang:ja,673
#players:1 #genre:brawler:shmup>h #compatibility:superfamicom>lorom #based #search:feature>superman #lang:en,674
#players:1 #genre:brawler:shmup>h #compatibility:superfamicom>lorom #based #search:feature>superman #lang:en #rev:1,675
#players:1 #genre:brawler:shmup>h #compatibility:superfamicom>lorom #based #search:feature>superman #lang:en #unfinished:beta,676
#players:1 #genre:fighting #compatibility:superfamicom>lorom #based #lang:en,677
#players:1 #genre:fighting #compatibility:superfamicom>lorom #based #lang:ja,678
#players:1 #genre:fighting:sports>boxing #compatibility:superfamicom>lorom #search:keyword>endorsed #lang:ja,679
#players:1 #genre:fighting:sports>boxing #compatibility:superfamicom>lorom #search:keyword>endorsed #port:sega>megadrive #lang:en #unfinished:proto,680
#players:1 #genre:fighting:sports>boxing #embedded:backup>battery #save:backup #compatibility:superfamicom>lorom #lang:en,681
#players:1 #genre:fighting:sports>boxing #embedded:backup>battery #save:backup #compatibility:superfamicom>lorom #lang:en #rerelease:fightnightround2,682
#players:1 #genre:fighting:sports>boxing #embedded:backup>battery #save:backup #compatibility:superfamicom>lorom #lang:en #unfinished:beta,683
#players:1 #genre:fighting:sports>boxing #embedded:backup>battery #save:backup #compatibility:superfamicom>lorom>np #lang:ja,684
#players:1 #genre:fighting:sports>boxing #save:password #compatibility:superfamicom>lorom #search:keyword>endorsed #lang:en,685
#players:1 #genre:fighting:sports>wrestling #compatibility:superfamicom>hirom #lang:ja,686
#players:1 #genre:fighting:sports>wrestling #compatibility:superfamicom>hirom #lang:ja #unfinished:demo>auto,687
#players:1 #genre:minigames:action #addon:mouse>sfc #save:password #compatibility:superfamicom>hirom #based #lang:ja,688
#players:1 #genre:minigames:action #addon:mouse>sfc #save:password #compatibility:superfamicom>hirom #based #lang:ja #unfinished:beta,689
#players:1 #genre:minigames:action:parlor>pinball:shooting>gallery:shmup #compatibility:superfamicom>hirom #based:disney #lang:en,690
#players:1 #genre:minigames:action:parlor>pinball:shooting>gallery:shmup #compatibility:superfamicom>hirom #based:disney #reboxed:disneysclassic #lang:en,691
#players:1 #genre:minigames:notagame>application #addon:online>satellaview:expansion>memorypak #embedded:backup>battery #save:backup #compatibility:superfamicom>lorom #lang:ja #rev:1,692
#players:1 #genre:minigames:notagame>drawing:action>maze:shooting>gallery #addon:mouse>sfc #compatibility:superfamicom>lorom #lang:en,693
#players:1 #genre:minigames:notagame>drawing>educational #addon:mouse>sfc #embedded:backup>battery #save:backup #compatibility:superfamicom>lorom #based:looneytunes #lang:en,694
#players:1 #genre:minigames:notagame>drawing>educational>application #addon:mouse>sfc #embedded:backup>battery #save:backup #compatibility:superfamicom>lorom #search:feature>mario #lang:en,695
#players:1 #genre:minigames:notagame>drawing>educational>application #addon:mouse>sfc #embedded:backup>battery #save:backup #compatibility:superfamicom>lorom #search:feature>mario #lang:en #unfinished:beta,696
#players:1 #genre:minigames:notagame>drawing>educational>application #addon:mouse>sfc #embedded:backup>battery #save:backup #compatibility:superfamicom>lorom #search:feature>mario #reboxed:playerschoice #lang:en,697
#players:1 #genre:minigames:puzzle #compatibility:superfamicom>lorom #based:disney #search:feature>mickey #lang:en,698
#players:1 #genre:notagame>application #addon:backup>turbofile:online>satellaview:expansion>memorypak #embedded:backup>battery #save:backup #compatibility:superfamicom>hirom #lang:ja,699
#players:1 #genre:notagame>application #addon:lockon>tristar #compatibility:superfamicom>lorom #lang:en #unlicensed,700
#players:1 #genre:notagame>application #addon:mouse>sfc #embedded:slot>gameboy #compatibility:superfamicom>lorom #search:feature>mario #lang:en,701
#players:1 #genre:notagame>application #addon:mouse>sfc #embedded:slot>gameboy #compatibility:superfamicom>lorom #search:feature>mario #lang:en #rev:1,702
#players:1 #genre:notagame>application #addon:mouse>sfc #embedded:slot>gameboy #compatibility:superfamicom>lorom #search:feature>mario #lang:en #rev:2,703
#players:1 #genre:notagame>application #addon:mouse>sfc #embedded:slot>gameboy #compatibility:superfamicom>lorom #search:feature>mario #lang:en #unfinished:beta,704
#players:1 #genre:notagame>application #addon:mouse>sfc #embedded:slot>gameboy #compatibility:superfamicom>lorom #search:feature>mario #lang:en #unfinished:beta #alt,705
#players:1 #genre:notagame>application #addon:mouse>sfc #embedded:slot>gameboy>gamelink #compatibility:superfamicom>lorom #search:feature>mario #lang:ja,706
#players:1 #genre:notagame>application #addon:online>ndm24 #compatibility:superfamicom>lorom #search:keyword>official #lang:ja,707
#players:1 #genre:notagame>application #addon:online>ndm24 #compatibility:superfamicom>lorom #search:keyword>official #lang:ja #rev:1,708
#players:1 #genre:notagame>application #addon:online>ndm24 #compatibility:superfamicom>lorom #search:keyword>official #lang:ja #rev:2,709
#players:1 #genre:notagame>application #addon:online>xband #embedded:backup>battery #compatibility:superfamicom>hirom #lang:en,710
#players:1 #genre:notagame>application #addon:online>xband #embedded:backup>battery #compatibility:superfamicom>hirom #lang:ja,711
#players:1 #genre:notagame>application #addon:peripheral>sufami #compatibility:superfamicom>lorom #lang:ja,712
#players:1 #genre:notagame>application #compatibility:superfamicom>hirom #lang:en #unlicensed,713
#players:1 #genre:notagame>application #compatibility:superfamicom>hirom #lang:ja,714
#players:1 #genre:notagame>application #compatibility:superfamicom>lorom #based #lang:ja,715
#players:1 #genre:notagame>application #compatibility:superfamicom>lorom #lang:en,716
#players:1 #genre:notagame>application #compatibility:superfamicom>lorom #lang:en #unlicensed,717
#players:1 #genre:notagame>application #compatibility:superfamicom>lorom #lang:en #unlicensed #alt,718
#players:1 #genre:notagame>application #compatibility:superfamicom>lorom #lang:en #unlicensed #unlicensed,719
#players:1 #genre:notagame>application #compatibility:superfamicom>lorom #lang:en #unlicensed [b],720
#players:1 #genre:notagame>application #compatibility:superfamicom>lorom #lang:ja,721
#players:1 #genre:notagame>application #compatibility:superfamicom>lorom #lang:ja #unlicensed,722
#players:1 #genre:notagame>application #embedded:backup>battery #save:backup #compatibility:superfamicom>lorom #lang:en #unlicensed,723
#players:1 #genre:notagame>application #embedded:backup>battery #save:backup #compatibility:superfamicom>lorom>np #lang:ja,724
#players:1 #genre:notagame>application #embedded:backup>battery #save:backup #compatibility:superfamicom>lorom>np #lang:ja #rev:1,725
#players:1 #genre:notagame>application:shmup>v #addon:mouse>sfc #embedded:backup>battery #save:backup #compatibility:superfamicom>lorom #lang:ja,726
#players:1 #genre:notagame>application:shooting>gallery #addon:lightgun>ap74 #compatibility:superfamicom>hirom #lang:en,727
#players:1 #genre:notagame>application>slideshow #addon:lockon>sxt2 #compatibility:superfamicom>lorom #lang:ja #unlicensed,728
#players:1 #genre:notagame>educational #addon:mouse>sfc #compatibility:superfamicom>hirom #search:feature>mario #port:pc #lang:en,729
#players:1 #genre:notagame>educational:action:shooting>gallery #compatibility:superfamicom>lorom #lang:en,730
#players:1 #genre:notagame>educational:sports>golf #addon:controller>lasabirdie #embedded:backup>battery #save:backup #compatibility:superfamicom>hirom #lang:ja,731
#players:1 #genre:notagame>educational>application #addon:midi>miracle #compatibility:superfamicom>lorom #lang:en,732
#players:1 #genre:notagame>test #addon:lightgun>superscope:mouse>sfc #compatibility:superfamicom>hirom #lang:en #rev:a,733
#players:1 #genre:notagame>test #addon:lightgun>superscope:mouse>sfc #compatibility:superfamicom>hirom #search:feature>mario #lang:en #rev:d,734
#players:1 #genre:notagame>test #compatibility:superfamicom>hirom #lang:ja,735
#players:1 #genre:notagame>test #compatibility:superfamicom>lorom #lang:en #rev:1,736
#players:1 #genre:notagame>test #compatibility:superfamicom>lorom #lang:en #unfinished:demo,737
#players:1 #genre:notagame>test #compatibility:superfamicom>lorom #search:feature>mario #lang:en,738
#players:1 #genre:notagame>test #embedded:backup>battery #save:backup #compatibility:superfamicom>lorom #lang:en,739
#players:1 #genre:notagame>test #embedded:chip>dsp1:backup>battery #compatibility:superfamicom>lorom #lang:en #unfinished:demo,740
#players:1 #genre:notagame>test #embedded:chip>sa1:backup>battery #compatibility:superfamicom>lorom #search:feature>mario #lang:en #unfinished:demo,741
#players:1 #genre:parlor>bowling #save:password #compatibility:superfamicom>hirom #search:keyword>official #lang:en,742
#players:1 #genre:parlor>jackpot #addon:controller>pashislot #embedded:backup>battery #save:backup #compatibility:superfamicom>hirom #search:keyword>brand #based #lang:ja,743
#players:1 #genre:parlor>jackpot #addon:controller>pashislot #embedded:backup>battery #save:backup #compatibility:superfamicom>lorom #search:keyword>brand #based #lang:ja,744
#players:1 #genre:parlor>jackpot #addon:controller>pashislot #embedded:backup>battery #save:backup #compatibility:superfamicom>lorom #search:keyword>brand #lang:ja,745
#players:1 #genre:parlor>jackpot #addon:mouse>sfc #embedded:backup>battery #save:backup #addon:controller>pashislot #compatibility:superfamicom>lorom #lang:ja,746
#players:1 #genre:parlor>jackpot #addon:mouse>sfc #embedded:backup>battery #save:backup #compatibility:superfamicom>lorom #lang:ja,747
#players:1 #genre:parlor>jackpot #embedded:backup>battery #save:backup #addon:controller>pashislot #compatibility:superfamicom>lorom #lang:ja,748
#players:1 #genre:parlor>jackpot #embedded:backup>battery #save:backup #addon:controller>pashislot #compatibility:superfamicom>lorom #lang:ja #rev:1,749
#players:1 #genre:parlor>jackpot #embedded:backup>battery #save:backup #compatibility:superfamicom>hirom #lang:ja,750
#players:1 #genre:parlor>jackpot #embedded:backup>battery #save:backup #compatibility:superfamicom>lorom #lang:ja,751
#players:1 #genre:parlor>jackpot #save:password #compatibility:superfamicom>lorom #lang:ja,752
#players:1 #genre:parlor>jackpot:adventure #embedded:chip>sa1:backup>battery #save:backup #compatibility:superfamicom>lorom #search:keyword>brand #lang:ja,753
#players:1 #genre:parlor>jackpot:adventure #save:password #compatibility:superfamicom>lorom #lang:ja,754
#players:1 #genre:parlor>jackpot:board>cards #addon:mouse>sfc #save:password #compatibility:superfamicom>hirom #lang:ja,755
#players:1 #genre:parlor>jackpot:board>mahjong #addon:mouse>sfc #embedded:backup>battery #save:backup #compatibility:superfamicom>lorom #lang:ja,756
#players:1 #genre:parlor>pachinko #addon:controller>hissatsupachinko #embedded:backup>battery #save:backup #compatibility:superfamicom>lorom #lang:ja,757
#players:1 #genre:parlor>pachinko #compatibility:superfamicom>hirom #search:keyword>brand #lang:ja,758
#players:1 #genre:parlor>pachinko #compatibility:superfamicom>lorom #search:keyword>brand #lang:ja,759
#players:1 #genre:parlor>pachinko #embedded:backup>battery #save:backup #compatibility:superfamicom>hirom #search:keyword>brand #lang:ja,760
#players:1 #genre:parlor>pachinko #embedded:backup>battery #save:backup #compatibility:superfamicom>lorom #lang:ja,761
#players:1 #genre:parlor>pachinko #embedded:backup>battery #save:backup #compatibility:superfamicom>lorom #lang:ja #rev:1,762
#players:1 #genre:parlor>pachinko #embedded:backup>battery #save:backup #compatibility:superfamicom>lorom #search:keyword>brand #lang:ja,763
#players:1 #genre:parlor>pachinko #embedded:backup>battery #save:backup #compatibility:superfamicom>lorom #search:keyword>endorsed #lang:ja,764
#players:1 #genre:parlor>pachinko #save:password #compatibility:superfamicom>hirom #search:keyword>brand #lang:ja,765
#players:1 #genre:parlor>pachinko #save:password #compatibility:superfamicom>lorom #lang:ja,766
#players:1 #genre:parlor>pachinko:adventure #addon:controller>hissatsupachinko #save:password #compatibility:superfamicom>lorom #lang:ja,767
#players:1 #genre:parlor>pachinko:adventure #save:password #compatibility:superfamicom>lorom #lang:ja,768
#players:1 #genre:parlor>pachinko:adventure>text #save:password #compatibility:superfamicom>hirom #search:keyword>brand #lang:ja,769
#players:1 #genre:parlor>pachinko:adventure>text #save:password #compatibility:superfamicom>hirom #search:keyword>brand #lang:ja #rev:1,770
#players:1 #genre:parlor>pachinko>jackpot #embedded:backup>battery #save:backup #compatibility:superfamicom>lorom #search:keyword>endorsed>brand #based #lang:ja,771
#players:1 #genre:parlor>pachinko>jackpot #embedded:backup>battery #save:backup #compatibility:superfamicom>lorom #search:keyword>endorsed>brand #based #lang:ja #rev:1,772
#players:1 #genre:parlor>pachinko>jackpot:adventure:action>blockbreaker #save:password #compatibility:superfamicom>lorom #lang:ja,773
#players:1 #genre:parlor>pinball #compatibility:superfamicom>lorom #based:manganime #search:feature>gundam>compatihero #lang:ja,774
#players:1 #genre:parlor>pinball #compatibility:superfamicom>lorom #port:commodore>amiga #lang:en,775
#players:1 #genre:parlor>pinball #compatibility:superfamicom>lorom #port:commodore>amiga #lang:en #unfinished:beta>1,776
#players:1 #genre:parlor>pinball #compatibility:superfamicom>lorom #port:commodore>amiga #lang:en #unfinished:beta>2,777
#players:1 #genre:parlor>pinball #save:password #compatibility:superfamicom>lorom #lang:ja,778
#players:1 #genre:puzzle #addon:mouse>sfc #compatibility:superfamicom>lorom #port:apple>mac:nec>pc88 #multigame:compilation>shanghai>shikinjou>hongkong #lang:ja,779
#players:1 #genre:puzzle #addon:mouse>sfc #embedded:backup>battery #save:backup #compatibility:superfamicom>hirom #search:feature>mario #lang:ja,780
#players:1 #genre:puzzle #addon:mouse>sfc #embedded:backup>battery #save:backup #compatibility:superfamicom>hirom #search:feature>mario #lang:ja #rerelease:virtualconsole,781
#players:1 #genre:puzzle #addon:mouse>sfc #save:password #compatibility:superfamicom>lorom #lang:ja,782
#players:1 #genre:puzzle #addon:online>satellaview:expansion>samegame #embedded:backup>battery #save:backup #compatibility:superfamicom>hirom #lang:ja,783
#players:1 #genre:puzzle #compatibility:superfamicom>hirom #lang:en,784
#players:1 #genre:puzzle #compatibility:superfamicom>hirom #lang:en #unfinished:beta,785
#players:1 #genre:puzzle #compatibility:superfamicom>lorom #based #port:nintendo>famicom #lang:en,786
#players:1 #genre:puzzle #compatibility:superfamicom>lorom #port:pc #lang:en,787
#players:1 #genre:puzzle #compatibility:superfamicom>lorom #port:pc #lang:ja,788
#players:1 #genre:puzzle #compatibility:superfamicom>lorom #port:pc #lang:ja #rev:1,789
#players:1 #genre:puzzle #embedded:backup>battery #save:backup #compatibility:superfamicom>hirom #search:keyword>promo:feature>mario #lang:ja,790
#players:1 #genre:puzzle #embedded:backup>battery #save:backup #compatibility:superfamicom>hirom>np #lang:ja,791
#players:1 #genre:puzzle #embedded:backup>battery #save:backup #compatibility:superfamicom>lorom #lang:ja,792
#players:1 #genre:puzzle #embedded:backup>battery #save:backup #compatibility:superfamicom>lorom #lang:ja #rev:1,793
#players:1 #genre:puzzle #embedded:backup>battery #save:backup #compatibility:superfamicom>lorom #port:pc #lang:ja,794
#players:1 #genre:puzzle #embedded:backup>battery #save:password #compatibility:superfamicom>lorom #lang:en #unfinished:proto,795
#players:1 #genre:puzzle #save:password #compatibility:superfamicom>hirom #lang:ja #unfinished:beta,796
#players:1 #genre:puzzle #save:password #compatibility:superfamicom>hirom #port:commodore>amiga #lang:en:fr:de:es #unfinished:beta,797
#players:1 #genre:puzzle #save:password #compatibility:superfamicom>lorom #lang:ja,798
#players:1 #genre:puzzle #save:password #compatibility:superfamicom>lorom #port:commodore>amiga #lang:en,799
#players:1 #genre:puzzle #save:password #compatibility:superfamicom>lorom #port:commodore>amiga #lang:en:fr:de:es,800
#players:1 #genre:puzzle:action #addon:lightgun>superscope:mouse>sfc #embedded:backup>battery #save:backup #compatibility:superfamicom>lorom #port:commodore>amiga #lang:en,801
#players:1 #genre:puzzle:action #addon:lightgun>superscope:mouse>sfc #embedded:backup>battery #save:backup #compatibility:superfamicom>lorom #port:commodore>amiga #lang:ja,802
#players:1 #genre:puzzle:action #addon:mouse>sfc #compatibility:superfamicom>lorom #port:commodore>amiga #lang:en,803
#players:1 #genre:puzzle:action #addon:mouse>sfc #compatibility:superfamicom>lorom #port:commodore>amiga #lang:en #unfinished:beta,804
#players:1 #genre:puzzle:action #addon:mouse>sfc #compatibility:superfamicom>lorom #port:commodore>amiga #lang:en #unfinished:proto,805
#players:1 #genre:puzzle:action #embedded:backup>battery #save:backup:password #compatibility:superfamicom>hirom #lang:ja,806
#players:1 #genre:puzzle:action #save:password #compatibility:superfamicom>lorom #port:commodore>amiga #lang:en,807
#players:1 #genre:puzzle:action>maze #save:password #compatibility:superfamicom>lorom #port:commodore>amiga #lang:en,808
#players:1 #genre:puzzle:action>platformer #save:password #compatibility:superfamicom>lorom #port:commodore>amiga #lang:de,809
#players:1 #genre:puzzle:action>platformer #save:password #compatibility:superfamicom>lorom #port:commodore>amiga #lang:en,810
#players:1 #genre:puzzle:action>platformer #save:password #compatibility:superfamicom>lorom #port:commodore>amiga #lang:en #rerelease:qubyte,811
#players:1 #genre:puzzle:minigames:notagame>educational #compatibility:superfamicom>lorom #based #lang:en,812
#players:1 #genre:puzzle>drop #embedded:backup>battery #save:backup #compatibility:superfamicom>lorom #lang:ja,813
#players:1 #genre:puzzle>drop #embedded:backup>battery #save:backup #compatibility:superfamicom>lorom #lang:ja #unfinished:beta,814
#players:1 #genre:puzzle>drop #embedded:backup>battery #save:backup #compatibility:superfamicom>lorom #lang:ja #unfinished:competition,815
#players:1 #genre:puzzle>mind:notagame>educational #compatibility:superfamicom>lorom #search:keyword>promo>brand #search:feature>mario #port:nintendo>famicom #lang:ja,816
#players:1 #genre:quiz #compatibility:superfamicom>hirom #lang:ja,817
#players:1 #genre:quiz #save:password #compatibility:superfamicom>lorom #lang:ja,818
#players:1 #genre:quiz #save:password #compatibility:superfamicom>lorom #lang:ja #rev:1,819
#players:1 #genre:quiz:board>jankenpon #compatibility:superfamicom>lorom #based #lang:ja,820
#players:1 #genre:racing #compatibility:superfamicom>lorom #port:commodore>amiga #lang:en,821
#players:1 #genre:racing #compatibility:superfamicom>lorom #port:commodore>amiga #lang:en #unfinished:beta,822
#players:1 #genre:racing #embedded:backup>battery #save:backup #compatibility:superfamicom>lorom #lang:en,823
#players:1 #genre:racing #embedded:backup>battery #save:backup #compatibility:superfamicom>lorom #lang:en #rerelease:virtualconsole:sfcmini:switchonline,824
#players:1 #genre:racing #embedded:backup>battery #save:backup #compatibility:superfamicom>lorom #lang:en #rerelease:virtualconsole:switchonline,825
#players:1 #genre:racing #embedded:backup>battery #save:backup #compatibility:superfamicom>lorom #lang:en #unfinished:beta,826
#players:1 #genre:racing #embedded:backup>battery #save:backup #compatibility:superfamicom>lorom #reboxed:playerschoice #lang:en,827
#players:1 #genre:racing #embedded:chip>dsp1b:backup>battery #save:backup #compatibility:superfamicom>hirom #search:keyword>endorsed #lang:ja,828
#players:1 #genre:racing #embedded:chip>sfx1 #save:password #compatibility:superfamicom>lorom #lang:en:fr:de,829
#players:1 #genre:racing #embedded:chip>sfx1:backup>battery #save:backup #compatibility:superfamicom>lorom #lang:en #unfinished:proto,830
#players:1 #genre:racing #save:password #compatibility:superfamicom>lorom #based:manganime #lang:ja,831
#players:1 #genre:racing #save:password #compatibility:superfamicom>lorom #lang:en,832
#players:1 #genre:racing #save:password #compatibility:superfamicom>lorom #search:keyword>official #lang:ja,833
#players:1 #genre:racing:action #compatibility:superfamicom>lorom #port:arcade #lang:en,834
#players:1 #genre:racing:action #compatibility:superfamicom>lorom #port:arcade #lang:ja,835
#players:1 #genre:racing:action #compatibility:superfamicom>lorom #port:sega>megadrive #lang:en,836
#players:1 #genre:racing:sim #compatibility:superfamicom>lorom #port:arcade #lang:en,837
#players:1 #genre:racing:sim #compatibility:superfamicom>lorom #port:arcade #lang:en #unfinished:beta,838
#players:1 #genre:racing:sports>cycling #addon:controller>lifefitness #embedded:backup>battery #save:backup #compatibility:superfamicom>lorom #lang:en,839
#players:1 #genre:racing:sports>cycling #embedded:backup>battery #save:backup #compatibility:superfamicom>lorom #search:keyword>brand #lang:en,840
#players:1 #genre:racing:sports>cycling:notagame>application #addon:controller>lifefitness #embedded:backup>battery #save:backup #compatibility:superfamicom>lorom #based:manganime #multigame:compilation>mountainbikerally>speedracer #lang:en,841
#players:1 #genre:racing:sports>cycling:notagame>application #addon:controller>lifefitness #embedded:backup>battery #save:backup #compatibility:superfamicom>lorom #based:manganime #multigame:compilation>mountainbikerally>speedracer #lang:en:fr:de:es:nl,842
#players:1 #genre:racing:sports>formula1 #compatibility:superfamicom>lorom #search:keyword>endorsed>official #lang:ja,843
#players:1 #genre:racing:sports>formula1 #embedded:backup>battery #save:backup #compatibility:superfamicom>hirom #port:arcade #search:keyword>official #lang:ja,844
#players:1 #genre:racing:sports>formula1 #embedded:backup>battery #save:backup #compatibility:superfamicom>hirom #search:keyword>endorsed>official #lang:ja,845
#players:1 #genre:racing:sports>formula1 #embedded:backup>battery #save:backup #compatibility:superfamicom>hirom #search:keyword>official #lang:ja,846
#players:1 #genre:racing:sports>formula1 #embedded:backup>battery #save:backup #compatibility:superfamicom>lorom #lang:en,847
#players:1 #genre:racing:sports>formula1 #embedded:backup>battery #save:backup #compatibility:superfamicom>lorom #lang:ja,848
#players:1 #genre:racing:sports>formula1 #embedded:backup>battery #save:backup #compatibility:superfamicom>lorom #port:arcade #search:keyword>official #lang:ja,849
#players:1 #genre:racing:sports>formula1 #embedded:backup>battery #save:backup #compatibility:superfamicom>lorom #search:keyword>brand #lang:ja,850
#players:1 #genre:racing:sports>formula1 #embedded:backup>battery #save:backup #compatibility:superfamicom>lorom #search:keyword>official #lang:ja,851
#players:1 #genre:racing:sports>formula1 #embedded:backup>battery #save:backup #compatibility:superfamicom>lorom #search:keyword>official>brand #lang:ja,852
#players:1 #genre:racing:sports>formula1 #embedded:chip>st010:backup>battery #save:backup #compatibility:superfamicom>lorom #search:keyword>official #lang:en,853
#players:1 #genre:racing:sports>formula1 #embedded:chip>st010:backup>battery #save:backup #compatibility:superfamicom>lorom #search:keyword>official #lang:ja,854
#players:1 #genre:racing:sports>rally #compatibility:superfamicom>lorom #lang:en,855
#players:1 #genre:racing:sports>rally #compatibility:superfamicom>lorom #lang:en #rev:1,856
#players:1 #genre:racing:sports>rally #compatibility:superfamicom>lorom #search:keyword>official #lang:ja,857
#players:1 #genre:racing:sports>rally #embedded:backup>battery #save:backup #compatibility:superfamicom>lorom #search:keyword>brand #lang:en,858
#players:1 #genre:racing:sports>rally #embedded:backup>battery #save:backup #compatibility:superfamicom>lorom #search:keyword>brand #lang:en #unfinished:proto,859
#players:1 #genre:racing:sports>rally #save:password #compatibility:superfamicom>hirom #search:keyword>endorsed #lang:en,860
#players:1 #genre:racing:sports>rally #save:password #compatibility:superfamicom>hirom #search:keyword>endorsed #lang:en #unfinished:beta,861
#players:1 #genre:racing:sports>rally #save:password #compatibility:superfamicom>hirom #search:keyword>endorsed #lang:ja,862
#players:1 #genre:racing:sports>rally #save:password #compatibility:superfamicom>lorom #search:keyword>official>brand #lang:en #unfinished:proto,863
#players:1 #genre:racing:sports>skiing #embedded:backup>battery #save:backup #compatibility:superfamicom>lorom #lang:ja,864
#players:1 #genre:racing>combat #compatibility:superfamicom>lorom #lang:en #rerelease:blizzardarcadecollection,865
#players:1 #genre:racing>combat #save:password #compatibility:superfamicom>lorom #lang:ja,866
#players:1 #genre:rhythm #addon:mouse>sfc #embedded:backup>battery #save:backup #compatibility:superfamicom>lorom #search:feature>mario #lang:en #unfinished:proto,867
#players:1 #genre:rpg #addon:mouse>sfc #embedded:backup>battery #save:backup #compatibility:superfamicom>lorom #port:pc #lang:en,868
#players:1 #genre:rpg #addon:mouse>sfc #embedded:backup>battery #save:backup #compatibility:superfamicom>lorom #port:pc #lang:en #unfinished:beta,869
#players:1 #genre:rpg #addon:mouse>sfc #save:password #compatibility:superfamicom>lorom #lang:en #unfinished:proto>1,870
#players:1 #genre:rpg #addon:mouse>sfc #save:password #compatibility:superfamicom>lorom #lang:en #unfinished:proto>2,871
#players:1 #genre:rpg #embedded:backup>battery #save:backup #compatibility:superfamicom>lorom #port:pc #lang:de,872
#players:1 #genre:rpg #embedded:backup>battery #save:backup #compatibility:superfamicom>lorom #port:pc #lang:en,873
#players:1 #genre:rpg #embedded:backup>battery #save:backup #compatibility:superfamicom>lorom #port:pc #lang:en #unfinished:proto>1,874
#players:1 #genre:rpg #embedded:backup>battery #save:backup #compatibility:superfamicom>lorom #port:pc #lang:en #unfinished:proto>2,875
#players:1 #genre:rpg #embedded:backup>battery #save:backup #compatibility:superfamicom>lorom #port:pc #lang:ja,876
#players:1 #genre:rpg:action>roguelite #embedded:backup>battery #save:backup #compatibility:superfamicom>lorom #lang:ja,877
#players:1 #genre:rpg:action>roguelite #embedded:backup>battery #save:backup #compatibility:superfamicom>lorom #lang:ja #rev:1,878
#players:1 #genre:rpg:racing #embedded:backup>battery #save:backup #compatibility:superfamicom>hirom #based:manganime #search:keyword>brand #lang:ja,879
#players:1 #genre:rpg:sim>farm #embedded:backup>battery #save:backup #compatibility:superfamicom>lorom #lang:de,880
#players:1 #genre:rpg:sim>farm #embedded:backup>battery #save:backup #compatibility:superfamicom>lorom #lang:en,881
#players:1 #genre:rpg:sim>farm #embedded:backup>battery #save:backup #compatibility:superfamicom>lorom #lang:en #unfinished:beta,882
#players:1 #genre:rpg:sim>farm #embedded:backup>battery #save:backup #compatibility:superfamicom>lorom #lang:ja,883
#players:1 #genre:rpg:sim>farm #embedded:backup>battery #save:backup #compatibility:superfamicom>lorom #lang:ja #rev:1,884
#players:1 #genre:rpg:sim>fishing #embedded:backup>battery #save:backup #compatibility:superfamicom>lorom #lang:ja,885
#players:1 #genre:rpg:sim>fishing #embedded:backup>battery #save:backup #compatibility:superfamicom>lorom #lang:ja #rev:1,886
#players:1 #genre:rpg:sim>strategy #embedded:backup>battery #save:backup #compatibility:superfamicom>hirom #port:nec>pc98 #lang:ja,887
#players:1 #genre:rpg:sim>strategy #embedded:backup>battery #save:backup #compatibility:superfamicom>lorom #lang:en,888
#players:1 #genre:rpg:sim>strategy #embedded:backup>battery #save:backup #compatibility:superfamicom>lorom #lang:en #rerelease:virtualconsole,889
#players:1 #genre:rpg:sim>strategy #embedded:backup>battery #save:backup #compatibility:superfamicom>lorom #lang:ja,890
#players:1 #genre:rpg:sim>strategy #embedded:backup>battery #save:backup #compatibility:superfamicom>lorom #lang:ja #unfinished:sample,891
#players:1 #genre:rpg:sim>strategy #embedded:backup>battery #save:backup #compatibility:superfamicom>lorom>nss #lang:ja,892
#players:1 #genre:rpg>a #compatibility:superfamicom>lorom #port:pc #lang:en #unfinished:beta,893
#players:1 #genre:rpg>a #embedded:backup>battery #save:backup #compatibility:superfamicom>hirom #based:manganime #lang:ja,894
#players:1 #genre:rpg>a #embedded:backup>battery #save:backup #compatibility:superfamicom>hirom #lang:de,895
#players:1 #genre:rpg>a #embedded:backup>battery #save:backup #compatibility:superfamicom>hirom #lang:de #rev:1,896
#players:1 #genre:rpg>a #embedded:backup>battery #save:backup #compatibility:superfamicom>hirom #lang:en,897
#players:1 #genre:rpg>a #embedded:backup>battery #save:backup #compatibility:superfamicom>hirom #lang:en #unfinished:beta>1,898
#players:1 #genre:rpg>a #embedded:backup>battery #save:backup #compatibility:superfamicom>hirom #lang:en #unfinished:beta>2,899
#players:1 #genre:rpg>a #embedded:backup>battery #save:backup #compatibility:superfamicom>hirom #lang:es,900
#players:1 #genre:rpg>a #embedded:backup>battery #save:backup #compatibility:superfamicom>hirom #lang:fr,901
#players:1 #genre:rpg>a #embedded:backup>battery #save:backup #compatibility:superfamicom>hirom #lang:ja,902
#players:1 #genre:rpg>a #embedded:backup>battery #save:backup #compatibility:superfamicom>hirom #port:nec>pc98 #lang:en,903
#players:1 #genre:rpg>a #embedded:backup>battery #save:backup #compatibility:superfamicom>hirom #port:nec>pc98 #lang:ja,904
#players:1 #genre:rpg>a #embedded:backup>battery #save:backup #compatibility:superfamicom>hirom #search:keyword>dolby #lang:de,905
#players:1 #genre:rpg>a #embedded:backup>battery #save:backup #compatibility:superfamicom>hirom #search:keyword>dolby #lang:de #rev:1,906
#players:1 #genre:rpg>a #embedded:backup>battery #save:backup #compatibility:superfamicom>hirom #search:keyword>dolby #lang:en,907
#players:1 #genre:rpg>a #embedded:backup>battery #save:backup #compatibility:superfamicom>hirom #search:keyword>dolby #lang:en #unfinished:beta,908
#players:1 #genre:rpg>a #embedded:backup>battery #save:backup #compatibility:superfamicom>hirom #search:keyword>dolby #lang:es,909
#players:1 #genre:rpg>a #embedded:backup>battery #save:backup #compatibility:superfamicom>hirom #search:keyword>dolby #lang:es #rev:1,910
#players:1 #genre:rpg>a #embedded:backup>battery #save:backup #compatibility:superfamicom>hirom #search:keyword>dolby #lang:fr,911
#players:1 #genre:rpg>a #embedded:backup>battery #save:backup #compatibility:superfamicom>hirom #search:keyword>dolby #lang:ja,912
#players:1 #genre:rpg>a #embedded:backup>battery #save:backup #compatibility:superfamicom>hirom #search:keyword>dolby #lang:ja #unfinished:sample,913
#players:1 #genre:rpg>a #embedded:backup>battery #save:backup #compatibility:superfamicom>lorom #based #lang:de,914
#players:1 #genre:rpg>a #embedded:backup>battery #save:backup #compatibility:superfamicom>lorom #based #lang:en,915
#players:1 #genre:rpg>a #embedded:backup>battery #save:backup #compatibility:superfamicom>lorom #based #lang:en #unfinished:beta>1,916
#players:1 #genre:rpg>a #embedded:backup>battery #save:backup #compatibility:superfamicom>lorom #based #lang:en #unfinished:beta>2,917
#players:1 #genre:rpg>a #embedded:backup>battery #save:backup #compatibility:superfamicom>lorom #based #lang:en #unfinished:sample,918
#players:1 #genre:rpg>a #embedded:backup>battery #save:backup #compatibility:superfamicom>lorom #based #lang:ja:en,919
#players:1 #genre:rpg>a #embedded:backup>battery #save:backup #compatibility:superfamicom>lorom #based #lang:sv,920
#players:1 #genre:rpg>a #embedded:backup>battery #save:backup #compatibility:superfamicom>lorom #based:manganime #lang:ja,921
#players:1 #genre:rpg>a #embedded:backup>battery #save:backup #compatibility:superfamicom>lorom #based:manganime #lang:ja #rev:1,922
#players:1 #genre:rpg>a #embedded:backup>battery #save:backup #compatibility:superfamicom>lorom #based:manganime #lang:ja #unfinished:beta,923
#players:1 #genre:rpg>a #embedded:backup>battery #save:backup #compatibility:superfamicom>lorom #lang:en,924
#players:1 #genre:rpg>a #embedded:backup>battery #save:backup #compatibility:superfamicom>lorom #lang:en #unfinished:beta,925
#players:1 #genre:rpg>a #embedded:backup>battery #save:backup #compatibility:superfamicom>lorom #lang:ja,926
#players:1 #genre:rpg>a #embedded:backup>battery #save:backup #compatibility:superfamicom>lorom #lang:ja #rerelease:virtualconsole,927
#players:1 #genre:rpg>a #embedded:backup>battery #save:backup #compatibility:superfamicom>lorom #lang:ja #unfinished:beta,928
#players:1 #genre:rpg>a #embedded:backup>battery #save:backup #compatibility:superfamicom>lorom #port:commodore>amiga #lang:de,929
#players:1 #genre:rpg>a #embedded:backup>battery #save:backup #compatibility:superfamicom>lorom #port:commodore>amiga #lang:en,930
#players:1 #genre:rpg>a #embedded:backup>battery #save:backup #compatibility:superfamicom>lorom #port:commodore>amiga #lang:ja,931
#players:1 #genre:rpg>a #embedded:backup>battery #save:backup #compatibility:superfamicom>lorom #port:nec>pc88 #lang:en,932
#players:1 #genre:rpg>a #embedded:backup>battery #save:backup #compatibility:superfamicom>lorom #port:nec>pc88 #lang:ja,933
#players:1 #genre:rpg>a #embedded:backup>battery #save:backup #compatibility:superfamicom>lorom #port:nec>pc88 #lang:ja #rev:1,934
#players:1 #genre:rpg>a #embedded:backup>battery #save:backup #compatibility:superfamicom>lorom #port:pc #lang:en,935
#players:1 #genre:rpg>a #embedded:backup>battery #save:backup #compatibility:superfamicom>lorom #port:pc #lang:en #unfinished:beta,936
#players:1 #genre:rpg>a #embedded:backup>battery #save:backup #compatibility:superfamicom>lorom #port:pc #lang:ja,937
#players:1 #genre:rpg>a #embedded:backup>battery #save:backup #compatibility:superfamicom>lorom #port:sharp>x68000 #lang:de,938
#players:1 #genre:rpg>a #embedded:backup>battery #save:backup #compatibility:superfamicom>lorom #port:sharp>x68000 #lang:en,939
#players:1 #genre:rpg>a #embedded:backup>battery #save:backup #compatibility:superfamicom>lorom #port:sharp>x68000 #lang:ja,940
#players:1 #genre:rpg>a #embedded:backup>battery #save:backup #compatibility:superfamicom>lorom #reboxed #search:feature>mario #lang:en,941
#players:1 #genre:rpg>a #embedded:backup>battery #save:backup #compatibility:superfamicom>lorom #reboxed:classicserie #search:feature>mario #lang:en,942
#players:1 #genre:rpg>a #embedded:backup>battery #save:backup #compatibility:superfamicom>lorom #reboxed:playerschoice #search:feature>mario #lang:en,943
#players:1 #genre:rpg>a #embedded:backup>battery #save:backup #compatibility:superfamicom>lorom #search:feature>mario #lang:de,944
#players:1 #genre:rpg>a #embedded:backup>battery #save:backup #compatibility:superfamicom>lorom #search:feature>mario #lang:en,945
#players:1 #genre:rpg>a #embedded:backup>battery #save:backup #compatibility:superfamicom>lorom #search:feature>mario #lang:en #rerelease:switchonline,946
#players:1 #genre:rpg>a #embedded:backup>battery #save:backup #compatibility:superfamicom>lorom #search:feature>mario #lang:fr,947
#players:1 #genre:rpg>a #embedded:backup>battery #save:backup #compatibility:superfamicom>lorom #search:feature>mario #lang:ja,948
#players:1 #genre:rpg>a #embedded:backup>battery #save:backup #compatibility:superfamicom>lorom #search:feature>mario #lang:ja #rerelease:virtualconsole:switchonline,949
#players:1 #genre:rpg>a #embedded:backup>battery #save:backup #compatibility:superfamicom>lorom #search:feature>mario #lang:ja #rev:1,950
#players:1 #genre:rpg>a #embedded:backup>battery #save:backup #compatibility:superfamicom>lorom #search:feature>mario #lang:ja #rev:2,951
#players:1 #genre:rpg>a #embedded:backup>battery #save:backup #compatibility:superfamicom>lorom>np #lang:ja #rev:1,952
#players:1 #genre:rpg>a #save:password #compatibility:superfamicom>hirom #based #lang:en,953
#players:1 #genre:rpg>a #save:password #compatibility:superfamicom>lorom #based:movie #lang:en #unfinished:beta,954
#players:1 #genre:rpg>a #save:password #compatibility:superfamicom>lorom #based:movie #lang:en:fr:de,955
#players:1 #genre:rpg>a #save:password #compatibility:superfamicom>lorom #lang:ja,956
#players:1 #genre:rpg>a:action>platformer #embedded:backup>battery #save:backup #compatibility:superfamicom>lorom #lang:ja,957
#players:1 #genre:rpg>a:action>platformer>hackandslash #embedded:backup>battery #save:backup #compatibility:superfamicom>lorom #port:nec>pc88 #lang:ja,958
#players:1 #genre:rpg>a:puzzle #embedded:backup>battery #save:backup #compatibility:superfamicom>lorom #lang:ja,959
#players:1 #genre:rpg>dungeoncrawler #addon:backup>turbofile #embedded:backup>battery #save:backup #compatibility:superfamicom>lorom #lang:ja,960
#players:1 #genre:rpg>dungeoncrawler #addon:backup>turbofile #embedded:backup>battery #save:backup #compatibility:superfamicom>lorom #lang:ja #rev:1,961
#players:1 #genre:rpg>dungeoncrawler #addon:backup>turbofile #embedded:backup>battery #save:backup #compatibility:superfamicom>lorom #port:apple>apple2 #lang:ja:en,962
#players:1 #genre:rpg>dungeoncrawler #addon:backup>turbofile #embedded:backup>battery #save:backup #compatibility:superfamicom>lorom #port:commodore>amiga #lang:ja,963
#players:1 #genre:rpg>dungeoncrawler #embedded:backup>battery #save:backup #addon:mouse>sfc #compatibility:superfamicom>hirom #port:pc #based:dnd #lang:en,964
#players:1 #genre:rpg>dungeoncrawler #embedded:backup>battery #save:backup #addon:mouse>sfc #compatibility:superfamicom>hirom #port:pc #based:dnd #lang:ja,965
#players:1 #genre:rpg>dungeoncrawler #embedded:backup>battery #save:backup #compatibility:superfamicom>hirom #lang:ja,966
#players:1 #genre:rpg>dungeoncrawler #embedded:backup>battery #save:backup #compatibility:superfamicom>lorom #lang:ja,967
#players:1 #genre:rpg>dungeoncrawler #embedded:backup>battery #save:backup #compatibility:superfamicom>lorom #multigame:compilation>digitaldevilstorymegamitensei>digitaldevilstorymegamitensei2 #port:nintendo>famicom #lang:ja,968
#players:1 #genre:rpg>dungeoncrawler #embedded:backup>battery #save:backup #compatibility:superfamicom>lorom #multigame:compilation>digitaldevilstorymegamitensei>digitaldevilstorymegamitensei2 #port:nintendo>famicom #lang:ja #rev:1,969
#players:1 #genre:rpg>dungeoncrawler #embedded:backup>battery #save:backup #compatibility:superfamicom>lorom #port:apple>apple2 #lang:en,970
#players:1 #genre:rpg>dungeoncrawler #embedded:backup>battery #save:backup #compatibility:superfamicom>lorom #port:commodore>amiga #lang:en,971
#players:1 #genre:rpg>dungeoncrawler #embedded:backup>battery #save:backup #compatibility:superfamicom>lorom>np #multigame:compilation>wizardryprovinggroundsofthemadoverlord>wizardry3legacyofllylgamyn>wizardry2knightofdiamonds #port:apple>apple2:nintendo>famicom #lang:ja:en,972
#players:1 #genre:rpg>dungeoncrawler #embedded:chip>dsp2:backup>battery #save:backup #compatibility:superfamicom>lorom #port:atari>atarist #lang:en,973
#players:1 #genre:rpg>dungeoncrawler #embedded:chip>dsp2:backup>battery #save:backup #compatibility:superfamicom>lorom #port:atari>atarist #lang:ja,974
#players:1 #genre:rpg>dungeoncrawler #embedded:chip>dsp2:backup>battery #save:backup #compatibility:superfamicom>lorom #port:atari>atarist #lang:ja #rev:1,975
#players:1 #genre:rpg>dungeoncrawler:sim>cardgame #embedded:backup>battery #save:backup #compatibility:superfamicom>lorom #lang:en,976
#players:1 #genre:rpg>dungeoncrawler:sim>cardgame #embedded:backup>battery #save:backup #compatibility:superfamicom>lorom #lang:en #unfinished:beta,977
#players:1 #genre:rpg>dungeoncrawler:sim>cardgame #embedded:backup>battery #save:backup #compatibility:superfamicom>lorom #lang:ja,978
#players:1 #genre:rpg>j #addon:backup>turbofile #embedded:backup>battery #save:backup #compatibility:superfamicom>hirom #lang:ja,979
#players:1 #genre:rpg>j #addon:backup>turbofile #embedded:backup>battery #save:backup #compatibility:superfamicom>hirom #lang:ja #unfinished:demo,980
#players:1 #genre:rpg>j #addon:backup>turbofile #embedded:backup>battery #save:backup #compatibility:superfamicom>lorom #lang:ja,981
#players:1 #genre:rpg>j #addon:backup>turbofile:expansion>memorypak:online>satellaview #embedded:backup>battery #save:backup #compatibility:superfamicom>lorom #lang:ja,982
#players:1 #genre:rpg>j #addon:link>bb2interface #compatibility:superfamicom>hirom #port:nec>pc88 #search:franchise>dragonslayer #lang:ja,983
#players:1 #genre:rpg>j #addon:mouse>sfc #embedded:backup>battery #save:backup #compatibility:superfamicom>lorom #based:manganime #search:feature>gundam>compatihero #lang:ja,984
#players:1 #genre:rpg>j #embedded:backup>battery #compatibility:superfamicom>hirom #based:manganime #lang:ja,985
#players:1 #genre:rpg>j #embedded:backup>battery #save:backup #compatibility:superfamicom>exhirom #search:keyword>dolby #lang:ja,986
#players:1 #genre:rpg>j #embedded:backup>battery #save:backup #compatibility:superfamicom>hirom #based:manganime #lang:ja,987
#players:1 #genre:rpg>j #embedded:backup>battery #save:backup #compatibility:superfamicom>hirom #lang:en,988
#players:1 #genre:rpg>j #embedded:backup>battery #save:backup #compatibility:superfamicom>hirom #lang:en #unfinished:beta,989
#players:1 #genre:rpg>j #embedded:backup>battery #save:backup #compatibility:superfamicom>hirom #lang:ja,990
#players:1 #genre:rpg>j #embedded:backup>battery #save:backup #compatibility:superfamicom>hirom #lang:ja #rerelease:virtualconsole,991
#players:1 #genre:rpg>j #embedded:backup>battery #save:backup #compatibility:superfamicom>hirom #lang:ja #rev:1,992
#players:1 #genre:rpg>j #embedded:backup>battery #save:backup #compatibility:superfamicom>hirom #lang:ja #unfinished:beta,993
#players:1 #genre:rpg>j #embedded:backup>battery #save:backup #compatibility:superfamicom>hirom #lang:ja #unfinished:sample,994
#players:1 #genre:rpg>j #embedded:backup>battery #save:backup #compatibility:superfamicom>hirom #port:nec>pc88 #lang:ja,995
#players:1 #genre:rpg>j #embedded:backup>battery #save:backup #compatibility:superfamicom>hirom #port:nintendo>famicom #lang:ja,996
#players:1 #genre:rpg>j #embedded:backup>battery #save:backup #compatibility:superfamicom>hirom #search:keyword>dolby #lang:en,997
#players:1 #genre:rpg>j #embedded:backup>battery #save:backup #compatibility:superfamicom>hirom #search:keyword>dolby #lang:en #rev:1,998
#players:1 #genre:rpg>j #embedded:backup>battery #save:backup #compatibility:superfamicom>hirom #search:keyword>dolby #lang:en #unfinished:beta,999
#players:1 #genre:rpg>j #embedded:backup>battery #save:backup #compatibility:superfamicom>hirom #search:keyword>dolby #lang:ja,1000
#players:1 #genre:rpg>j #embedded:backup>battery #save:backup #compatibility:superfamicom>lorom #based #lang:ja,1001
#players:1 #genre:rpg>j #embedded:backup>battery #save:backup #compatibility:superfamicom>lorom #based #lang:ja #rev:1,1002
#players:1 #genre:rpg>j #embedded:backup>battery #save:backup #compatibility:superfamicom>lorom #based:manganime #lang:ja,1003
#players:1 #genre:rpg>j #embedded:backup>battery #save:backup #compatibility:superfamicom>lorom #based:manganime #lang:ja #rev:1,1004
#players:1 #genre:rpg>j #embedded:backup>battery #save:backup #compatibility:superfamicom>lorom #based:manganime #search:feature>compatihero>gundam #lang:ja,1005
#players:1 #genre:rpg>j #embedded:backup>battery #save:backup #compatibility:superfamicom>lorom #based:manganime #search:feature>gundam #lang:ja,1006
#players:1 #genre:rpg>j #embedded:backup>battery #save:backup #compatibility:superfamicom>lorom #based:manganime #search:feature>gundam #lang:ja #rev:1,1007
#players:1 #genre:rpg>j #embedded:backup>battery #save:backup #compatibility:superfamicom>lorom #lang:de,1008
#players:1 #genre:rpg>j #embedded:backup>battery #save:backup #compatibility:superfamicom>lorom #lang:en,1009
#players:1 #genre:rpg>j #embedded:backup>battery #save:backup #compatibility:superfamicom>lorom #lang:en #rerelease:switchonline,1010
#players:1 #genre:rpg>j #embedded:backup>battery #save:backup #compatibility:superfamicom>lorom #lang:en #rerelease:virtualconsole:switchonline,1011
#players:1 #genre:rpg>j #embedded:backup>battery #save:backup #compatibility:superfamicom>lorom #lang:en #rev:1,1012
#players:1 #genre:rpg>j #embedded:backup>battery #save:backup #compatibility:superfamicom>lorom #lang:en #unfinished:beta,1013
#players:1 #genre:rpg>j #embedded:backup>battery #save:backup #compatibility:superfamicom>lorom #lang:es,1014
#players:1 #genre:rpg>j #embedded:backup>battery #save:backup #compatibility:superfamicom>lorom #lang:fr,1015
#players:1 #genre:rpg>j #embedded:backup>battery #save:backup #compatibility:superfamicom>lorom #lang:ja,1016
#players:1 #genre:rpg>j #embedded:backup>battery #save:backup #compatibility:superfamicom>lorom #lang:ja #rerelease:switchonline,1017
#players:1 #genre:rpg>j #embedded:backup>battery #save:backup #compatibility:superfamicom>lorom #lang:ja #rerelease:virtualconsole,1018
#players:1 #genre:rpg>j #embedded:backup>battery #save:backup #compatibility:superfamicom>lorom #lang:ja #rerelease:virtualconsole:switchonline,1019
#players:1 #genre:rpg>j #embedded:backup>battery #save:backup #compatibility:superfamicom>lorom #lang:ja #rev:1,1020
#players:1 #genre:rpg>j #embedded:backup>battery #save:backup #compatibility:superfamicom>lorom #lang:ja #unfinished:beta,1021
#players:1 #genre:rpg>j #embedded:backup>battery #save:backup #compatibility:superfamicom>lorom #lang:ja #unfinished:beta>1,1022
#players:1 #genre:rpg>j #embedded:backup>battery #save:backup #compatibility:superfamicom>lorom #lang:ja #unfinished:beta>2,1023
#players:1 #genre:rpg>j #embedded:backup>battery #save:backup #compatibility:superfamicom>lorom #lang:ja #unfinished:sample,1024
#players:1 #genre:rpg>j #embedded:backup>battery #save:backup #compatibility:superfamicom>lorom #lang:nl,1025
#players:1 #genre:rpg>j #embedded:backup>battery #save:backup #compatibility:superfamicom>lorom #multigame:compilation>dragonquest>dragonquest2akuryounokamigami #port:nintendo>famicom #lang:ja,1026
#players:1 #genre:rpg>j #embedded:backup>battery #save:backup #compatibility:superfamicom>lorom #port:nec>cdromrom #lang:ja,1027
#players:1 #genre:rpg>j #embedded:backup>battery #save:backup #compatibility:superfamicom>lorom #port:nec>pc88 #lang:en,1028
#players:1 #genre:rpg>j #embedded:backup>battery #save:backup #compatibility:superfamicom>lorom #port:nec>pc88 #lang:ja,1029
#players:1 #genre:rpg>j #embedded:backup>battery #save:backup #compatibility:superfamicom>lorom #port:nec>pc88 #search:franchise>dragonslayer #lang:ja,1030
#players:1 #genre:rpg>j #embedded:backup>battery #save:backup #compatibility:superfamicom>lorom #port:nec>pc98 #lang:ja,1031
#players:1 #genre:rpg>j #embedded:backup>battery #save:backup #compatibility:superfamicom>lorom #port:nec>pcengine #lang:ja,1032
#players:1 #genre:rpg>j #embedded:backup>battery #save:backup #compatibility:superfamicom>lorom #search:keyword>dolby #lang:en,1033
#players:1 #genre:rpg>j #embedded:backup>battery #save:backup #compatibility:superfamicom>lorom #search:keyword>dolby #lang:en #rerelease:virtualconsole,1034
#players:1 #genre:rpg>j #embedded:backup>battery #save:backup #compatibility:superfamicom>lorom #search:keyword>dolby #lang:en #rev:1,1035
#players:1 #genre:rpg>j #embedded:backup>battery #save:backup #compatibility:superfamicom>lorom #search:keyword>dolby #lang:ja,1036
#players:1 #genre:rpg>j #embedded:backup>battery #save:backup #compatibility:superfamicom>lorom #search:keyword>dolby #lang:ja #rerelease:virtualconsole,1037
#players:1 #genre:rpg>j #embedded:backup>battery #save:backup #compatibility:superfamicom>lorom #search:keyword>dolby #lang:ja #rev:1,1038
#players:1 #genre:rpg>j #embedded:backup>battery #save:backup #compatibility:superfamicom>lorom>np #lang:ja #rev:1,1039
#players:1 #genre:rpg>j #embedded:backup>battery #save:backup #compatibility:superfamicom>lorom>np #port:nec>pc88 #search:franchise>dragonslayer #lang:ja #rev:1,1040
#players:1 #genre:rpg>j #embedded:chip>rtc:backup>battery #save:backup #compatibility:superfamicom>exhirom #lang:ja,1041
#players:1 #genre:rpg>j #embedded:chip>sa1:backup>battery #save:backup #compatibility:superfamicom>lorom #search:feature>mario #lang:en,1042
#players:1 #genre:rpg>j #embedded:chip>sa1:backup>battery #save:backup #compatibility:superfamicom>lorom #search:feature>mario #lang:en #rerelease:virtualconsole,1043
#players:1 #genre:rpg>j #embedded:chip>sa1:backup>battery #save:backup #compatibility:superfamicom>lorom #search:feature>mario #lang:ja,1044
#players:1 #genre:rpg>j #embedded:chip>sa1:backup>battery #save:backup #compatibility:superfamicom>lorom #search:feature>mario #lang:ja #rerelease:virtualconsole,1045
#players:1 #genre:rpg>j #embedded:chip>sdd1:backup>battery #save:backup #compatibility:superfamicom>lorom #search:keyword>dolby #lang:ja,1046
#players:1 #genre:rpg>j #save:password #compatibility:superfamicom>lorom #based #lang:ja,1047
#players:1 #genre:rpg>j #save:password #compatibility:superfamicom>lorom #based:manganime #lang:ja,1048
#players:1 #genre:rpg>j:adventure>survivalhorror #embedded:backup>battery #save:backup #compatibility:superfamicom>lorom #port:nec>pc88 #lang:ja,1049
#players:1 #genre:rpg>j:sim>strategy #embedded:backup>battery #save:backup #compatibility:superfamicom>lorom #lang:ja,1050
#players:1 #genre:rpg>j>dungeoncrawler #embedded:backup>battery #save:backup #compatibility:superfamicom>lorom #lang:ja,1051
#players:1 #genre:rpg>j>dungeoncrawler #embedded:backup>battery #save:backup #compatibility:superfamicom>lorom #lang:ja #rev:1,1052
#players:1 #genre:rpg>j>dungeoncrawler #embedded:backup>battery #save:backup #compatibility:superfamicom>lorom #lang:ja #rev:2,1053
#players:1 #genre:rpg>s #addon:mouse>sfc #embedded:backup>battery #save:backup #compatibility:superfamicom>hirom #based:manganime #search:feature>gundam #lang:ja,1054
#players:1 #genre:rpg>s #addon:mouse>sfc #embedded:backup>battery #save:backup #compatibility:superfamicom>hirom #based:manganime #search:feature>gundam #lang:ja #rev:1,1055
#players:1 #genre:rpg>s #addon:mouse>sfc #embedded:backup>battery #save:backup #compatibility:superfamicom>hirom #lang:ja,1056
#players:1 #genre:rpg>s #addon:mouse>sfc #embedded:backup>battery #save:backup #compatibility:superfamicom>lorom #based:manganime #search:feature>gundam #lang:ja,1057
#players:1 #genre:rpg>s #addon:mouse>sfc #embedded:backup>battery #save:backup #compatibility:superfamicom>lorom #based:manganime #search:feature>gundam #lang:ja #rev:1,1058
#players:1 #genre:rpg>s #addon:mouse>sfc #embedded:backup>battery #save:backup #compatibility:superfamicom>lorom #based:manganime #search:feature>gundam #lang:ja #rev:2,1059
#players:1 #genre:rpg>s #addon:mouse>sfc #embedded:backup>battery #save:backup #compatibility:superfamicom>lorom #based:manganime #search:feature>gundam #lang:ja #rev:3,1060
#players:1 #genre:rpg>s #addon:mouse>sfc #embedded:backup>battery #save:backup #compatibility:superfamicom>lorom #lang:ja,1061
#players:1 #genre:rpg>s #addon:mouse>sfc #embedded:backup>battery #save:backup #compatibility:superfamicom>lorom #lang:ja #rev:1,1062
#players:1 #genre:rpg>s #addon:mouse>sfc #embedded:backup>battery #save:backup #compatibility:superfamicom>lorom #lang:ja #rev:2,1063
#players:1 #genre:rpg>s #addon:mouse>sfc #embedded:backup>battery #save:backup #compatibility:superfamicom>lorom #port:nec>pc98 #lang:ja,1064
#players:1 #genre:rpg>s #embedded:backup>battery #save:backup #compatibility:superfamicom>hirom #based:manganime #lang:ja,1065
#players:1 #genre:rpg>s #embedded:backup>battery #save:backup #compatibility:superfamicom>hirom #based:manganime #lang:ja #unfinished:sample,1066
#players:1 #genre:rpg>s #embedded:backup>battery #save:backup #compatibility:superfamicom>hirom #based:manganime #search:feature>gundam #lang:ja,1067
#players:1 #genre:rpg>s #embedded:backup>battery #save:backup #compatibility:superfamicom>hirom #based:manganime #search:feature>gundam #lang:ja #rev:1,1068
#players:1 #genre:rpg>s #embedded:backup>battery #save:backup #compatibility:superfamicom>hirom #lang:ja,1069
#players:1 #genre:rpg>s #embedded:backup>battery #save:backup #compatibility:superfamicom>hirom #lang:ja #rerelease:virtualconsole,1070
#players:1 #genre:rpg>s #embedded:backup>battery #save:backup #compatibility:superfamicom>hirom #lang:ja #rev:1,1071
#players:1 #genre:rpg>s #embedded:backup>battery #save:backup #compatibility:superfamicom>hirom #lang:ja #unfinished:beta,1072
#players:1 #genre:rpg>s #embedded:backup>battery #save:backup #compatibility:superfamicom>hirom #port:nec>pc98 #lang:ja,1073
#players:1 #genre:rpg>s #embedded:backup>battery #save:backup #compatibility:superfamicom>hirom #port:nec>pc98 #lang:ja #rev:1,1074
#players:1 #genre:rpg>s #embedded:backup>battery #save:backup #compatibility:superfamicom>hirom>np #lang:ja,1075
#players:1 #genre:rpg>s #embedded:backup>battery #save:backup #compatibility:superfamicom>hirom>np #lang:ja #rev:1,1076
#players:1 #genre:rpg>s #embedded:backup>battery #save:backup #compatibility:superfamicom>lorom #based #lang:ja,1077
#players:1 #genre:rpg>s #embedded:backup>battery #save:backup #compatibility:superfamicom>lorom #based:manganime #lang:ja,1078
#players:1 #genre:rpg>s #embedded:backup>battery #save:backup #compatibility:superfamicom>lorom #based:manganime #search:feature>gundam #lang:ja,1079
#players:1 #genre:rpg>s #embedded:backup>battery #save:backup #compatibility:superfamicom>lorom #lang:ja,1080
#players:1 #genre:rpg>s #embedded:backup>battery #save:backup #compatibility:superfamicom>lorom #lang:ja #rerelease:virtualconsole,1081
#players:1 #genre:rpg>s #embedded:backup>battery #save:backup #compatibility:superfamicom>lorom #lang:ja #rev:1,1082
#players:1 #genre:rpg>s #embedded:backup>battery #save:backup #compatibility:superfamicom>lorom #lang:ja #unfinished:beta,1083
#players:1 #genre:rpg>s #embedded:backup>battery #save:backup #compatibility:superfamicom>lorom #port:sega>megadrive #lang:ja,1084
#players:1 #genre:rpg>s #embedded:backup>battery #save:backup #compatibility:superfamicom>lorom #port:sega>megadrive #lang:ja #rev:1,1085
#players:1 #genre:rpg>s #embedded:backup>battery #save:backup #compatibility:superfamicom>lorom #search:keyword>dolby #lang:ja,1086
#players:1 #genre:rpg>s #embedded:backup>battery #save:backup #compatibility:superfamicom>lorom #search:keyword>dolby #lang:ja #rerelease:virtualconsole,1087
#players:1 #genre:rpg>s #embedded:backup>battery #save:backup #compatibility:superfamicom>lorom #search:keyword>dolby #lang:ja #rev:1,1088
#players:1 #genre:rpg>s #embedded:backup>battery #save:backup #compatibility:superfamicom>lorom>np #search:keyword>dolby #lang:ja #rev:2,1089
#players:1 #genre:rpg>s #embedded:chip>sa1:backup>battery #save:backup #compatibility:superfamicom>lorom #lang:ja,1090
#players:1 #genre:rpg>s:shooting>fps #embedded:backup>battery #save:backup #compatibility:superfamicom>lorom #based:manganime #search:feature>gundam #lang:ja,1091
#players:1 #genre:rpg>s:sim>cardgame #embedded:backup>battery #save:backup #compatibility:superfamicom>lorom #lang:ja,1092
#players:1 #genre:shmup #compatibility:superfamicom>lorom #lang:ja:en:ch #rev:1 #unlicensed,1093
#players:1 #genre:shmup #compatibility:superfamicom>lorom #lang:ja:en:ch #unlicensed,1094
#players:1 #genre:shmup #save:password #compatibility:superfamicom>lorom #lang:en #unlicensed:aftermarket,1095
#players:1 #genre:shmup:action #save:password #compatibility:superfamicom>lorom #lang:en,1096
#players:1 #genre:shmup:action #save:password #compatibility:superfamicom>lorom #lang:en #unfinished:beta>1,1097
#players:1 #genre:shmup:action #save:password #compatibility:superfamicom>lorom #lang:en #unfinished:beta>2,1098
#players:1 #genre:shmup>h #compatibility:superfamicom>hirom #based:manganime #lang:en,1099
#players:1 #genre:shmup>h #compatibility:superfamicom>hirom #lang:en,1100
#players:1 #genre:shmup>h #compatibility:superfamicom>hirom #lang:en #rerelease:dariuscozmic,1101
#players:1 #genre:shmup>h #compatibility:superfamicom>hirom #lang:en #unfinished:beta,1102
#players:1 #genre:shmup>h #compatibility:superfamicom>lorom #based #search:feature>superman #lang:en #unfinished:demo>auto,1103
#players:1 #genre:shmup>h #compatibility:superfamicom>lorom #lang:en,1104
#players:1 #genre:shmup>h #compatibility:superfamicom>lorom #lang:ja,1105
#players:1 #genre:shmup>h #compatibility:superfamicom>lorom #port:arcade #lang:en,1106
#players:1 #genre:shmup>h #compatibility:superfamicom>lorom #port:arcade #lang:en #rerelease:switchonline,1107
#players:1 #genre:shmup>h #compatibility:superfamicom>lorom #port:sharp>x68000 #lang:en,1108
#players:1 #genre:shmup>h #embedded:backup>battery #save:backup #compatibility:superfamicom>lorom #port:sharp>x68000 #lang:en #unfinished:beta,1109
#players:1 #genre:shmup>h:fighting #compatibility:superfamicom>lorom #based:manganime #lang:ja,1110
#players:1 #genre:shmup>h:fighting #compatibility:superfamicom>lorom #based:manganime #lang:ja #unfinished:beta,1111
#players:1 #genre:shmup>h:shooting>gallery #addon:lightgun>superscope #compatibility:superfamicom>lorom #based:movie #lang:en,1112
#players:1 #genre:shmup>h:shooting>gallery #addon:lightgun>superscope #compatibility:superfamicom>lorom #based:movie #lang:en #unfinished:beta,1113
#players:1 #genre:shmup>h:shooting>gallery #addon:lightgun>superscope #compatibility:superfamicom>lorom #based:movie #lang:ja,1114
#players:1 #genre:shmup>i #embedded:backup>battery #save:backup #compatibility:superfamicom>lorom #lang:en,1115
#players:1 #genre:shmup>i #embedded:backup>battery #save:backup #compatibility:superfamicom>lorom #lang:en #unfinished:beta,1116
#players:1 #genre:shmup>i #embedded:backup>battery #save:backup #compatibility:superfamicom>lorom #lang:ja,1117
#players:1 #genre:shmup>i #embedded:backup>battery #save:backup #compatibility:superfamicom>lorom #reboxed:kixxedition #lang:en,1118
#players:1 #genre:shmup>i #save:password #compatibility:superfamicom>lorom #port:sega>megadrive #lang:en,1119
#players:1 #genre:shmup>i #save:password #compatibility:superfamicom>lorom #port:sega>megadrive #lang:ja,1120
#players:1 #genre:shmup>v #compatibility:superfamicom>hirom #multigame:compilation>starforce>starsoldier>hector87 #port:arcade:nintendo>famicom #lang:en,1121
#players:1 #genre:shmup>v #compatibility:superfamicom>lorom #lang:en,1122
#players:1 #genre:shmup>v #compatibility:superfamicom>lorom #lang:en #unfinished:beta,1123
#players:1 #genre:shmup>v #compatibility:superfamicom>lorom #lang:ja,1124
#players:1 #genre:shmup>v #compatibility:superfamicom>lorom #lang:ja #unfinished:beta,1125
#players:1 #genre:shmup>v #compatibility:superfamicom>lorom #port:arcade #lang:en,1126
#players:1 #genre:shmup>v>h #compatibility:superfamicom>lorom #lang:en,1127
#players:1 #genre:shmup>v>h #compatibility:superfamicom>lorom #lang:en #unfinished:sample,1128
#players:1 #genre:shmup>v>h #compatibility:superfamicom>lorom #lang:ja,1129
#players:1 #genre:shooting>fps #addon:mouse>sfc #save:password #compatibility:superfamicom>hirom #port:pc #lang:en,1130
#players:1 #genre:shooting>fps #addon:mouse>sfc #save:password #compatibility:superfamicom>hirom #port:pc #lang:en #unfinished:beta>1,1131
#players:1 #genre:shooting>fps #addon:mouse>sfc #save:password #compatibility:superfamicom>hirom #port:pc #lang:en #unfinished:beta>2,1132
#players:1 #genre:shooting>fps #addon:mouse>sfc #save:password #compatibility:superfamicom>hirom #port:pc #lang:ja,1133
#players:1 #genre:shooting>fps #addon:mouse>sfc:online>xband #embedded:chip>sfx2 #compatibility:superfamicom>hirom #port:pc #lang:en,1134
#players:1 #genre:shooting>fps #compatibility:superfamicom>lorom #lang:en,1135
#players:1 #genre:shooting>fps #compatibility:superfamicom>lorom #lang:en #rev:1,1136
#players:1 #genre:shooting>fps #compatibility:superfamicom>lorom #lang:ja,1137
#players:1 #genre:shooting>fps #compatibility:superfamicom>lorom #lang:ja #unfinished:demo #unlicensed,1138
#players:1 #genre:shooting>fps #embedded:backup>battery #save:backup #compatibility:superfamicom>lorom #based #lang:de,1139
#players:1 #genre:shooting>fps #embedded:backup>battery #save:backup #compatibility:superfamicom>lorom #based #lang:en,1140
#players:1 #genre:shooting>fps #embedded:backup>battery #save:backup #compatibility:superfamicom>lorom #based #lang:en #unfinished:beta>1,1141
#players:1 #genre:shooting>fps #embedded:backup>battery #save:backup #compatibility:superfamicom>lorom #based #lang:en #unfinished:beta>2,1142
#players:1 #genre:shooting>fps #embedded:backup>battery #save:backup #compatibility:superfamicom>lorom #based #lang:es,1143
#players:1 #genre:shooting>fps #embedded:backup>battery #save:backup #compatibility:superfamicom>lorom #based #lang:fr,1144
#players:1 #genre:shooting>fps #embedded:backup>battery #save:backup #compatibility:superfamicom>lorom #based #lang:it,1145
#players:1 #genre:shooting>fps #embedded:backup>battery #save:backup #compatibility:superfamicom>lorom #based #lang:ja,1146
#players:1 #genre:shooting>fps #save:password #compatibility:superfamicom>hirom #lang:en #unlicensed,1147
#players:1 #genre:shooting>fps #save:password #compatibility:superfamicom>lorom #lang:en,1148
#players:1 #genre:shooting>fps #save:password #compatibility:superfamicom>lorom #lang:es,1149
#players:1 #genre:shooting>fps #save:password #compatibility:superfamicom>lorom #lang:ja,1150
#players:1 #genre:shooting>gallery #addon:lightgun>superscope #compatibility:superfamicom>lorom #lang:en,1151
#players:1 #genre:shooting>gallery #addon:lightgun>superscope #compatibility:superfamicom>lorom #lang:en #unfinished:beta,1152
#players:1 #genre:shooting>gallery #addon:lightgun>superscope:mouse>sfc #embedded:backup>battery #save:backup #compatibility:superfamicom>lorom #lang:en,1153
#players:1 #genre:shooting>gallery #addon:mouse>sfc #save:password #compatibility:superfamicom>lorom #lang:en,1154
#players:1 #genre:shooting>gallery #addon:mouse>sfc #save:password #compatibility:superfamicom>lorom #lang:en #unfinished:beta,1155
#players:1 #genre:shooting>gallery #addon:mouse>sfc #save:password #compatibility:superfamicom>lorom #lang:ja,1156
#players:1 #genre:shooting>gallery:action>runandgun #compatibility:superfamicom>lorom #based:movie #port:nintendo>famicom #lang:en,1157
#players:1 #genre:shooting>gallery>rail #addon:lightgun>superscope #compatibility:superfamicom>lorom #search:feature>mario #lang:en,1158
#players:1 #genre:shooting>gallery>rail #addon:lightgun>superscope #compatibility:superfamicom>lorom #search:feature>mario #lang:ja,1159
#players:1 #genre:shooting>rail #compatibility:superfamicom>lorom #lang:en,1160
#players:1 #genre:shooting>rail #compatibility:superfamicom>lorom #lang:ja,1161
#players:1 #genre:shooting>rail #embedded:chip>sfx1 #compatibility:superfamicom>lorom #search:keyword>dolby #lang:en #unfinished:beta,1162
#players:1 #genre:shooting>rail:rpg #embedded:backup>battery #save:backup #compatibility:superfamicom>hirom #lang:ja,1163
#players:1 #genre:shooting>rail>fps #embedded:chip>sfx1 #compatibility:superfamicom>lorom #search:keyword>dolby #lang:de,1164
#players:1 #genre:shooting>rail>fps #embedded:chip>sfx1 #compatibility:superfamicom>lorom #search:keyword>dolby #lang:de #unfinished:beta (1993-03-17),1165
#players:1 #genre:shooting>rail>fps #embedded:chip>sfx1 #compatibility:superfamicom>lorom #search:keyword>dolby #lang:de #unfinished:competition,1166
#players:1 #genre:shooting>rail>fps #embedded:chip>sfx1 #compatibility:superfamicom>lorom #search:keyword>dolby #lang:en,1167
#players:1 #genre:shooting>rail>fps #embedded:chip>sfx1 #compatibility:superfamicom>lorom #search:keyword>dolby #lang:en #rev:1,1168
#players:1 #genre:shooting>rail>fps #embedded:chip>sfx1 #compatibility:superfamicom>lorom #search:keyword>dolby #lang:en #rev:2,1169
#players:1 #genre:shooting>rail>fps #embedded:chip>sfx1 #compatibility:superfamicom>lorom #search:keyword>dolby #lang:en #unfinished:competition,1170
#players:1 #genre:shooting>rail>fps #embedded:chip>sfx1 #compatibility:superfamicom>lorom #search:keyword>dolby #lang:ja,1171
#players:1 #genre:shooting>rail>fps #embedded:chip>sfx1 #compatibility:superfamicom>lorom #search:keyword>dolby #lang:ja #rev:1,1172
#players:1 #genre:shooting>rail>fps #embedded:chip>sfx1:backup>battery #save:backup #compatibility:superfamicom>lorom #search:keyword>dolby #lang:en #unfinished:beta,1173
#players:1 #genre:shooting>rail>fps #embedded:chip>sfx1:backup>battery #save:backup #compatibility:superfamicom>lorom #search:keyword>dolby #lang:ja #rerelease:sfcmini:switchonline,1174
#players:1 #genre:shooting>rail>fps #embedded:chip>sfx1:backup>battery #save:backup #compatibility:superfamicom>lorom #search:keyword>dolby #lang:ja #unfinished:beta,1175
#players:1 #genre:shooting>rail>fps #embedded:chip>sfx1:backup>battery #save:backup #compatibility:superfamicom>lorom #search:keyword>dolby #lang:ja #unfinished:debug,1176
#players:1 #genre:shooting>rail>fps #embedded:chip>sfx1:backup>battery #save:backup #compatibility:superfamicom>lorom #search:keyword>dolby #lang:ja #unfinished:demo,1177
#players:1 #genre:shooting>tps #compatibility:superfamicom>lorom #lang:en #unfinished:proto,1178
#players:1 #genre:shooting>tps>rail #embedded:chip>sfx1 #save:password #compatibility:superfamicom>lorom #search:keyword>dolby #lang:en:es,1179
#players:1 #genre:shooting>tps>rail #embedded:chip>sfx1 #save:password #compatibility:superfamicom>lorom #search:keyword>dolby #lang:ja:en,1180
#players:1 #genre:sim #addon:mouse>sfc #embedded:backup>battery #save:backup #compatibility:superfamicom>lorom #lang:en,1181
#players:1 #genre:sim #addon:mouse>sfc #embedded:backup>battery #save:backup #compatibility:superfamicom>lorom #lang:en #unfinished:beta,1182
#players:1 #genre:sim #addon:mouse>sfc #embedded:backup>battery #save:backup #compatibility:superfamicom>lorom #lang:ja,1183
#players:1 #genre:sim #save:password #compatibility:superfamicom>lorom #lang:ja,1184
#players:1 #genre:sim:adventure:sports>basketball #embedded:backup>battery #save:backup #compatibility:superfamicom>lorom #based:manganime #lang:ja,1185
#players:1 #genre:sim:adventure:sports>soccer #embedded:backup>battery #save:backup #compatibility:superfamicom>lorom #based:manganime #lang:ja,1186
#players:1 #genre:sim:fighting:sports>boxing #compatibility:superfamicom>lorom>np #based:manganime #lang:ja,1187
#players:1 #genre:sim:racing #embedded:backup>battery #save:backup #compatibility:superfamicom>lorom #lang:ja,1188
#players:1 #genre:sim:racing #embedded:backup>battery #save:backup #compatibility:superfamicom>lorom #lang:ja #rev:1,1189
#players:1 #genre:sim:sports>cycling #embedded:backup>battery #save:backup #compatibility:superfamicom>lorom #lang:ja,1190
#players:1 #genre:sim:sports>cycling #embedded:backup>battery #save:backup #compatibility:superfamicom>lorom #search:keyword>endorsed #lang:ja,1191
#players:1 #genre:sim:sports>soccer #addon:mouse>sfc #save:password #compatibility:superfamicom>lorom #search:keyword>endorsed>official #lang:ja,1192
#players:1 #genre:sim:sports>soccer #save:password #compatibility:superfamicom>hirom #lang:ja,1193
#players:1 #genre:sim:sports>sumo #embedded:backup>battery #save:backup #compatibility:superfamicom>lorom #lang:ja,1194
#players:1 #genre:sim:sports>sumo #embedded:backup>battery #save:backup #compatibility:superfamicom>lorom #lang:ja #rev:1,1195
#players:1 #genre:sim>building #addon:mouse>sfc #embedded:backup>battery #save:backup #compatibility:superfamicom>lorom #port:commodore>amiga #lang:de,1196
#players:1 #genre:sim>building #addon:mouse>sfc #embedded:backup>battery #save:backup #compatibility:superfamicom>lorom #port:commodore>amiga #lang:en,1197
#players:1 #genre:sim>building #addon:mouse>sfc #embedded:backup>battery #save:backup #compatibility:superfamicom>lorom #port:commodore>amiga #lang:en #unfinished:beta>1,1198
#players:1 #genre:sim>building #addon:mouse>sfc #embedded:backup>battery #save:backup #compatibility:superfamicom>lorom #port:commodore>amiga #lang:en #unfinished:beta>2,1199
#players:1 #genre:sim>building #addon:mouse>sfc #embedded:backup>battery #save:backup #compatibility:superfamicom>lorom #port:commodore>amiga #lang:ja,1200
#players:1 #genre:sim>building #embedded:backup>battery #save:backup #compatibility:superfamicom>hirom #port:apple>mac #lang:en,1201
#players:1 #genre:sim>building #embedded:backup>battery #save:backup #compatibility:superfamicom>hirom #port:apple>mac #lang:ja,1202
#players:1 #genre:sim>building #embedded:backup>battery #save:backup #compatibility:superfamicom>lorom #port:commodore>c64 #lang:de,1203
#players:1 #genre:sim>building #embedded:backup>battery #save:backup #compatibility:superfamicom>lorom #port:commodore>c64 #lang:en,1204
#players:1 #genre:sim>building #embedded:backup>battery #save:backup #compatibility:superfamicom>lorom #port:commodore>c64 #lang:fr,1205
#players:1 #genre:sim>building #embedded:backup>battery #save:backup #compatibility:superfamicom>lorom #port:commodore>c64 #lang:ja,1206
#players:1 #genre:sim>building #embedded:backup>battery #save:backup #compatibility:superfamicom>lorom #port:commodore>c64 #reboxed:classicserie #lang:de,1207
#players:1 #genre:sim>building #embedded:backup>battery #save:backup #compatibility:superfamicom>lorom #port:commodore>c64 #reboxed:classicserie #lang:en,1208
#players:1 #genre:sim>building #embedded:backup>battery #save:backup #compatibility:superfamicom>lorom #port:commodore>c64 #reboxed:classicserie #lang:fr,1209
#players:1 #genre:sim>building #embedded:backup>battery #save:backup #compatibility:superfamicom>lorom #port:commodore>c64 #reboxed:playerschoice #lang:en,1210
#players:1 #genre:sim>building #embedded:backup>battery #save:backup #compatibility:superfamicom>lorom #port:pc #lang:en:fr:de,1211
#players:1 #genre:sim>building #embedded:backup>battery #save:backup #compatibility:superfamicom>lorom #port:pc #lang:ja,1212
#players:1 #genre:sim>building:adventure:minigames #embedded:backup>battery #save:backup #compatibility:superfamicom>lorom #lang:ja,1213
#players:1 #genre:sim>building>train #embedded:backup>battery #save:backup #compatibility:superfamicom>lorom #port:nec>pc88 #lang:ja,1214
#players:1 #genre:sim>date #addon:mouse>sfc #embedded:backup>battery #save:backup #compatibility:superfamicom>lorom #port:nec>cdromrom #lang:ja,1215
#players:1 #genre:sim>date #addon:mouse>sfc #embedded:backup>battery #save:backup #compatibility:superfamicom>lorom #port:nec>cdromrom #lang:ja #rev:1,1216
#players:1 #genre:sim>derby #addon:backup>turbofile #embedded:backup>battery #save:backup #compatibility:superfamicom>lorom #lang:ja,1217
#players:1 #genre:sim>derby #addon:backup>turbofile #embedded:backup>battery #save:backup #compatibility:superfamicom>lorom #lang:ja #rev:1,1218
#players:1 #genre:sim>derby #addon:backup>turbofile #embedded:backup>battery #save:backup #compatibility:superfamicom>lorom #lang:ja #rev:2,1219
#players:1 #genre:sim>derby #addon:backup>turbofile #embedded:backup>battery #save:backup #compatibility:superfamicom>lorom #lang:ja #rev:3,1220
#players:1 #genre:sim>derby #addon:backup>turbofile #embedded:backup>battery #save:backup #compatibility:superfamicom>lorom>np #lang:ja,1221
#players:1 #genre:sim>derby #addon:controller>grip:backup>turbofile #embedded:backup>battery #save:backup #compatibility:superfamicom>lorom #lang:ja,1222
#players:1 #genre:sim>derby #addon:mouse>sfc #embedded:backup>battery #save:backup #compatibility:superfamicom>hirom #lang:ja,1223
#players:1 #genre:sim>derby #addon:mouse>sfc #embedded:backup>battery #save:backup #compatibility:superfamicom>hirom #lang:ja #rev:1,1224
#players:1 #genre:sim>derby #addon:mouse>sfc #embedded:backup>battery #save:backup #compatibility:superfamicom>lorom #lang:ja,1225
#players:1 #genre:sim>derby #embedded:backup>battery #save:backup #compatibility:superfamicom>hirom #lang:ja,1226
#players:1 #genre:sim>derby #embedded:backup>battery #save:backup #compatibility:superfamicom>hirom #search:keyword>endorsed #lang:ja,1227
#players:1 #genre:sim>derby #embedded:backup>battery #save:backup #compatibility:superfamicom>lorom #based #lang:ja,1228
#players:1 #genre:sim>derby #embedded:backup>battery #save:backup #compatibility:superfamicom>lorom #based:manganime #lang:ja,1229
#players:1 #genre:sim>derby #embedded:backup>battery #save:backup #compatibility:superfamicom>lorom #lang:ja,1230
#players:1 #genre:sim>derby #embedded:backup>battery #save:backup #compatibility:superfamicom>lorom #lang:ja #rev:1,1231
#players:1 #genre:sim>derby #embedded:backup>battery #save:backup #compatibility:superfamicom>lorom #search:keyword>rs #lang:ja,1232
#players:1 #genre:sim>derby #embedded:backup>battery #save:backup:password #compatibility:superfamicom>lorom #lang:ja,1233
#players:1 #genre:sim>derby #embedded:chip>sa1:backup>battery #save:backup #compatibility:superfamicom>lorom #lang:ja,1234
#players:1 #genre:sim>derby #embedded:chip>sa1:backup>battery #save:backup #compatibility:superfamicom>lorom #lang:ja #rev:1,1235
#players:1 #genre:sim>fishing #addon:online>satellaview:expansion>memorypak #embedded:chip>sa1:backup>battery #save:backup #compatibility:superfamicom>lorom #lang:ja,1236
#players:1 #genre:sim>fishing #embedded:backup>battery #save:backup #compatibility:superfamicom>hirom #lang:ja,1237
#players:1 #genre:sim>fishing #embedded:backup>battery #save:backup #compatibility:superfamicom>hirom #search:keyword>brand #lang:ja,1238
#players:1 #genre:sim>fishing #embedded:backup>battery #save:backup #compatibility:superfamicom>hirom #search:keyword>endorsed #lang:en,1239
#players:1 #genre:sim>fishing #embedded:backup>battery #save:backup #compatibility:superfamicom>hirom #search:keyword>endorsed #lang:ja,1240
#players:1 #genre:sim>fishing #embedded:backup>battery #save:backup #compatibility:superfamicom>hirom #search:keyword>endorsed>official #lang:ja,1241
#players:1 #genre:sim>fishing #embedded:backup>battery #save:backup #compatibility:superfamicom>hirom #search:keyword>endorsed>official #lang:ja #rev:1,1242
#players:1 #genre:sim>fishing #embedded:backup>battery #save:backup #compatibility:superfamicom>hirom #search:keyword>official #lang:en,1243
#players:1 #genre:sim>fishing #embedded:backup>battery #save:backup #compatibility:superfamicom>hirom #search:keyword>official #lang:ja,1244
#players:1 #genre:sim>fishing #embedded:backup>battery #save:backup #compatibility:superfamicom>lorom #based #search:keyword>brand #lang:ja,1245
#players:1 #genre:sim>fishing #embedded:backup>battery #save:backup #compatibility:superfamicom>lorom #lang:ja,1246
#players:1 #genre:sim>fishing #embedded:backup>battery #save:backup #compatibility:superfamicom>lorom #lang:ja #rev:1,1247
#players:1 #genre:sim>fishing #embedded:backup>battery #save:backup #compatibility:superfamicom>lorom #lang:ja #unfinished:beta,1248
#players:1 #genre:sim>fishing #embedded:backup>battery #save:backup #compatibility:superfamicom>lorom #search:keyword>brand #lang:ja,1249
#players:1 #genre:sim>fishing #embedded:backup>battery #save:backup #compatibility:superfamicom>lorom #search:keyword>endorsed #lang:en,1250
#players:1 #genre:sim>fishing #embedded:backup>battery #save:backup #compatibility:superfamicom>lorom #search:keyword>endorsed #lang:ja,1251
#players:1 #genre:sim>fishing #embedded:backup>battery #save:backup #compatibility:superfamicom>lorom #search:keyword>endorsed>brand #lang:ja,1252
#players:1 #genre:sim>fishing #save:password #compatibility:superfamicom>lorom #lang:en,1253
#players:1 #genre:sim>fishing #save:password #compatibility:superfamicom>lorom #lang:ja,1254
#players:1 #genre:sim>fishing #save:password #compatibility:superfamicom>lorom #search:keyword>official #lang:en,1255
#players:1 #genre:sim>fishing #save:password #compatibility:superfamicom>lorom #search:keyword>official #lang:ja,1256
#players:1 #genre:sim>flight #embedded:chip>dsp1b #save:password #compatibility:superfamicom>lorom #lang:en,1257
#players:1 #genre:sim>flight #embedded:chip>dsp1b #save:password #compatibility:superfamicom>lorom #lang:ja,1258
#players:1 #genre:sim>flight:shooting>fps #save:password #compatibility:superfamicom>lorom #lang:en,1259
#players:1 #genre:sim>flight:shooting>fps #save:password #compatibility:superfamicom>lorom #lang:es,1260
#players:1 #genre:sim>flight:shooting>fps #save:password #compatibility:superfamicom>lorom #lang:ja,1261
#players:1 #genre:sim>flight:shooting>fps #save:password #compatibility:superfamicom>lorom #port:apple>mac #lang:en #unfinished:proto,1262
#players:1 #genre:sim>flight:shooting>gallery #save:password #compatibility:superfamicom>lorom #lang:en,1263
#players:1 #genre:sim>flight:shooting>gallery:shmup>h:fighting #compatibility:superfamicom>lorom #based:movie #lang:en,1264
#players:1 #genre:sim>flight:shooting>gallery:shmup>h:fighting #compatibility:superfamicom>lorom #based:movie #lang:ja,1265
#players:1 #genre:sim>flight:shooting>tps #embedded:chip>dsp1 #save:password #compatibility:superfamicom>hirom #lang:en,1266
#players:1 #genre:sim>flight:shooting>tps #embedded:chip>dsp1 #save:password #compatibility:superfamicom>hirom #lang:ja,1267
#players:1 #genre:sim>flight:shooting>tps #save:password #compatibility:superfamicom>lorom #lang:en,1268
#players:1 #genre:sim>flight:shooting>tps #save:password #compatibility:superfamicom>lorom #lang:en #unfinished:beta,1269
#players:1 #genre:sim>flight>strategy:shooting>fps #save:password #compatibility:superfamicom>lorom #lang:en,1270
#players:1 #genre:sim>flight>strategy:shooting>fps #save:password #compatibility:superfamicom>lorom #lang:en:fr:de:es:it,1271
#players:1 #genre:sim>life:adventure:sports>wrestling #embedded:backup>battery #save:backup #compatibility:superfamicom>lorom #lang:ja,1272
#players:1 #genre:sim>life>god #embedded:backup>battery #save:backup #compatibility:superfamicom>lorom #port:apple>mac #lang:en,1273
#players:1 #genre:sim>life>god #embedded:backup>battery #save:backup #compatibility:superfamicom>lorom #port:apple>mac #lang:ja,1274
#players:1 #genre:sim>life>god #embedded:backup>battery #save:backup #compatibility:superfamicom>lorom #port:apple>mac #lang:ja #rev:1,1275
#players:1 #genre:sim>life>strategy #embedded:backup>battery #save:backup #compatibility:superfamicom>hirom #port:nec>pc98 #lang:ja,1276
#players:1 #genre:sim>otome #embedded:backup>battery #save:backup:password #compatibility:superfamicom>lorom #based:manganime #lang:ja,1277
#players:1 #genre:sim>otome #embedded:backup>battery #save:backup:password #compatibility:superfamicom>lorom #based:manganime #lang:ja #unfinished:sample,1278
#players:1 #genre:sim>pet #embedded:backup>battery #save:backup #compatibility:superfamicom>lorom>np #based #lang:ja,1279
#players:1 #genre:sim>strategy #addon:backup>turbofile #embedded:chip>sa1:backup>battery #save:backup #compatibility:superfamicom>lorom #lang:ja,1280
#players:1 #genre:sim>strategy #addon:mouse>sfc #embedded:backup>battery #save:backup #compatibility:superfamicom>hirom #based #lang:ja,1281
#players:1 #genre:sim>strategy #addon:mouse>sfc #embedded:backup>battery #save:backup #compatibility:superfamicom>hirom #lang:ja,1282
#players:1 #genre:sim>strategy #addon:mouse>sfc #embedded:backup>battery #save:backup #compatibility:superfamicom>hirom #port:nec>pc98 #lang:en,1283
#players:1 #genre:sim>strategy #addon:mouse>sfc #embedded:backup>battery #save:backup #compatibility:superfamicom>hirom #port:nec>pc98 #lang:ja,1284
#players:1 #genre:sim>strategy #addon:mouse>sfc #embedded:backup>battery #save:backup #compatibility:superfamicom>hirom>np #port:nec>pc98 #lang:ja #rev:1,1285
#players:1 #genre:sim>strategy #addon:mouse>sfc #embedded:backup>battery #save:backup #compatibility:superfamicom>lorom #lang:ja,1286
#players:1 #genre:sim>strategy #addon:mouse>sfc #embedded:backup>battery #save:backup #compatibility:superfamicom>lorom #lang:ja #rev:1,1287
#players:1 #genre:sim>strategy #addon:mouse>sfc #embedded:backup>battery #save:backup #compatibility:superfamicom>lorom #lang:ja #unfinished:beta,1288
#players:1 #genre:sim>strategy #addon:mouse>sfc #embedded:backup>battery #save:backup #compatibility:superfamicom>lorom #port:nec>pc88 #lang:ja,1289
#players:1 #genre:sim>strategy #addon:mouse>sfc #embedded:backup>battery #save:backup #compatibility:superfamicom>lorom #port:nec>pc98 #lang:ja,1290
#players:1 #genre:sim>strategy #addon:mouse>sfc #embedded:backup>battery #save:backup #compatibility:superfamicom>lorom #search:feature>gundam #lang:ja,1291
#players:1 #genre:sim>strategy #addon:mouse>sfc #save:password #compatibility:superfamicom>hirom #based #search:keyword>dolby #lang:en,1292
#players:1 #genre:sim>strategy #addon:mouse>sfc #save:password #compatibility:superfamicom>hirom #based #search:keyword>dolby #lang:en #unfinished:beta,1293
#players:1 #genre:sim>strategy #addon:mouse>sfc #save:password #compatibility:superfamicom>hirom #based #search:keyword>dolby #lang:en #unfinished:demo,1294
#players:1 #genre:sim>strategy #addon:mouse>sfc #save:password #compatibility:superfamicom>lorom #port:commodore>amiga #lang:en,1295
#players:1 #genre:sim>strategy #addon:mouse>sfc #save:password #compatibility:superfamicom>lorom #port:commodore>amiga #lang:en:fr:de,1296
#players:1 #genre:sim>strategy #addon:mouse>sfc #save:password #compatibility:superfamicom>lorom #port:commodore>amiga #lang:en:fr:de #unfinished:beta,1297
#players:1 #genre:sim>strategy #addon:mouse>sfc #save:password #compatibility:superfamicom>lorom #port:commodore>amiga #lang:ja,1298
#players:1 #genre:sim>strategy #addon:mouse>sfc:backup>turbofile #embedded:backup>battery #save:backup #compatibility:superfamicom>lorom #port:nec>pc98 #lang:ja,1299
#players:1 #genre:sim>strategy #addon:mouse>sfc:backup>turbofile #embedded:backup>battery #save:backup #compatibility:superfamicom>lorom>np #port:nec>pc98 #lang:ja #rev:1,1300
#players:1 #genre:sim>strategy #embedded:backup>battery #save:backup #addon:mouse>sfc #compatibility:superfamicom>lorom #lang:ja,1301
#players:1 #genre:sim>strategy #embedded:backup>battery #save:backup #compatibility:superfamicom>hirom #lang:ja,1302
#players:1 #genre:sim>strategy #embedded:backup>battery #save:backup #compatibility:superfamicom>hirom #port:nec>pc98 #lang:en,1303
#players:1 #genre:sim>strategy #embedded:backup>battery #save:backup #compatibility:superfamicom>hirom #port:nec>pc98 #lang:ja,1304
#players:1 #genre:sim>strategy #embedded:backup>battery #save:backup #compatibility:superfamicom>hirom #port:sega>megacd #lang:ja,1305
#players:1 #genre:sim>strategy #embedded:backup>battery #save:backup #compatibility:superfamicom>lorom #based #lang:ja,1306
#players:1 #genre:sim>strategy #embedded:backup>battery #save:backup #compatibility:superfamicom>lorom #based:manganime #lang:ja,1307
#players:1 #genre:sim>strategy #embedded:backup>battery #save:backup #compatibility:superfamicom>lorom #based:manganime #lang:ja #rev:1,1308
#players:1 #genre:sim>strategy #embedded:backup>battery #save:backup #compatibility:superfamicom>lorom #based:manganime #search:feature>gundam #lang:ja,1309
#players:1 #genre:sim>strategy #embedded:backup>battery #save:backup #compatibility:superfamicom>lorom #lang:en,1310
#players:1 #genre:sim>strategy #embedded:backup>battery #save:backup #compatibility:superfamicom>lorom #lang:ja,1311
#players:1 #genre:sim>strategy #embedded:backup>battery #save:backup #compatibility:superfamicom>lorom #lang:ja #rev:1,1312
#players:1 #genre:sim>strategy #embedded:backup>battery #save:backup #compatibility:superfamicom>lorom #port:nec>pc88 #lang:en,1313
#players:1 #genre:sim>strategy #embedded:backup>battery #save:backup #compatibility:superfamicom>lorom #port:nec>pc88 #lang:ja,1314
#players:1 #genre:sim>strategy #embedded:backup>battery #save:backup #compatibility:superfamicom>lorom #port:nec>pc88 #lang:ja #rev:1,1315
#players:1 #genre:sim>strategy #embedded:backup>battery #save:backup #compatibility:superfamicom>lorom #search:keyword>brand #lang:ja,1316
#players:1 #genre:sim>strategy #embedded:backup>battery #save:backup #compatibility:superfamicom>lorom>np #lang:ja,1317
#players:1 #genre:sim>strategy #save:password #compatibility:superfamicom>lorom #lang:en,1318
#players:1 #genre:sim>strategy #save:password #compatibility:superfamicom>lorom #lang:ja,1319
#players:1 #genre:sim>strategy:adventure #embedded:backup>battery #save:backup #compatibility:superfamicom>lorom #based:manganime #lang:ja,1320
#players:1 #genre:sim>strategy:board #save:password #compatibility:superfamicom>lorom #based #lang:en,1321
#players:1 #genre:sim>strategy>building #addon:mouse>sfc #embedded:backup>battery #save:backup #compatibility:superfamicom>hirom #port:pc #lang:en,1322
#players:1 #genre:sim>strategy>building #addon:mouse>sfc #embedded:backup>battery #save:backup #compatibility:superfamicom>hirom #port:pc #lang:en #unfinished:beta,1323
#players:1 #genre:sim>strategy>building #addon:mouse>sfc #embedded:backup>battery #save:backup #compatibility:superfamicom>hirom #port:pc #lang:ja,1324
#players:1 #genre:sim>strategy>god #addon:mouse>sfc #save:password #compatibility:superfamicom>lorom #port:commodore>amiga #lang:de,1325
#players:1 #genre:sim>strategy>god #addon:mouse>sfc #save:password #compatibility:superfamicom>lorom #port:commodore>amiga #lang:en,1326
#players:1 #genre:sim>strategy>god #addon:mouse>sfc #save:password #compatibility:superfamicom>lorom #port:commodore>amiga #lang:ja,1327
#players:1 #genre:sim>strategy>god #embedded:backup>battery #save:backup #compatibility:superfamicom>lorom #port:commodore>amiga #lang:ja,1328
#players:1 #genre:sim>strategy>god #save:password #compatibility:superfamicom>lorom #port:commodore>amiga #lang:en,1329
#players:1 #genre:sports>baseball #embedded:backup>battery #save:backup #compatibility:superfamicom>lorom #lang:ja,1330
#players:1 #genre:sports>baseball #embedded:backup>battery #save:backup #compatibility:superfamicom>lorom #lang:ja #unfinished:beta,1331
#players:1 #genre:sports>cricket #compatibility:superfamicom>lorom #lang:en,1332
#players:1 #genre:sports>cricket #compatibility:superfamicom>lorom #lang:en #unfinished:beta,1333
#players:1 #genre:sports>golf #addon:backup>turbofile #embedded:backup>battery #save:backup #compatibility:superfamicom>hirom #search:keyword>official #lang:ja,1334
#players:1 #genre:sports>golf #embedded:backup>battery #save:backup #compatibility:superfamicom>lorom #lang:en,1335
#players:1 #genre:sports>golf #embedded:backup>battery #save:backup #compatibility:superfamicom>lorom #search:keyword>endorsed #lang:ja,1336
#players:1 #genre:sports>skiing #embedded:backup>battery #save:backup #compatibility:superfamicom>lorom>np #search:feature>pacman #lang:ja,1337
#players:1 #genre:sports>skiing>snowboarding:minigames #embedded:chip>sfx2:backup>battery #save:backup #compatibility:superfamicom>lorom #lang:en,1338
#players:1 #genre:sports>tennis #embedded:chip>dsp1a #save:password #compatibility:superfamicom>hirom #based:manganime #lang:ja,1339
#players:12:vs #genre:sim>strategy #embedded:backup>battery #save:backup #compatibility:superfamicom>lorom #port:nec>pc88 #lang:en,1340
#players:12:vs #genre:sim>strategy #embedded:backup>battery #save:backup #compatibility:superfamicom>lorom #port:nec>pc88 #lang:ja,1341
#players:12:vs #genre:sim>strategy #embedded:backup>battery #save:backup #compatibility:superfamicom>lorom #port:nec>pc88 #lang:ja #rev:1,1342
#players:2:alt #genre:action #compatibility:superfamicom>lorom #port:arcade #lang:en,1343
#players:2:alt #genre:action #compatibility:superfamicom>lorom #port:commodore>amiga #lang:en,1344
#players:2:alt #genre:action #save:password #compatibility:superfamicom>lorom #based:movie #search:keyword>dolby #lang:en #unfinished:beta,1345
#players:2:alt #genre:action #save:password #compatibility:superfamicom>lorom #based:movie #search:keyword>dolby #lang:en:fr:de:es:it,1346
#players:2:alt #genre:action #save:password #compatibility:superfamicom>lorom #based:movie #search:keyword>dolby #lang:en:fr:de:es:it #unfinished:beta,1347
#players:2:alt #genre:action:minigames #compatibility:superfamicom>lorom #based #lang:en #unfinished:proto,1348
#players:2:alt #genre:action:puzzle #compatibility:superfamicom>lorom #lang:en,1349
#players:2:alt #genre:action:puzzle #save:password #compatibility:superfamicom>lorom #port:commodore>amiga #lang:en,1350
#players:2:alt #genre:action:puzzle #save:password #compatibility:superfamicom>lorom #port:commodore>amiga #lang:ja,1351
#players:2:alt #genre:action>hackandslash>platformer #save:password #compatibility:superfamicom>lorom #lang:en,1352
#players:2:alt #genre:action>hackandslash>platformer #save:password #compatibility:superfamicom>lorom #lang:en #unfinished:beta,1353
#players:2:alt #genre:action>maze:puzzle #addon:mouse>sfc #save:password #compatibility:superfamicom>lorom #port:arcade #lang:en,1354
#players:2:alt #genre:action>maze:puzzle #addon:mouse>sfc #save:password #compatibility:superfamicom>lorom #port:arcade #lang:en #unfinished:beta,1355
#players:2:alt #genre:action>maze:puzzle #addon:mouse>sfc #save:password #compatibility:superfamicom>lorom #port:arcade #lang:ja,1356
#players:2:alt #genre:action>platformer #compatibility:superfamicom>hirom #lang:en,1357
#players:2:alt #genre:action>platformer #compatibility:superfamicom>hirom #lang:en #unfinished:beta,1358
#players:2:alt #genre:action>platformer #compatibility:superfamicom>lorom #based #lang:en,1359
#players:2:alt #genre:action>platformer #compatibility:superfamicom>lorom #based #lang:en #unfinished:beta,1360
#players:2:alt #genre:action>platformer #compatibility:superfamicom>lorom #based #lang:en #unfinished:beta>1,1361
#players:2:alt #genre:action>platformer #compatibility:superfamicom>lorom #based #lang:en #unfinished:beta>2,1362
#players:2:alt #genre:action>platformer #compatibility:superfamicom>lorom #based #lang:ja,1363
#players:2:alt #genre:action>platformer #compatibility:superfamicom>lorom #based #search:feature>asterix #lang:en:fr:de:es,1364
#players:2:alt #genre:action>platformer #compatibility:superfamicom>lorom #based #search:feature>asterix #lang:en:fr:de:es #unfinished:beta,1365
#players:2:alt #genre:action>platformer #compatibility:superfamicom>lorom #based:disney #search:feature>mickey #lang:de,1366
#players:2:alt #genre:action>platformer #compatibility:superfamicom>lorom #based:disney #search:feature>mickey #lang:en,1367
#players:2:alt #genre:action>platformer #compatibility:superfamicom>lorom #based:disney #search:feature>mickey #lang:en #rev:1,1368
#players:2:alt #genre:action>platformer #compatibility:superfamicom>lorom #based:disney #search:feature>mickey #lang:en #unfinished:beta>1,1369
#players:2:alt #genre:action>platformer #compatibility:superfamicom>lorom #based:disney #search:feature>mickey #lang:en #unfinished:beta>2,1370
#players:2:alt #genre:action>platformer #compatibility:superfamicom>lorom #based:disney #search:feature>mickey #lang:en #unfinished:beta>3,1371
#players:2:alt #genre:action>platformer #compatibility:superfamicom>lorom #based:disney #search:feature>mickey #lang:it,1372
#players:2:alt #genre:action>platformer #compatibility:superfamicom>lorom #based:disney #search:feature>mickey #lang:ja,1373
#players:2:alt #genre:action>platformer #compatibility:superfamicom>lorom #based:disney #search:feature>mickey #lang:ja #rev:1,1374
#players:2:alt #genre:action>platformer #compatibility:superfamicom>lorom #based:disney #search:feature>mickey #reboxed:disneysclassic #lang:de #rev:1,1375
#players:2:alt #genre:action>platformer #compatibility:superfamicom>lorom #based:disney #search:feature>mickey #reboxed:disneysclassic #lang:en #rev:1,1376
#players:2:alt #genre:action>platformer #compatibility:superfamicom>lorom #based:movie #lang:en,1377
#players:2:alt #genre:action>platformer #compatibility:superfamicom>lorom #based:movie #lang:en #unfinished:beta,1378
#players:2:alt #genre:action>platformer #compatibility:superfamicom>lorom #lang:en,1379
#players:2:alt #genre:action>platformer #compatibility:superfamicom>lorom #port:nintendo>gameboy #lang:en,1380
#players:2:alt #genre:action>platformer #compatibility:superfamicom>lorom #port:nintendo>gameboy #lang:en #rerelease:qubyte,1381
#players:2:alt #genre:action>platformer #compatibility:superfamicom>lorom #port:nintendo>gameboy #lang:en #unfinished:beta>1,1382
#players:2:alt #genre:action>platformer #compatibility:superfamicom>lorom #port:nintendo>gameboy #lang:en #unfinished:beta>2,1383
#players:2:alt #genre:action>platformer #embedded:backup>battery #save:backup #compatibility:superfamicom>lorom #multigame:compilation>supermariobros>supermariobros2>supermariobros3>yumekoujoudokidokipanic #search:feature>mario #port:nintendo>famicom #lang:en,1384
#players:2:alt #genre:action>platformer #embedded:backup>battery #save:backup #compatibility:superfamicom>lorom #multigame:compilation>supermariobros>supermariobros2>supermariobros3>yumekoujoudokidokipanic #search:feature>mario #port:nintendo>famicom #lang:en #rerelease:supermario25,1385
#players:2:alt #genre:action>platformer #embedded:backup>battery #save:backup #compatibility:superfamicom>lorom #multigame:compilation>supermariobros>supermariobros2>supermariobros3>yumekoujoudokidokipanic #search:feature>mario #port:nintendo>famicom #lang:en #rerelease:switchonline,1386
#players:2:alt #genre:action>platformer #embedded:backup>battery #save:backup #compatibility:superfamicom>lorom #multigame:compilation>supermariobros>supermariobros2>supermariobros3>yumekoujoudokidokipanic #search:feature>mario #port:nintendo>famicom #lang:ja,1387
#players:2:alt #genre:action>platformer #embedded:backup>battery #save:backup #compatibility:superfamicom>lorom #multigame:compilation>supermariobros>supermariobros2>supermariobros3>yumekoujoudokidokipanic #search:feature>mario #port:nintendo>famicom #lang:ja #rerelease:supermario25,1388
#players:2:alt #genre:action>platformer #embedded:backup>battery #save:backup #compatibility:superfamicom>lorom #multigame:compilation>supermariobros>supermariobros2>supermariobros3>yumekoujoudokidokipanic #search:feature>mario #port:nintendo>famicom #lang:ja #rerelease:switchonline,1389
#players:2:alt #genre:action>platformer #embedded:backup>battery #save:backup #compatibility:superfamicom>lorom #multigame:compilation>supermariobros>supermariobros2>supermariobros3>yumekoujoudokidokipanic #search:feature>mario #port:nintendo>famicom #lang:ja #rev:1,1390
#players:2:alt #genre:action>platformer #embedded:backup>battery #save:backup #compatibility:superfamicom>lorom #multigame:compilation>supermariobros>supermariobros2>supermariobros3>yumekoujoudokidokipanic #search:feature>mario #port:nintendo>famicom #reboxed:classicserie #lang:en,1391
#players:2:alt #genre:action>platformer #embedded:backup>battery #save:backup #compatibility:superfamicom>lorom #multigame:compilation>supermariobros>supermariobros2>supermariobros3>yumekoujoudokidokipanic #search:feature>mario #port:nintendo>famicom #reboxed:playerschoice #lang:en,1392
#players:2:alt #genre:action>platformer #embedded:backup>battery #save:backup #compatibility:superfamicom>lorom #multigame:compilation>supermariobros>supermariobros2>supermariobros3>yumekoujoudokidokipanic>supermarioworld #search:feature>mario #port:nintendo>famicom #lang:en,1393
#players:2:alt #genre:action>platformer #embedded:backup>battery #save:backup #compatibility:superfamicom>lorom #search:feature>mario #lang:en,1394
#players:2:alt #genre:action>platformer #embedded:backup>battery #save:backup #compatibility:superfamicom>lorom #search:feature>mario #lang:en #rerelease:virtualconsole:sfcmini:switchonline,1395
#players:2:alt #genre:action>platformer #embedded:backup>battery #save:backup #compatibility:superfamicom>lorom #search:feature>mario #lang:en #unfinished:beta,1396
#players:2:alt #genre:action>platformer #embedded:backup>battery #save:backup #compatibility:superfamicom>lorom #search:feature>mario #lang:ja,1397
#players:2:alt #genre:action>platformer #embedded:backup>battery #save:backup #compatibility:superfamicom>lorom #search:feature>mario #lang:ja #rerelease:sfcmini:switchonline,1398
#players:2:alt #genre:action>platformer #embedded:backup>battery #save:backup #compatibility:superfamicom>lorom #search:feature>mario #reboxed:classicserie #lang:en #rev:1,1399
#players:2:alt #genre:action>platformer #embedded:backup>battery #save:backup #compatibility:superfamicom>lorom #search:feature>mario #reboxed:playerschoice #lang:en,1400
#players:2:alt #genre:action>platformer #embedded:backup>battery #save:backup #compatibility:superfamicom>lorom>nss #search:feature>mario #lang:en,1401
#players:2:alt #genre:action>platformer #save:password #compatibility:superfamicom>lorom #based:movie #lang:en,1402
#players:2:alt #genre:action>platformer #save:password #compatibility:superfamicom>lorom #based:movie #lang:ja,1403
#players:2:alt #genre:action>platformer #save:password #compatibility:superfamicom>lorom #lang:en,1404
#players:2:alt #genre:action>platformer #save:password #compatibility:superfamicom>lorom #lang:en #unfinished:beta,1405
#players:2:alt #genre:action>platformer #save:password #compatibility:superfamicom>lorom #lang:en #unfinished:beta>1,1406
#players:2:alt #genre:action>platformer #save:password #compatibility:superfamicom>lorom #lang:en #unfinished:beta>2,1407
#players:2:alt #genre:action>platformer #save:password #compatibility:superfamicom>lorom #lang:en:fr:de #unfinished:beta,1408
#players:2:alt #genre:action>platformer #save:password #compatibility:superfamicom>lorom #lang:en:fr:de:es:it #unfinished:proto,1409
#players:2:alt #genre:action>platformer #save:password #compatibility:superfamicom>lorom #lang:en:fr:de:es:it:nl:sv,1410
#players:2:alt #genre:action>platformer #save:password #compatibility:superfamicom>lorom #port:commodore>amiga #lang:en,1411
#players:2:alt #genre:action>platformer #save:password #compatibility:superfamicom>lorom #port:commodore>amiga #lang:en #unfinished:beta,1412
#players:2:alt #genre:action>platformer #save:password #compatibility:superfamicom>lorom #port:sega>megadrive #lang:en,1413
#players:2:alt #genre:action>platformer #save:password #compatibility:superfamicom>lorom #search:feature>pacman #port:commodore>amiga #lang:en,1414
#players:2:alt #genre:action>platformer #save:password #compatibility:superfamicom>lorom #search:feature>pacman #port:commodore>amiga #lang:en #unfinished:beta,1415
#players:2:alt #genre:action>platformer #save:password #compatibility:superfamicom>lorom #search:feature>pacman #port:commodore>amiga #lang:ja,1416
#players:2:alt #genre:action>platformer:puzzle #compatibility:superfamicom>lorom #port:commodore>amiga #lang:en,1417
#players:2:alt #genre:action>platformer:puzzle #compatibility:superfamicom>lorom #port:commodore>amiga #lang:en #unfinished:beta,1418
#players:2:alt #genre:action>platformer:shmup>h #compatibility:superfamicom>hirom #lang:en,1419
#players:2:alt #genre:action>platformer:shmup>h #compatibility:superfamicom>hirom #lang:en #rerelease:bubsytwofur,1420
#players:2:alt #genre:action>platformer>hackandslash #based:movie #compatibility:superfamicom>lorom #lang:en,1421
#players:2:alt #genre:action>platformer>hackandslash #compatibility:superfamicom>lorom #lang:en,1422
#players:2:alt #genre:action>platformer>hackandslash #compatibility:superfamicom>lorom #lang:en #unfinished:beta,1423
#players:2:alt #genre:action>platformer>metroidvania #save:password #compatibility:superfamicom>lorom #port:nintendo>gameboy #lang:en,1424
#players:2:alt #genre:action>platformer>metroidvania #save:password #compatibility:superfamicom>lorom #port:nintendo>gameboy #lang:en:fr:de:es:it:nl:sv,1425
#players:2:alt #genre:parlor>pinball #compatibility:superfamicom>lorom #lang:en,1426
#players:2:alt #genre:shmup #compatibility:superfamicom>lorom #port:arcade #lang:en,1427
#players:2:alt #genre:shmup:shooting>fps>gallery:action>blockbreaker #compatibility:superfamicom>lorom #port:arcade #multigame:compilation>asteroids>battlezone>centipede>missilecommand>superbreakout>tempest #lang:en,1428
#players:2:alt #genre:shmup:shooting>fps>gallery:action>blockbreaker #compatibility:superfamicom>lorom #port:arcade #multigame:compilation>asteroids>battlezone>centipede>missilecommand>superbreakout>tempest #lang:en #unfinished:beta,1429
#players:2:alt #genre:shmup>h #compatibility:superfamicom>lorom #lang:en,1430
#players:2:alt #genre:shmup>h #compatibility:superfamicom>lorom #lang:en #rerelease:virtualconsole,1431
#players:2:alt #genre:shmup>h #compatibility:superfamicom>lorom #lang:en #unfinished:beta,1432
#players:2:alt #genre:shmup>h #compatibility:superfamicom>lorom #port:arcade #lang:en,1433
#players:2:alt #genre:shmup>h #compatibility:superfamicom>lorom #port:arcade #lang:ja,1434
#players:2:alt #genre:shmup>h #compatibility:superfamicom>lorom #port:arcade #lang:ja #unfinished:beta,1435
#players:2:alt #genre:shmup>h #compatibility:superfamicom>lorom #port:arcade #lang:ja #unfinished:beta>1,1436
#players:2:alt #genre:shmup>h #compatibility:superfamicom>lorom #port:arcade #lang:ja #unfinished:beta>2,1437
#players:2:alt #genre:shmup>h #embedded:chip>sa1:backup>battery #save:backup #compatibility:superfamicom>lorom #search:keyword>rs #lang:ja,1438
#players:2:alt #genre:shmup>v:action>maze #compatibility:superfamicom>hirom #multigame:compilation>mooncresta>crazyclimber>friskytom #port:arcade #lang:ja,1439
#players:2:alt #genre:shooting>gallery #addon:lightgun>superscope #compatibility:superfamicom>lorom #lang:en,1440
#players:2:alt #genre:shooting>gallery #addon:lightgun>superscope #compatibility:superfamicom>lorom #lang:ja,1441
#players:2:alt #genre:shooting>gallery #addon:lightgun>superscope #embedded:chip>obc1:backup>battery #save:backup #compatibility:superfamicom>lorom #lang:en,1442
#players:2:coop #genre:action:adventure #save:password #compatibility:superfamicom>lorom #lang:de,1443
#players:2:coop #genre:action:adventure #save:password #compatibility:superfamicom>lorom #lang:en,1444
#players:2:coop #genre:action:adventure #save:password #compatibility:superfamicom>lorom #lang:en #rerelease:virtualconsole,1445
#players:2:coop #genre:action:adventure #save:password #compatibility:superfamicom>lorom #lang:ja,1446
#players:2:coop #genre:action:adventure #save:password #compatibility:superfamicom>lorom #lang:ja #rerelease:virtualconsole,1447
#players:2:coop #genre:action:adventure #save:password #compatibility:superfamicom>lorom #lang:ja #rev:1,1448
#players:2:coop #genre:action:adventure #save:password #compatibility:superfamicom>lorom #lang:ja #rev:2,1449
#players:2:coop #genre:action:adventure #save:password #compatibility:superfamicom>lorom #lang:ja #unfinished:beta,1450
#players:2:coop #genre:action:brawler:racing #compatibility:superfamicom>lorom #lang:en,1451
#players:2:coop #genre:action:brawler:racing #compatibility:superfamicom>lorom #lang:en #unfinished:beta,1452
#players:2:coop #genre:action:brawler:racing #compatibility:superfamicom>lorom #lang:ja,1453
#players:2:coop #genre:action:puzzle #addon:controller>juujikeycover #compatibility:superfamicom>hirom #port:arcade #lang:ja,1454
#players:2:coop #genre:action:puzzle #save:password #compatibility:superfamicom>lorom #based:disney #lang:de,1455
#players:2:coop #genre:action:puzzle #save:password #compatibility:superfamicom>lorom #based:disney #lang:en,1456
#players:2:coop #genre:action:puzzle #save:password #compatibility:superfamicom>lorom #based:disney #lang:fr,1457
#players:2:coop #genre:action:puzzle #save:password #compatibility:superfamicom>lorom #based:disney #lang:ja,1458
#players:2:coop #genre:action:puzzle #save:password #compatibility:superfamicom>lorom #lang:de,1459
#players:2:coop #genre:action:puzzle #save:password #compatibility:superfamicom>lorom #lang:en,1460
#players:2:coop #genre:action:puzzle #save:password #compatibility:superfamicom>lorom #lang:en #unfinished:beta>1,1461
#players:2:coop #genre:action:puzzle #save:password #compatibility:superfamicom>lorom #lang:en #unfinished:beta>2,1462
#players:2:coop #genre:action:puzzle #save:password #compatibility:superfamicom>lorom #lang:en:fr,1463
#players:2:coop #genre:action:puzzle #save:password #compatibility:superfamicom>lorom #lang:en:fr:de,1464
#players:2:coop #genre:action:puzzle #save:password #compatibility:superfamicom>lorom #lang:es,1465
#players:2:coop #genre:action:puzzle #save:password #compatibility:superfamicom>lorom #lang:ja,1466
#players:2:coop #genre:action:shmup>v #compatibility:superfamicom>lorom #lang:en,1467
#players:2:coop #genre:action:shooting>gallery #save:password #compatibility:superfamicom>lorom #search:feature>compatihero>gundam #lang:ja,1468
#players:2:coop #genre:action>blockbreaker #compatibility:superfamicom>lorom #lang:en #unfinished:proto,1469
#players:2:coop #genre:action>hackandslash:brawler #compatibility:superfamicom>lorom #based:movie #lang:en,1470
#players:2:coop #genre:action>hackandslash>platformer #compatibility:superfamicom>lorom #lang:en,1471
#players:2:coop #genre:action>hackandslash>platformer #compatibility:superfamicom>lorom #lang:en #unfinished:beta,1472
#players:2:coop #genre:action>hackandslash>runandgun #compatibility:superfamicom>lorom #lang:ja,1473
#players:2:coop #genre:action>platformer #compatibility:superfamicom>hirom #lang:ja #rerelease,1474
#players:2:coop #genre:action>platformer #compatibility:superfamicom>lorom #based #lang:en,1475
#players:2:coop #genre:action>platformer #compatibility:superfamicom>lorom #based #lang:en #unfinished:beta,1476
#players:2:coop #genre:action>platformer #compatibility:superfamicom>lorom #based #lang:ja,1477
#players:2:coop #genre:action>platformer #embedded:backup>battery #save:backup #compatibility:superfamicom>hirom #lang:en #unfinished:competition,1478
#players:2:coop #genre:action>platformer #embedded:backup>battery #save:backup #compatibility:superfamicom>hirom #search:keyword>dolby #lang:en,1479
#players:2:coop #genre:action>platformer #embedded:backup>battery #save:backup #compatibility:superfamicom>hirom #search:keyword>dolby #lang:en #rerelease:virtualconsole:sfcmini:switchonline,1480
#players:2:coop #genre:action>platformer #embedded:backup>battery #save:backup #compatibility:superfamicom>hirom #search:keyword>dolby #lang:en #rev:1,1481
#players:2:coop #genre:action>platformer #embedded:backup>battery #save:backup #compatibility:superfamicom>hirom #search:keyword>dolby #lang:en:de,1482
#players:2:coop #genre:action>platformer #embedded:backup>battery #save:backup #compatibility:superfamicom>hirom #search:keyword>dolby #lang:en:de #rerelease:virtualconsole,1483
#players:2:coop #genre:action>platformer #embedded:backup>battery #save:backup #compatibility:superfamicom>hirom #search:keyword>dolby #lang:en:de #rev:1,1484
#players:2:coop #genre:action>platformer #embedded:backup>battery #save:backup #compatibility:superfamicom>hirom #search:keyword>dolby #lang:en:fr,1485
#players:2:coop #genre:action>platformer #embedded:backup>battery #save:backup #compatibility:superfamicom>hirom #search:keyword>dolby #lang:en:fr #rerelease:switchonline,1486
#players:2:coop #genre:action>platformer #embedded:backup>battery #save:backup #compatibility:superfamicom>hirom #search:keyword>dolby #lang:en:fr #rerelease:virtualconsole,1487
#players:2:coop #genre:action>platformer #embedded:backup>battery #save:backup #compatibility:superfamicom>hirom #search:keyword>dolby #lang:en:fr:de,1488
#players:2:coop #genre:action>platformer #embedded:backup>battery #save:backup #compatibility:superfamicom>hirom #search:keyword>dolby #lang:en:fr:de #rev:1,1489
#players:2:coop #genre:action>platformer #embedded:backup>battery #save:backup #compatibility:superfamicom>hirom #search:keyword>dolby #lang:ja,1490
#players:2:coop #genre:action>platformer #embedded:backup>battery #save:backup #compatibility:superfamicom>hirom #search:keyword>dolby #lang:ja #rerelease:virtualconsole,1491
#players:2:coop #genre:action>platformer #embedded:backup>battery #save:backup #compatibility:superfamicom>hirom #search:keyword>dolby #lang:ja #rerelease:virtualconsole:sfcmini:switchonline,1492
#players:2:coop #genre:action>platformer #embedded:backup>battery #save:backup #compatibility:superfamicom>hirom #search:keyword>dolby #lang:ja #rev:1,1493
#players:2:coop #genre:action>platformer #embedded:backup>battery #save:backup #compatibility:superfamicom>hirom #search:keyword>dolby #reboxed:playerschoice #lang:en #rev:2,1494
#players:2:coop #genre:action>platformer #embedded:backup>battery #save:backup #compatibility:superfamicom>hirom #search:keyword>dolby #reboxed:playerschoice #lang:en:fr,1495
#players:2:coop #genre:action>platformer #embedded:backup>battery #save:backup #compatibility:superfamicom>hirom #search:keyword>dolby #reboxed:playerschoice #lang:en:fr #rev:1,1496
#players:2:coop #genre:action>platformer #embedded:chip>sa1:backup>battery #save:backup #compatibility:superfamicom>lorom #lang:en,1497
#players:2:coop #genre:action>platformer #embedded:chip>sa1:backup>battery #save:backup #compatibility:superfamicom>lorom #lang:ja,1498
#players:2:coop #genre:action>platformer #save:password #compatibility:superfamicom>hirom #based:disney #search:feature>mickey #lang:en,1499
#players:2:coop #genre:action>platformer #save:password #compatibility:superfamicom>hirom #based:disney #search:feature>mickey #lang:ja,1500
#players:2:coop #genre:action>platformer #save:password #compatibility:superfamicom>hirom #based:disney #search:feature>mickey #lang:ja #unfinished:beta,1501
#players:2:coop #genre:action>platformer #save:password #compatibility:superfamicom>hirom #based:disney #search:feature>mickey #reboxed:disneysclassic #lang:en,1502
#players:2:coop #genre:action>platformer #save:password #compatibility:superfamicom>hirom #based:disney #search:feature>mickey>donald #lang:ja,1503
#players:2:coop #genre:action>platformer #save:password #compatibility:superfamicom>lorom #based #lang:en,1504
#players:2:coop #genre:action>platformer #save:password #compatibility:superfamicom>lorom #based #lang:en #unfinished:beta,1505
#players:2:coop #genre:action>platformer #save:password #compatibility:superfamicom>lorom #based #lang:en #unfinished:demo,1506
#players:2:coop #genre:action>platformer #save:password #compatibility:superfamicom>lorom #based:manganime #lang:ja,1507
#players:2:coop #genre:action>platformer #save:password #compatibility:superfamicom>lorom #port:commodore>amiga #lang:en,1508
#players:2:coop #genre:action>platformer #save:password #compatibility:superfamicom>lorom #port:commodore>amiga #lang:en #unfinished:beta,1509
#players:2:coop #genre:action>platformer:adventure #save:password #compatibility:superfamicom>lorom #based:manganime #lang:ja,1510
#players:2:coop #genre:action>platformer:adventure:minigames:shooting>gallery:shmup>h #embedded:backup>battery #save:backup #compatibility:superfamicom>lorom #search:feature>dracula #lang:ja,1511
#players:2:coop #genre:action>platformer:adventure:minigames:shooting>gallery:shmup>h #embedded:backup>battery #save:backup #compatibility:superfamicom>lorom #search:feature>dracula #lang:ja #rerelease:virtualconsole,1512
#players:2:coop #genre:action>platformer:notagame>educational #compatibility:superfamicom>lorom #lang:en:es,1513
#players:2:coop #genre:action>platformer:puzzle #compatibility:superfamicom>hirom #lang:en,1514
#players:2:coop #genre:action>platformer:puzzle #compatibility:superfamicom>hirom #lang:en #unfinished:beta>1,1515
#players:2:coop #genre:action>platformer:puzzle #compatibility:superfamicom>hirom #lang:en #unfinished:beta>2,1516
#players:2:coop #genre:action>platformer:rpg>a:shooting>gallery #embedded:backup>battery #save:backup #compatibility:superfamicom>lorom #lang:ja,1517
#players:2:coop #genre:action>platformer:rpg>a:shooting>gallery #embedded:backup>battery #save:backup #compatibility:superfamicom>lorom #lang:ja #rerelease:virtualconsole,1518
#players:2:coop #genre:action>platformer:rpg>a:shooting>gallery #embedded:backup>battery #save:backup #compatibility:superfamicom>lorom #lang:ja #rev:1,1519
#players:2:coop #genre:action>platformer:rpg>a:shooting>gallery #embedded:backup>battery #save:backup #compatibility:superfamicom>lorom #lang:ja #rev:2,1520
#players:2:coop #genre:action>platformer:rpg>a:shooting>gallery #embedded:backup>battery #save:backup #compatibility:superfamicom>lorom #lang:ja #unfinished:sample,1521
#players:2:coop #genre:action>platformer:rpg>a>j #save:password #compatibility:superfamicom>lorom #lang:en,1522
#players:2:coop #genre:action>platformer:rpg>a>j #save:password #compatibility:superfamicom>lorom #lang:en #unfinished:beta,1523
#players:2:coop #genre:action>platformer:rpg>a>j #save:password #compatibility:superfamicom>lorom #lang:en #unfinished:proto,1524
#players:2:coop #genre:action>platformer:rpg>a>j #save:password #compatibility:superfamicom>lorom #lang:ja,1525
#players:2:coop #genre:action>platformer:shmup>h:minigames #embedded:chip>sa1:backup>battery #save:backup #compatibility:superfamicom>lorom #lang:en,1526
#players:2:coop #genre:action>platformer:shmup>h:minigames #embedded:chip>sa1:backup>battery #save:backup #compatibility:superfamicom>lorom #lang:ja,1527
#players:2:coop #genre:action>platformer:shmup>h:minigames #embedded:chip>sa1:backup>battery #save:backup #compatibility:superfamicom>lorom #lang:ja #rev:1,1528
#players:2:coop #genre:action>platformer:shmup>h:minigames #embedded:chip>sa1:backup>battery #save:backup #compatibility:superfamicom>lorom #lang:ja #rev:2,1529
#players:2:coop #genre:action>platformer:shmup>h:minigames #embedded:chip>sa1:backup>battery #save:backup #compatibility:superfamicom>lorom #reboxed #lang:en,1530
#players:2:coop #genre:action>platformer>hackandslash #save:password #compatibility:superfamicom>lorom #based #search:feature>asterix #lang:en:fr:de:es,1531
#players:2:coop #genre:action>platformer>runandgun #compatibility:superfamicom>lorom #lang:en #unfinished:proto,1532
#players:2:coop #genre:action>platformer>runandgun #compatibility:superfamicom>lorom #lang:ja,1533
#players:2:coop #genre:action>platformer>runandgun #save:password #compatibility:superfamicom>lorom #lang:en,1534
#players:2:coop #genre:action>platformer>runandgun #save:password #compatibility:superfamicom>lorom #lang:en #unfinished:beta>1,1535
#players:2:coop #genre:action>platformer>runandgun #save:password #compatibility:superfamicom>lorom #lang:en #unfinished:beta>2,1536
#players:2:coop #genre:action>platformer>runandgun #save:password #compatibility:superfamicom>lorom #lang:en:fr:de,1537
#players:2:coop #genre:action>platformer>runandgun #save:password #compatibility:superfamicom>lorom #lang:en:fr:de #unfinished:beta,1538
#players:2:coop #genre:action>platformer>runandgun #save:password #compatibility:superfamicom>lorom #lang:ja,1539
#players:2:coop #genre:action>runandgun #compatibility:superfamicom>lorom #based:jurassicpark #search:keyword>dolby #lang:en:fr:de:it,1540
#players:2:coop #genre:action>runandgun #compatibility:superfamicom>lorom #based:jurassicpark #search:keyword>dolby #lang:en:fr:de:it #unfinished:beta,1541
#players:2:coop #genre:action>runandgun #compatibility:superfamicom>lorom #based:manganime #lang:ja,1542
#players:2:coop #genre:action>runandgun #compatibility:superfamicom>lorom #lang:en,1543
#players:2:coop #genre:action>runandgun #compatibility:superfamicom>lorom #lang:en #rerelease #unfinished:beta,1544
#players:2:coop #genre:action>runandgun #compatibility:superfamicom>lorom #lang:en #rerelease:contraanniversary,1545
#players:2:coop #genre:action>runandgun #compatibility:superfamicom>lorom #lang:en #rerelease:virtualconsole,1546
#players:2:coop #genre:action>runandgun #compatibility:superfamicom>lorom #lang:en #unfinished:beta,1547
#players:2:coop #genre:action>runandgun #compatibility:superfamicom>lorom #lang:en #unfinished:proto,1548
#players:2:coop #genre:action>runandgun #compatibility:superfamicom>lorom #lang:en #unfinished:sample,1549
#players:2:coop #genre:action>runandgun #compatibility:superfamicom>lorom #lang:en #unlicensed:aftermarket,1550
#players:2:coop #genre:action>runandgun #compatibility:superfamicom>lorom #lang:ja,1551
#players:2:coop #genre:action>runandgun #compatibility:superfamicom>lorom #lang:ja #unfinished:demo,1552
#players:2:coop #genre:action>runandgun #compatibility:superfamicom>lorom #port:arcade #lang:en,1553
#players:2:coop #genre:action>runandgun #compatibility:superfamicom>lorom #port:arcade #lang:en #unfinished:beta,1554
#players:2:coop #genre:action>runandgun #compatibility:superfamicom>lorom #port:arcade #lang:en #unfinished:beta>1,1555
#players:2:coop #genre:action>runandgun #compatibility:superfamicom>lorom #port:arcade #lang:en #unfinished:beta>2,1556
#players:2:coop #genre:action>runandgun #compatibility:superfamicom>lorom #port:arcade #lang:en #unfinished:beta>3,1557
#players:2:coop #genre:action>runandgun #compatibility:superfamicom>lorom #port:arcade #lang:en #unfinished:proto,1558
#players:2:coop #genre:action>runandgun #compatibility:superfamicom>lorom #port:arcade #lang:en:fr:de:es:it:nl,1559
#players:2:coop #genre:action>runandgun #compatibility:superfamicom>lorom #port:arcade #lang:ja,1560
#players:2:coop #genre:action>runandgun #embedded:backup>battery #compatibility:superfamicom>lorom #lang:en #unfinished:proto>1,1561
#players:2:coop #genre:action>runandgun #embedded:backup>battery #compatibility:superfamicom>lorom #lang:en #unfinished:proto>2,1562
#players:2:coop #genre:action>runandgun #save:password #compatibility:superfamicom>hirom #port:commodore>amiga #lang:en,1563
#players:2:coop #genre:action>runandgun #save:password #compatibility:superfamicom>lorom #lang:en,1564
#players:2:coop #genre:action>runandgun #save:password #compatibility:superfamicom>lorom #lang:en #rerelease:virtualconsole,1565
#players:2:coop #genre:action>runandgun #save:password #compatibility:superfamicom>lorom #lang:en #unfinished:beta,1566
#players:2:coop #genre:action>runandgun #save:password #compatibility:superfamicom>lorom #lang:ja,1567
#players:2:coop #genre:action>runandgun:shooting>rail #compatibility:superfamicom>lorom #based:movie #lang:en,1568
#players:2:coop #genre:action>runandgun:shooting>rail #compatibility:superfamicom>lorom #based:movie #lang:en #unfinished:beta,1569
#players:2:coop #genre:action>runandgun:shooting>rail #compatibility:superfamicom>lorom #based:movie #lang:ja,1570
#players:2:coop #genre:action>runandgun:shooting>tps #save:password #compatibility:superfamicom>hirom #based #port:sega>megadrive #lang:en,1571
#players:2:coop #genre:action>runandgun:shooting>tps #save:password #compatibility:superfamicom>hirom #based #port:sega>megadrive #lang:ja,1572
#players:2:coop #genre:action>runandgun>platformer #compatibility:superfamicom>lorom #based #lang:en,1573
#players:2:coop #genre:action>runandgun>platformer #compatibility:superfamicom>lorom #based #lang:en #unfinished:beta>1,1574
#players:2:coop #genre:action>runandgun>platformer #compatibility:superfamicom>lorom #based #lang:en #unfinished:beta>2,1575
#players:2:coop #genre:brawler #compatibility:superfamicom>hirom #based:manganime #lang:fr,1576
#players:2:coop #genre:brawler #compatibility:superfamicom>hirom #based:manganime #lang:ja,1577
#players:2:coop #genre:brawler #compatibility:superfamicom>hirom #lang:en,1578
#players:2:coop #genre:brawler #compatibility:superfamicom>hirom #lang:en #rerelease:virtualconsole,1579
#players:2:coop #genre:brawler #compatibility:superfamicom>hirom #lang:en #unfinished:beta,1580
#players:2:coop #genre:brawler #compatibility:superfamicom>hirom #lang:ja,1581
#players:2:coop #genre:brawler #compatibility:superfamicom>hirom #lang:ja #rerelease:virtualconsole,1582
#players:2:coop #genre:brawler #compatibility:superfamicom>hirom #port:arcade #lang:en,1583
#players:2:coop #genre:brawler #compatibility:superfamicom>hirom #port:arcade #lang:ja,1584
#players:2:coop #genre:brawler #compatibility:superfamicom>lorom #based #lang:en,1585
#players:2:coop #genre:brawler #compatibility:superfamicom>lorom #based #lang:en #rerelease:steam #unlicensed,1586
#players:2:coop #genre:brawler #compatibility:superfamicom>lorom #based #lang:en #unfinished:beta,1587
#players:2:coop #genre:brawler #compatibility:superfamicom>lorom #based #lang:ja,1588
#players:2:coop #genre:brawler #compatibility:superfamicom>lorom #based #port:arcade #lang:en,1589
#players:2:coop #genre:brawler #compatibility:superfamicom>lorom #based #port:arcade #lang:ja,1590
#players:2:coop #genre:brawler #compatibility:superfamicom>lorom #based:movie #lang:en,1591
#players:2:coop #genre:brawler #compatibility:superfamicom>lorom #based:movie #lang:en #unfinished:beta,1592
#players:2:coop #genre:brawler #compatibility:superfamicom>lorom #based:tmnt #port:arcade #lang:en,1593
#players:2:coop #genre:brawler #compatibility:superfamicom>lorom #based:tmnt #port:arcade #lang:en #rerelease:cowabunga,1594
#players:2:coop #genre:brawler #compatibility:superfamicom>lorom #based:tmnt #port:arcade #lang:en #unfinished:beta>1,1595
#players:2:coop #genre:brawler #compatibility:superfamicom>lorom #based:tmnt #port:arcade #lang:en #unfinished:beta>2,1596
#players:2:coop #genre:brawler #compatibility:superfamicom>lorom #based:tmnt #port:arcade #lang:ja,1597
#players:2:coop #genre:brawler #compatibility:superfamicom>lorom #based:tmnt #port:arcade #lang:ja #rerelease:cowabunga,1598
#players:2:coop #genre:brawler #compatibility:superfamicom>lorom #lang:en,1599
#players:2:coop #genre:brawler #compatibility:superfamicom>lorom #lang:en #rerelease:qubyte,1600
#players:2:coop #genre:brawler #compatibility:superfamicom>lorom #lang:en #rerelease:virtualconsole,1601
#players:2:coop #genre:brawler #compatibility:superfamicom>lorom #lang:en #unfinished:beta,1602
#players:2:coop #genre:brawler #compatibility:superfamicom>lorom #lang:en #unfinished:proto,1603
#players:2:coop #genre:brawler #compatibility:superfamicom>lorom #lang:ja,1604
#players:2:coop #genre:brawler #compatibility:superfamicom>lorom #port:arcade #lang:ja,1605
#players:2:coop #genre:brawler #compatibility:superfamicom>lorom #search:keyword>endorsed #lang:en #unfinished:proto,1606
#players:2:coop #genre:brawler #embedded:backup>battery #save:backup #compatibility:superfamicom>lorom #lang:ja,1607
#players:2:coop #genre:brawler #embedded:backup>battery #save:backup #compatibility:superfamicom>lorom #lang:ja #unfinished:sample,1608
#players:2:coop #genre:brawler #embedded:backup>battery #save:backup #compatibility:superfamicom>lorom #search:feature>kuniokun #lang:ja,1609
#players:2:coop #genre:brawler #embedded:backup>battery #save:backup #compatibility:superfamicom>lorom #search:feature>kuniokun #lang:ja #rev:1,1610
#players:2:coop #genre:brawler #save:password #compatibility:superfamicom>lorom #based:marvel #search:feature>spiderman #lang:en,1611
#players:2:coop #genre:brawler #save:password #compatibility:superfamicom>lorom #based:marvel #search:feature>spiderman #lang:en #unfinished:sample,1612
#players:2:coop #genre:brawler #save:password #compatibility:superfamicom>lorom #search:feature>compatihero>gundam #lang:ja,1613
#players:2:coop #genre:brawler #save:password #compatibility:superfamicom>lorom #search:feature>kuniokun #lang:ch #rerelease,1614
#players:2:coop #genre:brawler #save:password #compatibility:superfamicom>lorom #search:feature>kuniokun #lang:ch #rerelease #unlicensed:bootleg,1615
#players:2:coop #genre:brawler #save:password #compatibility:superfamicom>lorom #search:feature>kuniokun #lang:de #rerelease,1616
#players:2:coop #genre:brawler #save:password #compatibility:superfamicom>lorom #search:feature>kuniokun #lang:en #rerelease,1617
#players:2:coop #genre:brawler #save:password #compatibility:superfamicom>lorom #search:feature>kuniokun #lang:es #rerelease,1618
#players:2:coop #genre:brawler #save:password #compatibility:superfamicom>lorom #search:feature>kuniokun #lang:fr #rerelease,1619
#players:2:coop #genre:brawler #save:password #compatibility:superfamicom>lorom #search:feature>kuniokun #lang:it #rerelease,1620
#players:2:coop #genre:brawler #save:password #compatibility:superfamicom>lorom #search:feature>kuniokun #lang:ja,1621
#players:2:coop #genre:brawler #save:password #compatibility:superfamicom>lorom #search:feature>kuniokun #lang:ja #rerelease,1622
#players:2:coop #genre:brawler #save:password #compatibility:superfamicom>lorom #search:feature>kuniokun #lang:ko #rerelease,1623
#players:2:coop #genre:brawler #save:password #compatibility:superfamicom>lorom #search:feature>kuniokun #lang:zh #rerelease,1624
#players:2:coop #genre:brawler #save:password #compatibility:superfamicom>lorom #search:feature>kuniokun #lang:zh #rerelease #unlicensed:bootleg,1625
#players:2:coop #genre:brawler:action #compatibility:superfamicom>lorom #based:manganime #lang:ja,1626
#players:2:coop #genre:brawler:action>platformer:shmup>h #compatibility:superfamicom>lorom #port:nintendo>famicom #lang:en,1627
#players:2:coop #genre:brawler:action>platformer>maze:shmup #save:password #compatibility:superfamicom>lorom #based #lang:en,1628
#players:2:coop #genre:brawler:adventure #save:password #compatibility:superfamicom>lorom #based #lang:ja,1629
#players:2:coop #genre:brawler:adventure #save:password #compatibility:superfamicom>lorom #based #lang:ja #rev:1,1630
#players:2:coop #genre:brawler:shmup>h #compatibility:superfamicom>lorom #based:marvel #port:arcade #lang:en,1631
#players:2:coop #genre:puzzle #addon:mouse>sfc #compatibility:superfamicom>hirom #based #lang:ja,1632
#players:2:coop #genre:rpg>a #compatibility:superfamicom>hirom #search:keyword>dolby #lang:ja #unfinished:sample,1633
#players:2:coop #genre:rpg>a #embedded:backup>battery #save:backup #compatibility:superfamicom>hirom #search:keyword>dolby #lang:de #rerelease:seikendensetsu,1634
#players:2:coop #genre:rpg>a #embedded:backup>battery #save:backup #compatibility:superfamicom>hirom #search:keyword>dolby #lang:de #rev:1 #rerelease:seikendensetsu,1635
#players:2:coop #genre:rpg>a #embedded:backup>battery #save:backup #compatibility:superfamicom>hirom #search:keyword>dolby #lang:en #rerelease:seikendensetsu,1636
#players:2:coop #genre:rpg>a #embedded:backup>battery #save:backup #compatibility:superfamicom>hirom #search:keyword>dolby #lang:en #rev:1 #rerelease:seikendensetsu,1637
#players:2:coop #genre:rpg>a #embedded:backup>battery #save:backup #compatibility:superfamicom>hirom #search:keyword>dolby #lang:en #unfinished:beta #rerelease:seikendensetsu,1638
#players:2:coop #genre:rpg>a #embedded:backup>battery #save:backup #compatibility:superfamicom>hirom #search:keyword>dolby #lang:es #rerelease:seikendensetsu,1639
#players:2:coop #genre:rpg>a #embedded:backup>battery #save:backup #compatibility:superfamicom>hirom #search:keyword>dolby #lang:es #rev:1 #rerelease:seikendensetsu,1640
#players:2:coop #genre:rpg>a #embedded:backup>battery #save:backup #compatibility:superfamicom>hirom #search:keyword>dolby #lang:fr #rerelease:seikendensetsu,1641
#players:2:coop #genre:rpg>a #embedded:backup>battery #save:backup #compatibility:superfamicom>hirom #search:keyword>dolby #lang:fr #rev:1 #rerelease:seikendensetsu,1642
#players:2:coop #genre:rpg>a #embedded:backup>battery #save:backup #compatibility:superfamicom>hirom #search:keyword>dolby #lang:ja,1643
#players:2:coop #genre:rpg>a #embedded:backup>battery #save:backup #compatibility:superfamicom>hirom #search:keyword>dolby #lang:ja #rerelease:seikendensetsu,1644
#players:2:coop #genre:rpg>a #embedded:backup>battery #save:backup #compatibility:superfamicom>lorom #lang:ja,1645
#players:2:coop #genre:rpg>a #save:password #compatibility:superfamicom>lorom #port:sega>megadrive #lang:en #unfinished:proto,1646
#players:2:coop #genre:rpg>a #save:password #compatibility:superfamicom>lorom #port:sega>megadrive #lang:ja,1647
#players:2:coop #genre:shmup #compatibility:superfamicom>lorom #port:arcade #lang:ja,1648
#players:2:coop #genre:shmup>h #compatibility:superfamicom>lorom #lang:en,1649
#players:2:coop #genre:shmup>h #compatibility:superfamicom>lorom #lang:en #rerelease:dariuscozmic,1650
#players:2:coop #genre:shmup>h #compatibility:superfamicom>lorom #lang:en #unfinished:proto,1651
#players:2:coop #genre:shmup>h #compatibility:superfamicom>lorom #lang:ja,1652
#players:2:coop #genre:shmup>h #compatibility:superfamicom>lorom #lang:ja #rerelease:dariuscozmic,1653
#players:2:coop #genre:shmup>h #compatibility:superfamicom>lorom #port:arcade #based:manganime #lang:en,1654
#players:2:coop #genre:shmup>h #compatibility:superfamicom>lorom #port:arcade #based:manganime #lang:ja,1655
#players:2:coop #genre:shmup>v #compatibility:superfamicom>hirom #lang:ja #unfinished:beta>1,1656
#players:2:coop #genre:shmup>v #compatibility:superfamicom>hirom #lang:ja #unfinished:beta>2,1657
#players:2:coop #genre:shmup>v #compatibility:superfamicom>lorom #lang:en,1658
#players:2:coop #genre:shmup>v #compatibility:superfamicom>lorom #lang:en #rerelease:switchonline,1659
#players:2:coop #genre:shmup>v #compatibility:superfamicom>lorom #lang:ja,1660
#players:2:coop #genre:shmup>v #compatibility:superfamicom>lorom #port:arcade #lang:en,1661
#players:2:coop #genre:shmup>v #compatibility:superfamicom>lorom #port:arcade #lang:ja,1662
#players:2:coop #genre:shmup>v:action>runandgun #compatibility:superfamicom>lorom #lang:en,1663
#players:2:coop #genre:shmup>v:action>runandgun #compatibility:superfamicom>lorom #lang:en #unfinished:beta>1,1664
#players:2:coop #genre:shmup>v:action>runandgun #compatibility:superfamicom>lorom #lang:en #unfinished:beta>2,1665
#players:2:coop #genre:shooting>gallery #addon:lightgun>justifier #compatibility:superfamicom>lorom #port:arcade #lang:en,1666
#players:2:coop #genre:shooting>gallery #addon:lightgun>justifier #compatibility:superfamicom>lorom #port:arcade #lang:ja,1667
#players:2:coop #genre:shooting>gallery #addon:lightgun>superscope:mouse>sfc #compatibility:superfamicom>hirom #port:arcade #lang:en,1668
#players:2:coop #genre:shooting>gallery #addon:lightgun>superscope:mouse>sfc #compatibility:superfamicom>hirom #port:arcade #lang:en #unfinished:beta,1669
#players:2:coop #genre:shooting>gallery #addon:lightgun>superscope:mouse>sfc #compatibility:superfamicom>lorom #based:movie #port:arcade #lang:en,1670
#players:2:coop #genre:shooting>gallery #addon:lightgun>superscope:mouse>sfc #compatibility:superfamicom>lorom #based:movie #port:arcade #lang:ja,1671
#players:2:coop #genre:shooting>gallery #addon:mouse>sfc #compatibility:superfamicom>lorom #search:keyword>endorsed #port:arcade #lang:de,1672
#players:2:coop #genre:shooting>gallery #addon:mouse>sfc #compatibility:superfamicom>lorom #search:keyword>endorsed #port:arcade #lang:en,1673
#players:2:coop #genre:sim>flight:shooting>tps #compatibility:superfamicom>lorom #port:arcade #lang:en,1674
#players:2:coop:alt #genre:shmup:action>platformer #compatibility:superfamicom>lorom #multigame:compilation>defender>defender2>joust>robotron2084>sinistar>bubbles #port:arcade #lang:en,1675
#players:2:coop:vs #genre:action #save:password #compatibility:superfamicom>lorom #based:manganime #lang:ja,1676
#players:2:coop:vs #genre:action:puzzle #compatibility:superfamicom>lorom #lang:en,1677
#players:2:coop:vs #genre:action:puzzle #compatibility:superfamicom>lorom #lang:ja,1678
#players:2:coop:vs #genre:action:puzzle #save:password #compatibility:superfamicom>lorom #port:sharp>x68000 #lang:ja,1679
#players:2:coop:vs #genre:action:puzzle>drop #compatibility:superfamicom>lorom #lang:ja,1680
#players:2:coop:vs #genre:action:puzzle>drop #embedded:backup>battery #save:backup #compatibility:superfamicom>lorom #lang:ja,1681
#players:2:coop:vs #genre:action:puzzle>drop #embedded:backup>battery #save:backup #compatibility:superfamicom>lorom #port:arcade #lang:ja,1682
#players:2:coop:vs #genre:action:puzzle>drop #embedded:backup>battery #save:backup #compatibility:superfamicom>lorom #port:arcade #lang:ja #unfinished:beta>1,1683
#players:2:coop:vs #genre:action:puzzle>drop #embedded:backup>battery #save:backup #compatibility:superfamicom>lorom #port:arcade #lang:ja #unfinished:beta>2,1684
#players:2:coop:vs #genre:action>hackandslash #compatibility:superfamicom>hirom #based:movie #search:feature>batman #lang:en,1685
#players:2:coop:vs #genre:action>hackandslash #compatibility:superfamicom>hirom #based:movie #search:feature>batman #lang:en #rev:1,1686
#players:2:coop:vs #genre:action>hackandslash #compatibility:superfamicom>hirom #based:movie #search:feature>batman #lang:en #unfinished:beta>1,1687
#players:2:coop:vs #genre:action>hackandslash #compatibility:superfamicom>hirom #based:movie #search:feature>batman #lang:en #unfinished:beta>2,1688
#players:2:coop:vs #genre:action>hackandslash:shmup>h #compatibility:superfamicom>lorom #based:manganime #search:feature>gundam #lang:ja,1689
#players:2:coop:vs #genre:action>hackandslash:shmup>h #compatibility:superfamicom>lorom #based:manganime #search:feature>gundam #lang:ja #unfinished:beta,1690
#players:2:coop:vs #genre:action>platformer #embedded:backup>battery #save:backup:password #compatibility:superfamicom>lorom #lang:ja,1691
#players:2:coop:vs #genre:action>platformer #save:password #compatibility:superfamicom>lorom #lang:en,1692
#players:2:coop:vs #genre:brawler #compatibility:superfamicom>lorom #lang:en,1693
#players:2:coop:vs #genre:brawler #compatibility:superfamicom>lorom #lang:ja,1694
#players:2:coop:vs #genre:brawler #compatibility:superfamicom>lorom #port:arcade #lang:en,1695
#players:2:coop:vs #genre:brawler #compatibility:superfamicom>lorom #port:arcade #lang:ja,1696
#players:2:coop:vs #genre:brawler #save:password #compatibility:superfamicom>lorom #search:feature>compatihero>gundam #lang:ja,1697
#players:2:coop:vs #genre:brawler #save:password #compatibility:superfamicom>lorom #search:feature>compatihero>gundam #lang:ja #unfinished:beta,1698
#players:2:coop:vs #genre:brawler:fighting #compatibility:superfamicom>hirom #based:manganime #lang:ja,1699
#players:2:coop:vs #genre:fighting:brawler:sports>wrestling #compatibility:superfamicom>hirom #port:arcade #lang:en,1700
#players:2:coop:vs #genre:fighting:brawler:sports>wrestling #compatibility:superfamicom>hirom #port:arcade #lang:en #unfinished:beta,1701
#players:2:coop:vs #genre:fighting:brawler:sports>wrestling #compatibility:superfamicom>hirom #port:arcade #lang:ja,1702
#players:2:coop:vs #genre:fighting:sports>wrestling #save:password #compatibility:superfamicom>lorom #lang:ja,1703
#players:2:coop:vs #genre:puzzle #addon:mouse>sfc #compatibility:superfamicom>lorom #lang:ja,1704
#players:2:coop:vs #genre:puzzle #addon:mouse>sfc #compatibility:superfamicom>lorom #port:arcade #lang:ja,1705
#players:2:coop:vs #genre:puzzle #addon:mouse>sfc #embedded:backup>battery #save:backup #compatibility:superfamicom>lorom #lang:ja,1706
#players:2:coop:vs #genre:puzzle #addon:mouse>sfc #save:password #compatibility:superfamicom>lorom #lang:ja:en,1707
#players:2:coop:vs #genre:puzzle #compatibility:superfamicom>hirom #based:manganime #lang:ja,1708
#players:2:coop:vs #genre:puzzle:action #save:password #compatibility:superfamicom>lorom #port:commodore>amiga #lang:ja,1709
#players:2:coop:vs #genre:puzzle>drop #compatibility:superfamicom>lorom #port:pc #lang:en,1710
#players:2:coop:vs #genre:racing:shooting>rail #addon:lightgun>superscope:mouse>sfc #save:password #compatibility:superfamicom>lorom #port:commodore>amiga #search:keyword>brand #lang:en,1711
#players:2:coop:vs #genre:rpg>a>j:fighting #save:password #compatibility:superfamicom>lorom #lang:ja,1712
#players:2:coop:vs #genre:rpg>a>j:fighting #save:password #compatibility:superfamicom>lorom #lang:ja #unfinished:beta>1,1713
#players:2:coop:vs #genre:rpg>a>j:fighting #save:password #compatibility:superfamicom>lorom #lang:ja #unfinished:beta>2,1714
#players:2:coop:vs #genre:shooting>gallery #compatibility:superfamicom>lorom #lang:en,1715
#players:2:coop:vs #genre:shooting>gallery #compatibility:superfamicom>lorom #lang:ja,1716
#players:2:coop:vs #genre:shooting>gallery #compatibility:superfamicom>lorom #lang:ja #unfinished:beta>1,1717
#players:2:coop:vs #genre:shooting>gallery #compatibility:superfamicom>lorom #lang:ja #unfinished:beta>2,1718
#players:2:coop:vs #genre:sim>flight:shooting>tps #compatibility:superfamicom>lorom #lang:en,1719
#players:2:coop:vs #genre:sports>basketball #embedded:backup>battery #save:backup #compatibility:superfamicom>lorom #search:keyword>official #lang:en,1720
#players:2:coop:vs #genre:sports>basketball #embedded:backup>battery #save:backup #compatibility:superfamicom>lorom #search:keyword>official #lang:en #unfinished:beta,1721
#players:2:coop:vs #genre:sports>basketball #embedded:backup>battery #save:backup #compatibility:superfamicom>lorom #search:keyword>official #lang:ja,1722
#players:2:coop:vs #genre:sports>basketball #save:password #compatibility:superfamicom>lorom #search:keyword>official #lang:en,1723
#players:2:coop:vs #genre:sports>basketball #save:password #compatibility:superfamicom>lorom #search:keyword>official #lang:en #rev:1,1724
#players:2:coop:vs #genre:sports>basketball #save:password #compatibility:superfamicom>lorom #search:keyword>official #lang:ja,1725
#players:2:coop:vs #genre:sports>football #addon:multitap>super #embedded:backup>battery #save:backup #compatibility:superfamicom>lorom #search:keyword>official #lang:en,1726
#players:2:coop:vs #genre:sports>football #compatibility:superfamicom>lorom #port:arcade #lang:en,1727
#players:2:coop:vs #genre:sports>football #compatibility:superfamicom>lorom #port:arcade #lang:en #unfinished:beta>1,1728
#players:2:coop:vs #genre:sports>football #compatibility:superfamicom>lorom #port:arcade #lang:en #unfinished:beta>2,1729
#players:2:coop:vs #genre:sports>football #embedded:backup>battery #save:backup #compatibility:superfamicom>lorom #search:keyword>official #lang:en,1730
#players:2:coop:vs #genre:sports>football #embedded:backup>battery #save:backup #compatibility:superfamicom>lorom #search:keyword>official #lang:en #unfinished:beta,1731
#players:2:coop:vs #genre:sports>hockey #save:password #compatibility:superfamicom>lorom #search:keyword>official #lang:en,1732
#players:2:coop:vs #genre:sports>hockey #save:password #compatibility:superfamicom>lorom #search:keyword>official #lang:en #rev:1,1733
#players:2:coop:vs #genre:sports>soccer #compatibility:superfamicom>lorom #port:commodore>amiga #lang:en:fr:de:es:it,1734
#players:2:coop:vs #genre:sports>soccer #embedded:backup>battery #save:backup #compatibility:superfamicom>hirom #search:keyword>official>brand #lang:en:fr:de:es:it:nl:pt:sv,1735
#players:2:coop:vs #genre:sports>soccer #embedded:backup>battery #save:backup #compatibility:superfamicom>lorom #port:commodore>amiga #lang:en,1736
#players:2:coop:vs #genre:sports>soccer #embedded:backup>battery #save:backup #compatibility:superfamicom>lorom #port:commodore>amiga #lang:ja,1737
#players:2:coop:vs #genre:sports>soccer #embedded:backup>battery #save:backup #compatibility:superfamicom>lorom #search:keyword>endorsed #lang:ja,1738
#players:2:coop:vs #genre:sports>soccer #embedded:backup>battery #save:password #compatibility:superfamicom>lorom #port:commodore>amiga #lang:en #unfinished:beta,1739
#players:2:coop:vs #genre:sports>soccer #save:password #compatibility:superfamicom>lorom #based #lang:ja,1740
#players:2:coop:vs #genre:sports>soccer #save:password #compatibility:superfamicom>lorom #lang:en,1741
#players:2:coop:vs #genre:sports>soccer #save:password #compatibility:superfamicom>lorom #lang:ja,1742
#players:2:coop:vs #genre:sports>soccer #save:password #compatibility:superfamicom>lorom>nss #lang:en,1743
#players:2:coop:vs #genre:sports>tennis #compatibility:superfamicom>lorom #port:commodore>amiga #lang:en,1744
#players:2:coop:vs #genre:sports>tennis #compatibility:superfamicom>lorom #port:sega>megadrive #search:keyword>endorsed #lang:en,1745
#players:2:coop:vs #genre:sports>tennis #save:password #compatibility:superfamicom>lorom #lang:en,1746
#players:2:coop:vs #genre:sports>tennis #save:password #compatibility:superfamicom>lorom #lang:en #rev:1,1747
#players:2:coop:vs #genre:sports>tennis #save:password #compatibility:superfamicom>lorom>nss #lang:en,1748
#players:2:coop:vs #genre:sports>volleyball #embedded:backup>battery #save:backup #compatibility:superfamicom>lorom #lang:en,1749
#players:2:coop:vs:alt #genre:action>blockbreaker #addon:mouse>sfc #save:password #compatibility:superfamicom>lorom #lang:en,1750
#players:2:coop:vs:alt #genre:action>maze #compatibility:superfamicom>lorom #search:feature>pacman #port:arcade #lang:en,1751
#players:2:coop:vs:alt #genre:action>maze #compatibility:superfamicom>lorom #search:feature>pacman #port:arcade #lang:en #unfinished:beta,1752
#players:2:coop:vs:alt #genre:shmup:action>platformer>maze>blockbreaker #compatibility:superfamicom>lorom #based #search:feature>mario #port:nintendo>famicom #multigame:compilation>spartanx>supermariobros>kekkyokunankyokudaibouken>twinbee>battlecity>circuscharlie>galaga>yiearkungfufc>starforce>roadfighter>pinball>bomberman>arkanoid>balloonfight>donkeykong>donkeykong3>donkeykongjr>mariobrothers>popeye>tetris #lang:ko #unlicensed:bootleg,1753
#players:2:vs #genre:action:fighting #save:password #compatibility:superfamicom>lorom #based:manganime #lang:ja,1754
#players:2:vs #genre:action:puzzle #save:password #compatibility:superfamicom>hirom #lang:en #unfinished:proto,1755
#players:2:vs #genre:action:puzzle #save:password #compatibility:superfamicom>lorom #lang:ja,1756
#players:2:vs #genre:action:sim>strategy #compatibility:superfamicom>lorom #port:commodore>amiga #lang:en,1757
#players:2:vs #genre:action:sports:minigames #compatibility:superfamicom>lorom #based #lang:en,1758
#players:2:vs #genre:action:sports>football #save:password #compatibility:superfamicom>lorom #lang:en,1759
#players:2:vs #genre:action:sports>football #save:password #compatibility:superfamicom>lorom #lang:ja,1760
#players:2:vs #genre:action>blockbreaker #compatibility:superfamicom>hirom #lang:ja,1761
#players:2:vs #genre:action>blockbreaker:sports>tennis #save:password #compatibility:superfamicom>hirom #based:manganime #lang:ja,1762
#players:2:vs #genre:action>hackandslash #compatibility:superfamicom>lorom #based #lang:ja,1763
#players:2:vs #genre:action>hackandslash:fighting #compatibility:superfamicom>lorom #lang:en,1764
#players:2:vs #genre:action>hackandslash:fighting #compatibility:superfamicom>lorom #lang:en #unfinished:beta,1765
#players:2:vs #genre:action>hackandslash:fighting #compatibility:superfamicom>lorom #lang:ja,1766
#players:2:vs #genre:action>maze #compatibility:superfamicom>lorom #port:arcade #lang:ja,1767
#players:2:vs #genre:action>maze #save:password #compatibility:superfamicom>lorom #lang:ja,1768
#players:2:vs #genre:action>platformer:board>party #save:password #compatibility:superfamicom>lorom #based #lang:en,1769
#players:2:vs #genre:action>platformer:board>party #save:password #compatibility:superfamicom>lorom #based #lang:en #unfinished:beta,1770
#players:2:vs #genre:action>platformer:board>party #save:password #compatibility:superfamicom>lorom #based #lang:ja,1771
#players:2:vs #genre:action>platformer:quiz #save:password #compatibility:superfamicom>lorom #lang:ja,1772
#players:2:vs #genre:action>platformer>maze:minigames:parlor>mogurataiji #compatibility:superfamicom>hirom #based:manganime #lang:ja,1773
#players:2:vs #genre:action>platformer>runandgun #compatibility:superfamicom>lorom #lang:en,1774
#players:2:vs #genre:board #compatibility:superfamicom>lorom #based:manganime #lang:ja,1775
#players:2:vs #genre:board #compatibility:superfamicom>lorom #lang:ja,1776
#players:2:vs #genre:board>cards #compatibility:superfamicom>lorom #lang:ja,1777
#players:2:vs #genre:board>chess #compatibility:superfamicom>lorom #port:nintendo>famicom #lang:en,1778
#players:2:vs #genre:board>chess #compatibility:superfamicom>lorom #port:nintendo>famicom #lang:ja,1779
#players:2:vs #genre:board>go #addon:mouse>sfc #compatibility:superfamicom>lorom #lang:ja,1780
#players:2:vs #genre:board>go #addon:mouse>sfc #embedded:backup>battery #save:backup #compatibility:superfamicom>lorom #lang:ja,1781
#players:2:vs #genre:board>go #addon:mouse>sfc #embedded:chip>sa1 #compatibility:superfamicom>lorom #search:keyword>endorsed #lang:ja,1782
#players:2:vs #genre:board>go #addon:mouse>sfc #embedded:chip>sa1:backup>battery #save:backup #compatibility:superfamicom>lorom #lang:ja,1783
#players:2:vs #genre:board>go #addon:mouse>sfc #embedded:chip>sfx1:backup>battery #save:backup #compatibility:superfamicom>hirom #lang:ja,1784
#players:2:vs #genre:board>go #addon:mouse>sfc #save:password #compatibility:superfamicom>lorom #lang:ja,1785
#players:2:vs #genre:board>go #embedded:backup>battery #save:backup #compatibility:superfamicom>lorom #lang:ja,1786
#players:2:vs #genre:board>hanafuda #compatibility:superfamicom>lorom #lang:ja,1787
#players:2:vs #genre:board>mahjong #compatibility:superfamicom>lorom #lang:ja,1788
#players:2:vs #genre:board>mahjong>shougi>go #addon:mouse>sfc #embedded:backup>battery #save:backup:password #compatibility:superfamicom>lorom #multigame:compilation>mahjonghanjouki>supergomokushougijousekikenkyouhen #lang:ja,1789
#players:2:vs #genre:board>othello #addon:online>xband #save:password #compatibility:superfamicom>lorom #lang:ja,1790
#players:2:vs #genre:board>party:action>platformer:fighting #save:password #compatibility:superfamicom>lorom #based #lang:ja,1791
#players:2:vs #genre:board>party:quiz #embedded:backup>battery #save:backup #compatibility:superfamicom>lorom #based #lang:ja,1792
#players:2:vs #genre:board>party:sim>cardgame #save:password #compatibility:superfamicom>lorom #based #lang:ja,1793
#players:2:vs #genre:board>party:sim>cardgame #save:password #compatibility:superfamicom>lorom #based #lang:ja #rev:1,1794
#players:2:vs #genre:board>party:sim>cardgame #save:password #compatibility:superfamicom>lorom #based #lang:ja #unfinished:beta,1795
#players:2:vs #genre:board>party:sports>wrestling #save:password #compatibility:superfamicom>hirom #search:keyword>official #lang:ja,1796
#players:2:vs #genre:board>reversi #addon:mouse>sfc #save:password #compatibility:superfamicom>lorom #lang:ja,1797
#players:2:vs #genre:board>shougi #addon:mouse>sfc #embedded:backup>battery #save:backup #compatibility:superfamicom>hirom #lang:ja,1798
#players:2:vs #genre:board>shougi #addon:mouse>sfc #embedded:backup>battery #save:backup #compatibility:superfamicom>lorom #lang:ja,1799
#players:2:vs #genre:board>shougi #addon:mouse>sfc #embedded:chip>sa1:backup>battery #save:backup #compatibility:superfamicom>lorom #lang:ja,1800
#players:2:vs #genre:board>shougi #compatibility:superfamicom>hirom #search:keyword>endorsed #lang:ja,1801
#players:2:vs #genre:board>shougi #embedded:backup>battery:chip>sa1 #save:backup #compatibility:superfamicom>lorom #search:keyword>endorsed #lang:ja,1802
#players:2:vs #genre:board>shougi #embedded:chip>sa1 #compatibility:superfamicom>lorom #lang:ja,1803
#players:2:vs #genre:board>shougi:notagame>educational #embedded:chip>sa1:backup>battery #save:backup #compatibility:superfamicom>lorom #search:keyword>endorsed #lang:ja,1804
#players:2:vs #genre:board>shougi>go #addon:mouse>sfc #embedded:backup>battery #save:backup #compatibility:superfamicom>lorom #lang:ja,1805
#players:2:vs #genre:board>shougi>mahjong>hanafuda>othello #compatibility:superfamicom>hirom #lang:ja,1806
#players:2:vs #genre:brawler #compatibility:superfamicom>lorom #based #port:sega>megacd #lang:en #unfinished:proto,1807
#players:2:vs #genre:brawler:fighting #compatibility:superfamicom>lorom #based #port:arcade #search:feature>alien #lang:ja,1808
#players:2:vs #genre:brawler:fighting #compatibility:superfamicom>lorom #lang:ja,1809
#players:2:vs #genre:fighting #addon:online>xband #compatibility:superfamicom>hirom #port:arcade #lang:en,1810
#players:2:vs #genre:fighting #addon:online>xband #compatibility:superfamicom>hirom #port:arcade #lang:en #rerelease:virtualconsole,1811
#players:2:vs #genre:fighting #addon:online>xband #compatibility:superfamicom>hirom #port:arcade #lang:en #rev:1,1812
#players:2:vs #genre:fighting #addon:online>xband #compatibility:superfamicom>hirom #port:arcade #lang:en #unfinished:beta,1813
#players:2:vs #genre:fighting #addon:online>xband #compatibility:superfamicom>hirom #port:arcade #lang:en #unfinished:beta>1,1814
#players:2:vs #genre:fighting #addon:online>xband #compatibility:superfamicom>hirom #port:arcade #lang:en #unfinished:beta>2,1815
#players:2:vs #genre:fighting #addon:online>xband #compatibility:superfamicom>hirom #port:arcade #lang:ja,1816
#players:2:vs #genre:fighting #addon:online>xband #compatibility:superfamicom>hirom #port:arcade #lang:ja #rerelease:virtualconsole,1817
#players:2:vs #genre:fighting #addon:online>xband #compatibility:superfamicom>hirom #port:arcade #reboxed:classicserie #lang:en,1818
#players:2:vs #genre:fighting #addon:online>xband #save:password #compatibility:superfamicom>hirom #lang:en,1819
#players:2:vs #genre:fighting #compatibility:superfamicom>hirom #based #lang:en,1820
#players:2:vs #genre:fighting #compatibility:superfamicom>hirom #based #lang:ja,1821
#players:2:vs #genre:fighting #compatibility:superfamicom>hirom #based #lang:ja #rev:1,1822
#players:2:vs #genre:fighting #compatibility:superfamicom>hirom #based #search:feature>batman>superman #lang:en,1823
#players:2:vs #genre:fighting #compatibility:superfamicom>hirom #based #search:feature>batman>superman #lang:en #unfinished:beta,1824
#players:2:vs #genre:fighting #compatibility:superfamicom>hirom #based:manganime #lang:en,1825
#players:2:vs #genre:fighting #compatibility:superfamicom>hirom #based:manganime #lang:en #unfinished:beta,1826
#players:2:vs #genre:fighting #compatibility:superfamicom>hirom #based:manganime #lang:fr,1827
#players:2:vs #genre:fighting #compatibility:superfamicom>hirom #based:manganime #lang:ja,1828
#players:2:vs #genre:fighting #compatibility:superfamicom>hirom #based:manganime #search:feature>gundam #lang:ja,1829
#players:2:vs #genre:fighting #compatibility:superfamicom>hirom #lang:en,1830
#players:2:vs #genre:fighting #compatibility:superfamicom>hirom #lang:en #rerelease:virtualconsole,1831
#players:2:vs #genre:fighting #compatibility:superfamicom>hirom #lang:en #rev:1,1832
#players:2:vs #genre:fighting #compatibility:superfamicom>hirom #lang:en #unfinished:beta,1833
#players:2:vs #genre:fighting #compatibility:superfamicom>hirom #lang:ja,1834
#players:2:vs #genre:fighting #compatibility:superfamicom>hirom #lang:ja #rerelease:virtualconsole,1835
#players:2:vs #genre:fighting #compatibility:superfamicom>hirom #lang:ja #unfinished:beta,1836
#players:2:vs #genre:fighting #compatibility:superfamicom>hirom #port:arcade #lang:en,1837
#players:2:vs #genre:fighting #compatibility:superfamicom>hirom #port:arcade #lang:en #unfinished:beta,1838
#players:2:vs #genre:fighting #compatibility:superfamicom>hirom #port:arcade #lang:en #unfinished:beta>1,1839
#players:2:vs #genre:fighting #compatibility:superfamicom>hirom #port:arcade #lang:en #unfinished:beta>2,1840
#players:2:vs #genre:fighting #compatibility:superfamicom>hirom #port:arcade #lang:ja,1841
#players:2:vs #genre:fighting #compatibility:superfamicom>hirom #port:arcade #lang:ja #rev:1,1842
#players:2:vs #genre:fighting #compatibility:superfamicom>hirom #port:arcade #search:keyword>dolby #lang:en,1843
#players:2:vs #genre:fighting #compatibility:superfamicom>hirom #port:arcade #search:keyword>dolby #lang:en #unfinished:beta,1844
#players:2:vs #genre:fighting #compatibility:superfamicom>hirom #port:arcade #search:keyword>dolby #lang:ja,1845
#players:2:vs #genre:fighting #compatibility:superfamicom>hirom #port:arcade #search:keyword>dolby #lang:ja #rev:1,1846
#players:2:vs #genre:fighting #compatibility:superfamicom>hirom #port:arcade #search:keyword>dolby #lang:ja #unfinished:beta,1847
#players:2:vs #genre:fighting #compatibility:superfamicom>hirom #search:keyword>dolby #port:commodore>amiga #lang:en,1848
#players:2:vs #genre:fighting #compatibility:superfamicom>hirom #search:keyword>dolby #port:commodore>amiga #lang:en #unfinished:beta,1849
#players:2:vs #genre:fighting #compatibility:superfamicom>hirom #search:keyword>endorsed #lang:en,1850
#players:2:vs #genre:fighting #compatibility:superfamicom>hirom #search:keyword>endorsed #lang:en #unfinished:beta,1851
#players:2:vs #genre:fighting #compatibility:superfamicom>lorom #based #lang:en,1852
#players:2:vs #genre:fighting #compatibility:superfamicom>lorom #based #lang:en #unfinished:proto,1853
#players:2:vs #genre:fighting #compatibility:superfamicom>lorom #based #lang:ja,1854
#players:2:vs #genre:fighting #compatibility:superfamicom>lorom #based #lang:ja #unfinished:sample,1855
#players:2:vs #genre:fighting #compatibility:superfamicom>lorom #based:manganime #lang:en #unlicensed:bootleg,1856
#players:2:vs #genre:fighting #compatibility:superfamicom>lorom #based:manganime #lang:fr,1857
#players:2:vs #genre:fighting #compatibility:superfamicom>lorom #based:manganime #lang:ja,1858
#players:2:vs #genre:fighting #compatibility:superfamicom>lorom #based:manganime #lang:ja #rev:1,1859
#players:2:vs #genre:fighting #compatibility:superfamicom>lorom #based:manganime #lang:ja #unfinished:beta,1860
#players:2:vs #genre:fighting #compatibility:superfamicom>lorom #based:manganime #lang:ko,1861
#players:2:vs #genre:fighting #compatibility:superfamicom>lorom #based:manganime #search:feature>gundam:keyword>dolby #lang:ja,1862
#players:2:vs #genre:fighting #compatibility:superfamicom>lorom #based:marvel #port:arcade #lang:en #unlicensed:bootleg,1863
#players:2:vs #genre:fighting #compatibility:superfamicom>lorom #based:marvel #search:feature>xmen #lang:en #unlicensed:bootleg,1864
#players:2:vs #genre:fighting #compatibility:superfamicom>lorom #based:tmnt #lang:en,1865
#players:2:vs #genre:fighting #compatibility:superfamicom>lorom #based:tmnt #lang:en #rerelease:cowabunga,1866
#players:2:vs #genre:fighting #compatibility:superfamicom>lorom #based:tmnt #lang:en #unfinished:beta,1867
#players:2:vs #genre:fighting #compatibility:superfamicom>lorom #based:tmnt #lang:ja,1868
#players:2:vs #genre:fighting #compatibility:superfamicom>lorom #based:tmnt #lang:ja #rerelease:cowabunga,1869
#players:2:vs #genre:fighting #compatibility:superfamicom>lorom #lang:en,1870
#players:2:vs #genre:fighting #compatibility:superfamicom>lorom #lang:en #rerelease:capcomtown,1871
#players:2:vs #genre:fighting #compatibility:superfamicom>lorom #lang:en #rerelease:virtualconsole,1872
#players:2:vs #genre:fighting #compatibility:superfamicom>lorom #lang:en #unfinished:beta,1873
#players:2:vs #genre:fighting #compatibility:superfamicom>lorom #lang:en #unfinished:beta>1,1874
#players:2:vs #genre:fighting #compatibility:superfamicom>lorom #lang:en #unfinished:beta>2,1875
#players:2:vs #genre:fighting #compatibility:superfamicom>lorom #lang:en #unfinished:proto,1876
#players:2:vs #genre:fighting #compatibility:superfamicom>lorom #lang:en #unlicensed:bootleg,1877
#players:2:vs #genre:fighting #compatibility:superfamicom>lorom #lang:ja,1878
#players:2:vs #genre:fighting #compatibility:superfamicom>lorom #lang:ja #rerelease:capcomtown,1879
#players:2:vs #genre:fighting #compatibility:superfamicom>lorom #lang:ja #rerelease:virtualconsole,1880
#players:2:vs #genre:fighting #compatibility:superfamicom>lorom #lang:ja #unfinished:sample,1881
#players:2:vs #genre:fighting #compatibility:superfamicom>lorom #port:arcade #lang:en,1882
#players:2:vs #genre:fighting #compatibility:superfamicom>lorom #port:arcade #lang:en #rev:1,1883
#players:2:vs #genre:fighting #compatibility:superfamicom>lorom #port:arcade #lang:en #unfinished:beta,1884
#players:2:vs #genre:fighting #compatibility:superfamicom>lorom #port:arcade #lang:en #unlicensed:bootleg,1885
#players:2:vs #genre:fighting #compatibility:superfamicom>lorom #port:arcade #lang:ja,1886
#players:2:vs #genre:fighting #compatibility:superfamicom>lorom #port:arcade #lang:ja #rev:1,1887
#players:2:vs #genre:fighting #compatibility:superfamicom>lorom #port:nec>cdromrom #lang:ja,1888
#players:2:vs #genre:fighting #compatibility:superfamicom>lorom #search:keyword>endorsed #lang:ja,1889
#players:2:vs #genre:fighting #compatibility:superfamicom>lorom #search:keyword>endorsed #lang:ja #unfinished:beta,1890
#players:2:vs #genre:fighting #embedded:backup>battery #save:backup:password #compatibility:superfamicom>hirom #lang:ja,1891
#players:2:vs #genre:fighting #embedded:backup>battery #save:backup:password #compatibility:superfamicom>hirom #lang:ja #rev:1,1892
#players:2:vs #genre:fighting #embedded:chip>dsp1b #compatibility:superfamicom>hirom #lang:en,1893
#players:2:vs #genre:fighting #embedded:chip>dsp1b #compatibility:superfamicom>hirom #lang:en #unfinished:beta,1894
#players:2:vs #genre:fighting #embedded:chip>dsp1b #compatibility:superfamicom>hirom #lang:en #unfinished:sample,1895
#players:2:vs #genre:fighting #embedded:chip>sa1 #compatibility:superfamicom>lorom #based:manganime #lang:fr,1896
#players:2:vs #genre:fighting #embedded:chip>sa1 #compatibility:superfamicom>lorom #based:manganime #lang:ja,1897
#players:2:vs #genre:fighting #embedded:chip>sdd1 #compatibility:superfamicom>lorom #port:arcade #lang:en,1898
#players:2:vs #genre:fighting #embedded:chip>sdd1 #compatibility:superfamicom>lorom #port:arcade #lang:en #unfinished:beta,1899
#players:2:vs #genre:fighting #embedded:chip>sdd1 #compatibility:superfamicom>lorom #port:arcade #lang:ja,1900
#players:2:vs #genre:fighting #save:password #compatibility:superfamicom>hirom #based:manganime #lang:ja,1901
#players:2:vs #genre:fighting #save:password #compatibility:superfamicom>hirom #search:keyword>endorsed #lang:ja,1902
#players:2:vs #genre:fighting #save:password #compatibility:superfamicom>hirom #search:keyword>endorsed #lang:ja #unfinished:beta,1903
#players:2:vs #genre:fighting #save:password #compatibility:superfamicom>lorom #lang:en,1904
#players:2:vs #genre:fighting #save:password #compatibility:superfamicom>lorom #lang:ja,1905
#players:2:vs #genre:fighting #save:password #compatibility:superfamicom>lorom #lang:ja #rerelease:switchonline,1906
#players:2:vs #genre:fighting #save:password #compatibility:superfamicom>lorom #port:sega>megadrive #lang:en,1907
#players:2:vs #genre:fighting #save:password #compatibility:superfamicom>lorom #port:sega>megadrive #lang:en #unfinished:beta,1908
#players:2:vs #genre:fighting #save:password #compatibility:superfamicom>lorom #port:sega>megadrive #lang:en:fr:de,1909
#players:2:vs #genre:fighting #save:password #compatibility:superfamicom>lorom #port:sega>megadrive #lang:ja,1910
#players:2:vs #genre:fighting #save:password #compatibility:superfamicom>lorom #port:sega>megadrive #reboxed #lang:en:fr:de,1911
#players:2:vs #genre:fighting:action>hackandslash #compatibility:superfamicom>lorom #lang:en,1912
#players:2:vs #genre:fighting:action>hackandslash #compatibility:superfamicom>lorom #lang:ja,1913
#players:2:vs #genre:fighting:adventure>text #compatibility:superfamicom>lorom #based:manganime #lang:ja,1914
#players:2:vs #genre:fighting:rhythm>karaoke #compatibility:superfamicom>hirom #port:arcade #lang:en,1915
#players:2:vs #genre:fighting:rhythm>karaoke #compatibility:superfamicom>hirom #port:arcade #lang:en #unfinished:beta,1916
#players:2:vs #genre:fighting:rhythm>karaoke #compatibility:superfamicom>hirom #port:arcade #lang:ja,1917
#players:2:vs #genre:fighting:sports>boxing #compatibility:superfamicom>lorom #based:manganime #lang:ja,1918
#players:2:vs #genre:fighting:sports>boxing #embedded:backup>battery #save:backup #compatibility:superfamicom>lorom #search:keyword>endorsed #lang:en,1919
#players:2:vs #genre:fighting:sports>boxing #embedded:backup>battery #save:backup #compatibility:superfamicom>lorom #search:keyword>endorsed #lang:es,1920
#players:2:vs #genre:fighting:sports>boxing #embedded:backup>battery #save:backup #compatibility:superfamicom>lorom #search:keyword>endorsed #lang:es #unfinished:beta,1921
#players:2:vs #genre:fighting:sports>boxing #save:password #compatibility:superfamicom>lorom #lang:en,1922
#players:2:vs #genre:fighting:sports>boxing #save:password #compatibility:superfamicom>lorom #lang:en #unfinished:sample,1923
#players:2:vs #genre:fighting:sports>boxing #save:password #compatibility:superfamicom>lorom #search:keyword>brand #lang:en,1924
#players:2:vs #genre:fighting:sports>boxing #save:password #compatibility:superfamicom>lorom #search:keyword>brand #lang:en #unfinished:beta,1925
#players:2:vs #genre:fighting:sports>boxing #save:password #compatibility:superfamicom>lorom #search:keyword>endorsed #lang:es,1926
#players:2:vs #genre:fighting:sports>boxing #save:password #compatibility:superfamicom>lorom #search:keyword>endorsed #lang:ja,1927
#players:2:vs #genre:fighting:sports>boxing #save:password #compatibility:superfamicom>lorom #search:keyword>endorsed>brand #port:sega>megadrive #lang:en,1928
#players:2:vs #genre:fighting:sports>boxing #save:password #compatibility:superfamicom>lorom #search:keyword>endorsed>brand #port:sega>megadrive #lang:en #rev:1,1929
#players:2:vs #genre:fighting:sports>boxing #save:password #compatibility:superfamicom>lorom #search:keyword>endorsed>promo>brand #port:sega>megadrive #lang:en,1930
#players:2:vs #genre:fighting:sports>kickboxing #compatibility:superfamicom>lorom #port:commodore>amiga #lang:en,1931
#players:2:vs #genre:fighting:sports>kickboxing #compatibility:superfamicom>lorom #port:commodore>amiga #lang:en #unfinished:beta>1,1932
#players:2:vs #genre:fighting:sports>kickboxing #compatibility:superfamicom>lorom #port:commodore>amiga #lang:en #unfinished:beta>2,1933
#players:2:vs #genre:fighting:sports>sumo #embedded:backup>battery #save:backup #compatibility:superfamicom>lorom #lang:ja,1934
#players:2:vs #genre:fighting:sports>sumo #save:password #compatibility:superfamicom>lorom #lang:ja,1935
#players:2:vs #genre:fighting:sports>sumo #save:password #compatibility:superfamicom>lorom #lang:ja #unfinished:beta,1936
#players:2:vs #genre:fighting:sports>taekwondo #save:password #compatibility:superfamicom>lorom #lang:ja:ko,1937
#players:2:vs #genre:fighting:sports>taekwondo #save:password #compatibility:superfamicom>lorom #lang:ko,1938
#players:2:vs #genre:fighting:sports>wrestling #compatibility:superfamicom>hirom #search:keyword>official #port:arcade #lang:en,1939
#players:2:vs #genre:fighting:sports>wrestling #compatibility:superfamicom>hirom #search:keyword>official #port:arcade #lang:en #unfinished:beta,1940
#players:2:vs #genre:fighting:sports>wrestling #compatibility:superfamicom>lorom #based:manganime #lang:ja,1941
#players:2:vs #genre:fighting:sports>wrestling #compatibility:superfamicom>lorom #port:arcade #lang:en,1942
#players:2:vs #genre:fighting:sports>wrestling #compatibility:superfamicom>lorom #port:arcade #lang:ja,1943
#players:2:vs #genre:fighting:sports>wrestling #compatibility:superfamicom>lorom #search:keyword>official #lang:en,1944
#players:2:vs #genre:fighting:sports>wrestling #compatibility:superfamicom>lorom #search:keyword>official #lang:en #rev:1,1945
#players:2:vs #genre:fighting:sports>wrestling #embedded:backup>battery #save:backup #compatibility:superfamicom>lorom #lang:ja,1946
#players:2:vs #genre:fighting:sports>wrestling #embedded:backup>battery #save:backup:password #compatibility:superfamicom>lorom #search:keyword>endorsed>official #lang:ja,1947
#players:2:vs #genre:fighting:sports>wrestling>mma #compatibility:superfamicom>lorom #search:keyword>official>endorsed #lang:ja,1948
#players:2:vs #genre:minigames:parlor>mogurataiji:sim>derby #compatibility:superfamicom>lorom #lang:ja,1949
#players:2:vs #genre:minigames:parlor>mogurataiji:sim>derby #compatibility:superfamicom>lorom #lang:ja #unfinished:beta,1950
#players:2:vs #genre:minigames:shooting>gallery:puzzle>drop:parlor>mogurataiji #addon:lightgun>superscope #compatibility:superfamicom>lorom #search:feature>mario #lang:en,1951
#players:2:vs #genre:parlor>billiards #compatibility:superfamicom>lorom #port:arcade #lang:en,1952
#players:2:vs #genre:parlor>jackpot #save:password #compatibility:superfamicom>lorom #lang:ja,1953
#players:2:vs #genre:parlor>pachinko #compatibility:superfamicom>lorom #search:feature>compatihero>gundam #lang:ja,1954
#players:2:vs #genre:parlor>pachinko #save:password #compatibility:superfamicom>lorom #lang:ja,1955
#players:2:vs #genre:puzzle #addon:mouse>sfc #compatibility:superfamicom>lorom #based:manganime #lang:ja,1956
#players:2:vs #genre:puzzle #addon:mouse>sfc #save:password #compatibility:superfamicom>lorom #lang:ja,1957
#players:2:vs #genre:puzzle #addon:mouse>sfc #save:password #compatibility:superfamicom>lorom #port:sega>saturn #lang:ja,1958
#players:2:vs #genre:puzzle #addon:mouse>sfc #save:password #compatibility:superfamicom>lorom #port:sega>saturn #lang:ja #rev:1,1959
#players:2:vs #genre:puzzle #addon:online>xband #save:password #compatibility:superfamicom>lorom #lang:ja,1960
#players:2:vs #genre:puzzle #addon:online>xband #save:password #compatibility:superfamicom>lorom #lang:ja #rerelease:virtualconsole:switchonline,1961
#players:2:vs #genre:puzzle #compatibility:superfamicom>lorom #based:manganime #search:feature>gundam #lang:ja,1962
#players:2:vs #genre:puzzle #embedded:backup>battery #save:backup #compatibility:superfamicom>hirom>np #lang:ja,1963
#players:2:vs #genre:puzzle #embedded:backup>battery #save:backup #compatibility:superfamicom>hirom>np #lang:ja #rev:1,1964
#players:2:vs #genre:puzzle #embedded:backup>battery #save:backup #compatibility:superfamicom>lorom #port:sony>playstation #lang:ja,1965
#players:2:vs #genre:puzzle #save:password #compatibility:superfamicom>lorom #based:manganime #lang:ja,1966
#players:2:vs #genre:puzzle #save:password #compatibility:superfamicom>lorom #lang:en,1967
#players:2:vs #genre:puzzle #save:password #compatibility:superfamicom>lorom #lang:en #unfinished:proto,1968
#players:2:vs #genre:puzzle #save:password #compatibility:superfamicom>lorom #lang:ja:en,1969
#players:2:vs #genre:puzzle #save:password #compatibility:superfamicom>lorom #port:arcade #lang:ja,1970
#players:2:vs #genre:puzzle:action #embedded:backup>battery #save:backup #compatibility:superfamicom>hirom #search:feature>mario #multigame:compilation>wreckingcrew>wreckingcrew98 #port:nintendo>famicom #lang:ja,1971
#players:2:vs #genre:puzzle:action #save:password #compatibility:superfamicom>lorom #lang:ja,1972
#players:2:vs #genre:puzzle:action #save:password #compatibility:superfamicom>lorom #port:commodore>amiga #lang:en,1973
#players:2:vs #genre:puzzle:action #save:password #compatibility:superfamicom>lorom #port:commodore>amiga #lang:en #rev:1,1974
#players:2:vs #genre:puzzle:sim>farm #compatibility:superfamicom>hirom #lang:ja,1975
#players:2:vs #genre:puzzle:sim>farm #compatibility:superfamicom>hirom #lang:ja #unfinished:beta,1976
#players:2:vs #genre:puzzle:sports>golf #embedded:backup>battery #save:backup #compatibility:superfamicom>lorom #lang:en,1977
#players:2:vs #genre:puzzle:sports>golf #embedded:backup>battery #save:backup #compatibility:superfamicom>lorom #lang:en #rerelease:virtualconsole,1978
#players:2:vs #genre:puzzle:sports>golf #embedded:backup>battery #save:backup #compatibility:superfamicom>lorom #lang:en #rerelease:virtualconsole:switchonline,1979
#players:2:vs #genre:puzzle:sports>golf #embedded:backup>battery #save:backup #compatibility:superfamicom>lorom #lang:en #unfinished:beta,1980
#players:2:vs #genre:puzzle:sports>golf #embedded:backup>battery #save:backup #compatibility:superfamicom>lorom #lang:ja,1981
#players:2:vs #genre:puzzle:sports>golf #embedded:backup>battery #save:backup #compatibility:superfamicom>lorom #lang:ja #rerelease:virtualconsole:switchonline,1982
#players:2:vs #genre:puzzle>drop #addon:mouse>sfc #compatibility:superfamicom>lorom #port:pc #search:keyword>endorsed #lang:en,1983
#players:2:vs #genre:puzzle>drop #addon:online>xband #compatibility:superfamicom>lorom #port:msx>2 #lang:en,1984
#players:2:vs #genre:puzzle>drop #compatibility:superfamicom>hirom #lang:ja,1985
#players:2:vs #genre:puzzle>drop #compatibility:superfamicom>hirom #port:arcade #lang:en #rerelease:switchonline,1986
#players:2:vs #genre:puzzle>drop #compatibility:superfamicom>hirom #port:arcade #lang:ja,1987
#players:2:vs #genre:puzzle>drop #compatibility:superfamicom>hirom #port:arcade #search:keyword>promo #lang:ja,1988
#players:2:vs #genre:puzzle>drop #compatibility:superfamicom>lorom #based:manganime #lang:ja,1989
#players:2:vs #genre:puzzle>drop #compatibility:superfamicom>lorom #lang:en,1990
#players:2:vs #genre:puzzle>drop #compatibility:superfamicom>lorom #lang:ja,1991
#players:2:vs #genre:puzzle>drop #compatibility:superfamicom>lorom #lang:ja #unfinished:beta,1992
#players:2:vs #genre:puzzle>drop #compatibility:superfamicom>lorom #multigame:compilation>tetris>drmario #port:nintendo>famicom #search:feature>mario #lang:en,1993
#players:2:vs #genre:puzzle>drop #compatibility:superfamicom>lorom #multigame:compilation>tetris>drmario #port:nintendo>famicom #search:feature>mario #reboxed:classicserie #lang:en,1994
#players:2:vs #genre:puzzle>drop #compatibility:superfamicom>lorom #multigame:compilation>tetris>drmario #port:nintendo>famicom #search:feature>mario #reboxed:playerschoice #lang:en,1995
#players:2:vs #genre:puzzle>drop #compatibility:superfamicom>lorom #port:arcade #lang:en,1996
#players:2:vs #genre:puzzle>drop #compatibility:superfamicom>lorom #port:arcade #lang:en #rev:1,1997
#players:2:vs #genre:puzzle>drop #compatibility:superfamicom>lorom #port:arcade #lang:ja,1998
#players:2:vs #genre:puzzle>drop #compatibility:superfamicom>lorom #port:msx>2 #lang:en,1999
#players:2:vs #genre:puzzle>drop #compatibility:superfamicom>lorom #port:msx>2 #lang:ja,2000
#players:2:vs #genre:puzzle>drop #compatibility:superfamicom>lorom #port:msx>2 #lang:ja #rev:1,2001
#players:2:vs #genre:puzzle>drop #compatibility:superfamicom>lorom #port:msx>2 #lang:ja #rev:2,2002
#players:2:vs #genre:puzzle>drop #compatibility:superfamicom>lorom #port:nintendo>famicom #lang:en,2003
#players:2:vs #genre:puzzle>drop #compatibility:superfamicom>lorom #port:nintendo>famicom #reboxed:playerschoice #lang:en #rev:1,2004
#players:2:vs #genre:puzzle>drop #compatibility:superfamicom>lorom #port:nintendo>gameboy #lang:ja,2005
#players:2:vs #genre:puzzle>drop #compatibility:superfamicom>lorom #search:feature>kuniokun #lang:ja,2006
#players:2:vs #genre:puzzle>drop #compatibility:superfamicom>lorom #search:feature>kuniokun #lang:ja #unfinished:beta,2007
#players:2:vs #genre:puzzle>drop #compatibility:superfamicom>lorom #search:keyword>endorsed #lang:en,2008
#players:2:vs #genre:puzzle>drop #compatibility:superfamicom>lorom #search:keyword>endorsed #lang:ja,2009
#players:2:vs #genre:puzzle>drop #compatibility:superfamicom>lorom>np #search:feature>mario #port:nintendo>famicom #lang:en,2010
#players:2:vs #genre:puzzle>drop #embedded:backup>battery #save:backup #compatibility:superfamicom>hirom>np #port:arcade #lang:ja,2011
#players:2:vs #genre:puzzle>drop #embedded:backup>battery #save:backup #compatibility:superfamicom>lorom #lang:en,2012
#players:2:vs #genre:puzzle>drop #embedded:backup>battery #save:backup #compatibility:superfamicom>lorom #lang:ja,2013
#players:2:vs #genre:puzzle>drop #embedded:backup>battery #save:backup #compatibility:superfamicom>lorom #lang:ja #unfinished:beta,2014
#players:2:vs #genre:puzzle>drop #embedded:backup>battery #save:backup #compatibility:superfamicom>lorom #multigame #port:nintendo>famicom #lang:en,2015
#players:2:vs #genre:puzzle>drop #embedded:backup>battery #save:backup #compatibility:superfamicom>lorom #multigame #port:nintendo>famicom #lang:en #rev:1,2016
#players:2:vs #genre:puzzle>drop #embedded:backup>battery #save:backup #compatibility:superfamicom>lorom #multigame #port:nintendo>famicom #search:keyword>promo #lang:en,2017
#players:2:vs #genre:puzzle>drop #embedded:backup>battery #save:backup #compatibility:superfamicom>lorom #port:nintendo>famicom #lang:en,2018
#players:2:vs #genre:puzzle>drop #embedded:backup>battery #save:backup #compatibility:superfamicom>lorom #port:nintendo>gameboy #lang:ja,2019
#players:2:vs #genre:puzzle>drop #save:password #compatibility:superfamicom>lorom #based:manganime #lang:ja,2020
#players:2:vs #genre:puzzle>drop #save:password #compatibility:superfamicom>lorom #port:arcade #lang:ja,2021
#players:2:vs #genre:puzzle>drop #save:password #compatibility:superfamicom>lorom #search:feature>pacman #lang:en,2022
#players:2:vs #genre:puzzle>drop:board>jankenpon #compatibility:superfamicom>lorom #based:manganime #lang:ja,2023
#players:2:vs #genre:puzzle>drop:sports>baseball #embedded:backup>battery #save:backup #compatibility:superfamicom>lorom #search:keyword>official #lang:ja,2024
#players:2:vs #genre:puzzle>drop:sports>baseball #embedded:backup>battery #save:backup #compatibility:superfamicom>lorom #search:keyword>official #lang:ja #unfinished:beta,2025
#players:2:vs #genre:puzzle>drop>mind #compatibility:superfamicom>lorom #search:feature>mario #port:nintendo>famicom #lang:en,2026
#players:2:vs #genre:puzzle>drop>mind #compatibility:superfamicom>lorom #search:feature>mario #port:nintendo>famicom #lang:en #unfinished:beta,2027
#players:2:vs #genre:quiz #compatibility:superfamicom>lorom #based #lang:en,2028
#players:2:vs #genre:quiz #compatibility:superfamicom>lorom #port:arcade #lang:ja,2029
#players:2:vs #genre:quiz #embedded:backup>battery #save:backup #compatibility:superfamicom>lorom #lang:ja,2030
#players:2:vs #genre:racing #compatibility:superfamicom>lorom #lang:en,2031
#players:2:vs #genre:racing #compatibility:superfamicom>lorom #lang:ja,2032
#players:2:vs #genre:racing #compatibility:superfamicom>lorom #port:arcade #lang:en,2033
#players:2:vs #genre:racing #embedded:backup>battery #compatibility:superfamicom>lorom #lang:en #unfinished:proto,2034
#players:2:vs #genre:racing #embedded:backup>battery #save:backup #compatibility:superfamicom>lorom #lang:en,2035
#players:2:vs #genre:racing #embedded:backup>battery #save:backup #compatibility:superfamicom>lorom #lang:en #unfinished:beta,2036
#players:2:vs #genre:racing #embedded:backup>battery #save:backup #compatibility:superfamicom>lorom #search:keyword>brand #lang:ja,2037
#players:2:vs #genre:racing #embedded:chip>sfx1:backup>battery #save:backup #compatibility:superfamicom>lorom #lang:en,2038
#players:2:vs #genre:racing #save:password #compatibility:superfamicom>lorom #lang:en,2039
#players:2:vs #genre:racing #save:password #compatibility:superfamicom>lorom #lang:en:fr:de:es:pt,2040
#players:2:vs #genre:racing #save:password #compatibility:superfamicom>lorom #lang:en:fr:de:es:pt #unfinished:proto,2041
#players:2:vs #genre:racing:action #save:password #compatibility:superfamicom>lorom #based:manganime #lang:en,2042
#players:2:vs #genre:racing:action #save:password #compatibility:superfamicom>lorom #based:manganime #lang:en #unfinished:beta,2043
#players:2:vs #genre:racing:brawler #compatibility:superfamicom>lorom #lang:ja,2044
#players:2:vs #genre:racing:sports>formula1 #compatibility:superfamicom>lorom #lang:en,2045
#players:2:vs #genre:racing:sports>formula1 #compatibility:superfamicom>lorom #search:keyword>endorsed>official #lang:ja,2046
#players:2:vs #genre:racing:sports>formula1 #embedded:backup>battery #save:backup #compatibility:superfamicom>lorom #search:keyword>endorsed>official #lang:en,2047
#players:2:vs #genre:racing:sports>formula1 #embedded:backup>battery #save:backup #compatibility:superfamicom>lorom #search:keyword>official #lang:en,2048
#players:2:vs #genre:racing:sports>formula1 #embedded:backup>battery #save:backup #compatibility:superfamicom>lorom #search:keyword>official #lang:en #unfinished:beta,2049
#players:2:vs #genre:racing:sports>formula1 #embedded:chip>dsp1 #save:password #compatibility:superfamicom>hirom #search:keyword>endorsed #lang:en,2050
#players:2:vs #genre:racing:sports>formula1 #embedded:chip>dsp1 #save:password #compatibility:superfamicom>hirom #search:keyword>endorsed #lang:en #unfinished:sample,2051
#players:2:vs #genre:racing:sports>formula1 #embedded:chip>dsp1 #save:password #compatibility:superfamicom>hirom #search:keyword>endorsed #lang:ja,2052
#players:2:vs #genre:racing:sports>formula1 #embedded:chip>dsp1:backup>battery #save:backup #compatibility:superfamicom>hirom #search:keyword>official #lang:ja,2053
#players:2:vs #genre:racing:sports>formula1 #embedded:chip>dsp1:backup>battery #save:backup #compatibility:superfamicom>hirom #search:keyword>official>endorsed #lang:ja,2054
#players:2:vs #genre:racing:sports>formula1 #save:password #compatibility:superfamicom>lorom #search:keyword>endorsed>official #lang:en,2055
#players:2:vs #genre:racing:sports>formula1 #save:password #compatibility:superfamicom>lorom #search:keyword>endorsed>official #lang:en #rev:1,2056
#players:2:vs #genre:racing:sports>formula1 #save:password #compatibility:superfamicom>lorom #search:keyword>endorsed>official #lang:en #unfinished:beta,2057
#players:2:vs #genre:racing:sports>formula1 #save:password #compatibility:superfamicom>lorom #search:keyword>official #lang:en,2058
#players:2:vs #genre:racing:sports>formula1 #save:password #compatibility:superfamicom>lorom #search:keyword>official>brand>endorsed #lang:en,2059
#players:2:vs #genre:racing:sports>formula1>karting #save:password #compatibility:superfamicom>lorom #search:keyword>endorsed #lang:en,2060
#players:2:vs #genre:racing:sports>motocross #embedded:chip>sfx1 #save:password #compatibility:superfamicom>lorom #lang:en,2061
#players:2:vs #genre:racing:sports>motogp #compatibility:superfamicom>hirom #lang:en,2062
#players:2:vs #genre:racing:sports>motogp #compatibility:superfamicom>lorom #lang:en,2063
#players:2:vs #genre:racing:sports>motogp #compatibility:superfamicom>lorom #search:keyword>brand #lang:en,2064
#players:2:vs #genre:racing:sports>motogp #embedded:backup>battery #save:backup #compatibility:superfamicom>lorom #lang:ja,2065
#players:2:vs #genre:racing:sports>motogp #embedded:backup>battery #save:backup #compatibility:superfamicom>lorom #lang:ja #unfinished:beta,2066
#players:2:vs #genre:racing:sports>motogp #embedded:chip>dsp1 #save:password #compatibility:superfamicom>hirom #lang:en,2067
#players:2:vs #genre:racing:sports>motogp #embedded:chip>dsp1:backup>battery #save:backup #compatibility:superfamicom>hirom #lang:en,2068
#players:2:vs #genre:racing:sports>motogp>jetski #compatibility:superfamicom>lorom #search:keyword>brand #lang:en,2069
#players:2:vs #genre:racing:sports>nascar #embedded:backup>battery #save:backup #compatibility:superfamicom>lorom #based #lang:en,2070
#players:2:vs #genre:racing:sports>nascar #embedded:backup>battery #save:backup #compatibility:superfamicom>lorom #based #lang:en #unfinished:beta,2071
#players:2:vs #genre:racing:sports>nascar #save:password #compatibility:superfamicom>hirom #lang:en,2072
#players:2:vs #genre:racing:sports>nascar #save:password #compatibility:superfamicom>hirom #search:keyword>endorsed #lang:en,2073
#players:2:vs #genre:racing>combat #addon:online>xband #embedded:chip>dsp1:backup>battery #save:backup #compatibility:superfamicom>hirom #search:feature>mario #lang:en,2074
#players:2:vs #genre:racing>combat #addon:online>xband #embedded:chip>dsp1a:backup>battery #save:backup #compatibility:superfamicom>hirom #search:feature>mario #lang:en,2075
#players:2:vs #genre:racing>combat #addon:online>xband #embedded:chip>dsp1b:backup>battery #save:backup #compatibility:superfamicom>hirom #search:feature>mario #lang:ja,2076
#players:2:vs #genre:racing>combat #addon:online>xband #embedded:chip>dsp1b:backup>battery #save:backup #compatibility:superfamicom>hirom #search:feature>mario #reboxed:classicserie #lang:en,2077
#players:2:vs #genre:racing>combat #addon:online>xband #embedded:chip>dsp1b:backup>battery #save:backup #compatibility:superfamicom>hirom #search:feature>mario #reboxed:playerschoice #lang:en,2078
#players:2:vs #genre:racing>combat #compatibility:superfamicom>lorom #lang:en,2079
#players:2:vs #genre:racing>combat #compatibility:superfamicom>lorom #port:arcade #lang:en,2080
#players:2:vs #genre:racing>combat #compatibility:superfamicom>lorom #port:arcade #lang:en #unfinished:beta,2081
#players:2:vs #genre:racing>combat #embedded:backup>battery #compatibility:superfamicom>lorom #based #lang:en #unfinished:proto,2082
#players:2:vs #genre:racing>combat #embedded:backup>battery #save:backup #compatibility:superfamicom>lorom #lang:ja,2083
#players:2:vs #genre:racing>combat #embedded:backup>battery:chip>dsp1 #save:backup #compatibility:superfamicom>hirom #based:manganime #search:feature>gundam>compatihero #lang:ja,2084
#players:2:vs #genre:racing>combat #embedded:chip>dsp1:backup>battery #save:backup #compatibility:superfamicom>hirom #lang:ja,2085
#players:2:vs #genre:racing>combat #embedded:chip>dsp1b:backup>battery #save:backup #compatibility:superfamicom>hirom #search:feature>mario #lang:en #unfinished:beta,2086
#players:2:vs #genre:racing>combat #embedded:chip>dsp1b:backup>battery #save:backup #compatibility:superfamicom>hirom #search:feature>mario #lang:ja #unfinished:beta,2087
#players:2:vs #genre:racing>combat #embedded:chip>sa1:backup>battery #save:backup #compatibility:superfamicom>lorom #based #lang:en,2088
#players:2:vs #genre:racing>combat #save:password #compatibility:superfamicom>lorom #based #lang:en,2089
#players:2:vs #genre:racing>combat #save:password #compatibility:superfamicom>lorom #based #lang:en #unfinished:sample,2090
#players:2:vs #genre:racing>combat #save:password #compatibility:superfamicom>lorom #lang:en,2091
#players:2:vs #genre:racing>combat #save:password #compatibility:superfamicom>lorom #lang:en #unfinished:beta,2092
#players:2:vs #genre:racing>combat #save:password #compatibility:superfamicom>lorom #lang:en #unfinished:beta>1,2093
#players:2:vs #genre:racing>combat #save:password #compatibility:superfamicom>lorom #lang:en #unfinished:beta>2,2094
#players:2:vs #genre:racing>combat #save:password #compatibility:superfamicom>lorom #lang:ja,2095
#players:2:vs #genre:racing>combat:sports>formula1 #embedded:chip>sa1:backup>battery #save:backup #compatibility:superfamicom>lorom #search:keyword>official #lang:ja,2096
#players:2:vs #genre:racing>combat:sports>formula1 #embedded:chip>sa1:backup>battery #save:backup #compatibility:superfamicom>lorom #search:keyword>official #lang:ja #unfinished:sample,2097
#players:2:vs #genre:racing>combat:sports>motogp>jetski #save:password #compatibility:superfamicom>lorom #lang:en,2098
#players:2:vs #genre:racing>combat:sports>motogp>jetski #save:password #compatibility:superfamicom>lorom #lang:en #unfinished:beta,2099
#players:2:vs #genre:rpg>j #embedded:chip>spc7110>rtc:backup>battery #save:backup #compatibility:superfamicom>hirom #lang:ja,2100
#players:2:vs #genre:rpg>j #embedded:chip>spc7110>rtc:backup>battery #save:backup #compatibility:superfamicom>hirom #search:keyword>promo #lang:ja,2101
#players:2:vs #genre:shooting>fps #compatibility:superfamicom>lorom #lang:en,2102
#players:2:vs #genre:shooting>fps #compatibility:superfamicom>lorom #port:atari>atarist #lang:en,2103
#players:2:vs #genre:shooting>tps #embedded:chip>dsp1 #save:password #compatibility:superfamicom>hirom #based:manganime #lang:ja,2104
#players:2:vs #genre:sim:adventure:sports>soccer #save:password #compatibility:superfamicom>lorom #based:manganime #lang:ja,2105
#players:2:vs #genre:sim:fighting #compatibility:superfamicom>lorom #based:manganime #lang:en #unlicensed:bootleg,2106
#players:2:vs #genre:sim:fighting #compatibility:superfamicom>lorom #based:manganime #lang:ja,2107
#players:2:vs #genre:sim:sports>baseball #embedded:backup>battery #save:backup #compatibility:superfamicom>lorom #search:keyword>official #lang:ja,2108
#players:2:vs #genre:sim:sports>soccer #embedded:backup>battery #save:backup #compatibility:superfamicom>lorom #search:keyword>endorsed #lang:de,2109
#players:2:vs #genre:sim:sports>soccer #embedded:backup>battery #save:backup #compatibility:superfamicom>lorom #search:keyword>endorsed #lang:de #unfinished:sample,2110
#players:2:vs #genre:sim:sports>soccer #embedded:backup>battery #save:backup #compatibility:superfamicom>lorom #search:keyword>endorsed #lang:en,2111
#players:2:vs #genre:sim:sports>soccer #embedded:backup>battery #save:backup #compatibility:superfamicom>lorom #search:keyword>endorsed #lang:en #unfinished:sample,2112
#players:2:vs #genre:sim>fishing #save:password #compatibility:superfamicom>lorom #search:keyword>endorsed #lang:ja,2113
#players:2:vs #genre:sim>flight:adventure:parlor>billiards #compatibility:superfamicom>lorom #based #lang:de,2114
#players:2:vs #genre:sim>flight:adventure:parlor>billiards #compatibility:superfamicom>lorom #based #lang:en,2115
#players:2:vs #genre:sim>flight:shooting>tps #embedded:chip>dsp1 #save:password #compatibility:superfamicom>hirom #lang:en,2116
#players:2:vs #genre:sim>flight>strategy:shooting>tps #compatibility:superfamicom>lorom #lang:en,2117
#players:2:vs #genre:sim>strategy #addon:link>bb2interface #embedded:backup>battery #save:backup #compatibility:superfamicom>hirom #lang:ja,2118
#players:2:vs #genre:sim>strategy #addon:mouse>sfc #save:password #compatibility:superfamicom>lorom #port:commodore>amiga #lang:en,2119
#players:2:vs #genre:sim>strategy #embedded:backup>battery #save:backup #compatibility:superfamicom>hirom #lang:ja,2120
#players:2:vs #genre:sim>strategy #embedded:backup>battery #save:backup #compatibility:superfamicom>hirom #port:nec>pc88 #lang:en,2121
#players:2:vs #genre:sim>strategy #embedded:backup>battery #save:backup #compatibility:superfamicom>hirom #port:nec>pc88 #lang:ja,2122
#players:2:vs #genre:sim>strategy #embedded:backup>battery #save:backup #compatibility:superfamicom>hirom #port:nec>pc98 #lang:en,2123
#players:2:vs #genre:sim>strategy #embedded:backup>battery #save:backup #compatibility:superfamicom>hirom #port:nec>pc98 #lang:ja,2124
#players:2:vs #genre:sim>strategy #embedded:backup>battery #save:backup #compatibility:superfamicom>hirom #port:nec>pc98 #lang:ja #rev:1,2125
#players:2:vs #genre:sim>strategy #embedded:backup>battery #save:backup #compatibility:superfamicom>hirom #port:pc #lang:en,2126
#players:2:vs #genre:sim>strategy #embedded:backup>battery #save:backup #compatibility:superfamicom>hirom #port:pc #lang:ja,2127
#players:2:vs #genre:sim>strategy #embedded:backup>battery #save:backup #compatibility:superfamicom>lorom #based:manganime #lang:ja,2128
#players:2:vs #genre:sim>strategy #embedded:backup>battery #save:backup #compatibility:superfamicom>lorom #based:manganime #search:feature>gundam #lang:ja,2129
#players:2:vs #genre:sim>strategy #embedded:backup>battery #save:backup #compatibility:superfamicom>lorom #lang:en,2130
#players:2:vs #genre:sim>strategy #embedded:backup>battery #save:backup #compatibility:superfamicom>lorom #lang:ja,2131
#players:2:vs #genre:sim>strategy #embedded:backup>battery #save:backup #compatibility:superfamicom>lorom #port:nec>pc88 #lang:en,2132
#players:2:vs #genre:sim>strategy #embedded:backup>battery #save:backup #compatibility:superfamicom>lorom #port:nec>pc88 #lang:ja,2133
#players:2:vs #genre:sim>strategy #embedded:backup>battery #save:backup #compatibility:superfamicom>lorom #port:nec>pc98 #lang:en,2134
#players:2:vs #genre:sim>strategy #embedded:backup>battery #save:backup #compatibility:superfamicom>lorom #port:nec>pc98 #lang:ja,2135
#players:2:vs #genre:sim>strategy #embedded:backup>battery #save:backup #compatibility:superfamicom>lorom #port:nec>pc98 #lang:ja #rev:1,2136
#players:2:vs #genre:sim>strategy #embedded:chip>dsp3:backup>battery #save:backup #compatibility:superfamicom>lorom #based:manganime #search:feature>gundam #lang:ja,2137
#players:2:vs #genre:sim>strategy #save:password #compatibility:superfamicom>lorom #port:arcade #lang:en,2138
#players:2:vs #genre:sports>baseball #addon:online>xband #embedded:backup>battery #save:backup #compatibility:superfamicom>lorom #search:keyword>official>endorsed #lang:en,2139
#players:2:vs #genre:sports>baseball #addon:online>xband #embedded:backup>battery #save:backup #compatibility:superfamicom>lorom #search:keyword>official>endorsed #lang:en #rev:1,2140
#players:2:vs #genre:sports>baseball #compatibility:superfamicom>lorom #based #search:keyword>endorsed>official #lang:en,2141
#players:2:vs #genre:sports>baseball #compatibility:superfamicom>lorom #based #search:keyword>endorsed>official #lang:en #unfinished:beta,2142
#players:2:vs #genre:sports>baseball #compatibility:superfamicom>lorom #lang:en,2143
#players:2:vs #genre:sports>baseball #compatibility:superfamicom>lorom #lang:ja,2144
#players:2:vs #genre:sports>baseball #compatibility:superfamicom>lorom #port:arcade #lang:en,2145
#players:2:vs #genre:sports>baseball #compatibility:superfamicom>lorom #port:arcade #lang:en #unfinished:beta,2146
#players:2:vs #genre:sports>baseball #compatibility:superfamicom>lorom #search:keyword>endorsed #lang:en,2147
#players:2:vs #genre:sports>baseball #compatibility:superfamicom>lorom #search:keyword>endorsed #lang:en #unfinished:beta,2148
#players:2:vs #genre:sports>baseball #compatibility:superfamicom>lorom #search:keyword>official #lang:en,2149
#players:2:vs #genre:sports>baseball #compatibility:superfamicom>lorom #search:keyword>official #lang:ja,2150
#players:2:vs #genre:sports>baseball #embedded:backup>battery #save:backup #compatibility:superfamicom>hirom #search:feature>kuniokun #lang:ja,2151
#players:2:vs #genre:sports>baseball #embedded:backup>battery #save:backup #compatibility:superfamicom>hirom #search:keyword>official #lang:ja,2152
#players:2:vs #genre:sports>baseball #embedded:backup>battery #save:backup #compatibility:superfamicom>hirom #search:keyword>official #lang:ja #rev:1,2153
#players:2:vs #genre:sports>baseball #embedded:backup>battery #save:backup #compatibility:superfamicom>hirom #search:keyword>official #port:pc #lang:en,2154
#players:2:vs #genre:sports>baseball #embedded:backup>battery #save:backup #compatibility:superfamicom>hirom #search:keyword>official>endorsed #lang:en,2155
#players:2:vs #genre:sports>baseball #embedded:backup>battery #save:backup #compatibility:superfamicom>lorom #lang:en,2156
#players:2:vs #genre:sports>baseball #embedded:backup>battery #save:backup #compatibility:superfamicom>lorom #lang:en #unfinished:proto,2157
#players:2:vs #genre:sports>baseball #embedded:backup>battery #save:backup #compatibility:superfamicom>lorom #lang:ja,2158
#players:2:vs #genre:sports>baseball #embedded:backup>battery #save:backup #compatibility:superfamicom>lorom #lang:ja #rev:1,2159
#players:2:vs #genre:sports>baseball #embedded:backup>battery #save:backup #compatibility:superfamicom>lorom #search:keyword>endorsed>official #lang:ja,2160
#players:2:vs #genre:sports>baseball #embedded:backup>battery #save:backup #compatibility:superfamicom>lorom #search:keyword>endorsed>official>brand #lang:en,2161
#players:2:vs #genre:sports>baseball #embedded:backup>battery #save:backup #compatibility:superfamicom>lorom #search:keyword>official #lang:en,2162
#players:2:vs #genre:sports>baseball #embedded:backup>battery #save:backup #compatibility:superfamicom>lorom #search:keyword>official #lang:en #unfinished:beta,2163
#players:2:vs #genre:sports>baseball #embedded:backup>battery #save:backup #compatibility:superfamicom>lorom #search:keyword>official #lang:ja,2164
#players:2:vs #genre:sports>baseball #embedded:backup>battery #save:backup #compatibility:superfamicom>lorom #search:keyword>official #lang:ja #rev:1,2165
#players:2:vs #genre:sports>baseball #embedded:backup>battery #save:backup #compatibility:superfamicom>lorom #search:keyword>official #lang:ja #unfinished:beta,2166
#players:2:vs #genre:sports>baseball #embedded:backup>battery #save:backup #compatibility:superfamicom>lorom #search:keyword>official>rs #lang:ja,2167
#players:2:vs #genre:sports>baseball #embedded:backup>battery #save:backup #compatibility:superfamicom>lorom #search:keyword>official>rs #lang:ja #rev:1,2168
#players:2:vs #genre:sports>baseball #embedded:backup>battery #save:backup #compatibility:superfamicom>lorom #search:keyword>official>rs #lang:ja #rev:2,2169
#players:2:vs #genre:sports>baseball #embedded:backup>battery #save:backup:password #compatibility:superfamicom>lorom #lang:ja,2170
#players:2:vs #genre:sports>baseball #embedded:backup>battery #save:backup:password #compatibility:superfamicom>lorom #search:keyword>endorsed #lang:en,2171
#players:2:vs #genre:sports>baseball #embedded:chip>dsp1:backup>battery #save:backup #compatibility:superfamicom>lorom #lang:en,2172
#players:2:vs #genre:sports>baseball #embedded:chip>dsp1:backup>battery #save:backup #compatibility:superfamicom>lorom #lang:ja,2173
#players:2:vs #genre:sports>baseball #embedded:chip>dsp1:backup>battery #save:backup #compatibility:superfamicom>lorom #lang:ko,2174
#players:2:vs #genre:sports>baseball #embedded:chip>spc7110:backup>battery #save:backup #compatibility:superfamicom>hirom #search:keyword>official #lang:ja,2175
#players:2:vs #genre:sports>baseball #save:password #compatibility:superfamicom>hirom #port:arcade #lang:en,2176
#players:2:vs #genre:sports>baseball #save:password #compatibility:superfamicom>hirom #port:arcade #lang:ja,2177
#players:2:vs #genre:sports>baseball #save:password #compatibility:superfamicom>lorom #lang:ja,2178
#players:2:vs #genre:sports>baseball #save:password #compatibility:superfamicom>lorom #search:keyword>brand #lang:ja,2179
#players:2:vs #genre:sports>baseball #save:password #compatibility:superfamicom>lorom #search:keyword>endorsed #lang:en,2180
#players:2:vs #genre:sports>baseball #save:password #compatibility:superfamicom>lorom #search:keyword>endorsed #lang:en #rev:1,2181
#players:2:vs #genre:sports>baseball #save:password #compatibility:superfamicom>lorom #search:keyword>endorsed #lang:en #unfinished:beta,2182
#players:2:vs #genre:sports>baseball #save:password #compatibility:superfamicom>lorom #search:keyword>official #lang:en,2183
#players:2:vs #genre:sports>baseball #save:password #compatibility:superfamicom>lorom #search:keyword>official #lang:ja,2184
#players:2:vs #genre:sports>baseball #save:password #compatibility:superfamicom>lorom #search:keyword>official>rs #lang:ja,2185
#players:2:vs #genre:sports>baseball #save:password #compatibility:superfamicom>lorom #search:keyword>official>rs #lang:ja #rev:1,2186
#players:2:vs #genre:sports>baseball>football #save:password #compatibility:superfamicom>lorom #multigame #based #lang:en,2187
#players:2:vs #genre:sports>baseball>football #save:password #compatibility:superfamicom>lorom #multigame #based #lang:en #unfinished:beta>1,2188
#players:2:vs #genre:sports>baseball>football #save:password #compatibility:superfamicom>lorom #multigame #based #lang:en #unfinished:beta>2,2189
#players:2:vs #genre:sports>basketball #compatibility:superfamicom>lorom #based:manganime #lang:ja,2190
#players:2:vs #genre:sports>basketball #compatibility:superfamicom>lorom #based:manganime #search:keyword>promo #lang:ja #unfinished:sample,2191
#players:2:vs #genre:sports>basketball #compatibility:superfamicom>lorom #lang:en,2192
#players:2:vs #genre:sports>basketball #compatibility:superfamicom>lorom #search:keyword>endorsed #lang:en #unfinished:proto,2193
#players:2:vs #genre:sports>basketball #compatibility:superfamicom>lorom #search:keyword>official #lang:en,2194
#players:2:vs #genre:sports>basketball #compatibility:superfamicom>lorom #search:keyword>official #lang:en #unfinished:beta,2195
#players:2:vs #genre:sports>basketball #embedded:backup>battery #save:backup #compatibility:superfamicom>lorom #lang:en,2196
#players:2:vs #genre:sports>basketball #embedded:backup>battery #save:backup #compatibility:superfamicom>lorom #port:commodore>amiga #search:keyword>endorsed #lang:en,2197
#players:2:vs #genre:sports>basketball #embedded:backup>battery #save:backup #compatibility:superfamicom>lorom #search:keyword>official #lang:en,2198
#players:2:vs #genre:sports>basketball #embedded:backup>battery #save:backup #compatibility:superfamicom>lorom #search:keyword>official #lang:en #rev:1,2199
#players:2:vs #genre:sports>basketball #embedded:backup>battery #save:backup #compatibility:superfamicom>lorom #search:keyword>official #lang:en #unfinished:beta,2200
#players:2:vs #genre:sports>basketball #embedded:backup>battery #save:backup #compatibility:superfamicom>lorom>nss #search:keyword>official #lang:en,2201
#players:2:vs #genre:sports>basketball #save:password #compatibility:superfamicom>hirom #based:manganime #lang:ja,2202
#players:2:vs #genre:sports>basketball #save:password #compatibility:superfamicom>lorom #based:manganime #lang:ja,2203
#players:2:vs #genre:sports>basketball #save:password #compatibility:superfamicom>lorom #based:manganime #lang:ja #rev:1,2204
#players:2:vs #genre:sports>basketball #save:password #compatibility:superfamicom>lorom #lang:en,2205
#players:2:vs #genre:sports>basketball #save:password #compatibility:superfamicom>lorom #search:keyword>endorsed #lang:en,2206
#players:2:vs #genre:sports>decathlon:shooting>gallery:minigames #compatibility:superfamicom>hirom #search:keyword>official #lang:en,2207
#players:2:vs #genre:sports>decathlon:shooting>gallery:minigames #compatibility:superfamicom>hirom #search:keyword>official #lang:en #unfinished:beta,2208
#players:2:vs #genre:sports>dodgeball #compatibility:superfamicom>lorom #based:manganime #lang:ja,2209
#players:2:vs #genre:sports>dodgeball #compatibility:superfamicom>lorom #based:manganime #lang:ja #unfinished:sample,2210
#players:2:vs #genre:sports>dodgeball #embedded:backup>battery #save:backup #compatibility:superfamicom>lorom #based:manganime #search:feature>gundam>compatihero #lang:ja,2211
#players:2:vs #genre:sports>dodgeball #save:password #compatibility:superfamicom>hirom #based:manganime #search:feature>gundam>compatihero #lang:ja,2212
#players:2:vs #genre:sports>flyingdisc #save:password #compatibility:superfamicom>lorom #lang:ja,2213
#players:2:vs #genre:sports>football #compatibility:superfamicom>lorom #lang:en,2214
#players:2:vs #genre:sports>football #compatibility:superfamicom>lorom #port:sega>megadrive #lang:en,2215
#players:2:vs #genre:sports>football #compatibility:superfamicom>lorom #search:keyword>endorsed #port:sega>megadrive #lang:en,2216
#players:2:vs #genre:sports>football #embedded:backup>battery #compatibility:superfamicom>lorom #based #search:keyword>official #lang:en,2217
#players:2:vs #genre:sports>football #embedded:backup>battery #compatibility:superfamicom>lorom #based #search:keyword>official #lang:ja,2218
#players:2:vs #genre:sports>football #embedded:backup>battery #compatibility:superfamicom>lorom #lang:en #unfinished:proto,2219
#players:2:vs #genre:sports>football #embedded:backup>battery #save:backup #compatibility:superfamicom>lorom #based #search:keyword>official>endorsed #lang:en,2220
#players:2:vs #genre:sports>football #embedded:backup>battery #save:backup #compatibility:superfamicom>lorom #based #search:keyword>official>endorsed #lang:en #unfinished:beta,2221
#players:2:vs #genre:sports>football #embedded:backup>battery #save:backup #compatibility:superfamicom>lorom #port:nintendo>famicom #search:keyword>official #lang:en,2222
#players:2:vs #genre:sports>football #embedded:backup>battery #save:backup #compatibility:superfamicom>lorom #port:nintendo>famicom #search:keyword>official #lang:en #unfinished:beta,2223
#players:2:vs #genre:sports>football #embedded:backup>battery #save:backup #compatibility:superfamicom>lorom #search:keyword>endorsed #lang:en,2224
#players:2:vs #genre:sports>football #embedded:backup>battery #save:backup #compatibility:superfamicom>lorom #search:keyword>endorsed>official #lang:en,2225
#players:2:vs #genre:sports>football #embedded:backup>battery #save:backup #compatibility:superfamicom>lorom #search:keyword>official #lang:en,2226
#players:2:vs #genre:sports>football #save:password #compatibility:superfamicom>lorom #lang:en,2227
#players:2:vs #genre:sports>football #save:password #compatibility:superfamicom>lorom #lang:ja,2228
#players:2:vs #genre:sports>football #save:password #compatibility:superfamicom>lorom #search:keyword>endorsed #lang:en,2229
#players:2:vs #genre:sports>football #save:password #compatibility:superfamicom>lorom #search:keyword>endorsed #lang:en #rev:1,2230
#players:2:vs #genre:sports>football #save:password #compatibility:superfamicom>lorom #search:keyword>official #lang:en,2231
#players:2:vs #genre:sports>golf #embedded:backup>battery #save:backup #compatibility:superfamicom>lorom #lang:ja,2232
#players:2:vs #genre:sports>golf #save:password #compatibility:superfamicom>lorom #lang:en,2233
#players:2:vs #genre:sports>hockey #compatibility:superfamicom>lorom #port:arcade #lang:en,2234
#players:2:vs #genre:sports>hockey #embedded:backup>battery #save:backup #compatibility:superfamicom>lorom #lang:en,2235
#players:2:vs #genre:sports>hockey #embedded:backup>battery #save:backup #compatibility:superfamicom>lorom #lang:en #rev:1,2236
#players:2:vs #genre:sports>hockey #embedded:backup>battery #save:backup #compatibility:superfamicom>lorom #search:keyword>endorsed>official>brand #lang:en,2237
#players:2:vs #genre:sports>hockey #embedded:backup>battery #save:backup #compatibility:superfamicom>lorom #search:keyword>endorsed>official>brand #lang:en #unfinished:beta,2238
#players:2:vs #genre:sports>hockey #embedded:backup>battery #save:backup #compatibility:superfamicom>lorom #search:keyword>official #lang:en,2239
#players:2:vs #genre:sports>hockey #embedded:backup>battery #save:backup #compatibility:superfamicom>lorom #search:keyword>official #lang:en:fr,2240
#players:2:vs #genre:sports>hockey #embedded:backup>battery #save:password #compatibility:superfamicom>lorom #search:keyword>official #lang:en #unfinished:proto,2241
#players:2:vs #genre:sports>hockey #save:password #compatibility:superfamicom>lorom #lang:en,2242
#players:2:vs #genre:sports>hockey #save:password #compatibility:superfamicom>lorom #search:keyword>endorsed>official #lang:en,2243
#players:2:vs #genre:sports>rugby #embedded:backup>battery #save:backup #compatibility:superfamicom>lorom #lang:ja,2244
#players:2:vs #genre:sports>rugby #embedded:backup>battery #save:backup #compatibility:superfamicom>lorom #search:keyword>official #lang:ja,2245
#players:2:vs #genre:sports>rugby #save:password #compatibility:superfamicom>lorom #port:pc #lang:en,2246
#players:2:vs #genre:sports>rugby #save:password #compatibility:superfamicom>lorom #port:pc #search:keyword>endorsed #reboxed #lang:en,2247
#players:2:vs #genre:sports>skiing>snowboarding #save:password #compatibility:superfamicom>lorom #search:keyword>brand #lang:ja,2248
#players:2:vs #genre:sports>skiing>snowboarding #save:password #compatibility:superfamicom>lorom #search:keyword>endorsed #lang:en,2249
#players:2:vs #genre:sports>skiing>snowboarding #save:password #compatibility:superfamicom>lorom #search:keyword>endorsed #lang:en #rev:1,2250
#players:2:vs #genre:sports>skiing>snowboarding #save:password #compatibility:superfamicom>lorom #search:keyword>endorsed #lang:en #unfinished:beta,2251
#players:2:vs #genre:sports>soccer #compatibility:superfamicom>lorom #lang:ja,2252
#players:2:vs #genre:sports>soccer #compatibility:superfamicom>lorom #port:commodore>amiga #lang:en #unfinished:proto,2253
#players:2:vs #genre:sports>soccer #embedded:backup>battery #save:backup #compatibility:superfamicom>hirom #based:manganime #search:feature>gundam>compatihero #lang:ja,2254
#players:2:vs #genre:sports>soccer #embedded:backup>battery #save:backup #compatibility:superfamicom>hirom #lang:ja,2255
#players:2:vs #genre:sports>soccer #embedded:backup>battery #save:backup #compatibility:superfamicom>hirom #search:keyword>official>brand #lang:en #unfinished:beta,2256
#players:2:vs #genre:sports>soccer #embedded:backup>battery #save:backup #compatibility:superfamicom>hirom #search:keyword>official>brand #lang:en:fr:de:es:it:nl:pt:sv,2257
#players:2:vs #genre:sports>soccer #embedded:backup>battery #save:backup #compatibility:superfamicom>lorom #lang:en,2258
#players:2:vs #genre:sports>soccer #embedded:backup>battery #save:backup #compatibility:superfamicom>lorom #lang:en #unfinished:beta,2259
#players:2:vs #genre:sports>soccer #embedded:backup>battery #save:backup #compatibility:superfamicom>lorom #lang:ja,2260
#players:2:vs #genre:sports>soccer #embedded:backup>battery #save:backup #compatibility:superfamicom>lorom #port:commodore>amiga #lang:en,2261
#players:2:vs #genre:sports>soccer #embedded:backup>battery #save:backup #compatibility:superfamicom>lorom #port:commodore>amiga #lang:en:fr:de,2262
#players:2:vs #genre:sports>soccer #embedded:backup>battery #save:backup #compatibility:superfamicom>lorom #port:commodore>amiga #lang:en:fr:de:it,2263
#players:2:vs #genre:sports>soccer #embedded:backup>battery #save:backup #compatibility:superfamicom>lorom #port:commodore>amiga #lang:en:fr:de:it #rev:1,2264
#players:2:vs #genre:sports>soccer #embedded:backup>battery #save:backup #compatibility:superfamicom>lorom #port:commodore>amiga #lang:en:fr:de:it #unfinished:beta,2265
#players:2:vs #genre:sports>soccer #embedded:backup>battery #save:backup #compatibility:superfamicom>lorom #port:commodore>amiga #lang:ja,2266
#players:2:vs #genre:sports>soccer #embedded:backup>battery #save:backup #compatibility:superfamicom>lorom #search:feature>pacman:keyword>official #lang:ja,2267
#players:2:vs #genre:sports>soccer #embedded:backup>battery #save:backup #compatibility:superfamicom>lorom #search:keyword>official #lang:ja,2268
#players:2:vs #genre:sports>soccer #embedded:backup>battery #save:backup #compatibility:superfamicom>lorom #search:keyword>rs #lang:ja,2269
#players:2:vs #genre:sports>soccer #embedded:backup>battery #save:backup #compatibility:superfamicom>lorom #search:keyword>rs #lang:ja #rev:1,2270
#players:2:vs #genre:sports>soccer #save:password #compatibility:superfamicom>hirom #based:manganime #search:feature>gundam>compatihero #lang:ja,2271
#players:2:vs #genre:sports>soccer #save:password #compatibility:superfamicom>lorom #lang:en,2272
#players:2:vs #genre:sports>soccer #save:password #compatibility:superfamicom>lorom #lang:en #unfinished:proto,2273
#players:2:vs #genre:sports>soccer #save:password #compatibility:superfamicom>lorom #lang:en:fr:de:es,2274
#players:2:vs #genre:sports>soccer #save:password #compatibility:superfamicom>lorom #lang:en:fr:de:es:it:nl:sv,2275
#players:2:vs #genre:sports>soccer #save:password #compatibility:superfamicom>lorom #lang:en:fr:de:es:it:nl:sv #unfinished:beta>1,2276
#players:2:vs #genre:sports>soccer #save:password #compatibility:superfamicom>lorom #lang:en:fr:de:es:it:nl:sv #unfinished:beta>2,2277
#players:2:vs #genre:sports>soccer #save:password #compatibility:superfamicom>lorom #lang:ja,2278
#players:2:vs #genre:sports>soccer #save:password #compatibility:superfamicom>lorom #search:keyword>brand #lang:es:pt,2279
#players:2:vs #genre:sports>soccer #save:password #compatibility:superfamicom>lorom #search:keyword>brand #lang:es:pt #unfinished:beta,2280
#players:2:vs #genre:sports>soccer #save:password #compatibility:superfamicom>lorom #search:keyword>endorsed #lang:de,2281
#players:2:vs #genre:sports>soccer #save:password #compatibility:superfamicom>lorom #search:keyword>endorsed #lang:en,2282
#players:2:vs #genre:sports>soccer #save:password #compatibility:superfamicom>lorom #search:keyword>endorsed #lang:en:fr:de:es:it:nl:sv,2283
#players:2:vs #genre:sports>soccer #save:password #compatibility:superfamicom>lorom #search:keyword>endorsed>brand #lang:en,2284
#players:2:vs #genre:sports>soccer #save:password #compatibility:superfamicom>lorom #search:keyword>endorsed>brand #lang:en #unfinished:beta>1,2285
#players:2:vs #genre:sports>soccer #save:password #compatibility:superfamicom>lorom #search:keyword>endorsed>brand #lang:en #unfinished:beta>2,2286
#players:2:vs #genre:sports>soccer #save:password #compatibility:superfamicom>lorom #search:keyword>endorsed>brand #lang:en #unfinished:beta>3,2287
#players:2:vs #genre:sports>soccer #save:password #compatibility:superfamicom>lorom #search:keyword>official #lang:en,2288
#players:2:vs #genre:sports>soccer #save:password #compatibility:superfamicom>lorom #search:keyword>official #lang:en #unfinished:beta,2289
#players:2:vs #genre:sports>soccer #save:password #compatibility:superfamicom>lorom #search:keyword>official #lang:ja,2290
#players:2:vs #genre:sports>soccer #save:password #compatibility:superfamicom>lorom #search:keyword>official #lang:ja #rev:1,2291
#players:2:vs #genre:sports>soccer #save:password #compatibility:superfamicom>lorom #search:keyword>rs #lang:en,2292
#players:2:vs #genre:sports>tennis #compatibility:superfamicom>lorom #search:keyword>brand #lang:en,2293
#players:2:vs #genre:sports>tennis #compatibility:superfamicom>lorom #search:keyword>brand #lang:ja,2294
#players:2:vs #genre:sports>tennis #compatibility:superfamicom>lorom>nss #search:keyword>brand #lang:en,2295
#players:2:vs #genre:sports>volleyball #embedded:backup>battery #save:backup #compatibility:superfamicom>lorom #lang:ja,2296
#players:2:vs #genre:sports>volleyball #save:password #compatibility:superfamicom>lorom #lang:en,2297
#players:2:vs #genre:sports>volleyball #save:password #compatibility:superfamicom>lorom #lang:en #unfinished:beta,2298
#players:2:vs #save:password #genre:sports>rugby #compatibility:superfamicom>lorom #port:pc #lang:en,2299
#players:2:vs:alt #genre:shmup #compatibility:superfamicom>lorom #lang:ja,2300
#players:2:vs:alt #genre:shmup #compatibility:superfamicom>lorom #port:arcade #lang:en,2301
#players:3:coop #genre:rpg>a #addon:multitap>super #embedded:backup>battery #save:backup #compatibility:superfamicom>hirom #lang:ja,2302
#players:3:coop #genre:rpg>a #addon:multitap>super #embedded:backup>battery #save:backup #compatibility:superfamicom>hirom #search:keyword>dolby #lang:de,2303
#players:3:coop #genre:rpg>a #addon:multitap>super #embedded:backup>battery #save:backup #compatibility:superfamicom>hirom #search:keyword>dolby #lang:de #rerelease:seikendensetsu,2304
#players:3:coop #genre:rpg>a #addon:multitap>super #embedded:backup>battery #save:backup #compatibility:superfamicom>hirom #search:keyword>dolby #lang:en,2305
#players:3:coop #genre:rpg>a #addon:multitap>super #embedded:backup>battery #save:backup #compatibility:superfamicom>hirom #search:keyword>dolby #lang:en #rerelease:virtualconsole,2306
#players:3:coop #genre:rpg>a #addon:multitap>super #embedded:backup>battery #save:backup #compatibility:superfamicom>hirom #search:keyword>dolby #lang:en #rev:1,2307
#players:3:coop #genre:rpg>a #addon:multitap>super #embedded:backup>battery #save:backup #compatibility:superfamicom>hirom #search:keyword>dolby #lang:fr,2308
#players:3:coop #genre:rpg>a #addon:multitap>super #embedded:backup>battery #save:backup #compatibility:superfamicom>hirom #search:keyword>dolby #lang:fr #rerelease:seikendensetsu,2309
#players:3:coop #genre:rpg>a #addon:multitap>super #embedded:backup>battery #save:backup #compatibility:superfamicom>hirom #search:keyword>dolby #lang:fr #rev:1,2310
#players:3:coop #genre:rpg>a #addon:multitap>super #embedded:backup>battery #save:backup #compatibility:superfamicom>hirom #search:keyword>dolby #lang:ja,2311
#players:3:coop #genre:rpg>a #addon:multitap>super #embedded:backup>battery #save:backup #compatibility:superfamicom>hirom #search:keyword>dolby #lang:ja #rerelease:seikendensetsu,2312
#players:3:coop #genre:rpg>a #addon:multitap>super #embedded:backup>battery #save:backup #compatibility:superfamicom>hirom #search:keyword>dolby #lang:ja #rerelease:virtualconsole,2313
#players:3:coop:vs #genre:fighting #addon:multitap>super #compatibility:superfamicom>hirom #based:movie #port:sega>megadrive #lang:en,2314
#players:3:coop:vs #genre:fighting #addon:multitap>super #compatibility:superfamicom>hirom #based:movie #port:sega>megadrive #lang:en #unfinished:beta,2315
#players:3:vs #genre:board #compatibility:superfamicom>lorom #based #search:keyword>endorsed #lang:en,2316
#players:3:vs #genre:minigames:quiz:puzzle>drop #addon:multitap>super #compatibility:superfamicom>hirom #based:manganime #lang:ja,2317
#players:3:vs #genre:minigames:shooting>gallery:puzzle:parlor>mogurataiji #addon:multitap>super #compatibility:superfamicom>lorom #based:manganime #lang:ja,2318
#players:3:vs #genre:quiz:board #compatibility:superfamicom>lorom #based #lang:en,2319
#players:3:vs #genre:racing:sports>formula1 #addon:multitap>super #embedded:backup>battery #save:backup #compatibility:superfamicom>hirom #search:keyword>official #lang:en,2320
#players:3:vs #genre:racing:sports>formula1 #addon:multitap>super #embedded:backup>battery #save:backup #compatibility:superfamicom>lorom #search:keyword>official #lang:en,2321
#players:3:vs #genre:sim>cardgame:sports>wrestling:adventure #addon:multitap>super #embedded:backup>battery #save:backup #compatibility:superfamicom>lorom #lang:ja,2322
#players:4:alt #genre:parlor>pinball #compatibility:superfamicom>lorom #lang:en,2323
#players:4:alt #genre:parlor>pinball #compatibility:superfamicom>lorom #lang:en #rev:1,2324
#players:4:alt #genre:parlor>pinball #compatibility:superfamicom>lorom #lang:en #unfinished:beta,2325
#players:4:alt #genre:shmup>h #save:password #compatibility:superfamicom>lorom #port:arcade #lang:en,2326
#players:4:alt #genre:shooting>gallery #addon:lightgun>superscope #compatibility:superfamicom>lorom #lang:en,2327
#players:4:coop #genre:rpg>a #addon:mouse>sfc:multitap>super #compatibility:superfamicom>lorom #based #lang:de,2328
#players:4:coop #genre:rpg>a #addon:mouse>sfc:multitap>super #compatibility:superfamicom>lorom #based #lang:en,2329
#players:4:coop #genre:shmup #addon:multitap>super #compatibility:superfamicom>lorom #lang:en #unfinished:proto>1,2330
#players:4:coop #genre:shmup #addon:multitap>super #compatibility:superfamicom>lorom #lang:en #unfinished:proto>2,2331
#players:4:coop:vs #genre:action>blockbreaker #addon:multitap>super #compatibility:superfamicom>lorom #lang:en,2332
#players:4:coop:vs #genre:action>blockbreaker #addon:multitap>super #compatibility:superfamicom>lorom #lang:en #unfinished:beta,2333
#players:4:coop:vs #genre:action>blockbreaker #addon:multitap>super #compatibility:superfamicom>lorom #lang:ja,2334
#players:4:coop:vs #genre:action>maze #addon:multitap>super #save:password #compatibility:superfamicom>lorom #based:manganime #search:feature>compatihero>gundam #lang:ja,2335
#players:4:coop:vs #genre:action>maze #addon:multitap>super #save:password #compatibility:superfamicom>lorom #lang:en,2336
#players:4:coop:vs #genre:action>maze #addon:multitap>super #save:password #compatibility:superfamicom>lorom #lang:en #unfinished:beta,2337
#players:4:coop:vs #genre:action>platformer:adventure:minigames:puzzle>drop:sports>running:quiz #addon:multitap>super #embedded:backup>battery #save:backup #compatibility:superfamicom>lorom #lang:ja,2338
#players:4:coop:vs #genre:action>platformer:adventure:minigames:puzzle>drop:sports>running:quiz #addon:multitap>super #embedded:backup>battery #save:backup #compatibility:superfamicom>lorom #lang:ja #rev:1,2339
#players:4:coop:vs #genre:action>platformer:adventure:minigames:puzzle>drop:sports>running:quiz #addon:multitap>super #embedded:backup>battery #save:backup #compatibility:superfamicom>lorom #lang:ja #rev:2,2340
#players:4:coop:vs #genre:board>shougi #compatibility:superfamicom>lorom #lang:ja,2341
#players:4:coop:vs #genre:brawler #addon:multitap>super #compatibility:superfamicom>hirom #lang:en,2342
#players:4:coop:vs #genre:brawler #addon:multitap>super #compatibility:superfamicom>hirom #lang:en #unfinished:beta,2343
#players:4:coop:vs #genre:brawler #addon:multitap>super #compatibility:superfamicom>hirom #lang:ja,2344
#players:4:coop:vs #genre:fighting #addon:multitap>super #compatibility:superfamicom>hirom #lang:ja,2345
#players:4:coop:vs #genre:fighting #addon:multitap>super #compatibility:superfamicom>lorom #lang:ja,2346
#players:4:coop:vs #genre:fighting:sports>wrestling #addon:multitap>super #compatibility:superfamicom>hirom #lang:en,2347
#players:4:coop:vs #genre:fighting:sports>wrestling #addon:multitap>super #compatibility:superfamicom>hirom #search:keyword>endorsed>official #lang:ja,2348
#players:4:coop:vs #genre:fighting:sports>wrestling #addon:multitap>super #compatibility:superfamicom>hirom #search:keyword>official #lang:en,2349
#players:4:coop:vs #genre:fighting:sports>wrestling #addon:multitap>super #compatibility:superfamicom>hirom #search:keyword>official #lang:ja,2350
#players:4:coop:vs #genre:fighting:sports>wrestling #addon:multitap>super #compatibility:superfamicom>lorom #lang:ja,2351
#players:4:coop:vs #genre:fighting:sports>wrestling #addon:multitap>super #compatibility:superfamicom>lorom #search:keyword>official #lang:ja,2352
#players:4:coop:vs #genre:fighting:sports>wrestling #addon:multitap>super #embedded:backup>battery #save:backup #compatibility:superfamicom>hirom #lang:ja,2353
#players:4:coop:vs #genre:fighting:sports>wrestling #addon:multitap>super #embedded:backup>battery #save:backup #compatibility:superfamicom>hirom #lang:ja #rev:1,2354
#players:4:coop:vs #genre:fighting:sports>wrestling #addon:multitap>super #embedded:backup>battery #save:backup #compatibility:superfamicom>hirom #search:keyword>official #lang:ja,2355
#players:4:coop:vs #genre:fighting:sports>wrestling #addon:multitap>super #embedded:backup>battery #save:backup #compatibility:superfamicom>lorom #search:keyword>rs #lang:ja,2356
#players:4:coop:vs #genre:fighting:sports>wrestling #addon:multitap>super #save:password #compatibility:superfamicom>hirom #lang:ja,2357
#players:4:coop:vs #genre:fighting:sports>wrestling #addon:multitap>super #save:password #compatibility:superfamicom>hirom #search:keyword>official #lang:ja,2358
#players:4:coop:vs #genre:fighting:sports>wrestling #addon:multitap>super #save:password #compatibility:superfamicom>lorom #lang:en,2359
#players:4:coop:vs #genre:fighting:sports>wrestling #addon:multitap>super #save:password #compatibility:superfamicom>lorom #lang:en #unfinished:beta,2360
#players:4:coop:vs #genre:fighting:sports>wrestling #addon:multitap>super #save:password #compatibility:superfamicom>lorom #lang:ja,2361
#players:4:coop:vs #genre:fighting:sports>wrestling #addon:multitap>super #save:password #compatibility:superfamicom>lorom #lang:ja #unfinished:beta,2362
#players:4:coop:vs #genre:fighting:sports>wrestling #addon:multitap>super #save:password #compatibility:superfamicom>lorom #search:keyword>endorsed #lang:ja,2363
#players:4:coop:vs #genre:fighting:sports>wrestling #addon:multitap>super #save:password #compatibility:superfamicom>lorom #search:keyword>official #lang:en,2364
#players:4:coop:vs #genre:fighting:sports>wrestling #addon:multitap>super:backup>turbofile #embedded:backup>battery #save:backup #compatibility:superfamicom>hirom #lang:ja,2365
#players:4:coop:vs #genre:fighting:sports>wrestling #addon:multitap>super:backup>turbofile #embedded:backup>battery #save:backup #compatibility:superfamicom>hirom #lang:ja #rev:1,2366
#players:4:coop:vs #genre:fighting:sports>wrestling #addon:multitap>super:online>xband:backup>turbofile #embedded:backup>battery #save:backup #compatibility:superfamicom>hirom #lang:ja,2367
#players:4:coop:vs #genre:parlor>bowling #compatibility:superfamicom>lorom #lang:en,2368
#players:4:coop:vs #genre:racing #addon:multitap>super #compatibility:superfamicom>lorom #based #lang:en,2369
#players:4:coop:vs #genre:racing #addon:multitap>super #compatibility:superfamicom>lorom #based #port:sega>megadrive #lang:en,2370
#players:4:coop:vs #genre:racing #addon:multitap>super #compatibility:superfamicom>lorom #based #port:sega>megadrive #lang:en #unfinished:beta,2371
#players:4:coop:vs #genre:sim>strategy #addon:multitap>super #embedded:backup>battery #save:backup #compatibility:superfamicom>lorom #port:pc #lang:ja,2372
#players:4:coop:vs #genre:sim>strategy #addon:multitap>super #save:password #compatibility:superfamicom>lorom #port:pc #lang:en,2373
#players:4:coop:vs #genre:sim>strategy #addon:multitap>super #save:password #compatibility:superfamicom>lorom #port:pc #lang:en:fr:de,2374
#players:4:coop:vs #genre:sim>strategy #addon:multitap>super #save:password #compatibility:superfamicom>lorom #port:pc #lang:en:fr:de #unfinished:beta,2375
#players:4:coop:vs #genre:sports>baseball #addon:multitap>super #embedded:backup>battery #compatibility:superfamicom>hirom #search:keyword>official #lang:en,2376
#players:4:coop:vs #genre:sports>baseball #addon:multitap>super #embedded:backup>battery #compatibility:superfamicom>hirom #search:keyword>official #lang:en #unfinished:beta,2377
#players:4:coop:vs #genre:sports>baseball #addon:multitap>super #embedded:backup>battery #save:backup #compatibility:superfamicom>hirom #search:keyword>official #lang:ja,2378
#players:4:coop:vs #genre:sports>baseball #addon:multitap>super #embedded:backup>battery #save:backup #compatibility:superfamicom>lorom #lang:ja,2379
#players:4:coop:vs #genre:sports>baseball #addon:multitap>super #embedded:backup>battery #save:backup:password #compatibility:superfamicom>lorom #lang:ja,2380
#players:4:coop:vs #genre:sports>baseball #addon:multitap>super:online>xband #embedded:backup>battery #save:backup #compatibility:superfamicom>lorom #search:keyword>official:feature>pacman #lang:ja,2381
#players:4:coop:vs #genre:sports>basketball #addon:multitap>super #embedded:backup>battery #save:backup #compatibility:superfamicom>hirom #search:keyword>official #port:arcade #lang:en,2382
#players:4:coop:vs #genre:sports>basketball #addon:multitap>super #embedded:backup>battery #save:backup #compatibility:superfamicom>lorom #search:keyword>official #lang:en,2383
#players:4:coop:vs #genre:sports>basketball #addon:multitap>super #embedded:backup>battery #save:backup #compatibility:superfamicom>lorom #search:keyword>official #lang:en #unfinished:beta,2384
#players:4:coop:vs #genre:sports>basketball #addon:multitap>super #embedded:backup>battery #save:backup #compatibility:superfamicom>lorom #search:keyword>official #lang:ja,2385
#players:4:coop:vs #genre:sports>basketball #addon:multitap>super #embedded:backup>battery #save:backup #compatibility:superfamicom>lorom #search:keyword>official>dolby #lang:en,2386
#players:4:coop:vs #genre:sports>basketball #addon:multitap>super #embedded:backup>battery #save:backup #compatibility:superfamicom>lorom #search:keyword>official>rs #port:arcade #lang:ja,2387
#players:4:coop:vs #genre:sports>basketball #addon:multitap>super #embedded:backup>battery #save:password #compatibility:superfamicom>lorom #port:arcade #search:keyword>official #lang:en #rev:2 #unfinished:proto,2388
#players:4:coop:vs #genre:sports>basketball #addon:multitap>super #save:password #compatibility:superfamicom>lorom #port:arcade #search:keyword>official #lang:en,2389
#players:4:coop:vs #genre:sports>basketball #addon:multitap>super #save:password #compatibility:superfamicom>lorom #port:arcade #search:keyword>official #lang:en #rev:1,2390
#players:4:coop:vs #genre:sports>basketball #addon:multitap>super #save:password #compatibility:superfamicom>lorom #port:arcade #search:keyword>official #lang:en #unfinished:beta,2391
#players:4:coop:vs #genre:sports>basketball #addon:multitap>super #save:password #compatibility:superfamicom>lorom #search:keyword>endorsed #lang:en,2392
#players:4:coop:vs #genre:sports>basketball #addon:multitap>super #save:password #compatibility:superfamicom>lorom #search:keyword>official>rs #port:arcade #lang:en,2393
#players:4:coop:vs #genre:sports>basketball #addon:multitap>super:online>xband #embedded:backup>battery #save:backup #compatibility:superfamicom>lorom #search:keyword>official #port:arcade #lang:en,2394
#players:4:coop:vs #genre:sports>basketball #addon:multitap>super:online>xband #save:password #compatibility:superfamicom>lorom #search:keyword>official #port:arcade #lang:en #unfinished:beta,2395
#players:4:coop:vs #genre:sports>dodgeball #addon:multitap>super #embedded:backup>battery #save:backup #compatibility:superfamicom>lorom #search:feature>kuniokun #lang:ja,2396
#players:4:coop:vs #genre:sports>dodgeball #addon:multitap>super #embedded:backup>battery #save:backup #compatibility:superfamicom>lorom #search:feature>kuniokun:keyword>promo #lang:ja,2397
#players:4:coop:vs #genre:sports>dodgeball #addon:multitap>super #save:password #compatibility:superfamicom>lorom #lang:ja,2398
#players:4:coop:vs #genre:sports>dodgeball #addon:multitap>super #save:password #compatibility:superfamicom>lorom #lang:ja #rev:1,2399
#players:4:coop:vs #genre:sports>football #addon:multitap>super #compatibility:superfamicom>hirom #port:sega>megadrive #search:keyword>endorsed #lang:en,2400
#players:4:coop:vs #genre:sports>football #addon:multitap>super #embedded:backup>battery #save:backup #compatibility:superfamicom>hirom #search:keyword>endorsed>official #lang:en,2401
#players:4:coop:vs #genre:sports>football #addon:multitap>super #save:password #compatibility:superfamicom>hirom #search:keyword>endorsed>official #lang:en,2402
#players:4:coop:vs #genre:sports>football #addon:multitap>super #save:password #compatibility:superfamicom>hirom #search:keyword>endorsed>official #lang:ja,2403
#players:4:coop:vs #genre:sports>football #addon:multitap>super #save:password #compatibility:superfamicom>lorom #lang:en,2404
#players:4:coop:vs #genre:sports>football #addon:multitap>super:online>xband #embedded:backup>battery #save:backup #compatibility:superfamicom>hirom #search:keyword>endorsed>official #lang:en,2405
#players:4:coop:vs #genre:sports>football #addon:multitap>super:online>xband #embedded:backup>battery #save:backup #compatibility:superfamicom>hirom #search:keyword>endorsed>official #lang:en #unfinished:sample,2406
#players:4:coop:vs #genre:sports>hockey #addon:multitap>super #compatibility:superfamicom>hirom #lang:en,2407
#players:4:coop:vs #genre:sports>hockey #addon:multitap>super #embedded:backup>battery #save:backup #compatibility:superfamicom>hirom #search:keyword>official #lang:en,2408
#players:4:coop:vs #genre:sports>hockey #addon:multitap>super #embedded:backup>battery #save:backup #compatibility:superfamicom>hirom #search:keyword>official #lang:en #rev:1,2409
#players:4:coop:vs #genre:sports>hockey #addon:multitap>super #embedded:backup>battery #save:backup #compatibility:superfamicom>hirom #search:keyword>official #lang:en #unfinished:beta,2410
#players:4:coop:vs #genre:sports>hockey #addon:multitap>super #embedded:backup>battery #save:backup #compatibility:superfamicom>hirom #search:keyword>official>dolby #lang:en,2411
#players:4:coop:vs #genre:sports>hockey #addon:multitap>super #embedded:backup>battery #save:backup #compatibility:superfamicom>lorom #search:keyword>official #lang:en,2412
#players:4:coop:vs #genre:sports>hockey #addon:multitap>super #embedded:backup>battery #save:backup #compatibility:superfamicom>lorom #search:keyword>official #lang:en #unfinished:beta,2413
#players:4:coop:vs #genre:sports>hockey #addon:multitap>super #embedded:backup>battery #save:backup #compatibility:superfamicom>lorom #search:keyword>official #lang:ja,2414
#players:4:coop:vs #genre:sports>hockey #addon:multitap>super #save:password #compatibility:superfamicom>hirom #lang:en,2415
#players:4:coop:vs #genre:sports>hockey #addon:multitap>super #save:password #compatibility:superfamicom>hirom #lang:en #unfinished:beta,2416
#players:4:coop:vs #genre:sports>hockey #addon:multitap>super:online>xband #embedded:backup>battery #save:backup #compatibility:superfamicom>hirom #search:keyword>official #lang:en,2417
#players:4:coop:vs #genre:sports>soccer #addon:multitap>super #compatibility:superfamicom>lorom #search:keyword>rs #lang:ja #unfinished:beta,2418
#players:4:coop:vs #genre:sports>soccer #addon:multitap>super #embedded:backup>battery #save:backup #compatibility:superfamicom>hirom #lang:en:fr:de,2419
#players:4:coop:vs #genre:sports>soccer #addon:multitap>super #embedded:backup>battery #save:backup #compatibility:superfamicom>hirom #lang:en:fr:de #unfinished:beta,2420
#players:4:coop:vs #genre:sports>soccer #addon:multitap>super #embedded:backup>battery #save:backup #compatibility:superfamicom>hirom #lang:ja,2421
#players:4:coop:vs #genre:sports>soccer #addon:multitap>super #embedded:backup>battery #save:backup #compatibility:superfamicom>hirom #search:keyword>official #lang:ja,2422
#players:4:coop:vs #genre:sports>soccer #addon:multitap>super #embedded:backup>battery #save:backup #compatibility:superfamicom>hirom #search:keyword>official>brand>endorsed>promo #lang:ja,2423
#players:4:coop:vs #genre:sports>soccer #addon:multitap>super #embedded:backup>battery #save:backup #compatibility:superfamicom>lorom #based:manganime #lang:ja,2424
#players:4:coop:vs #genre:sports>soccer #addon:multitap>super #embedded:backup>battery #save:backup #compatibility:superfamicom>lorom #based:manganime #lang:ja #unfinished:beta,2425
#players:4:coop:vs #genre:sports>soccer #addon:multitap>super #embedded:backup>battery #save:backup #compatibility:superfamicom>lorom #lang:en,2426
#players:4:coop:vs #genre:sports>soccer #addon:multitap>super #embedded:backup>battery #save:backup #compatibility:superfamicom>lorom #lang:en #unfinished:beta,2427
#players:4:coop:vs #genre:sports>soccer #addon:multitap>super #embedded:backup>battery #save:backup #compatibility:superfamicom>lorom #lang:en #unfinished:proto,2428
#players:4:coop:vs #genre:sports>soccer #addon:multitap>super #embedded:backup>battery #save:backup #compatibility:superfamicom>lorom #lang:ja,2429
#players:4:coop:vs #genre:sports>soccer #addon:multitap>super #embedded:backup>battery #save:backup #compatibility:superfamicom>lorom #search:keyword>endorsed #lang:ja,2430
#players:4:coop:vs #genre:sports>soccer #addon:multitap>super #embedded:backup>battery #save:backup #compatibility:superfamicom>lorom #search:keyword>official #lang:ja,2431
#players:4:coop:vs #genre:sports>soccer #addon:multitap>super #embedded:backup>battery #save:backup #compatibility:superfamicom>lorom #search:keyword>official #lang:ja #rev:1,2432
#players:4:coop:vs #genre:sports>soccer #addon:multitap>super #embedded:backup>battery #save:backup #compatibility:superfamicom>lorom #search:keyword>rs #lang:ja,2433
#players:4:coop:vs #genre:sports>soccer #addon:multitap>super #embedded:backup>battery #save:backup #compatibility:superfamicom>lorom>np #search:keyword>rs #lang:ja #rev:1,2434
#players:4:coop:vs #genre:sports>soccer #addon:multitap>super #embedded:chip>sa1:backup>battery #save:backup #compatibility:superfamicom>lorom #search:keyword>official #lang:ja,2435
#players:4:coop:vs #genre:sports>soccer #addon:multitap>super #save:password #compatibility:superfamicom>hirom #lang:en,2436
#players:4:coop:vs #genre:sports>soccer #addon:multitap>super #save:password #compatibility:superfamicom>hirom #lang:ja,2437
#players:4:coop:vs #genre:sports>soccer #addon:multitap>super #save:password #compatibility:superfamicom>lorom #lang:en,2438
#players:4:coop:vs #genre:sports>soccer #addon:multitap>super #save:password #compatibility:superfamicom>lorom #lang:ja,2439
#players:4:coop:vs #genre:sports>soccer #addon:multitap>super #save:password #compatibility:superfamicom>lorom #port:arcade #lang:en,2440
#players:4:coop:vs #genre:sports>soccer #addon:multitap>super #save:password #compatibility:superfamicom>lorom #port:sega>megadrive #lang:en,2441
#players:4:coop:vs #genre:sports>soccer #addon:multitap>super #save:password #compatibility:superfamicom>lorom #port:sega>megadrive #lang:en #unfinished:beta,2442
#players:4:coop:vs #genre:sports>soccer #addon:multitap>super #save:password #compatibility:superfamicom>lorom #port:sega>megadrive #lang:en:fr:de:es:it,2443
#players:4:coop:vs #genre:sports>soccer #addon:multitap>super #save:password #compatibility:superfamicom>lorom #search:keyword>rs #lang:en,2444
#players:4:coop:vs #genre:sports>soccer #addon:multitap>super #save:password #compatibility:superfamicom>lorom #search:keyword>rs #lang:en #unfinished:beta,2445
#players:4:coop:vs #genre:sports>soccer #addon:multitap>super:link>bb2interface #embedded:backup>battery #save:backup #compatibility:superfamicom>lorom #search:keyword>official #lang:ja,2446
#players:4:coop:vs #genre:sports>soccer #addon:multitap>super:link>bb2interface #embedded:backup>battery #save:backup #compatibility:superfamicom>lorom #search:keyword>official #lang:ja #rev:1,2447
#players:4:coop:vs #genre:sports>soccer #addon:multitap>super:link>bb2interface #embedded:backup>battery #save:backup #compatibility:superfamicom>lorom #search:keyword>official #lang:ja #unfinished:demo,2448
#players:4:coop:vs #genre:sports>soccer #embedded:backup>battery #save:backup #addon:multitap>super #compatibility:superfamicom>hirom #search:keyword>official #lang:ja,2449
#players:4:coop:vs #genre:sports>tennis #addon:multitap>super #save:password #compatibility:superfamicom>lorom #lang:en,2450
#players:4:coop:vs #genre:sports>tennis #addon:multitap>super #save:password #compatibility:superfamicom>lorom #lang:en #unfinished:beta,2451
#players:4:coop:vs #genre:sports>tennis #addon:multitap>super #save:password #compatibility:superfamicom>lorom #lang:ja,2452
#players:4:coop:vs #genre:sports>tennis #addon:multitap>super #save:password #compatibility:superfamicom>lorom #lang:ja #unfinished:beta,2453
#players:4:coop:vs #genre:sports>volleyball #addon:multitap>super #save:password #compatibility:superfamicom>lorom #lang:en,2454
#players:4:coop:vs #genre:sports>volleyball #addon:multitap>super #save:password #compatibility:superfamicom>lorom #lang:ja,2455
#players:4:coop>vs #genre:sports>basketball #addon:multitap>super #compatibility:superfamicom>lorom #based:looneytunes #lang:en,2456
#players:4:coop>vs #genre:sports>tennis #addon:multitap>super #save:password #compatibility:superfamicom>lorom #search:keyword>endorsed #lang:de,2457
#players:4:coop>vs #genre:sports>tennis #addon:multitap>super #save:password #compatibility:superfamicom>lorom #search:keyword>endorsed #lang:de #unfinished:beta,2458
#players:4:coop>vs #genre:sports>tennis #addon:multitap>super #save:password #compatibility:superfamicom>lorom #search:keyword>endorsed #lang:en,2459
#players:4:coop>vs #genre:sports>tennis #addon:multitap>super #save:password #compatibility:superfamicom>lorom #search:keyword>endorsed #lang:fr,2460
#players:4:coop>vs #genre:sports>tennis #addon:multitap>super #save:password #compatibility:superfamicom>lorom #search:keyword>endorsed #lang:ja,2461
#players:4:vs #genre:action #addon:multitap>super #save:password #compatibility:superfamicom>hirom #lang:ja,2462
#players:4:vs #genre:action:minigames:quiz:notagame>drawing:rhythm>karaoke #addon:multitap>super #save:password #compatibility:superfamicom>lorom #based:manganime #lang:ja,2463
#players:4:vs #genre:action:minigames:quiz:notagame>drawing:rhythm>karaoke #addon:multitap>super #save:password #compatibility:superfamicom>lorom #based:manganime #lang:ja #unfinished:beta,2464
#players:4:vs #genre:action:puzzle #addon:multitap>super #embedded:backup>battery #save:backup #compatibility:superfamicom>hirom #based #lang:ja,2465
#players:4:vs #genre:action:puzzle #addon:multitap>super #embedded:backup>battery #save:backup #compatibility:superfamicom>hirom #based:manganime #lang:ja,2466
#players:4:vs #genre:action:puzzle #addon:multitap>super #embedded:backup>battery #save:backup #compatibility:superfamicom>lorom #lang:ja,2467
#players:4:vs #genre:action>maze #addon:multitap>super #compatibility:superfamicom>lorom #lang:ja,2468
#players:4:vs #genre:action>maze #addon:multitap>super #save:password #compatibility:superfamicom>hirom #lang:en,2469
#players:4:vs #genre:action>maze #addon:multitap>super #save:password #compatibility:superfamicom>hirom #lang:en #unfinished:beta,2470
#players:4:vs #genre:action>maze #addon:multitap>super #save:password #compatibility:superfamicom>hirom #lang:ja,2471
#players:4:vs #genre:action>maze #addon:multitap>super #save:password #compatibility:superfamicom>hirom #search:keyword>promo #lang:ja,2472
#players:4:vs #genre:action>maze #save:password #addon:multitap>super #compatibility:superfamicom>hirom #lang:ja,2473
#players:4:vs #genre:adventure:minigames:board>cards:parlor>jackpot #addon:multitap>super:mouse>sfc #embedded:backup>battery #save:backup #compatibility:superfamicom>lorom #lang:en,2474
#players:4:vs #genre:adventure:minigames:board>cards:parlor>jackpot #addon:multitap>super:mouse>sfc #embedded:backup>battery #save:backup #compatibility:superfamicom>lorom #lang:en #unfinished:beta,2475
#players:4:vs #genre:adventure:minigames:board>cards:parlor>jackpot #addon:multitap>super:mouse>sfc #embedded:backup>battery #save:backup #compatibility:superfamicom>lorom #lang:ja,2476
#players:4:vs #genre:board #addon:multitap>super #compatibility:superfamicom>lorom #lang:ja,2477
#players:4:vs #genre:board #addon:multitap>super #embedded:backup>battery #save:backup #compatibility:superfamicom>hirom #lang:ja,2478
#players:4:vs #genre:board #addon:multitap>super #embedded:backup>battery #save:backup #compatibility:superfamicom>hirom>np #lang:ja #rev:1,2479
#players:4:vs #genre:board #addon:multitap>super #embedded:backup>battery #save:backup #compatibility:superfamicom>lorom #lang:ja,2480
#players:4:vs #genre:board #addon:multitap>super #embedded:backup>battery #save:backup #compatibility:superfamicom>lorom #lang:ja #rev:1,2481
#players:4:vs #genre:board:sim>cardgame #addon:multitap>super #compatibility:superfamicom>lorom #lang:ja,2482
#players:4:vs #genre:board>cards:parlor>jackpot #addon:multitap>super #save:password #compatibility:superfamicom>lorom #lang:ja,2483
#players:4:vs #genre:board>cards>hanafuda:parlor>jackpot #addon:multitap>super #save:password #compatibility:superfamicom>lorom #multigame:compilation>kouryakucasinobar>gionbana #lang:ja,2484
#players:4:vs #genre:board>hanafuda #save:password #compatibility:superfamicom>lorom #lang:ja,2485
#players:4:vs #genre:board>party #addon:multitap>super #compatibility:superfamicom>hirom #based:manganime #lang:ja,2486
#players:4:vs #genre:board>party #addon:multitap>super #compatibility:superfamicom>lorom #lang:ja,2487
#players:4:vs #genre:board>party #addon:multitap>super #embedded:backup>battery #save:backup #compatibility:superfamicom>hirom #lang:ja,2488
#players:4:vs #genre:board>party #addon:multitap>super #embedded:backup>battery #save:backup #compatibility:superfamicom>hirom #lang:ja #rev:1,2489
#players:4:vs #genre:board>party #addon:multitap>super #embedded:backup>battery #save:backup #compatibility:superfamicom>hirom #lang:ja #rev:2,2490
#players:4:vs #genre:board>party #addon:multitap>super #embedded:backup>battery #save:backup #compatibility:superfamicom>hirom #search:keyword>promo #lang:ja,2491
#players:4:vs #genre:board>party #addon:multitap>super #embedded:backup>battery #save:backup #compatibility:superfamicom>lorom #based:manganime #lang:ja,2492
#players:4:vs #genre:board>party #addon:multitap>super #embedded:backup>battery #save:backup #compatibility:superfamicom>lorom #lang:ja,2493
#players:4:vs #genre:board>party #addon:multitap>super #embedded:backup>battery #save:backup #compatibility:superfamicom>lorom #lang:ja #rev:1,2494
#players:4:vs #genre:board>party #addon:multitap>super #embedded:backup>battery #save:backup #compatibility:superfamicom>lorom #lang:ja #unfinished:beta,2495
#players:4:vs #genre:board>party #addon:multitap>super #embedded:backup>battery #save:backup #compatibility:superfamicom>lorom #lang:ja #unfinished:beta>1,2496
#players:4:vs #genre:board>party #addon:multitap>super #embedded:backup>battery #save:backup #compatibility:superfamicom>lorom #lang:ja #unfinished:beta>2,2497
#players:4:vs #genre:board>party #addon:multitap>super #embedded:chip>spc7110:backup>battery #save:backup #compatibility:superfamicom>hirom #lang:ja,2498
#players:4:vs #genre:board>party #addon:multitap>super:backup>turbofile #embedded:backup>battery #save:backup #compatibility:superfamicom>lorom #lang:ja,2499
#players:4:vs #genre:board>party #embedded:backup>battery #save:backup #compatibility:superfamicom>lorom #based #lang:ja,2500
#players:4:vs #genre:board>party #embedded:backup>battery #save:backup #compatibility:superfamicom>lorom #based #lang:ja #rev:1,2501
#players:4:vs #genre:board>party #embedded:backup>battery #save:backup #compatibility:superfamicom>lorom #based #lang:ja #rev:2,2502
#players:4:vs #genre:board>party:minigames #addon:multitap>super #compatibility:superfamicom>hirom #lang:ja,2503
#players:4:vs #genre:board>party:minigames #compatibility:superfamicom>lorom #based #lang:ja,2504
#players:4:vs #genre:board>party:minigames:shooting>gallery:sports>decathlon>skiing #addon:multitap>super #save:password #compatibility:superfamicom>lorom #based:looneytunes #lang:en,2505
#players:4:vs #genre:board>party:minigames:shooting>gallery:sports>decathlon>skiing #addon:multitap>super #save:password #compatibility:superfamicom>lorom #based:looneytunes #lang:en #rev:1,2506
#players:4:vs #genre:board>party:minigames:shooting>gallery:sports>decathlon>skiing #addon:multitap>super #save:password #compatibility:superfamicom>lorom #based:looneytunes #lang:en #unfinished:beta,2507
#players:4:vs #genre:board>party:minigames:shooting>gallery:sports>decathlon>skiing #addon:multitap>super #save:password #compatibility:superfamicom>lorom #based:looneytunes #lang:ja,2508
#players:4:vs #genre:board>party:parlor>jackpot:board>cards #addon:multitap>super #compatibility:superfamicom>lorom #lang:ja,2509
#players:4:vs #genre:board>party:puzzle:minigames #addon:multitap>super #compatibility:superfamicom>lorom #port:arcade #lang:ja,2510
#players:4:vs #genre:board>party:rpg #addon:multitap>super #embedded:backup>battery #save:backup #compatibility:superfamicom>lorom #lang:ja,2511
#players:4:vs #genre:board>party:rpg>j #addon:multitap>super #embedded:backup>battery #save:backup #compatibility:superfamicom>hirom #lang:ja,2512
#players:4:vs #genre:board>party:rpg>j #addon:multitap>super #embedded:backup>battery #save:backup #compatibility:superfamicom>lorom #lang:ja,2513
#players:4:vs #genre:board>party:sim>cardgame #addon:multitap>super #compatibility:superfamicom>hirom #based:manganime #lang:ja,2514
#players:4:vs #genre:board>party>cards #save:password #addon:multitap>super #compatibility:superfamicom>lorom #lang:ja,2515
#players:4:vs #genre:board>party>jankenpon #addon:multitap>super #compatibility:superfamicom>lorom #lang:ja,2516
#players:4:vs #genre:fighting:sports>wrestling #addon:multitap>super #compatibility:superfamicom>hirom #port:arcade #lang:en,2517
#players:4:vs #genre:fighting:sports>wrestling #addon:multitap>super #compatibility:superfamicom>hirom #port:arcade #lang:ja,2518
#players:4:vs #genre:minigames:puzzle>drop:fighting>melee #addon:multitap>super #compatibility:superfamicom>hirom #lang:ja,2519
#players:4:vs #genre:minigames:sports #compatibility:superfamicom>lorom #port:commodore>amiga #lang:en,2520
#players:4:vs #genre:minigames:sports #compatibility:superfamicom>lorom #port:commodore>amiga #lang:en #unfinished:beta,2521
#players:4:vs #genre:parlor>pinball #compatibility:superfamicom>lorom #based #lang:ja,2522
#players:4:vs #genre:puzzle:action #addon:multitap>super #compatibility:superfamicom>hirom #lang:en,2523
#players:4:vs #genre:puzzle:action #addon:multitap>super #compatibility:superfamicom>hirom #lang:ja,2524
#players:4:vs #genre:puzzle>drop #addon:multitap>super #compatibility:superfamicom>lorom #port:arcade #lang:ja,2525
#players:4:vs #genre:puzzle>drop #addon:multitap>super #compatibility:superfamicom>lorom #port:arcade #lang:ja #rerelease:switchonline,2526
#players:4:vs #genre:puzzle>drop #addon:multitap>super #embedded:backup>battery #save:backup #compatibility:superfamicom>lorom #lang:en,2527
#players:4:vs #genre:puzzle>drop #addon:multitap>super #embedded:chip>sa1 #save:password #compatibility:superfamicom>lorom #lang:ja,2528
#players:4:vs #genre:puzzle>drop #addon:multitap>super:online>xband #compatibility:superfamicom>lorom #port:arcade #lang:ja,2529
#players:4:vs #genre:quiz #addon:multitap>super #save:password #compatibility:superfamicom>lorom #based #lang:ja,2530
#players:4:vs #genre:racing #addon:multitap>super #embedded:chip>dsp4 #save:password #compatibility:superfamicom>lorom #lang:en,2531
#players:4:vs #genre:racing #addon:multitap>super #embedded:chip>dsp4 #save:password #compatibility:superfamicom>lorom #lang:ja,2532
#players:4:vs #genre:racing:sim>derby #addon:multitap>super #save:password #compatibility:superfamicom>hirom #multigame #lang:ja,2533
#players:4:vs #genre:racing>combat #addon:multitap>super #compatibility:superfamicom>lorom #lang:en,2534
#players:4:vs #genre:racing>combat #addon:multitap>super #compatibility:superfamicom>lorom #lang:en #rev:1,2535
#players:4:vs #genre:racing>combat #addon:multitap>super #compatibility:superfamicom>lorom #lang:en #unfinished:beta>1,2536
#players:4:vs #genre:racing>combat #addon:multitap>super #compatibility:superfamicom>lorom #lang:en #unfinished:beta>2,2537
#players:4:vs #genre:sim:adventure:sports>cycling #embedded:backup>battery #save:backup #compatibility:superfamicom>lorom #lang:ja,2538
#players:4:vs #genre:sim:racing #addon:multitap>super #embedded:backup>battery #save:backup #compatibility:superfamicom>hirom #lang:ja,2539
#players:4:vs #genre:sim:racing #addon:multitap>super #embedded:backup>battery #save:backup #compatibility:superfamicom>lorom #lang:ja,2540
#players:4:vs #genre:sim:racing #addon:multitap>super #embedded:backup>battery #save:backup #compatibility:superfamicom>lorom #lang:ja #rev:1,2541
#players:4:vs #genre:sim:racing #embedded:backup>battery #save:backup #compatibility:superfamicom>hirom #lang:ja,2542
#players:4:vs #genre:sim>derby #addon:multitap>super #embedded:backup>battery #save:backup #compatibility:superfamicom>lorom #based:manganime #lang:ja,2543
#players:4:vs #genre:sim>derby #embedded:backup>battery #save:backup #compatibility:superfamicom>lorom #search:keyword>endorsed #lang:ja,2544
#players:4:vs #genre:sim>strategy #addon:multitap>super #embedded:chip>sa1:backup>battery #save:backup #compatibility:superfamicom>lorom #based:manganime #search:feature>gundam #lang:ja,2545
#players:4:vs #genre:sim>strategy #embedded:backup>battery #save:backup #compatibility:superfamicom>lorom #lang:en,2546
#players:4:vs #genre:sim>strategy #embedded:backup>battery #save:backup #compatibility:superfamicom>lorom #lang:ja,2547
#players:4:vs #genre:sim>strategy #embedded:backup>battery #save:backup #compatibility:superfamicom>lorom #lang:ja #rev:1,2548
#players:4:vs #genre:sim>strategy #embedded:backup>battery #save:backup #compatibility:superfamicom>lorom #port:nec>pc98 #lang:ja,2549
#players:4:vs #genre:sim>strategy #embedded:backup>battery #save:backup #compatibility:superfamicom>lorom>np #port:nintendo>famicom #lang:ja,2550
#players:4:vs #genre:sim>strategy:board #compatibility:superfamicom>hirom #based #lang:en:it #unfinished:proto>1,2551
#players:4:vs #genre:sim>strategy:board #compatibility:superfamicom>hirom #based #lang:en:it #unfinished:proto>2,2552
#players:4:vs #genre:sim>strategy:board #compatibility:superfamicom>hirom #based #lang:it:sv #unfinished:proto,2553
#players:4:vs #genre:sim>strategy:board #embedded:backup>battery #compatibility:superfamicom>hirom #based #lang:en #unfinished:proto,2554
#players:4:vs #genre:sports>baseball #addon:multitap>super:link>bb2interface #embedded:backup>battery #save:backup #compatibility:superfamicom>hirom #based:manganime #lang:ja,2555
#players:4:vs #genre:sports>football #addon:multitap>super #embedded:backup>battery #save:backup #compatibility:superfamicom>lorom #search:keyword>official #lang:en,2556
#players:4:vs #genre:sports>golf #addon:mouse>sfc #embedded:backup>battery #save:backup #compatibility:superfamicom>lorom #search:keyword>official #lang:ja,2557
#players:4:vs #genre:sports>golf #addon:mouse>sfc #embedded:chip>sa1:backup>battery #save:backup #compatibility:superfamicom>lorom #search:keyword>official #lang:ja,2558
#players:4:vs #genre:sports>golf #addon:mouse>sfc #embedded:chip>sa1:backup>battery #save:backup #compatibility:superfamicom>lorom #search:keyword>official #lang:ja #rev:1,2559
#players:4:vs #genre:sports>golf #addon:multitap>super #embedded:backup>battery #save:backup #compatibility:superfamicom>lorom #lang:ja,2560
#players:4:vs #genre:sports>golf #addon:multitap>super #embedded:backup>battery #save:backup #compatibility:superfamicom>lorom #search:keyword>official #lang:ja,2561
#players:4:vs #genre:sports>golf #compatibility:superfamicom>lorom #lang:en,2562
#players:4:vs #genre:sports>golf #compatibility:superfamicom>lorom #lang:ja #unfinished:sample,2563
#players:4:vs #genre:sports>golf #compatibility:superfamicom>lorom #port:arcade #lang:en,2564
#players:4:vs #genre:sports>golf #compatibility:superfamicom>lorom #port:arcade #lang:ja,2565
#players:4:vs #genre:sports>golf #compatibility:superfamicom>lorom #search:keyword>endorsed #lang:ja,2566
#players:4:vs #genre:sports>golf #compatibility:superfamicom>lorom>nss #port:arcade #lang:en,2567
#players:4:vs #genre:sports>golf #embedded:backup>battery #save:backup #compatibility:superfamicom>lorom #lang:en,2568
#players:4:vs #genre:sports>golf #embedded:backup>battery #save:backup #compatibility:superfamicom>lorom #lang:ja,2569
#players:4:vs #genre:sports>golf #embedded:backup>battery #save:backup #compatibility:superfamicom>lorom #search:keyword>official #lang:en,2570
#players:4:vs #genre:sports>golf #embedded:backup>battery #save:backup #compatibility:superfamicom>lorom #search:keyword>official #lang:ja,2571
#players:4:vs #genre:sports>golf #embedded:backup>battery #save:backup #compatibility:superfamicom>lorom #search:keyword>official #lang:ja #rev:1,2572
#players:4:vs #genre:sports>golf #embedded:backup>battery #save:backup #compatibility:superfamicom>lorom #search:keyword>official #port:nec>pc98 #lang:en,2573
#players:4:vs #genre:sports>golf #embedded:backup>battery #save:backup #compatibility:superfamicom>lorom #search:keyword>official #port:nec>pc98 #lang:ja,2574
#players:4:vs #genre:sports>golf #embedded:backup>battery #save:backup #compatibility:superfamicom>lorom #search:keyword>official #port:pc #lang:en,2575
#players:4:vs #genre:sports>golf #embedded:backup>battery #save:backup #compatibility:superfamicom>lorom #search:keyword>official #port:pc #lang:en #rev:1,2576
#players:4:vs #genre:sports>golf #embedded:chip>sa1:backup>battery #save:backup #compatibility:superfamicom>lorom #search:keyword>official #lang:ja,2577
#players:4:vs #genre:sports>golf #embedded:chip>sa1:backup>battery #save:backup #compatibility:superfamicom>lorom #search:keyword>official #port:commodore>amiga #lang:en,2578
#players:4:vs #genre:sports>golf #embedded:chip>sa1:backup>battery #save:backup #compatibility:superfamicom>lorom #search:keyword>official #port:sega>megadrive #lang:en,2579
#players:4:vs #genre:sports>golf #embedded:chip>sa1:backup>battery #save:backup #compatibility:superfamicom>lorom #search:keyword>official #port:sega>megadrive #lang:en #rev:1,2580
#players:4:vs #genre:sports>golf #save:password #compatibility:superfamicom>lorom #search:keyword>endorsed #port:pc #lang:en,2581
#players:4:vs #genre:sports>golf #save:password #compatibility:superfamicom>lorom #search:keyword>endorsed #port:pc #lang:fr,2582
#players:4:vs #genre:sports>skiing:minigames #compatibility:superfamicom>hirom #search:keyword>official #lang:en:fr:de:es:it:pt:sv:no,2583
#players:5:coop:vs #genre:action>maze #addon:multitap>super #embedded:backup>battery #save:backup #compatibility:superfamicom>hirom #lang:ja,2584
#players:5:coop:vs #genre:action>maze #addon:multitap>super #embedded:backup>battery #save:backup #compatibility:superfamicom>hirom #search:keyword>promo #lang:ja,2585
#players:5:coop:vs #genre:action>maze #addon:multitap>super #save:password #compatibility:superfamicom>hirom #lang:en,2586
#players:5:coop:vs #genre:action>maze #addon:multitap>super #save:password #compatibility:superfamicom>hirom #lang:en #unfinished:beta,2587
#players:5:coop:vs #genre:action>maze #addon:multitap>super #save:password #compatibility:superfamicom>hirom #lang:ja,2588
#players:5:coop:vs #genre:fighting:sports>wrestling #addon:multitap>super #compatibility:superfamicom>hirom #search:keyword>official #lang:ja,2589
#players:5:coop:vs #genre:fighting:sports>wrestling #addon:multitap>super #embedded:backup>battery #save:backup #compatibility:superfamicom>hirom #lang:ja,2590
#players:5:coop:vs #genre:puzzle #addon:mouse>sfc:multitap>super #compatibility:superfamicom>hirom #lang:en,2591
#players:5:coop:vs #genre:puzzle #addon:mouse>sfc:multitap>super #compatibility:superfamicom>hirom #lang:ja,2592
#players:5:coop:vs #genre:puzzle #addon:mouse>sfc:multitap>super #compatibility:superfamicom>hirom #lang:ja #unfinished:beta,2593
#players:5:coop:vs #genre:sports>basketball #addon:multitap>super #compatibility:superfamicom>lorom #search:keyword>endorsed #lang:en:fr:es,2594
#players:5:coop:vs #genre:sports>basketball #addon:multitap>super #save:password #compatibility:superfamicom>hirom #based:manganime #lang:ja,2595
#players:5:coop:vs #genre:sports>basketball #addon:multitap>super #save:password #compatibility:superfamicom>lorom #lang:ja,2596
#players:5:coop:vs #genre:sports>football #addon:multitap>super #embedded:backup>battery #save:backup #compatibility:superfamicom>lorom #search:keyword>official #lang:en,2597
#players:5:coop:vs #genre:sports>football #addon:multitap>super #embedded:backup>battery #save:backup #compatibility:superfamicom>lorom #search:keyword>official #lang:en #unfinished:beta,2598
#players:5:coop:vs #genre:sports>hockey #addon:multitap>super #embedded:backup>battery #save:backup #compatibility:superfamicom>lorom #based #search:keyword>official #lang:en,2599
#players:5:coop:vs #genre:sports>soccer #addon:multitap>super #compatibility:superfamicom>lorom #search:keyword>official #port:sega>megadrive #lang:en,2600
#players:5:coop:vs #genre:sports>soccer #addon:multitap>super #compatibility:superfamicom>lorom #search:keyword>official #port:sega>megadrive #lang:ja,2601
#players:5:coop:vs #genre:sports>soccer #addon:multitap>super #embedded:backup>battery #save:backup #compatibility:superfamicom>lorom #search:keyword>official>dolby #lang:en:fr:de:es:it:nl:sv,2602
#players:5:coop:vs #genre:sports>soccer #addon:multitap>super #embedded:backup>battery #save:backup #compatibility:superfamicom>lorom #search:keyword>official>dolby #lang:en:fr:de:es:it:nl:sv #unfinished:proto,2603
#players:5:vs #genre:board #addon:multitap>super #compatibility:superfamicom>hirom #lang:ja,2604
#players:5:vs #genre:board>cards:sim>derby #save:password #compatibility:superfamicom>lorom #lang:ja,2605
#players:5:vs #genre:board>hanafuda #compatibility:superfamicom>hirom #lang:ja,2606
#players:5:vs #genre:board>party #addon:multitap>super #compatibility:superfamicom>lorom #based:manganime #lang:ja,2607
#players:5:vs #genre:board>party:adventure:quiz #addon:multitap>super #embedded:backup>battery #save:backup #compatibility:superfamicom>lorom #based #lang:ja,2608
#players:5:vs #genre:board>party:adventure:quiz #addon:multitap>super #embedded:backup>battery #save:backup #compatibility:superfamicom>lorom #based #lang:ja #rev:1,2609
#players:5:vs #genre:quiz:board>party #addon:multitap>super #embedded:backup>battery #save:backup #compatibility:superfamicom>lorom #based #lang:ja,2610
#players:5:vs #genre:racing #addon:multitap>super #compatibility:superfamicom>lorom #based #lang:en,2611
#players:5:vs #genre:racing #addon:multitap>super #compatibility:superfamicom>lorom #based #lang:en #unfinished:proto,2612
#players:5:vs #genre:racing>combat #addon:multitap>super #save:password #compatibility:superfamicom>lorom #lang:ja,2613
#players:6:vs #genre:board #compatibility:superfamicom>hirom #based #lang:en,2614
#players:6:vs #genre:board>jankenpon #addon:multitap>super #embedded:backup>battery #save:backup #compatibility:superfamicom>hirom #based:manganime #lang:ja,2615
#players:6:vs #genre:sim>derby #embedded:backup>battery #save:backup #compatibility:superfamicom>lorom #lang:ja,2616
#players:6:vs #genre:sim>derby #embedded:backup>battery #save:backup #compatibility:superfamicom>lorom #lang:ja #rev:1,2617
#players:6:vs #genre:sim>derby:adventure #embedded:backup>battery #save:backup #compatibility:superfamicom>lorom #lang:ja,2618
#players:8:vs #genre:action:fighting:minigames #compatibility:superfamicom>lorom #based #lang:en,2619
#players:8:vs #genre:board>party #compatibility:superfamicom>lorom #based #lang:en,2620
#players:8:vs #genre:board>party #compatibility:superfamicom>lorom #based #lang:en #rev:1,2621
#players:8:vs #genre:minigames:sports>surf>skateboarding>snowboarding>jetski #compatibility:superfamicom>lorom #port:pc #lang:en,2622
#players:8:vs #genre:minigames:sports>surf>skateboarding>snowboarding>jetski #compatibility:superfamicom>lorom #port:pc #lang:en:fr:de,2623
#players:8:vs #genre:minigames:sports>surf>skateboarding>snowboarding>jetski #compatibility:superfamicom>lorom #port:pc #lang:ja:en,2624
#players:8:vs #genre:parlor>billiards #compatibility:superfamicom>lorom #search:keyword>official #lang:en,2625
#players:8:vs #genre:parlor>billiards #compatibility:superfamicom>lorom #search:keyword>official #lang:ja,2626
#players:8:vs #genre:sim>strategy #addon:mouse>sfc #embedded:backup>battery #save:backup #compatibility:superfamicom>hirom #port:nec>pc88 #lang:en,2627
#players:8:vs #genre:sim>strategy #addon:mouse>sfc #embedded:backup>battery #save:backup #compatibility:superfamicom>hirom #port:nec>pc88 #lang:ja,2628
#players:8:vs #genre:sim>strategy #addon:mouse>sfc #embedded:backup>battery #save:backup #compatibility:superfamicom>hirom #port:nec>pc88 #lang:ja #rev:1,2629
#players:8:vs #genre:sim>strategy #embedded:backup>battery #save:backup #compatibility:superfamicom>hirom #port:nec>pc88 #lang:ja,2630
#players:8:vs #genre:sim>strategy #embedded:backup>battery #save:backup #compatibility:superfamicom>hirom #port:nec>pc98 #lang:en,2631
#players:8:vs #genre:sim>strategy #embedded:backup>battery #save:backup #compatibility:superfamicom>hirom #port:nec>pc98 #lang:ja,2632
#players:8:vs #genre:sim>strategy #embedded:backup>battery #save:backup #compatibility:superfamicom>hirom #port:nec>pc98 #lang:ja #rev:1,2633
#players:8:vs #genre:sim>strategy #embedded:backup>battery #save:backup #compatibility:superfamicom>hirom #port:nec>pc98 #lang:ja #rev:2,2634
#players:8:vs #genre:sim>strategy #embedded:backup>battery #save:backup #compatibility:superfamicom>hirom #port:nec>pc98 #lang:zh,2635
#players:8:vs #genre:sports>tennis #addon:mouse>sfc #save:password #compatibility:superfamicom>lorom #search:keyword>endorsed #lang:ja,2636
#players:9:vs #genre:sports>golf #embedded:backup>battery #save:backup #compatibility:superfamicom>lorom #search:keyword>endorsed>official #lang:ja,2637
