game_id,screen_title_en,screen_title_native,release_date,md5,sha1,sha256,sha512
4dwarriors,4-D Warriors,,1985-12,f6026387472771f53a35d350b4ef9d31,136232868bd1e6640c6d04e889e36214dc5cb149,17a688ef3ab52bf402b72d9a34296ed6c3acef0d036095d5afae906eac594d5d,d0f452d7d300467b9f83f04cfe7bf10e4fd0d3ae183dd86a276ddaa750fc5daeee22c46f834ce905ddf2260e211ba2cde59e3ab24124a889851a60b32ce456ed
abcop,A.B. Cop,A.B. Cop - Air Bike Cop,1991-01,ec098294f4054103caf7090a4e308c1f,e8c12fccba1153a3fd2ca09992748f4459c52475,4abd00a617a71110eb0eb83a7e2b293f8ee3beaea0400d697eada54f737fd7f4,a126fae2eaa346b88e866d0ba548dab6f7b62793433684002477be40fbef4b4a71d50348b7803e09fb15cd93553fcae8b91a2bf4bfa5dfa17b902ca73c2f7036
abcop,A.B. Cop,A.B. Cop - Air Bike Cop,1991,ec098294f4054103caf7090a4e308c1f,e8c12fccba1153a3fd2ca09992748f4459c52475,4abd00a617a71110eb0eb83a7e2b293f8ee3beaea0400d697eada54f737fd7f4,a126fae2eaa346b88e866d0ba548dab6f7b62793433684002477be40fbef4b4a71d50348b7803e09fb15cd93553fcae8b91a2bf4bfa5dfa17b902ca73c2f7036
aceattacker,Ace Attacker,,1988-04,83bc0fcf1ee56493a1cdeb0946748a2d,9a6d50d6eeaa7770d8da2320c1121b55c06733bd,a4776364c7e1a9ad07696d74b3fe520db13e71593d05c456823bbebe0f8b320a,21e9c1c9df19dce9e00a1bdb653a0f027e79a19254b96d9411a39c26c1674136122136d1a0f08b514abb2c8aa50dd916d403d9dd6ea87bda597bda1373cdbd8e
aceattacker,Ace Attacker,,1988,83bc0fcf1ee56493a1cdeb0946748a2d,9a6d50d6eeaa7770d8da2320c1121b55c06733bd,a4776364c7e1a9ad07696d74b3fe520db13e71593d05c456823bbebe0f8b320a,21e9c1c9df19dce9e00a1bdb653a0f027e79a19254b96d9411a39c26c1674136122136d1a0f08b514abb2c8aa50dd916d403d9dd6ea87bda597bda1373cdbd8e
actionfighter,Action Fighter,,1986,cba1aae745662bf98a8390b683d96dbd,08943f03f3109db77932319d11b475827f61506e,1b5d561bcde2c59706ecffe198d3e8277b023710316e048797f15693dccea381,ba6d9e906f2773ffad7443268d938a09388e01a778c7afdb36cc1e23872a671c80d144f7fdf167d743e885bc5d7a55c01185f43fcc7459a62b4f0f87706e7b59
actionfighter,Action Fighter,,1986,cba1aae745662bf98a8390b683d96dbd,08943f03f3109db77932319d11b475827f61506e,1b5d561bcde2c59706ecffe198d3e8277b023710316e048797f15693dccea381,ba6d9e906f2773ffad7443268d938a09388e01a778c7afdb36cc1e23872a671c80d144f7fdf167d743e885bc5d7a55c01185f43fcc7459a62b4f0f87706e7b59
actionfighter,Action Fighter,,1986,cba1aae745662bf98a8390b683d96dbd,08943f03f3109db77932319d11b475827f61506e,1b5d561bcde2c59706ecffe198d3e8277b023710316e048797f15693dccea381,ba6d9e906f2773ffad7443268d938a09388e01a778c7afdb36cc1e23872a671c80d144f7fdf167d743e885bc5d7a55c01185f43fcc7459a62b4f0f87706e7b59
actionfighter,Action Fighter,,1986,cba1aae745662bf98a8390b683d96dbd,08943f03f3109db77932319d11b475827f61506e,1b5d561bcde2c59706ecffe198d3e8277b023710316e048797f15693dccea381,ba6d9e906f2773ffad7443268d938a09388e01a778c7afdb36cc1e23872a671c80d144f7fdf167d743e885bc5d7a55c01185f43fcc7459a62b4f0f87706e7b59
actionfighter,Action Fighter,,1986,cba1aae745662bf98a8390b683d96dbd,08943f03f3109db77932319d11b475827f61506e,1b5d561bcde2c59706ecffe198d3e8277b023710316e048797f15693dccea381,ba6d9e906f2773ffad7443268d938a09388e01a778c7afdb36cc1e23872a671c80d144f7fdf167d743e885bc5d7a55c01185f43fcc7459a62b4f0f87706e7b59
actionfighter,Action Fighter,,1986,cba1aae745662bf98a8390b683d96dbd,08943f03f3109db77932319d11b475827f61506e,1b5d561bcde2c59706ecffe198d3e8277b023710316e048797f15693dccea381,ba6d9e906f2773ffad7443268d938a09388e01a778c7afdb36cc1e23872a671c80d144f7fdf167d743e885bc5d7a55c01185f43fcc7459a62b4f0f87706e7b59
actionfighter,Action Fighter,,1986,cba1aae745662bf98a8390b683d96dbd,08943f03f3109db77932319d11b475827f61506e,1b5d561bcde2c59706ecffe198d3e8277b023710316e048797f15693dccea381,ba6d9e906f2773ffad7443268d938a09388e01a778c7afdb36cc1e23872a671c80d144f7fdf167d743e885bc5d7a55c01185f43fcc7459a62b4f0f87706e7b59
actionfighter,Action Fighter,,1986,cba1aae745662bf98a8390b683d96dbd,08943f03f3109db77932319d11b475827f61506e,1b5d561bcde2c59706ecffe198d3e8277b023710316e048797f15693dccea381,ba6d9e906f2773ffad7443268d938a09388e01a778c7afdb36cc1e23872a671c80d144f7fdf167d743e885bc5d7a55c01185f43fcc7459a62b4f0f87706e7b59
actionfighter,Action Fighter,,1986,cba1aae745662bf98a8390b683d96dbd,08943f03f3109db77932319d11b475827f61506e,1b5d561bcde2c59706ecffe198d3e8277b023710316e048797f15693dccea381,ba6d9e906f2773ffad7443268d938a09388e01a778c7afdb36cc1e23872a671c80d144f7fdf167d743e885bc5d7a55c01185f43fcc7459a62b4f0f87706e7b59
afterburner,After Burner,,1987-07-17,c85496ced0cfe66a36cae9c82c482ee4,87315ad44bc6fb6cfee5d9964435ff161090fc5e,1997a08de656b0693c34537cc737d0ae0abbcba98e0382288f61cdb9d12124a6,0bacc82bb0fe188fb3d072039e1be6a2d410cb6f70e6ef341677fe960022e4b4a2dc4782402af7828254002df90392edd46d014efff7b5fe9681cd864789cdde
afterburner2,After Burner II,,1987,c85496ced0cfe66a36cae9c82c482ee4,87315ad44bc6fb6cfee5d9964435ff161090fc5e,1997a08de656b0693c34537cc737d0ae0abbcba98e0382288f61cdb9d12124a6,0bacc82bb0fe188fb3d072039e1be6a2d410cb6f70e6ef341677fe960022e4b4a2dc4782402af7828254002df90392edd46d014efff7b5fe9681cd864789cdde
afterburner2,After Burner II,,1987,c85496ced0cfe66a36cae9c82c482ee4,87315ad44bc6fb6cfee5d9964435ff161090fc5e,1997a08de656b0693c34537cc737d0ae0abbcba98e0382288f61cdb9d12124a6,0bacc82bb0fe188fb3d072039e1be6a2d410cb6f70e6ef341677fe960022e4b4a2dc4782402af7828254002df90392edd46d014efff7b5fe9681cd864789cdde
airrescueac,Air Rescue,,1992-04,8047da908f7cea0d072236f2d0cb1587,bf97df9f45396ce191dfb87dcf6b6bef6c2c14f7,5a3002d2925c3219810cf157cdc400c6f89635cf70d405567267f46327b23211,ad294d634efbb2f6825e4ab2ca5e0753a8f6bbb854b05bb8be8ad4b0c76c125e82be9614956139f4e6eb48a6c50516890adbb87f6486aa7a321f3d3809ac1a26
airrescueac,Air Rescue,,1992,8047da908f7cea0d072236f2d0cb1587,bf97df9f45396ce191dfb87dcf6b6bef6c2c14f7,5a3002d2925c3219810cf157cdc400c6f89635cf70d405567267f46327b23211,ad294d634efbb2f6825e4ab2ca5e0753a8f6bbb854b05bb8be8ad4b0c76c125e82be9614956139f4e6eb48a6c50516890adbb87f6486aa7a321f3d3809ac1a26
airrescueac,Air Rescue,,1992,8047da908f7cea0d072236f2d0cb1587,bf97df9f45396ce191dfb87dcf6b6bef6c2c14f7,5a3002d2925c3219810cf157cdc400c6f89635cf70d405567267f46327b23211,ad294d634efbb2f6825e4ab2ca5e0753a8f6bbb854b05bb8be8ad4b0c76c125e82be9614956139f4e6eb48a6c50516890adbb87f6486aa7a321f3d3809ac1a26
alexkiddtls,Alex Kidd: The Lost Stars,Alex Kidd with Stella: The Lost Stars,1986,c1b23d063fc36f7d420d88d61ef29a38,cda02c2d31824da9951a87844d6f07b28a028fec,278b2f1aaf91bd5a1066c2622a16c4dc77f34bd86cc5f0ae5c95b98a66d7643c,c74e582c4269de4a3c3c12feecea3f8ca3d3dd8938e44cc1e2e319191c47a154cc1cfd6dcadd863ca28cb812fdc4d90657ed7359cf206e4d8c7ce7ed634c1355
alexkiddtls,Alex Kidd: The Lost Stars,Alex Kidd with Stella: The Lost Stars,1986,c1b23d063fc36f7d420d88d61ef29a38,cda02c2d31824da9951a87844d6f07b28a028fec,278b2f1aaf91bd5a1066c2622a16c4dc77f34bd86cc5f0ae5c95b98a66d7643c,c74e582c4269de4a3c3c12feecea3f8ca3d3dd8938e44cc1e2e319191c47a154cc1cfd6dcadd863ca28cb812fdc4d90657ed7359cf206e4d8c7ce7ed634c1355
alibaba,Ali Baba and 40 Thieves,,1982,a72b80d89fe1f993a888e50d584cfd44,758240727ef2afb648bdbeeb43a300f51f8924f4,3504fe892a6ca1816e4761db965a0e63fe45f0c3bb480ab3a7cbb18df7ac7962,c34f569191055517f29c584fd5119462c747bb1b2d228fcc5ff17e65e73098b11e4ca48b973cb895c93428948503fae2aa5f416affb830176c9de2bc0237bc91
alibaba,Mustafa and 40 Thieves,,1982,a72b80d89fe1f993a888e50d584cfd44,758240727ef2afb648bdbeeb43a300f51f8924f4,3504fe892a6ca1816e4761db965a0e63fe45f0c3bb480ab3a7cbb18df7ac7962,c34f569191055517f29c584fd5119462c747bb1b2d228fcc5ff17e65e73098b11e4ca48b973cb895c93428948503fae2aa5f416affb830176c9de2bc0237bc91
alien3thegun,Alien³: The Gun,,1993-09,655750570ba5291943b1d82ba84d6e26,c825dc5e86d300496b114a666e384e49407d2511,3e95c3f3d6dfe1597da139c5d310b0afae93f05af257bcbd12f709c854c3884c,5a748fcbf3168ab1c1a10b61d5a756deed3bf3e4ca903c0f9e5d8e95c53a88f4a66b10829687d2a6ef220abce9f1297594cd189d79f38aae209905b26cfb1e52 
alien3thegun,Alien³: The Gun,,1993,655750570ba5291943b1d82ba84d6e26,c825dc5e86d300496b114a666e384e49407d2511,3e95c3f3d6dfe1597da139c5d310b0afae93f05af257bcbd12f709c854c3884c,5a748fcbf3168ab1c1a10b61d5a756deed3bf3e4ca903c0f9e5d8e95c53a88f4a66b10829687d2a6ef220abce9f1297594cd189d79f38aae209905b26cfb1e52 
alien3thegun,Alien³: The Gun,,1993,655750570ba5291943b1d82ba84d6e26,c825dc5e86d300496b114a666e384e49407d2511,3e95c3f3d6dfe1597da139c5d310b0afae93f05af257bcbd12f709c854c3884c,5a748fcbf3168ab1c1a10b61d5a756deed3bf3e4ca903c0f9e5d8e95c53a88f4a66b10829687d2a6ef220abce9f1297594cd189d79f38aae209905b26cfb1e52 
alienstorm,Alien Storm,,1990-03,dd93cfef5b45d664fdeca40f88b027e7,fb6e70cee29ce1f173d1b9ba8af3b6cafc200786,871b28e7ada0cf4cfad850c54b0e4293ed4175d7487fc01a90744fd4aad43816,4bfb90e07dcfcaf346ff4a6123131ce3b74f32ea02ca365ee9059c5021671ca7659930959590cad4b87d778085918040455ad6796a76bef0d80994931f6409a9
alienstorm,Alien Storm,,1990,dd93cfef5b45d664fdeca40f88b027e7,fb6e70cee29ce1f173d1b9ba8af3b6cafc200786,871b28e7ada0cf4cfad850c54b0e4293ed4175d7487fc01a90744fd4aad43816,4bfb90e07dcfcaf346ff4a6123131ce3b74f32ea02ca365ee9059c5021671ca7659930959590cad4b87d778085918040455ad6796a76bef0d80994931f6409a9
alienstorm,Alien Storm,,1990,dd93cfef5b45d664fdeca40f88b027e7,fb6e70cee29ce1f173d1b9ba8af3b6cafc200786,871b28e7ada0cf4cfad850c54b0e4293ed4175d7487fc01a90744fd4aad43816,4bfb90e07dcfcaf346ff4a6123131ce3b74f32ea02ca365ee9059c5021671ca7659930959590cad4b87d778085918040455ad6796a76bef0d80994931f6409a9
aliensyndrome,Alien Syndrome,,1987-01,dfc93a94fd8b6a55d217201a90a3b55c,fff88fbc1116f0778a1c20f8edf92271b57357a5,4938126c0b49037fa6ebdd5ef0225d07457557b268300cf279fd48ec9751d046,c9ac3497eb602dd07d5b3d588f180fe72dc20d6316005e561e67e0c537acfe21b61d7ccd6d93ee23ef9efb3090894fa964b6efa31437eb5078c91dcd7fc3fd64
aliensyndrome,Alien Syndrome,,1987,dfc93a94fd8b6a55d217201a90a3b55c,fff88fbc1116f0778a1c20f8edf92271b57357a5,4938126c0b49037fa6ebdd5ef0225d07457557b268300cf279fd48ec9751d046,c9ac3497eb602dd07d5b3d588f180fe72dc20d6316005e561e67e0c537acfe21b61d7ccd6d93ee23ef9efb3090894fa964b6efa31437eb5078c91dcd7fc3fd64
aliensyndrome,Alien Syndrome,,1987,dfc93a94fd8b6a55d217201a90a3b55c,fff88fbc1116f0778a1c20f8edf92271b57357a5,4938126c0b49037fa6ebdd5ef0225d07457557b268300cf279fd48ec9751d046,c9ac3497eb602dd07d5b3d588f180fe72dc20d6316005e561e67e0c537acfe21b61d7ccd6d93ee23ef9efb3090894fa964b6efa31437eb5078c91dcd7fc3fd64
aliensyndrome,Alien Syndrome,,1987,dfc93a94fd8b6a55d217201a90a3b55c,fff88fbc1116f0778a1c20f8edf92271b57357a5,4938126c0b49037fa6ebdd5ef0225d07457557b268300cf279fd48ec9751d046,c9ac3497eb602dd07d5b3d588f180fe72dc20d6316005e561e67e0c537acfe21b61d7ccd6d93ee23ef9efb3090894fa964b6efa31437eb5078c91dcd7fc3fd64
aliensyndrome,Alien Syndrome,,1987,dfc93a94fd8b6a55d217201a90a3b55c,fff88fbc1116f0778a1c20f8edf92271b57357a5,4938126c0b49037fa6ebdd5ef0225d07457557b268300cf279fd48ec9751d046,c9ac3497eb602dd07d5b3d588f180fe72dc20d6316005e561e67e0c537acfe21b61d7ccd6d93ee23ef9efb3090894fa964b6efa31437eb5078c91dcd7fc3fd64
aliensyndrome,Alien Syndrome,,1987,dfc93a94fd8b6a55d217201a90a3b55c,fff88fbc1116f0778a1c20f8edf92271b57357a5,4938126c0b49037fa6ebdd5ef0225d07457557b268300cf279fd48ec9751d046,c9ac3497eb602dd07d5b3d588f180fe72dc20d6316005e561e67e0c537acfe21b61d7ccd6d93ee23ef9efb3090894fa964b6efa31437eb5078c91dcd7fc3fd64
aliensyndrome,Alien Syndrome,,1987,dfc93a94fd8b6a55d217201a90a3b55c,fff88fbc1116f0778a1c20f8edf92271b57357a5,4938126c0b49037fa6ebdd5ef0225d07457557b268300cf279fd48ec9751d046,c9ac3497eb602dd07d5b3d588f180fe72dc20d6316005e561e67e0c537acfe21b61d7ccd6d93ee23ef9efb3090894fa964b6efa31437eb5078c91dcd7fc3fd64
angelkids,Angel Kids,,1988-02,63c316d5e68b852ee0546af980460f23,5286a6c61d56a68524818f37214c8620aee36f05,80bb86a6be4afaee86bb7953bcdc3627bfef0e6cfdd0e6c8e433afa395e587ca,c4261e7ad8804bf6192d2c2253f950052850eb838463cc982d4ab62eeed8580d96023d7a38a34d17c2774c95411d193bec942e6fd7d44765b1540a8de2d2ddb1
appoooh,Appoooh,,1984-06,d824adf438535a00ef4850e90bf6df1f,8738963f111d2644b90b7fe58f6fc4b65353d684,a05d8fdd8174901ede8327c07117bc7dda973ee6eea4da431b415b6103690078,500704c9b84b918d23c6b3bbd6cc995054238ab39764c91d217488c51ea3a90ea1ca2145c44dcb3688f9f45d411e4e7aee530a95d4a55708f58e10aea364112b
arabianfight,Arabian Fight,,1992-03,ced2530f3f79c88727028ef5e1a1047a,609ea9a531d60e9373c0c5228d82c1581c11aa3e,921a58119ac05bb76b0ef281458a69360237623f5f222e403819b3c62acc3ace,038c74b994d797ec321172a3ad7cf442f34a699b447c4d8b43ac450b33bcf996d4558d99b7615a5f6b1f9d9da6f2f6b8e86b4357964ac5e6991e50a71cbe3203
arabianfight,Arabian Fight,,1992,ced2530f3f79c88727028ef5e1a1047a,609ea9a531d60e9373c0c5228d82c1581c11aa3e,921a58119ac05bb76b0ef281458a69360237623f5f222e403819b3c62acc3ace,038c74b994d797ec321172a3ad7cf442f34a699b447c4d8b43ac450b33bcf996d4558d99b7615a5f6b1f9d9da6f2f6b8e86b4357964ac5e6991e50a71cbe3203
arabianfight,Arabian Fight,,1992,ced2530f3f79c88727028ef5e1a1047a,609ea9a531d60e9373c0c5228d82c1581c11aa3e,921a58119ac05bb76b0ef281458a69360237623f5f222e403819b3c62acc3ace,038c74b994d797ec321172a3ad7cf442f34a699b447c4d8b43ac450b33bcf996d4558d99b7615a5f6b1f9d9da6f2f6b8e86b4357964ac5e6991e50a71cbe3203
aromaclub,Aroma Club: Aromatherapy Kaori no Shindanshitsu,Aroma Club アロマテラピー香りの診断室,1997-04,,,,
astrasuperstars,Astra Superstars,Astra Superstars アストラスーパースターズ,1998-05,da95f6f73d1eb95aeee90a80f0bf1161,9e93ce7f5c9b59e3f2c1f73b99cdf5d6242a9dd8,1e227ddabe727418513ece057b079fb573158987325ae60ca6f622049252ea31,e996eb0685bbf347a41531b175e60c9f0981e754a55dd5ad7b39186c0382a2348f053fd1ef61a0c7fd43b4d5a1b0bb8352f45e29c31d6673a463433d5e525d5a
astroflash,Astro Flash,,1986,1a292c66d7eeb50e55a9dffce0b66ea8,d2148415dfa323104e1f286710a93d5dc6f633f2,02cb8d39a8b476e894a41586c8d7adf482abadf55219663c6c8ebe9804461143,a57802ce74bd4179699e991b3f9276348f7059b7713407fb1457eab8e152151a43ed47e6f6cf5a32eb955d61ddbf2ed4ab9ec1ba42b6a1994515db65598297d6
astroflash,Transformer,,1986,1a292c66d7eeb50e55a9dffce0b66ea8,d2148415dfa323104e1f286710a93d5dc6f633f2,02cb8d39a8b476e894a41586c8d7adf482abadf55219663c6c8ebe9804461143,a57802ce74bd4179699e991b3f9276348f7059b7713407fb1457eab8e152151a43ed47e6f6cf5a32eb955d61ddbf2ed4ab9ec1ba42b6a1994515db65598297d6
atomicpoint,Atomic Point,,1990,f9a6e3a7ef20b988d02490f61c3bcd77,21122651afd859ca05d3697799290b1ef1502981,8362ede03758ef166ea9418eee969391dfd78f0f34c6d5fa3228a15a0ff2c2d1,4ac7273621820beb88f583064fa693849f21951e1b9d3ea47da797fa413bbc127c8e3c0e815ecaddd1dd4f0f5c6490d4134a3f185d9314e3e3475e9093d3b901
aurail,Aurail,,1990-10,2788487f12a6cf89f6941e6c9e39755c,a0dd836b8f418aeec353a187f27e45d56d363a2c,e3d0290681a15813536fe7ebfa40da5bd231cbc123eeeda4b31f4026106a4bb1,22989de587fd89b743ed44fd6d841eb18378f67d7966cdbe1273051cce71ca2d64d21409e48afeacfb92a9d1e994c23213ce0d5849767398bc5da68058a5873f
aurail,Aurail,,1990-12,2788487f12a6cf89f6941e6c9e39755c,a0dd836b8f418aeec353a187f27e45d56d363a2c,e3d0290681a15813536fe7ebfa40da5bd231cbc123eeeda4b31f4026106a4bb1,22989de587fd89b743ed44fd6d841eb18378f67d7966cdbe1273051cce71ca2d64d21409e48afeacfb92a9d1e994c23213ce0d5849767398bc5da68058a5873f
aurail,Aurail,,1990-12,2788487f12a6cf89f6941e6c9e39755c,a0dd836b8f418aeec353a187f27e45d56d363a2c,e3d0290681a15813536fe7ebfa40da5bd231cbc123eeeda4b31f4026106a4bb1,22989de587fd89b743ed44fd6d841eb18378f67d7966cdbe1273051cce71ca2d64d21409e48afeacfb92a9d1e994c23213ce0d5849767398bc5da68058a5873f
bakubakuanimal,Baku Baku Animal: Sekai Shiikugakari Senshuken,ばくばくアニマル 世界飼育係選手権,1995-04-07,de0359dd8eccee2dcf1f94851291bfda,17b2df9858084e52c5efff899d02c19ffa2b1410,69863909fcafa21ed685d9c6bf40c3c69436b7a6dad125233d1fc15b4fcb83d9,bd2c059da9ac2297a81529314f2a72719a746e36a6934d3d7e2ef84189877842c933288118dcab8b18634d4ee3d547d5bbd7301cb3112468d44a43fd13c6e4c6
bakudanyaroulof,Bakudan Yarō: Line of Fire,爆弾野郎 Line of Fire,1989-12,bbc9f3f1bb92b9ccb62aa372e8be851e,16bd1b882fd5a65aa15fa4bf4a50b9f1d6f08175,eacb98e455863902144360258384ed517b4233c59f2c807dd3f87c38243feb6f,1ebe9d9dfbea6b2cadc685e5d036edd8d51bd38f9b4d6f951646278ba96449cb09a0e7cb325f00b7748984ebbdee0e950b7ed7c6aaaddb6e939ae7cb374581df
bakudanyaroulof,Line of Fire,,1989,bbc9f3f1bb92b9ccb62aa372e8be851e,16bd1b882fd5a65aa15fa4bf4a50b9f1d6f08175,eacb98e455863902144360258384ed517b4233c59f2c807dd3f87c38243feb6f,1ebe9d9dfbea6b2cadc685e5d036edd8d51bd38f9b4d6f951646278ba96449cb09a0e7cb325f00b7748984ebbdee0e950b7ed7c6aaaddb6e939ae7cb374581df
bakudanyaroulof,Line of Fire,,1989,bbc9f3f1bb92b9ccb62aa372e8be851e,16bd1b882fd5a65aa15fa4bf4a50b9f1d6f08175,eacb98e455863902144360258384ed517b4233c59f2c807dd3f87c38243feb6f,1ebe9d9dfbea6b2cadc685e5d036edd8d51bd38f9b4d6f951646278ba96449cb09a0e7cb325f00b7748984ebbdee0e950b7ed7c6aaaddb6e939ae7cb374581df
bankpanic,Bank Panic,,1984-09-28,b95e5c2016bf570c4438f9d742cce44e,5cade8bfbac308caca5b4844dce525be5a134cb2,9168ab1e6a15a05c8ef74e4562c7b5b025d3f9556e8882a3e83bb7f55b8df7d4,9106925416fad390aab9339e0ae1216efcdd86b4905d32ee90f0ae746458a82160c570932b1f42948237b1ed7fffd0f8168ab5cfa63533a3e49221fcd3046be4
batmanforeverac,Batman Forever,,1996-05-07,947d220e7d847e02dc6e9f16729cd80f,3527513bb7385f1c81d075ec9a6278ed4f980804,b603475c63f3f2f0cd09bec9661f0221cdf4e28063618268f3bb51c7100a8152,08560511e991fbb199b59ca73eaa7b0c633d9fb01d38714f31a0204aced51c077e10bc6204c6fa55f2e9d73830c7b1c7e8055c25d43f586c914c40f0d3212607
bayroute,Bay Route,,1989-04,02d554f987d5a4ee1a3a3d48ba01d114,3b31bd464cfced6efd0b9b29c744ed41a1e231d1,58ec706ecf09cf261080d1d70ba92ad73dc03fa65b54a269edd056a1a9f85687,a74469f77f39e0f0fe6d6f1e12160ca2807abe6f17064a214c094f85b4bd99fa6874875bcc5f867979ca95d09ea8d5ec131c5bfc00b1d080a45fb7f9346bd7f0
bayroute,Bay Route,,1989,02d554f987d5a4ee1a3a3d48ba01d114,3b31bd464cfced6efd0b9b29c744ed41a1e231d1,58ec706ecf09cf261080d1d70ba92ad73dc03fa65b54a269edd056a1a9f85687,a74469f77f39e0f0fe6d6f1e12160ca2807abe6f17064a214c094f85b4bd99fa6874875bcc5f867979ca95d09ea8d5ec131c5bfc00b1d080a45fb7f9346bd7f0
bayroute,Bay Route,,1989,02d554f987d5a4ee1a3a3d48ba01d114,3b31bd464cfced6efd0b9b29c744ed41a1e231d1,58ec706ecf09cf261080d1d70ba92ad73dc03fa65b54a269edd056a1a9f85687,a74469f77f39e0f0fe6d6f1e12160ca2807abe6f17064a214c094f85b4bd99fa6874875bcc5f867979ca95d09ea8d5ec131c5bfc00b1d080a45fb7f9346bd7f0
blockgal,Block Gal,,1987-03-24,688720b5ee698d34c6b05cfab7d40448,87d14ee01cb07f51c05edf06f1e2e29f97780bfa,9cddfc6dc4a5a5cbf7e228827a7d45a498f2748ef8f8e640896d2485f491e257,4fca7bf98d430e03dd12e12e0cc3522c8320c2ec50017a34268b750ef268c8070dc171f8ec093f1e65b76c15cd0142149af35061cf88570acd8ba4542f601fef
bloxeed,Bloxeed,,1989,ece168b0b6a9b3c8bb7540b67e8d347c,3eefa089250b923c16c94de12751ea2a694cb4cd,a483ebb0e8aee48eb457afc2dfce9843f459ee952545c91e5ba375b791468b1b,c5e73c46d04f99db3b7d2da2de0a3338e5dafbea50691a338322ba777183d71c3525ebd81bfb8e8f7c3fe7f53231352c5e71d5e625e5db4f6c6bca038b8b1a6b
bloxeed,Bloxeed,,1989,ece168b0b6a9b3c8bb7540b67e8d347c,3eefa089250b923c16c94de12751ea2a694cb4cd,a483ebb0e8aee48eb457afc2dfce9843f459ee952545c91e5ba375b791468b1b,c5e73c46d04f99db3b7d2da2de0a3338e5dafbea50691a338322ba777183d71c3525ebd81bfb8e8f7c3fe7f53231352c5e71d5e625e5db4f6c6bca038b8b1a6b
bloxeed,Bloxeed,,1989,ece168b0b6a9b3c8bb7540b67e8d347c,3eefa089250b923c16c94de12751ea2a694cb4cd,a483ebb0e8aee48eb457afc2dfce9843f459ee952545c91e5ba375b791468b1b,c5e73c46d04f99db3b7d2da2de0a3338e5dafbea50691a338322ba777183d71c3525ebd81bfb8e8f7c3fe7f53231352c5e71d5e625e5db4f6c6bca038b8b1a6b
bonanzabros,Bonanza Bros.,,1990-06,4f79272bb2b558b546d93ca2db7a1654,9077f1c3f8d93204938fc0e53466537158b2c4e8,47b354720e5903547cd3202eb21a8767bda2d7aa71c1f4a145f1cffa4eaaf216,224837992461f84e8c4ff92a1483f4bec45507facab8d676168b2845879a5369a0e94ff84928e6d89d4c1041294e8a04eee880655a19df160b18148c21126f4b
bonanzabros,Bonanza Bros.,,1990,4f79272bb2b558b546d93ca2db7a1654,9077f1c3f8d93204938fc0e53466537158b2c4e8,47b354720e5903547cd3202eb21a8767bda2d7aa71c1f4a145f1cffa4eaaf216,224837992461f84e8c4ff92a1483f4bec45507facab8d676168b2845879a5369a0e94ff84928e6d89d4c1041294e8a04eee880655a19df160b18148c21126f4b
borench,Borench,,1990,ea68624048b9c0504488f72a2f1ddc19,0cdc2929f38b2fd6371e4ee78661c943520c562f,e7e8f93a6ac188b9f3318957fa234345e52b6a6ac0474e29f05d8ef59fd98de6,2d1e474b1b80f8b6f35adfd49479396e8cd598e16d83964028b949f630933410e2217f680096898ed0bb7abb8635bd0e4019f1762004ae4d709f9d88bd3abdeb
borench,Borench,,1990,ea68624048b9c0504488f72a2f1ddc19,0cdc2929f38b2fd6371e4ee78661c943520c562f,e7e8f93a6ac188b9f3318957fa234345e52b6a6ac0474e29f05d8ef59fd98de6,2d1e474b1b80f8b6f35adfd49479396e8cd598e16d83964028b949f630933410e2217f680096898ed0bb7abb8635bd0e4019f1762004ae4d709f9d88bd3abdeb
borench,Borench,,1990,ea68624048b9c0504488f72a2f1ddc19,0cdc2929f38b2fd6371e4ee78661c943520c562f,e7e8f93a6ac188b9f3318957fa234345e52b6a6ac0474e29f05d8ef59fd98de6,2d1e474b1b80f8b6f35adfd49479396e8cd598e16d83964028b949f630933410e2217f680096898ed0bb7abb8635bd0e4019f1762004ae4d709f9d88bd3abdeb
brain,Brain,,1986,e363c6dc802a10d78bfa7de2a31e227a,f3619f1ab15a73e48153d16e06997439e8f502a3,f01673081374eb3dd4fca97396d52049101ab9170c7ae5128f47d95fa4f576e5,733cc684a570468c147273ea83bcd1d2e2678ebdb99796da6d87105d101b7b2e74cd0b6887783d1f9c0092e0b3fa75e4941d0a928cb31641debc396adf97a4cf
bullet,Bullet,,1987-06,17d08acb2758efa2b1634703c13c9398,1c908406e56dd31764a4276ca8781e5f309abb25,d45204855c914bafd6901f1cd3f098a104cc3a9f9bb32a92999b3bf79ee39f14,38e62a73d240846ea98c2ee7514087b37212c119aeca987324c9a586fabd51b75d9f24e8b795a21d0649a192b52d4b3f1aaec8d7f2c30a1d77d08600e877a71a
burningrival,Burning Rival,,1993-07,d39fd33f2d27e314041f1b60faa218e3,f0a8f92a138303796b5b20048c754b6d9036b0c7,1dc1d3e3eef18e70f5163ccc459e672195f825c4bda201039949583938fb4521,3e44bbbd84d71258feb9604d47709dd2931b2c71925717210c06489c9a80e01259910346503aee6c949e7e25afce6ad8228b2937a6662aab6b767bca798c7582
burningrival,Burning Rival,,1993,d39fd33f2d27e314041f1b60faa218e3,f0a8f92a138303796b5b20048c754b6d9036b0c7,1dc1d3e3eef18e70f5163ccc459e672195f825c4bda201039949583938fb4521,3e44bbbd84d71258feb9604d47709dd2931b2c71925717210c06489c9a80e01259910346503aee6c949e7e25afce6ad8228b2937a6662aab6b767bca798c7582
choplifter,Choplifter,,1985-09-25,818ac90d1e96e569d1d7f95cf5fa8f5e,e8c8c9291fc88a2b43489863c272c47b7521ae13,c68ccf63c55fc7edf97dc9b4db6f9591b2a58e4eec388c393d1ad02bbd3a509e,4dc4ec6de38b9a3ce11962f6ebcda08e5bb1eb6e177cffc46f7cc2334d9ff8897499612d320f551e76651cebdeef795cb3c1ead4db768aaf997842a27e907f8e
choplifter,Choplifter,,1985,818ac90d1e96e569d1d7f95cf5fa8f5e,e8c8c9291fc88a2b43489863c272c47b7521ae13,c68ccf63c55fc7edf97dc9b4db6f9591b2a58e4eec388c393d1ad02bbd3a509e,4dc4ec6de38b9a3ce11962f6ebcda08e5bb1eb6e177cffc46f7cc2334d9ff8897499612d320f551e76651cebdeef795cb3c1ead4db768aaf997842a27e907f8e
choplifter,Choplifter,,1985,818ac90d1e96e569d1d7f95cf5fa8f5e,e8c8c9291fc88a2b43489863c272c47b7521ae13,c68ccf63c55fc7edf97dc9b4db6f9591b2a58e4eec388c393d1ad02bbd3a509e,4dc4ec6de38b9a3ce11962f6ebcda08e5bb1eb6e177cffc46f7cc2334d9ff8897499612d320f551e76651cebdeef795cb3c1ead4db768aaf997842a27e907f8e
clutchhitter,Clutch Hitter,,1991-05,b4d9b8c6cb89f8fed8740a7d1b517e4d,8c363eac002cbf34a121eed2579a9ba010569b1b,9c0ccfeddb15644fe1d1712c089671bc6abaef9c9c357761fa91b8a852e2ae9e,0fb5c848a21b4936137823ee7d327fda67de68a70ec4582243ef1fca51d270e9e408242682daba99580fd594f14566d3bfd10828c72d10d99c0aa5c3f934f91d
clutchhitter,Clutch Hitter,,1991,b4d9b8c6cb89f8fed8740a7d1b517e4d,8c363eac002cbf34a121eed2579a9ba010569b1b,9c0ccfeddb15644fe1d1712c089671bc6abaef9c9c357761fa91b8a852e2ae9e,0fb5c848a21b4936137823ee7d327fda67de68a70ec4582243ef1fca51d270e9e408242682daba99580fd594f14566d3bfd10828c72d10d99c0aa5c3f934f91d
columns,Columns,,1990-03,5b66b43f65bcb4bbfdd0b499871e475d,aa0666c382b6d97dba7468b1bb0ce3622fe7fbb3,f36cf884abbf05e0dc6d854aa68ed52b81f58e1e8b7c0ffacdc7aa02be32f47b,d21d49908d622f21f80d4adaebb73e87209861ae4875ccc67118318da9424980a2049738b8ef3ea08b8c2dfd04b4f1f2c275035016606acb9d6b3d37a8463a28
columns,Columns,,1990,5b66b43f65bcb4bbfdd0b499871e475d,aa0666c382b6d97dba7468b1bb0ce3622fe7fbb3,f36cf884abbf05e0dc6d854aa68ed52b81f58e1e8b7c0ffacdc7aa02be32f47b,d21d49908d622f21f80d4adaebb73e87209861ae4875ccc67118318da9424980a2049738b8ef3ea08b8c2dfd04b4f1f2c275035016606acb9d6b3d37a8463a28
columns,Columns,,1990,5b66b43f65bcb4bbfdd0b499871e475d,aa0666c382b6d97dba7468b1bb0ce3622fe7fbb3,f36cf884abbf05e0dc6d854aa68ed52b81f58e1e8b7c0ffacdc7aa02be32f47b,d21d49908d622f21f80d4adaebb73e87209861ae4875ccc67118318da9424980a2049738b8ef3ea08b8c2dfd04b4f1f2c275035016606acb9d6b3d37a8463a28
columns2tvtt,Columns II: The Voyage Through Time,,1990-09,2ee8d35bb443a2436f3e69b38787b35e,f7b931ee2dc6178e32a281c48cff5eb2621b812a,710199110a2ff34765594ef698a56eafd1a3449d7e1589be2eb9b1fc89e7473a,ca52da44dc9ce2bccf971725aa8ec6af69563914f4d534e4ad72f3ba5edf756322d983d2bb344b39aee6572acb155bfd6aabd1d10780b8bb22f0bef76d67f67b
columns2tvtt,Columns II: The Voyage Through Time,,1990,2ee8d35bb443a2436f3e69b38787b35e,f7b931ee2dc6178e32a281c48cff5eb2621b812a,710199110a2ff34765594ef698a56eafd1a3449d7e1589be2eb9b1fc89e7473a,ca52da44dc9ce2bccf971725aa8ec6af69563914f4d534e4ad72f3ba5edf756322d983d2bb344b39aee6572acb155bfd6aabd1d10780b8bb22f0bef76d67f67b
columns97,Columns 97,,1996-12-09,27868c75d0178a4c8db5ea4c622075e7,f3d3d2b0805eab4d9df2ed12360fc3c5b8748835,310aea730b20285ad29b21dcaf1a187a77d1398d3b4c721553ef78ede72e58c6,5fd2d7f723f2a5d32de8453e81fe45d6ba462f9ce61052a125145c9e9737c24b0f1c82eb5d52becbc912d1d3b842030e86b596873983fe79a71abe099017c70c
combarhawk,Combat Hawk,,1987-06,5f50f040b72bb2eb8a8ce0e3930c3303,366a8b95d44e7fccdda45669dc2a27b01c26085e,e25c7b7e3b8cd0b0a0c0046b55669cd1a48c620f6100c857e69a3f67b47dbcfd,48fc824538d2a2c2851078caf92fa422c2c8a0615b0f521af1d7f6e24103c617385c76b3be55c56844b64aebea0eec8bf03ccc27da5ab7537d843cb42c6b3b19
confobongo,Congo Bongo,,1983-03,73905c9be735143c465e42e3a3bb6029,d9bfc4171c2a09c0adaaa0aa33d6ea8b9ae5dd75,c3b38c98331dc3f06c539a96ab77ef40d86f6761a09daa482f96caa1c8d033b3,f4a4f6bfdbed6724597d5dcc284382a2d704ab19a4ded1826bf6e7688b19405583c1981205be600090b1f9c357c3918d8150c54358852515a10d1130e9dcb71e
confobongo,Congo Bongo,,1983,73905c9be735143c465e42e3a3bb6029,d9bfc4171c2a09c0adaaa0aa33d6ea8b9ae5dd75,c3b38c98331dc3f06c539a96ab77ef40d86f6761a09daa482f96caa1c8d033b3,f4a4f6bfdbed6724597d5dcc284382a2d704ab19a4ded1826bf6e7688b19405583c1981205be600090b1f9c357c3918d8150c54358852515a10d1130e9dcb71e
congobongo,Tip Top,,1983,73905c9be735143c465e42e3a3bb6029,d9bfc4171c2a09c0adaaa0aa33d6ea8b9ae5dd75,c3b38c98331dc3f06c539a96ab77ef40d86f6761a09daa482f96caa1c8d033b3,f4a4f6bfdbed6724597d5dcc284382a2d704ab19a4ded1826bf6e7688b19405583c1981205be600090b1f9c357c3918d8150c54358852515a10d1130e9dcb71e
crackdown,Crack Down,,1989-03,fe5a4ca14d3779edc6d31d0d69cf31dd,bc8bcb7686cfe41edaac27aa2ebd0ae4d0ae9b75,ef761ade587e854f91c42d6ee3baf09537411a141ec462d3b78a8cd3ae418301,228a03407a46f120604b035ba74ab25eb0d0956d02e368a955c70733fd2e7dfc2a5a31aa5336654540e4a73aa3eaedc01ada1b5759b37262ec5de30370337162
crackdown,Crack Down,,1989,fe5a4ca14d3779edc6d31d0d69cf31dd,bc8bcb7686cfe41edaac27aa2ebd0ae4d0ae9b75,ef761ade587e854f91c42d6ee3baf09537411a141ec462d3b78a8cd3ae418301,228a03407a46f120604b035ba74ab25eb0d0956d02e368a955c70733fd2e7dfc2a5a31aa5336654540e4a73aa3eaedc01ada1b5759b37262ec5de30370337162
crackdown,Crack Down,,1989,fe5a4ca14d3779edc6d31d0d69cf31dd,bc8bcb7686cfe41edaac27aa2ebd0ae4d0ae9b75,ef761ade587e854f91c42d6ee3baf09537411a141ec462d3b78a8cd3ae418301,228a03407a46f120604b035ba74ab25eb0d0956d02e368a955c70733fd2e7dfc2a5a31aa5336654540e4a73aa3eaedc01ada1b5759b37262ec5de30370337162
ddcrew,D.D. Crew,,1991-07,6e24dfdabf84eb2d41d7598c00377305,1a5c7a39f8ca8b1a88f2c83bcad91753c460d362,bd62cfbfd0e634524b0b90e4716aa3ceff57d1f6ce391a4e852803788c3e0a5e,6de0991bcdef04442d87f811e656b5edb8a127a7309954dd0a83776a4698992db6faf5f3752df946a48f50319ea10fe521e4dfadcddaa88df407d5b7d9fd5659
ddcrew,D.D. Crew,,1991-07,6e24dfdabf84eb2d41d7598c00377305,1a5c7a39f8ca8b1a88f2c83bcad91753c460d362,bd62cfbfd0e634524b0b90e4716aa3ceff57d1f6ce391a4e852803788c3e0a5e,6de0991bcdef04442d87f811e656b5edb8a127a7309954dd0a83776a4698992db6faf5f3752df946a48f50319ea10fe521e4dfadcddaa88df407d5b7d9fd5659
ddcrew,D.D. Crew,,1991,6e24dfdabf84eb2d41d7598c00377305,1a5c7a39f8ca8b1a88f2c83bcad91753c460d362,bd62cfbfd0e634524b0b90e4716aa3ceff57d1f6ce391a4e852803788c3e0a5e,6de0991bcdef04442d87f811e656b5edb8a127a7309954dd0a83776a4698992db6faf5f3752df946a48f50319ea10fe521e4dfadcddaa88df407d5b7d9fd5659
ddcrew,D.D. Crew,,1991,6e24dfdabf84eb2d41d7598c00377305,1a5c7a39f8ca8b1a88f2c83bcad91753c460d362,bd62cfbfd0e634524b0b90e4716aa3ceff57d1f6ce391a4e852803788c3e0a5e,6de0991bcdef04442d87f811e656b5edb8a127a7309954dd0a83776a4698992db6faf5f3752df946a48f50319ea10fe521e4dfadcddaa88df407d5b7d9fd5659
ddcrew,D.D. Crew,,1991,6e24dfdabf84eb2d41d7598c00377305,1a5c7a39f8ca8b1a88f2c83bcad91753c460d362,bd62cfbfd0e634524b0b90e4716aa3ceff57d1f6ce391a4e852803788c3e0a5e,6de0991bcdef04442d87f811e656b5edb8a127a7309954dd0a83776a4698992db6faf5f3752df946a48f50319ea10fe521e4dfadcddaa88df407d5b7d9fd5659
dakkochanhouse,Dakko-chan House,脱子ちゃん雀荘,1987,de2514cdcce7ca04922faaeaba15af4f,564b15db66811e8e4741ab51a2adce8c0a155c59,063f6e738d069fe16383d0d6ac13dcd1bbd76e3c15073ebf89800cb09ee3c2eb,35913304ac41bea31ce1bb098ca6ac8b86b2c90fcd02310f15251be28d80ace22c9221c28eed768294343826dc28f3e770beceb3088c79cf8115eab40b81f69a
danchidehanafudaokusankomeyadesuyo,Danchi de Hanafuda: Okusan Komeya desu yo!,団地で花札 奥さん米屋ですよ! Super Honkaku Hanafuda,1999-06-07,c092fb87fb133077ee4cd18b53f4ef85,834d6d35476a5a97b38c28cebacfe53280d21060,ded003fdf75a41dc29e5e29057fe5302846b2bf14be5c226cffd95d3bfe065e4,5dc10c3bfd9bee32f31cdfbff1b662f9d3a2496e8f1267a5bc3caf8b1dcf0edb13b9516866288077bed8104ddd9a9e20afff324570eb334e42b6e36bb3f9e75f
danchidequizokusan4takudesuyo,Danchi de Quiz: Okusan 4-taku desu yo!,団地でクイズ 奥さん4択ですよ!,2000-11-28,abbc584bb94c8bdc71519c5c6f14b3af,8a73827adcbc0eeef4bd3374fc014a4ed24844f4,b3a4d5819d1f254f080c16f100c961a0999c46f7774bd505f5d2e38e0b556d16,cc4d153f86437fa95d64baae747126012241ac1d95ef44cb9bc7fd7f49f1b5fcda7c149704cba113e80b75f6d68a77f0251088435de243731aa15589480ecac6
dancingfever,Dancing Fever,Dancing Fever ダンシングフィーバー,2000-08-21,,,,
dancingfevergold,Dancing Fever Gold,Dancing Fever Gold ダンシングフィーバーゴールド,2001-05-30,,,,
darkedge,Dark Edge,,1993-02,1537451eb1348ce5c8f962b116fc5217,2c9f20914feb332ab1c1bd3692473e2500cc8aea,559288dff00601e06f734adb198886ede24f473ac0bd04d1dd179f64db3c8ab1,3936f341eb0a1c9457d0220ce0ccfc43a8a42a7b629fcf84a980fdc181797cd1b123b5b47612dbfbb4a45b54cdc7eadb8a112dd1e5193035021d38b4ad59cbe0
darkedge,Dark Edge,,1993,1537451eb1348ce5c8f962b116fc5217,2c9f20914feb332ab1c1bd3692473e2500cc8aea,559288dff00601e06f734adb198886ede24f473ac0bd04d1dd179f64db3c8ab1,3936f341eb0a1c9457d0220ce0ccfc43a8a42a7b629fcf84a980fdc181797cd1b123b5b47612dbfbb4a45b54cdc7eadb8a112dd1e5193035021d38b4ad59cbe0
decathlete,DecAthlete,DecAthlete デカスリート,1996-04-24,ec810d23283438be5247dcfcb5ad4bc2,37403ada1533cb8a6e5c793210f698210954670d,4c52b3352b6b5da35fabbec59189356b6eefc430dcffd847a95d3097469f6fc8,bb144084f0d399c7ecb938f847238a9f28609fc59a1d671c907154bb5643647d097f047814919d87aa2911cc6d54437610e28f78eac19b4db947d7849ff1158b
decathlete,DecAthlete,,1996-07-09,ec810d23283438be5247dcfcb5ad4bc2,37403ada1533cb8a6e5c793210f698210954670d,4c52b3352b6b5da35fabbec59189356b6eefc430dcffd847a95d3097469f6fc8,bb144084f0d399c7ecb938f847238a9f28609fc59a1d671c907154bb5643647d097f047814919d87aa2911cc6d54437610e28f78eac19b4db947d7849ff1158b
desertbreaker,Desert Breaker,,1992-10,0d328c2124347cc2f5ea65439f34a3fc,8479b65bda3dbd390deb5695a71fb24be840f535,c157ad815b5e7b89764cc595a8593914f2150aa59ac8be0c41517d9331aafbc1,2c96a7259a891ebbd20952e9b2d417870850dcb68af1b7db233467c6ee8dabf5d7bb89082b8f2b8b800c55d3c46fe19888fac01a6ae697cc2efa7baa55e4f626
desertbreaker,Desert Breaker,,1992,0d328c2124347cc2f5ea65439f34a3fc,8479b65bda3dbd390deb5695a71fb24be840f535,c157ad815b5e7b89764cc595a8593914f2150aa59ac8be0c41517d9331aafbc1,2c96a7259a891ebbd20952e9b2d417870850dcb68af1b7db233467c6ee8dabf5d7bb89082b8f2b8b800c55d3c46fe19888fac01a6ae697cc2efa7baa55e4f626
doraemonnodokodemodoor,Doraemon no Dokodemo Door,ドラえもんのどこでもドア,1994,4d530f436b6c9f8630a35d983c7aece0,8225fad7f470ffad8334f9d5704b397301500786,a294d1b9d53c99290045cf4f82f0f143bd8e794b1aea6a5b97079143dccd781c,76a9460fc2d0562133be69244bed4b0249d9ce9f8b3f69d88510972b6ad8042915ed008d453025e06fad8cd6531913208c99b03011b62fb5b9b8bd561375e1f6
dottorikun,Dottori-Kun,ドットリ君,1990,dc818e03bfade13154f14d6fe4ba34e6,c2c17caf1260bd064847db096e1fbdb5868e9e03,685fb7c40d1c76344366a3bcc21c6f30783d88ae89aadcda49b5185190d16550,c16e679e896af38c455333115e2e3b359acdefa06e0939416aba2c1028d7914c49ae4c4d16f3b3479fcb767b178ad8a60c2286ba85a1e6f1887c3d13000d9b54
dottorikun,Dottori-Kun,ドットリ君,1990,dc818e03bfade13154f14d6fe4ba34e6,c2c17caf1260bd064847db096e1fbdb5868e9e03,685fb7c40d1c76344366a3bcc21c6f30783d88ae89aadcda49b5185190d16550,c16e679e896af38c455333115e2e3b359acdefa06e0939416aba2c1028d7914c49ae4c4d16f3b3479fcb767b178ad8a60c2286ba85a1e6f1887c3d13000d9b54
dragonballzvrvs,Dragon Ball Z V.R.V.S.,Dragon Ball ドラゴンボール V.R.V.S.,1994-03,c92ac93c71ac53125230f3264244c946,0295b264538d79804c0c8204e7de3c3528eace81,37c571f2c3e8dbf1bf94d3853e7278e5ed7607d7133f18ab9f94d190c042152f,d20ef3cc9ed139488f429686701518a3936bf7328ff9507c8b03f16586771d1635da605661efea54d5ecd639482ecffd397d70a9271d8ce013c48d76b8a35b9a
dumpmatsumoto,Dump Matsumoto,ダンプ松本 Dump Matsumoto,1986-05,c4fd17526804dbf0d230c7d1728c6bdd,7e1ebe09f7b21b66faac058f8e79ee860be9859b,23dc61615a54cb2cd2665e6814d6a81b45a4372590e16476ec7a9c0d52ece3ba,bfe0d50edcadf2c19ef33390dffbd76207c8a5e2fe5b6402c6fd8c451c3bbb795e8c7e36ca7bcaec68e69f4f76f0a2b8ba01735ea42bfff7b6309ab079649d97
dumpmatsumoto,Body Slam,,1986,c4fd17526804dbf0d230c7d1728c6bdd,7e1ebe09f7b21b66faac058f8e79ee860be9859b,23dc61615a54cb2cd2665e6814d6a81b45a4372590e16476ec7a9c0d52ece3ba,bfe0d50edcadf2c19ef33390dffbd76207c8a5e2fe5b6402c6fd8c451c3bbb795e8c7e36ca7bcaec68e69f4f76f0a2b8ba01735ea42bfff7b6309ab079649d97
dunkshot,Dunk Shot,,1987-01-20,fee5613d34eed4467e7d388177456f82,ee146e6e3d46e61b46767d3afb45f181740e2906,4520df8151cd57b728e98d314b558505f11edbc8fd182c870c591a32f1ed931e,86c86d45e45c8e44484aba48325c04783b7283980cddd82e5583dde544057873378fe51cfcfb6a6352cc05d1d7e14b240ab333bfdbb934f1519ea6f31b2ca2e1
dunkshot,Dunk Shot,,1987-05,fee5613d34eed4467e7d388177456f82,ee146e6e3d46e61b46767d3afb45f181740e2906,4520df8151cd57b728e98d314b558505f11edbc8fd182c870c591a32f1ed931e,86c86d45e45c8e44484aba48325c04783b7283980cddd82e5583dde544057873378fe51cfcfb6a6352cc05d1d7e14b240ab333bfdbb934f1519ea6f31b2ca2e1
dunkshot,Dunk Shot,,1987-06,fee5613d34eed4467e7d388177456f82,ee146e6e3d46e61b46767d3afb45f181740e2906,4520df8151cd57b728e98d314b558505f11edbc8fd182c870c591a32f1ed931e,86c86d45e45c8e44484aba48325c04783b7283980cddd82e5583dde544057873378fe51cfcfb6a6352cc05d1d7e14b240ab333bfdbb934f1519ea6f31b2ca2e1
dynamiccc,Dynamic C.C.,Dynamic Country Club: Dynamic C.C,1991-05,3a506cc256e4341e4fe13d08d21309bd,6ec5c9d85d8b89c3fdddfe5aa50ce97f51f4bce4,60e9aee08837362882de051c4a90e3aee41d6e86dab0c9652cd2f1ce3051607e,75a5569befc01263f4cbe29e134648df19bdfaa6323858589e2cf5531057db118dac4acc087fec679af314c6d39540d9273167774e3b855ff5a2e8259e138f6a
dynamiccc,Dynamic C.C.,Dynamic Country Club: Dynamic C.C,1991,3a506cc256e4341e4fe13d08d21309bd,6ec5c9d85d8b89c3fdddfe5aa50ce97f51f4bce4,60e9aee08837362882de051c4a90e3aee41d6e86dab0c9652cd2f1ce3051607e,75a5569befc01263f4cbe29e134648df19bdfaa6323858589e2cf5531057db118dac4acc087fec679af314c6d39540d9273167774e3b855ff5a2e8259e138f6a
dynamiccc,Dynamic C.C.,Dynamic Country Club: Dynamic C.C,1991,3a506cc256e4341e4fe13d08d21309bd,6ec5c9d85d8b89c3fdddfe5aa50ce97f51f4bce4,60e9aee08837362882de051c4a90e3aee41d6e86dab0c9652cd2f1ce3051607e,75a5569befc01263f4cbe29e134648df19bdfaa6323858589e2cf5531057db118dac4acc087fec679af314c6d39540d9273167774e3b855ff5a2e8259e138f6a
dynamitedeka,Dynamite Deka,ダイナマイト刑事 Deka,1996-05-15,059fb11c54a943a9f9727453ac16ce7e,93286b62da9c630ded1f862c97e40eeea1e71f4f,7804091668241362aa62903a7e5701ab891d4f51f8e68033cd175b36e4049919,95eef7d825234dc456deffc80bc8a3c79a41842ee658ac900748f36c205556bcae9dcb47c0078ecd7d451754ad3e6e809e1fd0dd63de145fb7d34d72fc1ce8af
dynamitedeka,Die Hard Arcade,,1996-05-15,059fb11c54a943a9f9727453ac16ce7e,93286b62da9c630ded1f862c97e40eeea1e71f4f,7804091668241362aa62903a7e5701ab891d4f51f8e68033cd175b36e4049919,95eef7d825234dc456deffc80bc8a3c79a41842ee658ac900748f36c205556bcae9dcb47c0078ecd7d451754ad3e6e809e1fd0dd63de145fb7d34d72fc1ce8af
dynamitedux,Dynamite Dux,,1988-12,d88ffe634dd8105408f1dc790d113f09,d80b143e50d40fd54f5cbfe02354b4b6525373d6,a1dcf315941bd1fbccfd71d7fc538b93ce5ebe6cd09cf9df76ca1e416d7dc57a,25994c875603c41a5d3355a3a5ac352f84eac167380094d9b54ae451aa97a7e35dec103e35c4efcea13e05a5e9d9ab09e107abc64329ede89e90443c90da8fb3
dynamitedux,Dynamite Dux,,1988-12,d88ffe634dd8105408f1dc790d113f09,d80b143e50d40fd54f5cbfe02354b4b6525373d6,a1dcf315941bd1fbccfd71d7fc538b93ce5ebe6cd09cf9df76ca1e416d7dc57a,25994c875603c41a5d3355a3a5ac352f84eac167380094d9b54ae451aa97a7e35dec103e35c4efcea13e05a5e9d9ab09e107abc64329ede89e90443c90da8fb3
dynamitedux,Dynamite Dux,,1988-12,d88ffe634dd8105408f1dc790d113f09,d80b143e50d40fd54f5cbfe02354b4b6525373d6,a1dcf315941bd1fbccfd71d7fc538b93ce5ebe6cd09cf9df76ca1e416d7dc57a,25994c875603c41a5d3355a3a5ac352f84eac167380094d9b54ae451aa97a7e35dec103e35c4efcea13e05a5e9d9ab09e107abc64329ede89e90443c90da8fb3
ejihontanteijimusho,Ejihon Tantei Jimusho,エジホン探偵事務所,1995-06-13,f665e66a94e4e3ad16572bca43776c65,dcec08c8df9ab6ab5a8fe5f35623d4bab9d01791,e609a4d4a42c983c6d97c0f922e139f0523193332c1d0a3e1ebc07d1da2702be,ad5fb62dc1d826981f8028352c1d13c04d0aa17f1b4f15c19fc747778de4dadcc4e3234d52195edad4687d21b3442d1fe638fca23c5dd986fb2c6672415deef1
enduroracer,EnduroRacer,,1987-05-18,d6c6c1c3627291d64f1697dcec9f6ded,cc79785cd66f3f752342cfa0722f9e6c8355d236,91280a0c1825db55656321a9d596bbfac40ac39f7e6ec2f701ab56444a2ecc0e,ab64229426d9069759a56e0ba3ad02ab5b2dc42a365fa4246192abdfda1f71dab0f11d8bf5db42e220a9f8b1095b831475a50050dd892fc41180fae02372b6dc
enduroracer,EnduroRacer,,1987,d6c6c1c3627291d64f1697dcec9f6ded,cc79785cd66f3f752342cfa0722f9e6c8355d236,91280a0c1825db55656321a9d596bbfac40ac39f7e6ec2f701ab56444a2ecc0e,ab64229426d9069759a56e0ba3ad02ab5b2dc42a365fa4246192abdfda1f71dab0f11d8bf5db42e220a9f8b1095b831475a50050dd892fc41180fae02372b6dc
enduroracer,EnduroRacer,,1987,d6c6c1c3627291d64f1697dcec9f6ded,cc79785cd66f3f752342cfa0722f9e6c8355d236,91280a0c1825db55656321a9d596bbfac40ac39f7e6ec2f701ab56444a2ecc0e,ab64229426d9069759a56e0ba3ad02ab5b2dc42a365fa4246192abdfda1f71dab0f11d8bf5db42e220a9f8b1095b831475a50050dd892fc41180fae02372b6dc
enduroracer,EnduroRacer,,1987,d6c6c1c3627291d64f1697dcec9f6ded,cc79785cd66f3f752342cfa0722f9e6c8355d236,91280a0c1825db55656321a9d596bbfac40ac39f7e6ec2f701ab56444a2ecc0e,ab64229426d9069759a56e0ba3ad02ab5b2dc42a365fa4246192abdfda1f71dab0f11d8bf5db42e220a9f8b1095b831475a50050dd892fc41180fae02372b6dc
eswat,ESWAT: Cyber Police,Cyber Police ESWAT,1989-10,f27e550daf063fef76eb90a88714ff4c,d3410d2e7a62afc351125465c616a3cf0f357682,86e76372c763f3d9967e37a323e4dacee6b1abdc0b248795f1a5996619575045,9ad185a7de224de7ecf5f03a7b1ac379b059d97d370691e8fe642b3c70b21aac5f22ef1434b62b6afc50fdb9d8fa07797fea864f9033ff4346309a6e795d64cd
eswat,ESWAT: Cyber Police,Cyber Police ESWAT,1989,f27e550daf063fef76eb90a88714ff4c,d3410d2e7a62afc351125465c616a3cf0f357682,86e76372c763f3d9967e37a323e4dacee6b1abdc0b248795f1a5996619575045,9ad185a7de224de7ecf5f03a7b1ac379b059d97d370691e8fe642b3c70b21aac5f22ef1434b62b6afc50fdb9d8fa07797fea864f9033ff4346309a6e795d64cd
eswat,ESWAT: Cyber Police,Cyber Police ESWAT,1989,f27e550daf063fef76eb90a88714ff4c,d3410d2e7a62afc351125465c616a3cf0f357682,86e76372c763f3d9967e37a323e4dacee6b1abdc0b248795f1a5996619575045,9ad185a7de224de7ecf5f03a7b1ac379b059d97d370691e8fe642b3c70b21aac5f22ef1434b62b6afc50fdb9d8fa07797fea864f9033ff4346309a6e795d64cd
eswat,ESWAT: Cyber Police,Cyber Police ESWAT,1989,f27e550daf063fef76eb90a88714ff4c,d3410d2e7a62afc351125465c616a3cf0f357682,86e76372c763f3d9967e37a323e4dacee6b1abdc0b248795f1a5996619575045,9ad185a7de224de7ecf5f03a7b1ac379b059d97d370691e8fe642b3c70b21aac5f22ef1434b62b6afc50fdb9d8fa07797fea864f9033ff4346309a6e795d64cd
exciteleague,Excite League,,1988-09,99ece4febb60d1efec1ff9e4b9ac3508,1e8275850b1fd3bb9ce5e965fd1bf7feafa6ae77,f5484c1d369dbd5bb48c96a650eb8daf803bae6116bceb99c014d8f987525cf4,0704aabf8f073676a9d25a815d88e119448a772696f19feb7828755d1e6923fb2f8f9a03e281a6880e4456769dd8e1b0ebaf9b49c228245a92d595c28ab6d978
f1exhaustnote,F1 Exhaust Note,,1991-11,e893627dbcfb9b67c54075156433e58f,e230430885e3327d1ad24f8b216687c0791f1ac0,86a3bc0cfc4cc6c3eb19d8e57c34eb507a0fe1d2f1cb12ad7571c3b6db462e55,61bfd0e550a71451cd73537df063f05eb8ad73385e9a072acf74a6ba825fb41b69c97b11933e981c66cd5ca80ba8400e2c4738b3096b41098b28c42b7a65723a
f1exhaustnote,F1 Exhaust Note,,1991,e893627dbcfb9b67c54075156433e58f,e230430885e3327d1ad24f8b216687c0791f1ac0,86a3bc0cfc4cc6c3eb19d8e57c34eb507a0fe1d2f1cb12ad7571c3b6db462e55,61bfd0e550a71451cd73537df063f05eb8ad73385e9a072acf74a6ba825fb41b69c97b11933e981c66cd5ca80ba8400e2c4738b3096b41098b28c42b7a65723a
f1exhaustnote,F1 Exhaust Note,,1991,e893627dbcfb9b67c54075156433e58f,e230430885e3327d1ad24f8b216687c0791f1ac0,86a3bc0cfc4cc6c3eb19d8e57c34eb507a0fe1d2f1cb12ad7571c3b6db462e55,61bfd0e550a71451cd73537df063f05eb8ad73385e9a072acf74a6ba825fb41b69c97b11933e981c66cd5ca80ba8400e2c4738b3096b41098b28c42b7a65723a
f1superlap,F1 Super Lap,,1993-09,c982e118fa47ff423d53dfde28449e5c,9a5a4e1c5531838df099b3126c11e0979344f189,6491f0a6af43749e44be7a14bebed58225d33cf507c5adb2c3083c19b17e7bd6,e17d3c931bc8cef79cfebe479f574936ebaa3e7a568a09529030feb12f198e20baedc8042af48ac0fce32e609a476deec352c110269e632591b530f607619ee4
f1superlap,F1 Super Lap,,1993,c982e118fa47ff423d53dfde28449e5c,9a5a4e1c5531838df099b3126c11e0979344f189,6491f0a6af43749e44be7a14bebed58225d33cf507c5adb2c3083c19b17e7bd6,e17d3c931bc8cef79cfebe479f574936ebaa3e7a568a09529030feb12f198e20baedc8042af48ac0fce32e609a476deec352c110269e632591b530f607619ee4
f1superlap,F1 Super Lap,,1993,c982e118fa47ff423d53dfde28449e5c,9a5a4e1c5531838df099b3126c11e0979344f189,6491f0a6af43749e44be7a14bebed58225d33cf507c5adb2c3083c19b17e7bd6,e17d3c931bc8cef79cfebe479f574936ebaa3e7a568a09529030feb12f198e20baedc8042af48ac0fce32e609a476deec352c110269e632591b530f607619ee4
cotton,Fantastic Night Dreams: Cotton,,1991-04,62bff713986f9e9ce4b2dc9ef9e82be9,ee4c169d8ab8816de60800e22b4152ee1769d687,dfedcf9f65a8d0f30c604394dca23dfa9760030706f67843aaba755baa171595,fe0febce0edd326c4617881213ac068c70c87d5c7c7e9a3776f9b7914a9407569d83b845c82dc213d4c079107283b3dfb14819d085dfdae253c6e7a967bcc80d
cotton,Fantastic Night Dreams: Cotton,,1991,62bff713986f9e9ce4b2dc9ef9e82be9,ee4c169d8ab8816de60800e22b4152ee1769d687,dfedcf9f65a8d0f30c604394dca23dfa9760030706f67843aaba755baa171595,fe0febce0edd326c4617881213ac068c70c87d5c7c7e9a3776f9b7914a9407569d83b845c82dc213d4c079107283b3dfb14819d085dfdae253c6e7a967bcc80d
cotton,Fantastic Night Dreams: Cotton,,1991,62bff713986f9e9ce4b2dc9ef9e82be9,ee4c169d8ab8816de60800e22b4152ee1769d687,dfedcf9f65a8d0f30c604394dca23dfa9760030706f67843aaba755baa171595,fe0febce0edd326c4617881213ac068c70c87d5c7c7e9a3776f9b7914a9407569d83b845c82dc213d4c079107283b3dfb14819d085dfdae253c6e7a967bcc80d
cotton,Fantastic Night Dreams: Cotton,,1991,62bff713986f9e9ce4b2dc9ef9e82be9,ee4c169d8ab8816de60800e22b4152ee1769d687,dfedcf9f65a8d0f30c604394dca23dfa9760030706f67843aaba755baa171595,fe0febce0edd326c4617881213ac068c70c87d5c7c7e9a3776f9b7914a9407569d83b845c82dc213d4c079107283b3dfb14819d085dfdae253c6e7a967bcc80d
fantasyzone,Fantasy Zone,,1986-03-28,c9bc0968744d4355d32b0bcbce6017d3,d5ecc605be3c5376bba478bab5fe98a901fc463e,883df46a65983b69c14bf5cf935b4964c5ac961212fd3cd26bb4cb321cab2662,b87eb1d4fbb756e5c7f78576cb77fbe9538992af1a776818cc692505cbf1a59fda607c632d4e47f3e4e1489729d2a099050fc7399726402fbc3f273c3e324ec6
fantasyzone,Fantasy Zone,,1986,c9bc0968744d4355d32b0bcbce6017d3,d5ecc605be3c5376bba478bab5fe98a901fc463e,883df46a65983b69c14bf5cf935b4964c5ac961212fd3cd26bb4cb321cab2662,b87eb1d4fbb756e5c7f78576cb77fbe9538992af1a776818cc692505cbf1a59fda607c632d4e47f3e4e1489729d2a099050fc7399726402fbc3f273c3e324ec6
fantasyzone,Fantasy Zone,,1986,c9bc0968744d4355d32b0bcbce6017d3,d5ecc605be3c5376bba478bab5fe98a901fc463e,883df46a65983b69c14bf5cf935b4964c5ac961212fd3cd26bb4cb321cab2662,b87eb1d4fbb756e5c7f78576cb77fbe9538992af1a776818cc692505cbf1a59fda607c632d4e47f3e4e1489729d2a099050fc7399726402fbc3f273c3e324ec6
fantasyzone,Fantasy Zone,,1986,c9bc0968744d4355d32b0bcbce6017d3,d5ecc605be3c5376bba478bab5fe98a901fc463e,883df46a65983b69c14bf5cf935b4964c5ac961212fd3cd26bb4cb321cab2662,b87eb1d4fbb756e5c7f78576cb77fbe9538992af1a776818cc692505cbf1a59fda607c632d4e47f3e4e1489729d2a099050fc7399726402fbc3f273c3e324ec6
fantasyzone,Fantasy Zone,,1986,c9bc0968744d4355d32b0bcbce6017d3,d5ecc605be3c5376bba478bab5fe98a901fc463e,883df46a65983b69c14bf5cf935b4964c5ac961212fd3cd26bb4cb321cab2662,b87eb1d4fbb756e5c7f78576cb77fbe9538992af1a776818cc692505cbf1a59fda607c632d4e47f3e4e1489729d2a099050fc7399726402fbc3f273c3e324ec6
fantasyzone,Fantasy Zone,,1999-02-02,797b3d1b0721c0b267c8fb11d6ce0e28,973668b064ff6c343a1a5bc0d447cd4cdcf93901,fab7c270ca6f153a1b218d1b82b9077f781e00d9e5dc00ae26224d3c674b898c,5bbb98ef864a0e937793f9f75fba3da63ffff1e8e3a9a46d1ebfc42d3c9d7795eb057c5dab920569a2472bb4babe9a7bf1542164df3ad5dd0f66f0b596def54a
fantasyzone2oonn,Fantasy Zone II: The Tears of Opa-Opa,,1988-02,887bf1d9b597b00f0c8abf1a1578ce84,cf30645e0c7f3dbefb6c76e930cbd3a1f88a943d,1bb4afa018fe9b70d93bef46e8bdc5fb8c14891ad3c0ffb46645cfbd72af0a5d,15cce5a81f5532372e5b9071edd9a661413994b3ccc9eddcbf2445cdc77aa9fa8b1f317eeaa18b7c8c0efb54e8898664d89a8338fba3b148877fa2a2da86f640
fantasyzone2oonn,Fantasy Zone II: The Tears of Opa-Opa,,2008,ba74241cb50058653bea4ecc91345161,80864195695407fb6a37ea9e8c438545193020cd,19d5a12817cbb8cde45f1c4799d83f9113d8219080708064114fba8c0d98f979,2b0dccd8da011806f3065c99b1d6f4734baa438ba5d79d274fca048b6043658d6f2bf7b1e1bcb08a2f1436bda5cc1564680167d088be8ebf644a914d6ae860a6
fantasyzone2oonn,Fantasy Zone II: The Tears of Opa-Opa,,2008,ba74241cb50058653bea4ecc91345161,80864195695407fb6a37ea9e8c438545193020cd,19d5a12817cbb8cde45f1c4799d83f9113d8219080708064114fba8c0d98f979,2b0dccd8da011806f3065c99b1d6f4734baa438ba5d79d274fca048b6043658d6f2bf7b1e1bcb08a2f1436bda5cc1564680167d088be8ebf644a914d6ae860a6
finalarch,Final Arch,,1995-07-14,0ee5051a5ddb2eb7f1e8cbb499a13928,ec1c97a0bf3aa42895659c0fbcbdd2cce6e0f3e2,f11467924b0fe656e9043395247c1e9fd0602514addcfdbf63d7c15281236e94,3c6e715f450123e28ecc600580ca489654fc84cfab4b236d0558bf23ff020a3a9e3e5cccbd02388adda1ee630e87200cceb793bea51bf637e10b2a4341553866
finalarch,Super Major League,,1996-01-08,0ee5051a5ddb2eb7f1e8cbb499a13928,ec1c97a0bf3aa42895659c0fbcbdd2cce6e0f3e2,f11467924b0fe656e9043395247c1e9fd0602514addcfdbf63d7c15281236e94,3c6e715f450123e28ecc600580ca489654fc84cfab4b236d0558bf23ff020a3a9e3e5cccbd02388adda1ee630e87200cceb793bea51bf637e10b2a4341553866
finalfightrevenge,Final Fight Revenge,,1999-07-14,89010b810f70e5e2fc32eea96b7c539b,5838afcfe154a7368627c4114b0284f1e985c46d,f4e6afdded99ebc18803753473e1e1da8cb9a0c58800d4bf936e8b4cec2acbed,51e854ee4456b1d0662af3821971c9a7d80c69abc350451fc99cdf064c77ed49559eeed1219f0b699406ee077bd20baca66d9793f113105c392af40d5af9d0d8
finalfightrevenge,Final Fight Revenge,,1999-09-30,89010b810f70e5e2fc32eea96b7c539b,5838afcfe154a7368627c4114b0284f1e985c46d,f4e6afdded99ebc18803753473e1e1da8cb9a0c58800d4bf936e8b4cec2acbed,51e854ee4456b1d0662af3821971c9a7d80c69abc350451fc99cdf064c77ed49559eeed1219f0b699406ee077bd20baca66d9793f113105c392af40d5af9d0d8
flicky,Flicky,,1984-05,8524ec54ea8ab3f7104fdaf6cccd045d,c8b28a55bd3982ea299b3b7438965f11c8a8787a,1f617dd5563799436d57e12958d3f2d6f191e96ade6224b3a642518d6178ac24,03c6220928197ae018cb11faed9367552cad56f14c8608be4619998fa34799abcd6b18314fad387e9403a4e7915b9248c212ac3432231e10d1f4a4c31bfff59b
flashpoint,Flash Point,,1989-07,63b0230c79cdea0219199d316c0309b3,4f7691bfddc93adc063c1cc40702d6aab9972ecd,f2f923b100e1319424f76a208ef08e328f26155257de4916ab994c3775dcf7a3,9a246e2028d830c452be7396d0fd2b0aa0c567b65a54f71c75b8223405daf35d62c511b41c12dc4de95e1a81bca1e64c8aa4a7e3941e30a07f7d7084dc1e32f7
flashpoint,Flash Point,,1989-07,63b0230c79cdea0219199d316c0309b3,4f7691bfddc93adc063c1cc40702d6aab9972ecd,f2f923b100e1319424f76a208ef08e328f26155257de4916ab994c3775dcf7a3,9a246e2028d830c452be7396d0fd2b0aa0c567b65a54f71c75b8223405daf35d62c511b41c12dc4de95e1a81bca1e64c8aa4a7e3941e30a07f7d7084dc1e32f7
funkyheadboxers,Funky Head Boxers,,1995-12-18,37a305aa6d14206475a7f92607a9ecf6,5c9e2a49f035601b888c93bd0a30adbec55b6395,f75f60e60dfb61a5e89fc3a11debdf1e77ce657292313c19a9fe3b4401638e52,9fdd0b68f67de9c599e3cacdea95aa5c26ade16ecdcdb13b0269dd3b83760bf13750ec61b7cb3f4dcf7cfaf7929b836cf810b379c67e358b2ecf9075c2d9ab30
futurespy,Future Spy,,1984-09,ebd42eff9f42a022de62ec15b50c6d21,a097e4621e93757a79abc739cb06b41c4f7b92bb,b7279a34ad813ac5b2aee5bb7536ccb1dd64c47fe6a91b3807b21167a6ea3b89,d1227b078416a5c01953b732c4a9e6114f90007376404a17210e552c4f5007d85fb175975a57874b75eb8608046d9dd1a7b626c836c2ffd7595579c4df8b13f3
glocairbattle,G-LOC: Air Battle,,1990,37d79e1fb84bfa4f2ec7d31671ada81d,42188f5c00f1b8dc98a0cf50096bea8781b6a483,f6108c70dd4a169bb54ab81e3c5eca65dca1d37d71c2fd84c809edbcf660d808,00f7c81c6ad7bb0af466ef7d0533d812529a33966380cb576d09b191d6df4f26cfa91365be09f5b0b392a6b0e180b9a18754468655fb70549972477476d2cee7
glocairbattle,G-LOC: Air Battle,,1990-05,37d79e1fb84bfa4f2ec7d31671ada81d,42188f5c00f1b8dc98a0cf50096bea8781b6a483,f6108c70dd4a169bb54ab81e3c5eca65dca1d37d71c2fd84c809edbcf660d808,00f7c81c6ad7bb0af466ef7d0533d812529a33966380cb576d09b191d6df4f26cfa91365be09f5b0b392a6b0e180b9a18754468655fb70549972477476d2cee7
glocairbattle,G-LOC R360: Air Battle,R360 G-LOC: Air Battle,1990-11,37d79e1fb84bfa4f2ec7d31671ada81d,42188f5c00f1b8dc98a0cf50096bea8781b6a483,f6108c70dd4a169bb54ab81e3c5eca65dca1d37d71c2fd84c809edbcf660d808,00f7c81c6ad7bb0af466ef7d0533d812529a33966380cb576d09b191d6df4f26cfa91365be09f5b0b392a6b0e180b9a18754468655fb70549972477476d2cee7
glocairbattle,G-LOC R360: Air Battle,R360 G-LOC: Air Battle,1990,37d79e1fb84bfa4f2ec7d31671ada81d,42188f5c00f1b8dc98a0cf50096bea8781b6a483,f6108c70dd4a169bb54ab81e3c5eca65dca1d37d71c2fd84c809edbcf660d808,00f7c81c6ad7bb0af466ef7d0533d812529a33966380cb576d09b191d6df4f26cfa91365be09f5b0b392a6b0e180b9a18754468655fb70549972477476d2cee7
gainground,Gain Ground,,1988-11,16727f271fd7ffca9aad7a8027975aa8,87e5573a46fb4384cb71b84e8fab046be14e74df,9b840a44f5de5d68b785d9c4441666d1eb4fa2b99535fca3191612fb80433636,746bcc74742b42ea868cbc930db5d7c55727e96aa34b66935903bfa1775ca4e2ec9ae077277c5e895ecd286430222f43aa71b5eed569d74475a06a6d28e452fc
gainground,Gain Ground,,1988,16727f271fd7ffca9aad7a8027975aa8,87e5573a46fb4384cb71b84e8fab046be14e74df,9b840a44f5de5d68b785d9c4441666d1eb4fa2b99535fca3191612fb80433636,746bcc74742b42ea868cbc930db5d7c55727e96aa34b66935903bfa1775ca4e2ec9ae077277c5e895ecd286430222f43aa71b5eed569d74475a06a6d28e452fc
galaxyforce2,Galaxy Force II,,1988-07,0abc7efac39e390f43656f7b4397835d,b69b054cb753e41e047670cf452e6aa9e13f0f68,2043d59e4b01847c758ddfb88df51956cf158c82b94cdc0359e663c6cd02de6a,f010119b01e64ce2f234a2cb1dbe461ce34e95a5bf6d4b150e3cb76eedfb6bd92383762ec8e1e2d6541755486a4dff281d066f40a57a8561389a8437adfc9c2f
galaxyforce2,Galaxy Force II,,1988,0abc7efac39e390f43656f7b4397835d,b69b054cb753e41e047670cf452e6aa9e13f0f68,2043d59e4b01847c758ddfb88df51956cf158c82b94cdc0359e663c6cd02de6a,f010119b01e64ce2f234a2cb1dbe461ce34e95a5bf6d4b150e3cb76eedfb6bd92383762ec8e1e2d6541755486a4dff281d066f40a57a8561389a8437adfc9c2f
galaxyforce2,Galaxy Force II,,1988,0abc7efac39e390f43656f7b4397835d,b69b054cb753e41e047670cf452e6aa9e13f0f68,2043d59e4b01847c758ddfb88df51956cf158c82b94cdc0359e663c6cd02de6a,f010119b01e64ce2f234a2cb1dbe461ce34e95a5bf6d4b150e3cb76eedfb6bd92383762ec8e1e2d6541755486a4dff281d066f40a57a8561389a8437adfc9c2f
galaxyforce2,Galaxy Force II (Super Deluxe),,1988,0abc7efac39e390f43656f7b4397835d,b69b054cb753e41e047670cf452e6aa9e13f0f68,2043d59e4b01847c758ddfb88df51956cf158c82b94cdc0359e663c6cd02de6a,f010119b01e64ce2f234a2cb1dbe461ce34e95a5bf6d4b150e3cb76eedfb6bd92383762ec8e1e2d6541755486a4dff281d066f40a57a8561389a8437adfc9c2f
gardia,Gardia,,1986-08,a3028c54174aa59a1f401cb82eac2cee,c6c68c475da4c78402f00771c81dcc65fe63b157,b5beb38e5a8e1019d27d21815342a6329ee9396234ede01f0667caeaea86ddd8,8c4f7287ade276fddee598e61299ed6a2844152b7026b0a2bd46c25d5dda9d9239d21785e6f9eab0aaaf574a679385455af852cad830d33f26782c81a1caf72d
gardia,Gardia,,1986,a3028c54174aa59a1f401cb82eac2cee,c6c68c475da4c78402f00771c81dcc65fe63b157,b5beb38e5a8e1019d27d21815342a6329ee9396234ede01f0667caeaea86ddd8,8c4f7287ade276fddee598e61299ed6a2844152b7026b0a2bd46c25d5dda9d9239d21785e6f9eab0aaaf574a679385455af852cad830d33f26782c81a1caf72d
goldenaxe,Golden Axe,戦斧 Golden Axe,1989-05,fe0985fb3f996cc3a622b962a31a9bd7,bed75bbd953f06a39c31cbf0da6ccbb818489ac8,bcca85824a08e096b4aba9dff55746fd520e9f4315d827f4fccdf0ef121b4048,bcdf2e6ef5268cc9cbd6a427e1ba7c405f19f8f61e5d6d16acbf790db2b7562244f1bf06836a34bb321cde7fc3215f98a07df1beda8c35dafabfa278f002bd9a
goldenaxe,Golden Axe,戦斧 Golden Axe,1989,fe0985fb3f996cc3a622b962a31a9bd7,bed75bbd953f06a39c31cbf0da6ccbb818489ac8,bcca85824a08e096b4aba9dff55746fd520e9f4315d827f4fccdf0ef121b4048,bcdf2e6ef5268cc9cbd6a427e1ba7c405f19f8f61e5d6d16acbf790db2b7562244f1bf06836a34bb321cde7fc3215f98a07df1beda8c35dafabfa278f002bd9a
goldenaxe,Golden Axe,戦斧 Golden Axe,1989,fe0985fb3f996cc3a622b962a31a9bd7,bed75bbd953f06a39c31cbf0da6ccbb818489ac8,bcca85824a08e096b4aba9dff55746fd520e9f4315d827f4fccdf0ef121b4048,bcdf2e6ef5268cc9cbd6a427e1ba7c405f19f8f61e5d6d16acbf790db2b7562244f1bf06836a34bb321cde7fc3215f98a07df1beda8c35dafabfa278f002bd9a
goldenaxe,Golden Axe,戦斧 Golden Axe,1989,fe0985fb3f996cc3a622b962a31a9bd7,bed75bbd953f06a39c31cbf0da6ccbb818489ac8,bcca85824a08e096b4aba9dff55746fd520e9f4315d827f4fccdf0ef121b4048,bcdf2e6ef5268cc9cbd6a427e1ba7c405f19f8f61e5d6d16acbf790db2b7562244f1bf06836a34bb321cde7fc3215f98a07df1beda8c35dafabfa278f002bd9a
goldenaxe,Golden Axe,戦斧 Golden Axe,1989,fe0985fb3f996cc3a622b962a31a9bd7,bed75bbd953f06a39c31cbf0da6ccbb818489ac8,bcca85824a08e096b4aba9dff55746fd520e9f4315d827f4fccdf0ef121b4048,bcdf2e6ef5268cc9cbd6a427e1ba7c405f19f8f61e5d6d16acbf790db2b7562244f1bf06836a34bb321cde7fc3215f98a07df1beda8c35dafabfa278f002bd9a
goldenaxe,Golden Axe,戦斧 Golden Axe,1989,fe0985fb3f996cc3a622b962a31a9bd7,bed75bbd953f06a39c31cbf0da6ccbb818489ac8,bcca85824a08e096b4aba9dff55746fd520e9f4315d827f4fccdf0ef121b4048,bcdf2e6ef5268cc9cbd6a427e1ba7c405f19f8f61e5d6d16acbf790db2b7562244f1bf06836a34bb321cde7fc3215f98a07df1beda8c35dafabfa278f002bd9a
goldenaxetheduel,Golden Axe: The Duel,,1995-01-17,138818417a00f245c1d2e96485c9c1c8,de24154bc43ca8efcb09309435816a9a2233662d,ddb5483d1328d2b4efeb9f2d7400d4cef6f06feaffd7566919d5849545fe2382,4c8207c3154e62da04515c6c2d4af4f42361273f897c735b4d04d0bdcaac9c8d29b35b382287dbf5016a23062290b97dc7fefd9e4aa810b93975de26c3f9f1ac
goldenaxetroda,Golden Axe: The Revenge of Death Adder,,1992-09,480ad5864963ea4acee9a641aec78fdf,a1aa9594526cb096cb04663ee5af22c3e96a3a2f,c2b3f542369ca2b3b63ef6a4f66d7e8df8fe8ae73907671041176e1dc850f575,491a25bd0badd69e6f1881c7bb565e100663262589c6188d4ecef2d678ecb29e273ec88a7b3efc2e7490a0ea2b5337276ea243e596257084e921290681a8af9a
goldenaxetroda,Golden Axe: The Revenge of Death Adder,,1992-09,480ad5864963ea4acee9a641aec78fdf,a1aa9594526cb096cb04663ee5af22c3e96a3a2f,c2b3f542369ca2b3b63ef6a4f66d7e8df8fe8ae73907671041176e1dc850f575,491a25bd0badd69e6f1881c7bb565e100663262589c6188d4ecef2d678ecb29e273ec88a7b3efc2e7490a0ea2b5337276ea243e596257084e921290681a8af9a
goldenaxetroda,Golden Axe: The Revenge of Death Adder,,1992-09,480ad5864963ea4acee9a641aec78fdf,a1aa9594526cb096cb04663ee5af22c3e96a3a2f,c2b3f542369ca2b3b63ef6a4f66d7e8df8fe8ae73907671041176e1dc850f575,491a25bd0badd69e6f1881c7bb565e100663262589c6188d4ecef2d678ecb29e273ec88a7b3efc2e7490a0ea2b5337276ea243e596257084e921290681a8af9a
gonbeenoimsorry,Gonbee no I'm Sorry,ごんべえのあいむそ〜り〜,1985-04,b2fc1ec7d6f0d9cbb3e0ce00c3669ddd,ab5aa9e7e49d3a09e004672b070e60bdcc525879,cde7717254f7c3878a38c79699bc6b67edfff859cc4d9fd960d2546a21d4e220,49656d79737608a55c0b0cb559db0c3d6a05acc6179c0c2b115dd90a187f166fa438a89d6949d97667b03fd3795d9e6c606fa9310565ce24ab9e6bbf5d30a9bb
gonbeenoimsorry,I'm Sorry,,1985,b2fc1ec7d6f0d9cbb3e0ce00c3669ddd,ab5aa9e7e49d3a09e004672b070e60bdcc525879,cde7717254f7c3878a38c79699bc6b67edfff859cc4d9fd960d2546a21d4e220,49656d79737608a55c0b0cb559db0c3d6a05acc6179c0c2b115dd90a187f166fa438a89d6949d97667b03fd3795d9e6c606fa9310565ce24ab9e6bbf5d30a9bb
gprider,GP Rider,,1990-10,fdff182e971947590aa0e5f793e1f4a4,5b7e04c12b2b689ca0ffddb4ba30437e7b6bd7e8,070d91082ced15b1163d8965c3c9c49335aa243c650c982e992765cb9a8dcf99,3fa9ac06670079fc9c10055699a99fa8c262567becb8ceb9edf3303a2f1977efd52389ad0f77a3fe12de5ac226285aed8d7870a5f90acfd727d05c664b8deee9
gprider,GP Rider (Twin),,1990-10,fdff182e971947590aa0e5f793e1f4a4,5b7e04c12b2b689ca0ffddb4ba30437e7b6bd7e8,070d91082ced15b1163d8965c3c9c49335aa243c650c982e992765cb9a8dcf99,3fa9ac06670079fc9c10055699a99fa8c262567becb8ceb9edf3303a2f1977efd52389ad0f77a3fe12de5ac226285aed8d7870a5f90acfd727d05c664b8deee9
gprider,GP Rider,,1990,fdff182e971947590aa0e5f793e1f4a4,5b7e04c12b2b689ca0ffddb4ba30437e7b6bd7e8,070d91082ced15b1163d8965c3c9c49335aa243c650c982e992765cb9a8dcf99,3fa9ac06670079fc9c10055699a99fa8c262567becb8ceb9edf3303a2f1977efd52389ad0f77a3fe12de5ac226285aed8d7870a5f90acfd727d05c664b8deee9
gprider,GP Rider (Twin),,1990,fdff182e971947590aa0e5f793e1f4a4,5b7e04c12b2b689ca0ffddb4ba30437e7b6bd7e8,070d91082ced15b1163d8965c3c9c49335aa243c650c982e992765cb9a8dcf99,3fa9ac06670079fc9c10055699a99fa8c262567becb8ceb9edf3303a2f1977efd52389ad0f77a3fe12de5ac226285aed8d7870a5f90acfd727d05c664b8deee9
gprider,GP Rider,,1990,fdff182e971947590aa0e5f793e1f4a4,5b7e04c12b2b689ca0ffddb4ba30437e7b6bd7e8,070d91082ced15b1163d8965c3c9c49335aa243c650c982e992765cb9a8dcf99,3fa9ac06670079fc9c10055699a99fa8c262567becb8ceb9edf3303a2f1977efd52389ad0f77a3fe12de5ac226285aed8d7870a5f90acfd727d05c664b8deee9
gprider,GP Rider (Twin),,1990,fdff182e971947590aa0e5f793e1f4a4,5b7e04c12b2b689ca0ffddb4ba30437e7b6bd7e8,070d91082ced15b1163d8965c3c9c49335aa243c650c982e992765cb9a8dcf99,3fa9ac06670079fc9c10055699a99fa8c262567becb8ceb9edf3303a2f1977efd52389ad0f77a3fe12de5ac226285aed8d7870a5f90acfd727d05c664b8deee9
grooveonfightgouketsujiichizoku3,Groove On Fight,,1997-04-16,a21381bd56ec9225266f692d98ccc6ca,8247b5f071a34f6fc095e9b2b203a7a485faaeae,16564dfc89f7dc4a100f912cd4e38a35d02e2d72a17fc0e93740a992bfcb2c5c,a6ded893a623af98fce6ac280753f20b59525a2725903305516c2db0821579759d68d10bcc3473b93b7a9fc2ae9d8d6cc3683e6e26747023a2368d95864bf935
guardianforce,Guardian Force,,1998-03-18,62dcaefdb10a89bf135120e4ec74f3ad,8564545145c2aba1cdbf169c24aa77525caa2334,52f529f2452d942bd55e820f58875c64d7f622245bec8a9789755545f08a5253,2261d3f7dff81ffa40d14932d3dd4a88db00531db35d19805cefa46fe6f8ec76ad34edaab9b4e3980a43e151d7e59f38b0e335ebaf6a132ec45892ebbadd4a02
hammeraway,Hammer Away,,1991,26bd7ab975e2884d6f61972f0e2cf78d,5d57e42d7083205f5cd4c6c5a00bbbb7866ea8a5,b10aab294cdac49dbd3efea44aa7a00e06b1eb1067f36c441a811bcd4aff204e,8980a339ec7df638815d9842cfc41b4d468f34be6a129adc673d3e8ac49956c8cd5c75689925af21abf754c8b29f8b7f0ec23b936d53400ddb49c10ee1bc5f9e
hangon,Hang-On (Ride-on),,1985-07-02,0636bd9bd185596b48dc67b237e14938,5f3e84804e107845ae944cdb3ecdec88e3af5adb,e5c028064e13a15926e3d1c78d3125da8876182a8007dce3d331680ffce8cba6,3462bc1896150c52b95155dbd2cf9f7fda1a961344db0dc6bf7f6db470afba4b28bb53cce449fb4c93834f6034d5fc14890b11e54df8718657e6b9346b1b69d8
hangon,Hang-On,,1985,0636bd9bd185596b48dc67b237e14938,5f3e84804e107845ae944cdb3ecdec88e3af5adb,e5c028064e13a15926e3d1c78d3125da8876182a8007dce3d331680ffce8cba6,3462bc1896150c52b95155dbd2cf9f7fda1a961344db0dc6bf7f6db470afba4b28bb53cce449fb4c93834f6034d5fc14890b11e54df8718657e6b9346b1b69d8
hangon,Hang-On,,1985,0636bd9bd185596b48dc67b237e14938,5f3e84804e107845ae944cdb3ecdec88e3af5adb,e5c028064e13a15926e3d1c78d3125da8876182a8007dce3d331680ffce8cba6,3462bc1896150c52b95155dbd2cf9f7fda1a961344db0dc6bf7f6db470afba4b28bb53cce449fb4c93834f6034d5fc14890b11e54df8718657e6b9346b1b69d8
hangonjr,Hang-On Jr.,,1985,ca9ef5c144ca8bf110a0ae135569e06f,623af8c6dfc909a5ac2695546d141ccb5d025a52,7e20d200a8ad666af973142cf946b660ad6aeee4deb193e42a63f87fa6f34b95,34d812598b395d7eb09c0d55dcbb5937b395f3741e2254cbe25baa86f10c6aaff93f14a5a69ecf0a8f168004f87a7795c96d39753f55031c37883819a3835595
harddunk,Hard Dunk,,1994-03,9dbfcde721155e32c856ae17b37c69a7,73c799b489fbe5aa2799937a27f2cd9714958bb8,dc7c8acdc91aafc8a1273c51231d0ac9ef6513b42a49e7419e8ce311bcec1ce5,550969d1762ff9330b661d7e61183c912e45412cd659c2cb90799ae09324722461b2fed775237fae72524b237d6396d1b074ad2b4e1a1dd3a0f030d85a652f13
harddunk,Hard Dunk,,1994,9dbfcde721155e32c856ae17b37c69a7,73c799b489fbe5aa2799937a27f2cd9714958bb8,dc7c8acdc91aafc8a1273c51231d0ac9ef6513b42a49e7419e8ce311bcec1ce5,550969d1762ff9330b661d7e61183c912e45412cd659c2cb90799ae09324722461b2fed775237fae72524b237d6396d1b074ad2b4e1a1dd3a0f030d85a652f13
hashirepatcar,Hashire!! PatCar,はしれ!!パトカー,1999-03-26,436640994cd5391d0273c35ef62f873c,f69b5eaf1734ec047964f1633a1c8899b4998a14,ddb66a03d814d1157fc05548a8bfcefff3bd9979f901a36ef36d6ef1d1fbc9f7,20d0dae076d367f0003156591f5c1c23d04db7b104c7032cdb8834f20781c58a010df68131ca246db48ad01d5c6f036d29edd68f429ee290f6582528fbedb25d
heavymetal,Heavy Metal,,1985-09,53e56ac581ed3b6441669133bfd43355,41254d4bc84270958ba214d8200e42c061d0d26b,e34222ed98e54a83caa695dca7e9bc4a4b84adf2667711f1e20f0bed41eb006f,f69d366b9e551a05ee28d70d7cc8a34acfd4ed41a15b04a3e2e68eac0bce7ac8ef463f48cf827215343a36569e0c15c210eb12d873fe59a6c1fad5cbb6daaec1
heavyweightchamp,Heavyweight Champ,,1987-12,b78249e294b9533669bc0804c0d672d3,cbb72d48ad75f020401d75bc783883f41fedd748,47f6294f8aa26a7007f7d8a3c75283f9d977aaa512961620b1f78bb427e310f7,c2fc1f0da178d15d163deec3b61af720a8e4f4ff809c1082b4f49d3939f3b151a91320a995228bd4dd599aa67340344aef24c8339a2b1cdf7cc15ff9bd47543e
heavyweightchamp,Heavyweight Champ,,1987,b78249e294b9533669bc0804c0d672d3,cbb72d48ad75f020401d75bc783883f41fedd748,47f6294f8aa26a7007f7d8a3c75283f9d977aaa512961620b1f78bb427e310f7,c2fc1f0da178d15d163deec3b61af720a8e4f4ff809c1082b4f49d3939f3b151a91320a995228bd4dd599aa67340344aef24c8339a2b1cdf7cc15ff9bd47543e
heavyweightchamp,Heavyweight Champ,,1987,b78249e294b9533669bc0804c0d672d3,cbb72d48ad75f020401d75bc783883f41fedd748,47f6294f8aa26a7007f7d8a3c75283f9d977aaa512961620b1f78bb427e310f7,c2fc1f0da178d15d163deec3b61af720a8e4f4ff809c1082b4f49d3939f3b151a91320a995228bd4dd599aa67340344aef24c8339a2b1cdf7cc15ff9bd47543e
holosseum,Holosseum,,1992-11,2a17022a5dcd83918bc82d9ea195ee60,8d0ace46fafdc236e854a7521043422d4bc6a2f2,0dd5ef6ccc6b74634ca0f9befa15ca67248b29e79e49ab9c1b4a49f54aec0d2d,b980a17eec5064ccddc7786fbd249599c23fc52e919a62ec9b259d45c7583a4405b62277fb611ca8ca9fccf47c2a9081349d24f948f2d04df562d135c2b22389
hotrod,Hot·Rod,,1988-12,18ba52b0ee162f0dc7247f918a82fe96,477c84879c62c904c9fa905f9d998381d8b742d9,c922a624725a04518cca24047f3874c7dc795fd6231aa9028bc3a78bfe4b4f59,0c5068a8785874e33db58c8d2ab330e00e33142a64f27805a58b6eafc35bc1170f8df9084309886bae3baacc6ca3d41957d181a8d337f68c4810d278e3c19a9c
hotrod,Hot·Rod,,1988,18ba52b0ee162f0dc7247f918a82fe96,477c84879c62c904c9fa905f9d998381d8b742d9,c922a624725a04518cca24047f3874c7dc795fd6231aa9028bc3a78bfe4b4f59,0c5068a8785874e33db58c8d2ab330e00e33142a64f27805a58b6eafc35bc1170f8df9084309886bae3baacc6ca3d41957d181a8d337f68c4810d278e3c19a9c
hotrod,Hot·Rod (Turbo),,1989,18ba52b0ee162f0dc7247f918a82fe96,477c84879c62c904c9fa905f9d998381d8b742d9,c922a624725a04518cca24047f3874c7dc795fd6231aa9028bc3a78bfe4b4f59,0c5068a8785874e33db58c8d2ab330e00e33142a64f27805a58b6eafc35bc1170f8df9084309886bae3baacc6ca3d41957d181a8d337f68c4810d278e3c19a9c
hotrod,Hot·Rod (Turbo),,1989,18ba52b0ee162f0dc7247f918a82fe96,477c84879c62c904c9fa905f9d998381d8b742d9,c922a624725a04518cca24047f3874c7dc795fd6231aa9028bc3a78bfe4b4f59,0c5068a8785874e33db58c8d2ab330e00e33142a64f27805a58b6eafc35bc1170f8df9084309886bae3baacc6ca3d41957d181a8d337f68c4810d278e3c19a9c
ixion,Ixion,,1983,6f0788e38b6b6fe2abcbe98b268ba261,51574ad5ebcd9c2565b8fcddadea7300015d01e5,fac028fc97c7e31920f37ae3c1f568f2ae7ff892056db78ce53ce9f347fe79fe,c0d862dfe3ea019e65d557737b9be059e796a4e95709b8790e7d303ca77cc490b6950035250f7466bf6be2293ac89fa03c2de6f4ffdc032cf83e9aa989abe982
jumboozakisupermasters,Jumbo Ozaki Super Masters,,1989-07,3674b9dba52a61825b1aaac27e350b36,ca854f67443e0a6b1afafce8c54eec5b98bf91ae,7e9ed7bf4ff02d2c9f0cdfc9b5e4936f69a236f3da1254e85cd804bb525f0b1f,80371545138f2a25deb43492393442c8b5e1bf642722c4bdfd7c70a71053e205e94d525cf8fe6f20f17a4a3f4ed713c1edb0997c413618e4f94eadce77d7da08
jumboozakisupermasters,Jumbo Ozaki Super Masters,,1989,3674b9dba52a61825b1aaac27e350b36,ca854f67443e0a6b1afafce8c54eec5b98bf91ae,7e9ed7bf4ff02d2c9f0cdfc9b5e4936f69a236f3da1254e85cd804bb525f0b1f,80371545138f2a25deb43492393442c8b5e1bf642722c4bdfd7c70a71053e205e94d525cf8fe6f20f17a4a3f4ed713c1edb0997c413618e4f94eadce77d7da08
jumboozakisupermasters,Super Masters,,1989,3674b9dba52a61825b1aaac27e350b36,ca854f67443e0a6b1afafce8c54eec5b98bf91ae,7e9ed7bf4ff02d2c9f0cdfc9b5e4936f69a236f3da1254e85cd804bb525f0b1f,80371545138f2a25deb43492393442c8b5e1bf642722c4bdfd7c70a71053e205e94d525cf8fe6f20f17a4a3f4ed713c1edb0997c413618e4f94eadce77d7da08
juuouki,Jūōki,獣王記,1988-06,f662b1af726fcb05be3ee21c879f0c53,c8f26b3862b66cf39acc4da042797082149d742f,75f2330525385b37f62891b5719d998f6e6bcc4ead9b14451f8ff146468b51af,a782a68eb3438ee4012e89e6fd65812079572e2218ee81eb4db70262b9c72e5723a703c2edebecd4a5184ed42cc8579631578a099c21ee37858f40ff66dd17e1
juuouki,Jūōki,獣王記,1988,f662b1af726fcb05be3ee21c879f0c53,c8f26b3862b66cf39acc4da042797082149d742f,75f2330525385b37f62891b5719d998f6e6bcc4ead9b14451f8ff146468b51af,a782a68eb3438ee4012e89e6fd65812079572e2218ee81eb4db70262b9c72e5723a703c2edebecd4a5184ed42cc8579631578a099c21ee37858f40ff66dd17e1
juuouki,Jūōki,獣王記,1988,f662b1af726fcb05be3ee21c879f0c53,c8f26b3862b66cf39acc4da042797082149d742f,75f2330525385b37f62891b5719d998f6e6bcc4ead9b14451f8ff146468b51af,a782a68eb3438ee4012e89e6fd65812079572e2218ee81eb4db70262b9c72e5723a703c2edebecd4a5184ed42cc8579631578a099c21ee37858f40ff66dd17e1
juuouki,Altered Beast,,1988,f662b1af726fcb05be3ee21c879f0c53,c8f26b3862b66cf39acc4da042797082149d742f,75f2330525385b37f62891b5719d998f6e6bcc4ead9b14451f8ff146468b51af,a782a68eb3438ee4012e89e6fd65812079572e2218ee81eb4db70262b9c72e5723a703c2edebecd4a5184ed42cc8579631578a099c21ee37858f40ff66dd17e1
juuouki,Altered Beast,,1988,f662b1af726fcb05be3ee21c879f0c53,c8f26b3862b66cf39acc4da042797082149d742f,75f2330525385b37f62891b5719d998f6e6bcc4ead9b14451f8ff146468b51af,a782a68eb3438ee4012e89e6fd65812079572e2218ee81eb4db70262b9c72e5723a703c2edebecd4a5184ed42cc8579631578a099c21ee37858f40ff66dd17e1
juuouki,Altered Beast,,1988,f662b1af726fcb05be3ee21c879f0c53,c8f26b3862b66cf39acc4da042797082149d742f,75f2330525385b37f62891b5719d998f6e6bcc4ead9b14451f8ff146468b51af,a782a68eb3438ee4012e89e6fd65812079572e2218ee81eb4db70262b9c72e5723a703c2edebecd4a5184ed42cc8579631578a099c21ee37858f40ff66dd17e1
juuouki,Altered Beast,,1988,f662b1af726fcb05be3ee21c879f0c53,c8f26b3862b66cf39acc4da042797082149d742f,75f2330525385b37f62891b5719d998f6e6bcc4ead9b14451f8ff146468b51af,a782a68eb3438ee4012e89e6fd65812079572e2218ee81eb4db70262b9c72e5723a703c2edebecd4a5184ed42cc8579631578a099c21ee37858f40ff66dd17e1
juuouki,Altered Beast,,1988,f662b1af726fcb05be3ee21c879f0c53,c8f26b3862b66cf39acc4da042797082149d742f,75f2330525385b37f62891b5719d998f6e6bcc4ead9b14451f8ff146468b51af,a782a68eb3438ee4012e89e6fd65812079572e2218ee81eb4db70262b9c72e5723a703c2edebecd4a5184ed42cc8579631578a099c21ee37858f40ff66dd17e1
jurassicparkac,Jurassic Park (Deluxe),,1994-02,cec968f5f1c0161798ea6b9bc4aab36f,df010df5b81605317bdf2525062fb59e1e7f77ef,613e91065438c7136747a0a0cbc9cb8d654f0eaaa8ff10711f49ea8bd5bef022,e95e61042f3cbdcefb529c934409d26dbbdf9b772b77f4613bf54cedd79f2fe98f680df4296fa7f9f4d4ff94ab2bd7d05782e121e6f3bb5d0a24f52b61fa9efe
jurassicparkac,Jurassic Park (Deluxe),,1994,cec968f5f1c0161798ea6b9bc4aab36f,df010df5b81605317bdf2525062fb59e1e7f77ef,613e91065438c7136747a0a0cbc9cb8d654f0eaaa8ff10711f49ea8bd5bef022,e95e61042f3cbdcefb529c934409d26dbbdf9b772b77f4613bf54cedd79f2fe98f680df4296fa7f9f4d4ff94ab2bd7d05782e121e6f3bb5d0a24f52b61fa9efe
jurassicparkac,Jurassic Park (Conversion),,1994,cec968f5f1c0161798ea6b9bc4aab36f,df010df5b81605317bdf2525062fb59e1e7f77ef,613e91065438c7136747a0a0cbc9cb8d654f0eaaa8ff10711f49ea8bd5bef022,e95e61042f3cbdcefb529c934409d26dbbdf9b772b77f4613bf54cedd79f2fe98f680df4296fa7f9f4d4ff94ab2bd7d05782e121e6f3bb5d0a24f52b61fa9efe
jurassicparkac,Jurassic Park,,1994,cec968f5f1c0161798ea6b9bc4aab36f,df010df5b81605317bdf2525062fb59e1e7f77ef,613e91065438c7136747a0a0cbc9cb8d654f0eaaa8ff10711f49ea8bd5bef022,e95e61042f3cbdcefb529c934409d26dbbdf9b772b77f4613bf54cedd79f2fe98f680df4296fa7f9f4d4ff94ab2bd7d05782e121e6f3bb5d0a24f52b61fa9efe
karaokequizintrodondon,Karaoke Quiz Intro DonDon!,カラオケクイズ イントロ　DonDon!,1996-02-13,47feabc842363c6a25b55ee4a7857d8d,e484dcbc4236c9a3d94fcc3a46cc3403021bc10d,eafc9ddeaec22e40cf624cdcdb774c2bbf767d46d22a0aa72db8e7192ad5e712,5fdcac54392b81c9e7a393b9313a2f7322c6250079e3e9e618b2dc0d64243f539d44d8a432d56c2bd37642d9294b1864a86d1d4c5150e3a94904b8217c7bc52e
laserghost,Laser Ghost,,1990-12,06ef49c447ca3bbb604332fbfd3a02f3,15452e34d24c032c57f1acd8662772c087c273ee,cc93f47280974cc351c15fa544527b6ff2091e14c6dffa25c0178c9a53c34fec,3d42342030737a972fca73ffc655ea33286dc35708d47269b7552ed49d0494b51fc78cb62d76865fdb77b4757127982549880d6502dbbcf815cc9092dc29f075
laserghost,Laser Ghost,,1990-12,06ef49c447ca3bbb604332fbfd3a02f3,15452e34d24c032c57f1acd8662772c087c273ee,cc93f47280974cc351c15fa544527b6ff2091e14c6dffa25c0178c9a53c34fec,3d42342030737a972fca73ffc655ea33286dc35708d47269b7552ed49d0494b51fc78cb62d76865fdb77b4757127982549880d6502dbbcf815cc9092dc29f075
laserghost,Laser Ghost,,1990-12,06ef49c447ca3bbb604332fbfd3a02f3,15452e34d24c032c57f1acd8662772c087c273ee,cc93f47280974cc351c15fa544527b6ff2091e14c6dffa25c0178c9a53c34fec,3d42342030737a972fca73ffc655ea33286dc35708d47269b7552ed49d0494b51fc78cb62d76865fdb77b4757127982549880d6502dbbcf815cc9092dc29f075
laserghost,Laser Ghost,,1990-12,06ef49c447ca3bbb604332fbfd3a02f3,15452e34d24c032c57f1acd8662772c087c273ee,cc93f47280974cc351c15fa544527b6ff2091e14c6dffa25c0178c9a53c34fec,3d42342030737a972fca73ffc655ea33286dc35708d47269b7552ed49d0494b51fc78cb62d76865fdb77b4757127982549880d6502dbbcf815cc9092dc29f075
laserghost,Laser Ghost,,1990-12,06ef49c447ca3bbb604332fbfd3a02f3,15452e34d24c032c57f1acd8662772c087c273ee,cc93f47280974cc351c15fa544527b6ff2091e14c6dffa25c0178c9a53c34fec,3d42342030737a972fca73ffc655ea33286dc35708d47269b7552ed49d0494b51fc78cb62d76865fdb77b4757127982549880d6502dbbcf815cc9092dc29f075
lastsurvivor,Last Survivor,,1988-12,a6f2772c3ef7a16e98f20f22e5fb41a7,1624edb0b40d45c7e73889fa29078377f88c90d3,38d158aecf19706c6d0d0f1848097b7028796bc899e9df67460051332330c965,2c7441460de96e4fad87757a9a3b2fc6a5916a091d9c980c44c127adcdb4a96c1d98216d541f5858441b0e7a0fcc1b38030d54b58212415f66be357c522e63b4
lockonph,Lock On,,1991,ccc6b34900f8dd3ee0581ec535b1ed50,ddf30bd6aab14d7ece67cbc35e00255ad68d4809,4cd9abee75688ec5ae7b5c7d38040d15b2a671bdb376063559fc9e2c30225fc6,14850a69aac56500b7e3a35debc6d05b892a6a964975c8cb045e02641e3688e3785f3557a7fa9bc903219bfdd57e080024392b14cc8577e3e87b6cb2aec1e98d
mvp,M.V.P.,,1989,aba63b48c083088687e146573977ee33,c06ed8f429a61c6aed42eb87276466ac66a54350,ad3fd0227021ca9b1352f3d66eb18bcb299cb09c367bd96b5900049efe30e75e,52d881411c2862d979afc0f547892ff9680003fc9a620e185f7c0d842b3f287a17d0d1ec9d3b468c2271ecaa6bc8e1c283d718071940cd23d328604fcf05920a
mvp,M.V.P.,,1989,aba63b48c083088687e146573977ee33,c06ed8f429a61c6aed42eb87276466ac66a54350,ad3fd0227021ca9b1352f3d66eb18bcb299cb09c367bd96b5900049efe30e75e,52d881411c2862d979afc0f547892ff9680003fc9a620e185f7c0d842b3f287a17d0d1ec9d3b468c2271ecaa6bc8e1c283d718071940cd23d328604fcf05920a
cotton2,Magical Night Dreams: Cotton 2,,1997-09-02,bf2c99ab9adef7f50449c3d04a57994b,c6034038173fd0b506f80ec2a9502b8d8cd0bf16,445dc909a80e2f91029c35c20b7c73df0de530e05532694aae32953c247ee9d2,88cbb485c94477ecab391acdbf5bf3187d084647e617077a9a923d78bb9e1713061b8cd101105e86e7d7be5c0a0e77d527a0810de132a56bdefa48a089e56046
cottonboomerang,Magical Night Dreams: Cotton Boomerang,Magical Night Dreams: Cotton Boomerang コットン ブーメラン,1998-07-09,39e54818f4ff09c8b6505debdd385d69,77a33222476f8d35b1644764b609df06a8c17ccc,f7b0b25cb14ec7db810938fd30d14eb06d5f94e565340546734ad08556cc23e2,80210495b6b039e43a8f21e004bcdb918138b326195347bf5a1a196e6c25ef772268e7c403f0a8147b156d4bf69edc62a16a9e0ad3c28e0314dce2f83a188b0c
magicalzunoupower,Magical Zunō Power!!,マジカル頭脳パワー!!,1996-10-31,4aa9ff3d82e9a2d4023fd8a12a5eb9fc,d34f3cb5cb51df566b47eaca78ed975a9050e45e,44c214a95e3bddb711afd36dd30f10aa28b93e3c8693c466d2b8eda2551a4c7b,4c8e9a100a2bbd05821448e1a0879e1fc3dae4dd0a626727c8a33f9b104905975a9eb8613ab86160d81ac968427fce0a76a98c738335f7c170bce99b4882fbf9
majorleague,Major League,,1985-12,c9cd104aea10b89393aeafd8b484c4f2,ec0a205cdd47c81b468334935ea66f50c80eb9ac,056ba82938cbd9df9e8bf2f7c343ba29b0292dea4c4becd0e7f534a608fa6fb1,023ed257ff2718da27cb348b88ae754047f1abed3ede9c756e91f2a2c12cd731a4e8d63680abb01136fb3c07e79c5cf29a28acf817a68e852b70ce66b0492b9e
maruchandegoo,Maru-chan de Goo!!!,マルちゃんdeグー!!!,1997-12-16,fc4c989be29b5d2653327c1d20dce0e0,9740628b045a14386399b9b62fd694f617f19174,82e92aa78baffbfdb3d1539d7cf0158502e5e529315be6d37e5aa3b686b0078e,386074afdf511f62afce0f933f11484e35427180f04b3f28fed699a12049b3142c8ef3184f3f24870aed0b6609f91e1adcce322e70da4bb5b78a3e8d16de042f
mausukenoojamatheworld,Mausuke no Ojama the World,まうすけのオジャマ ざ わーるど,1996-03-14,a247524c99c798d6c8dd090a3abd1a58,3d273a4d181be9e84897f99452ce43620567ed31,fb61ccc4af060037179cfc04cc6be3091971ba0efd2c28d9e20f8b2d85af9ef9,df31ec0551315073aeaee4c95f4d1276423375072afecd655d7eae505fb14df2a49adcd20dde5d276538cd5a93804a507e300bdcf51569db90673ae7c7980fc7
megumirescue,Megumi Rescue,め組レスキュー,1987,f98747b0b7bff5a7ad60336ff024b385,ddd51e07370748159698766e9032900a2d4d34fb,fcec4e9b7a61e026892e12a2e0768d3d96c6d23378409ea3d2f3bd01b7d94be0,c77c12030a61c660aa64510babe2b6232108c257363eef0e294e6a9ba670b21fb0906bd1acfc7f92374e013940b9a10ae5af899426511238da9452b96a62b6e6
michaeljacksonsmoonwalkerac,Michael Jackson's Moonwalker,,1990-08,47f38f841dff34e74efde8348a5c1ad8,0fb0a7f1fb88ff94cca959f36157e204ff4f6524,95bd8b5a06cf9c4455c1f10412fc6b9861815cd50fd0f4d141c55699b33d9b07,35f519e1811db23e3c0ce3b6c0d05e4600a9cd3d264b09850a9e90fe0c6b5e506cf8e88b02278e4f0991c627c817c8eb5bc5ac1ed241ffcb34f76978e0ff117b
michaeljacksonsmoonwalkerac,Michael Jackson's Moonwalker,,1990,47f38f841dff34e74efde8348a5c1ad8,0fb0a7f1fb88ff94cca959f36157e204ff4f6524,95bd8b5a06cf9c4455c1f10412fc6b9861815cd50fd0f4d141c55699b33d9b07,35f519e1811db23e3c0ce3b6c0d05e4600a9cd3d264b09850a9e90fe0c6b5e506cf8e88b02278e4f0991c627c817c8eb5bc5ac1ed241ffcb34f76978e0ff117b
michaeljacksonsmoonwalkerac,Michael Jackson's Moonwalker,,1990,47f38f841dff34e74efde8348a5c1ad8,0fb0a7f1fb88ff94cca959f36157e204ff4f6524,95bd8b5a06cf9c4455c1f10412fc6b9861815cd50fd0f4d141c55699b33d9b07,35f519e1811db23e3c0ce3b6c0d05e4600a9cd3d264b09850a9e90fe0c6b5e506cf8e88b02278e4f0991c627c817c8eb5bc5ac1ed241ffcb34f76978e0ff117b
misterviking,Mister Viking,,1984,33bd1528649cd1190816d402be39a53f,31887281d9ac56221302fb7dfa280c52e7350a2d,7b39663e7c3a3f7ec230632d2ca2e7eeb43bd14dbd5f372f5b235872973781b1,c948c580834e104e13bf50a71de7302e384126ab994de828c7b173349f819949eac453043e7e80a2e1c9658aa6d6442a6439170c224425c23ed443e26877bdee
mograpper,Mograpper,モグラッパー,1999-01,,,,
movieclub,Movie Club,Movie Club ムービークラブ,1997-11,,,,
myfairladyvirtualmahjong2,My Fair Lady: Virtual Mahjong II,マイ・フェアー・レディ Virtual麻雀 II,1998-06-08,c3790b1e099f12be6c5e9d219d6c295b,d328ecc059ca983b6e3bde6e01a4cd5595ea6cfd,e141b6161ba91498e8fa675d41164b820ac11a0088c2c1e6bad8169ebd6dea1c,d8eeb86ee413a77fe3d5805026c83315bdb3b2111faa36cc8a6c29ce091105ebed9304ec9478fded6c4bc1a1275cc9d32b55e380075a7f2ab4c5a679ee4770a8
nameclub,Name Club,Name Club ネーム倶楽部,1996-03-15,3c136e118a21d9462889cd5652f6bbaf,a6aae13241ed4fd576dfd2727d51a987612018da,f4ffbd41221ee8ae79cb349a3c44a265d6d73f84e9d563d388afe56464706b89,7cd1fbab0b265c234745b88ebcdf60cbec3d4bf1b6a719350dd6d2b6a80c99f4ff8fa1cfae5dcb5e475ee4c8ed271b86648302f67997b51bcd73259a94eae94b
nameclubversion2,Name Club Version 2,Name Club ネーム倶楽部 Version 2,1996-03-15,eee89b1dae1fd37f8f71b8c1ef195053,ceba35ef6e6d10383fa01466e9d05831d2be6e51,549ed7846e0e877a9502c0a98443f3bb51e4f6c4b03e2efd88441911391ab26b,05dd02ac1653ab90bd1b0cfa7e7a39a50461666013a44193ed616e767f2be4a03fa47fd2b1d7a5dc1c99877996f95fc35a27d7b9af1b7361d84fb27731101df8
nameclubversion3,Name Club Version 3,Name Club ネーム倶楽部 Version 3,1997-07-23,f7e60ed46f43fc36e29842bec74978a6,82129ff00f759a9326ecda879677ea884e3ff5da,4dec3ed66606fec7f98c9e0d540125c37a6c197b867108076c7f996bc62b0ca1,601d13b1a7dd822b89559ddbfd501d18ac233b0e2dd18ea7da08d949f4fc1eaff1480fab90758b929e610a1a301bb268d203307f654376622b30a57269c80a81
nameclubversion4,Name Club Version 4,Name Club ネーム倶楽部 Version 4,1997-12-02,9b6dfe4305c4f5922fb5aa03796a56ca,445019202d29f968cc0d4af8403c35edc97f59a5,2a8a79814af2303b484c468b5f449eef222d8499c3dad4aded5571cda096f70c,42c9cdfc014a6ec5493ffebd3a4ca11f3da0cf318044cd65f91a2898c83c2b79ef6d4a0c50c0472f5455a4db5a87a79337cfc63ac6e0f483866517d8f1d74aee
nameclubdisney,Name Club Disney,Name Club ネーム倶楽部 Disney,1998-06-14,e4f65695f7c0214f4e5cb0004cec1093,cb9221c9adb36b74cf902f356ba112751681bce5,1a44834197f72873eeabbf26a2d9b762fd60ea169b198a7d910044af08d4d69d,a4cdb2e0d50b8329433efee39a56a2a0b8478a81528615626a16fd99abf004f6725760f89fd9314860361525f452ef192811c50f5247b548ce894d13428bb103
noboranka,Noboranka,のぼらんか,1986,9b02c09dd3397addeb7da2562ffc4809,9d200f23c7c7ad7312d391a6435d66606a1cf2e7,09532c6bfd71350df6b5aed80d6dfb5066a1beb63245944ba56413aeb6157ece,cad031b435af74f1323bad74eb76e69041f1ecef99f6f53fa9dbf339e1a53c6967d1c3f4c79a0d7b9979405c4e33fd4c7d3681e5cef57e5f46e4582b4abb93ba
noboranka,Noboranka,のぼらんか,1986,9b02c09dd3397addeb7da2562ffc4809,9d200f23c7c7ad7312d391a6435d66606a1cf2e7,09532c6bfd71350df6b5aed80d6dfb5066a1beb63245944ba56413aeb6157ece,cad031b435af74f1323bad74eb76e69041f1ecef99f6f53fa9dbf339e1a53c6967d1c3f4c79a0d7b9979405c4e33fd4c7d3681e5cef57e5f46e4582b4abb93ba
ninjaprincess,Ninja Princess,忍者プリンセス,1985-03,5236b0a52389cfb0288777007c279c6c,8f7669c9a82cf6a05750df40c65d65b43faa2b1a,4aed628d264a5c6ed2d156dec7cb409df71dfa2deb5f8b02bfede35d1b717b06,8b3cf62e3c732c459d61194be01c250f064f2368130be438e860d6a2331c2df366bbcd2f8fadeff12b533f67c4c6f06c98c74f372e83ffbc6bc77f74546fbbb0
ninjaprincess,SEGA Ninja,,1985,5236b0a52389cfb0288777007c279c6c,8f7669c9a82cf6a05750df40c65d65b43faa2b1a,4aed628d264a5c6ed2d156dec7cb409df71dfa2deb5f8b02bfede35d1b717b06,8b3cf62e3c732c459d61194be01c250f064f2368130be438e860d6a2331c2df366bbcd2f8fadeff12b533f67c4c6f06c98c74f372e83ffbc6bc77f74546fbbb0
opaopa,Opa Opa,,1987-07-20,b1ae907970201eecd6d836cae3d4dac9,8005a72e20081c4ad5b0551620ff67be4c619ecc,5a135c45dfb3709f869a4c6e22e3c4378bb79d86182e3635e05f5177ed8607af,fe6cd5174cd2866455168f47dc2a355d4f9607b0ac3fc05935a59dafa2f5f3f9e0e787f6fa1325450dafbb7f0aea30ae98c1d97cf9153d830de83051693d52ea
opaopa,Opa Opa,,1987,b1ae907970201eecd6d836cae3d4dac9,8005a72e20081c4ad5b0551620ff67be4c619ecc,5a135c45dfb3709f869a4c6e22e3c4378bb79d86182e3635e05f5177ed8607af,fe6cd5174cd2866455168f47dc2a355d4f9607b0ac3fc05935a59dafa2f5f3f9e0e787f6fa1325450dafbb7f0aea30ae98c1d97cf9153d830de83051693d52ea
othelloshiyouyo,Othello Shiyōyo,オテロ　しようよ,1998-04-23,7c63d84ad804e7412826cc01f8bc22ac,1766e18910e762ce7e16427eb1b926bc27ef9050,349b56b18a51e6c9b652da678736c32d99a04dd17ef52186bcc88d257032d690,3bde0fd20771811bf42a408c588e91f6def49e6d7e52ccfda98146993085ef6acece12427073400eec630bb69a61624cfad52c006a2330ac805484fdf97d1e08
outrun,OutRun (Deluxe),,1986-09-20,e731f4792e481349b8aed3510cb3feab,2cd7a2fe226d6ab3f8ec11252f451c4d8dba4f6a,21c14740664bd17fb28ef26e5e89e321941254b3db75e9a7d75ecb9ec4332d29,9e88c72a0d6a8d80f1f2134b4821af2617aead55fe81507f0ee589a3e8db2cd3a8d186d54d5a8e5c86c9f929239e5df92a5e467d59c6434a6bc6c2f13c968aaf
outrun,OutRun (Deluxe),,1986-09-20,e731f4792e481349b8aed3510cb3feab,2cd7a2fe226d6ab3f8ec11252f451c4d8dba4f6a,21c14740664bd17fb28ef26e5e89e321941254b3db75e9a7d75ecb9ec4332d29,9e88c72a0d6a8d80f1f2134b4821af2617aead55fe81507f0ee589a3e8db2cd3a8d186d54d5a8e5c86c9f929239e5df92a5e467d59c6434a6bc6c2f13c968aaf
outrun,OutRun (Deluxe),,1986,e731f4792e481349b8aed3510cb3feab,2cd7a2fe226d6ab3f8ec11252f451c4d8dba4f6a,21c14740664bd17fb28ef26e5e89e321941254b3db75e9a7d75ecb9ec4332d29,9e88c72a0d6a8d80f1f2134b4821af2617aead55fe81507f0ee589a3e8db2cd3a8d186d54d5a8e5c86c9f929239e5df92a5e467d59c6434a6bc6c2f13c968aaf
outrun,OutRun (Deluxe) (Enhanced Edition v1.0.3),,1986,e731f4792e481349b8aed3510cb3feab,2cd7a2fe226d6ab3f8ec11252f451c4d8dba4f6a,21c14740664bd17fb28ef26e5e89e321941254b3db75e9a7d75ecb9ec4332d29,9e88c72a0d6a8d80f1f2134b4821af2617aead55fe81507f0ee589a3e8db2cd3a8d186d54d5a8e5c86c9f929239e5df92a5e467d59c6434a6bc6c2f13c968aaf
outrun,OutRun (Deluxe) (Enhanced Edition v2.0.3),,1986,e731f4792e481349b8aed3510cb3feab,2cd7a2fe226d6ab3f8ec11252f451c4d8dba4f6a,21c14740664bd17fb28ef26e5e89e321941254b3db75e9a7d75ecb9ec4332d29,9e88c72a0d6a8d80f1f2134b4821af2617aead55fe81507f0ee589a3e8db2cd3a8d186d54d5a8e5c86c9f929239e5df92a5e467d59c6434a6bc6c2f13c968aaf
outrun,OutRun,,1986,e731f4792e481349b8aed3510cb3feab,2cd7a2fe226d6ab3f8ec11252f451c4d8dba4f6a,21c14740664bd17fb28ef26e5e89e321941254b3db75e9a7d75ecb9ec4332d29,9e88c72a0d6a8d80f1f2134b4821af2617aead55fe81507f0ee589a3e8db2cd3a8d186d54d5a8e5c86c9f929239e5df92a5e467d59c6434a6bc6c2f13c968aaf
outrun,OutRun,,1986,e731f4792e481349b8aed3510cb3feab,2cd7a2fe226d6ab3f8ec11252f451c4d8dba4f6a,21c14740664bd17fb28ef26e5e89e321941254b3db75e9a7d75ecb9ec4332d29,9e88c72a0d6a8d80f1f2134b4821af2617aead55fe81507f0ee589a3e8db2cd3a8d186d54d5a8e5c86c9f929239e5df92a5e467d59c6434a6bc6c2f13c968aaf
outrun,OutRun (Enhanced Edition v1.1.0),,1986,e731f4792e481349b8aed3510cb3feab,2cd7a2fe226d6ab3f8ec11252f451c4d8dba4f6a,21c14740664bd17fb28ef26e5e89e321941254b3db75e9a7d75ecb9ec4332d29,9e88c72a0d6a8d80f1f2134b4821af2617aead55fe81507f0ee589a3e8db2cd3a8d186d54d5a8e5c86c9f929239e5df92a5e467d59c6434a6bc6c2f13c968aaf
outrun,OutRun (Enhanced Edition v2.0.3),,1986,e731f4792e481349b8aed3510cb3feab,2cd7a2fe226d6ab3f8ec11252f451c4d8dba4f6a,21c14740664bd17fb28ef26e5e89e321941254b3db75e9a7d75ecb9ec4332d29,9e88c72a0d6a8d80f1f2134b4821af2617aead55fe81507f0ee589a3e8db2cd3a8d186d54d5a8e5c86c9f929239e5df92a5e467d59c6434a6bc6c2f13c968aaf
outrunners,OutRunners,,1993-05,1f4ffb737569fcc4fe75f75dda478ce6,68afef8f5a312c7ddcf33e28e416712059d23ebe,c0b3afce9b359eaf49a330feb8cdd5bbe3bd96b28a12055c452ebbc5885756b4,d98f98bb46dcf5d9b6bcd84ea8199eaa3d48a4b3d732f103424c4eb367d5c7d10f1f0f224be56d6cf660f7651cc96d65d7607f8bd3d4918da764008f2c117f01
outrunners,OutRunners,,1993,1f4ffb737569fcc4fe75f75dda478ce6,68afef8f5a312c7ddcf33e28e416712059d23ebe,c0b3afce9b359eaf49a330feb8cdd5bbe3bd96b28a12055c452ebbc5885756b4,d98f98bb46dcf5d9b6bcd84ea8199eaa3d48a4b3d732f103424c4eb367d5c7d10f1f0f224be56d6cf660f7651cc96d65d7607f8bd3d4918da764008f2c117f01
outrunners,OutRunners,,1993,1f4ffb737569fcc4fe75f75dda478ce6,68afef8f5a312c7ddcf33e28e416712059d23ebe,c0b3afce9b359eaf49a330feb8cdd5bbe3bd96b28a12055c452ebbc5885756b4,d98f98bb46dcf5d9b6bcd84ea8199eaa3d48a4b3d732f103424c4eb367d5c7d10f1f0f224be56d6cf660f7651cc96d65d7607f8bd3d4918da764008f2c117f01
passingshot,Passing Shot,,1988-08,f6d51e102d3b771d13248f873710271b,3ebd31a1aefa7029d42dc94abb9123d6b6c34844,30ad33e033aa5dad9a71df07c948ed46e785792b3a9f64c2061f928a5b79f97d,aa124261b9f4d2385c21efe07c1d3ceb21e305ba634b21bc8c020c1b491707d2700b32f9e72fbd0839b3f7448245cd67cd6f1923d561dd06e86e1a012c01b1b5
passingshot,Passing Shot,,1988,f6d51e102d3b771d13248f873710271b,3ebd31a1aefa7029d42dc94abb9123d6b6c34844,30ad33e033aa5dad9a71df07c948ed46e785792b3a9f64c2061f928a5b79f97d,aa124261b9f4d2385c21efe07c1d3ceb21e305ba634b21bc8c020c1b491707d2700b32f9e72fbd0839b3f7448245cd67cd6f1923d561dd06e86e1a012c01b1b5
passingshot,Passing Shot,,1988,f6d51e102d3b771d13248f873710271b,3ebd31a1aefa7029d42dc94abb9123d6b6c34844,30ad33e033aa5dad9a71df07c948ed46e785792b3a9f64c2061f928a5b79f97d,aa124261b9f4d2385c21efe07c1d3ceb21e305ba634b21bc8c020c1b491707d2700b32f9e72fbd0839b3f7448245cd67cd6f1923d561dd06e86e1a012c01b1b5
passingshot,Passing Shot,,1988,f6d51e102d3b771d13248f873710271b,3ebd31a1aefa7029d42dc94abb9123d6b6c34844,30ad33e033aa5dad9a71df07c948ed46e785792b3a9f64c2061f928a5b79f97d,aa124261b9f4d2385c21efe07c1d3ceb21e305ba634b21bc8c020c1b491707d2700b32f9e72fbd0839b3f7448245cd67cd6f1923d561dd06e86e1a012c01b1b5
passingshot,Center Court,,1988,f6d51e102d3b771d13248f873710271b,3ebd31a1aefa7029d42dc94abb9123d6b6c34844,30ad33e033aa5dad9a71df07c948ed46e785792b3a9f64c2061f928a5b79f97d,aa124261b9f4d2385c21efe07c1d3ceb21e305ba634b21bc8c020c1b491707d2700b32f9e72fbd0839b3f7448245cd67cd6f1923d561dd06e86e1a012c01b1b5
pebblebeachgolflinksthegreatshot,Pebble Beach Golflinks: The Great Shot,ペブルビーチ ザ・グレートショット Pebble Beach Golf Links,1995-09-13,7dfa364e6bf1907e89157fb06ce0b009,56267680dee04cf8d027343612c74f6890cfe32a,16cbd267496f3271bb72160ac197ebfcecf2016f3254e8df1dc8a8e8ffd4e1c3,94f4e4d5a7a68cf5e97bc59740a51dbf8b2ee2cf61801f20d9fa88643343f733d70e17d87424bf075b29cc9bca893f8b0647a010e673031fa9daa09071fc68ee
pengo,Pengo,,1982-09,7ce48eb1c1c150764704fde590686fd7,ed15315fe99638b82735979c96473fe8657f30e7,518be40540e944fc28a87a59859e2c6a40a50d7584a2e873acfb51a1844c6ce2,78dc7aa72069ea3f2dc8b77021a056f3c765f8abe3eda8499a29a8b82b21d2890232da94ed35ded9095630f36afcaf2231866495c650096d267ed037a40e7525
pengo,Pengo,,1982,7ce48eb1c1c150764704fde590686fd7,ed15315fe99638b82735979c96473fe8657f30e7,518be40540e944fc28a87a59859e2c6a40a50d7584a2e873acfb51a1844c6ce2,78dc7aa72069ea3f2dc8b77021a056f3c765f8abe3eda8499a29a8b82b21d2890232da94ed35ded9095630f36afcaf2231866495c650096d267ed037a40e7525
pengo,Pengo,,1982,7ce48eb1c1c150764704fde590686fd7,ed15315fe99638b82735979c96473fe8657f30e7,518be40540e944fc28a87a59859e2c6a40a50d7584a2e873acfb51a1844c6ce2,78dc7aa72069ea3f2dc8b77021a056f3c765f8abe3eda8499a29a8b82b21d2890232da94ed35ded9095630f36afcaf2231866495c650096d267ed037a40e7525
pengo,Pengo,,1982,7ce48eb1c1c150764704fde590686fd7,ed15315fe99638b82735979c96473fe8657f30e7,518be40540e944fc28a87a59859e2c6a40a50d7584a2e873acfb51a1844c6ce2,78dc7aa72069ea3f2dc8b77021a056f3c765f8abe3eda8499a29a8b82b21d2890232da94ed35ded9095630f36afcaf2231866495c650096d267ed037a40e7525
pitfall2tlc,Pitfall II: The Lost Canverns,,1985-02,d08320ebc1112a63f94bbebffc03820d,7520eccc04220698cd31264e0839a0f3894ef793,4663820647b22f8155bc55bfcc441f78163e8b69f55b897d114606f0759028d9,50956af31dd37f9e6160ae94e9a6fb4349f2798be39989b42fa24c57b7398a1011a671d6c214173d5ccaa53397b29cc82f3cdec41016336cd686d969076b65c2
pitfall2tlc,Pitfall II: The Lost Canverns,,1985,d08320ebc1112a63f94bbebffc03820d,7520eccc04220698cd31264e0839a0f3894ef793,4663820647b22f8155bc55bfcc441f78163e8b69f55b897d114606f0759028d9,50956af31dd37f9e6160ae94e9a6fb4349f2798be39989b42fa24c57b7398a1011a671d6c214173d5ccaa53397b29cc82f3cdec41016336cd686d969076b65c2
pitfall2tlc,Pitfall II: The Lost Canverns,,1985,d08320ebc1112a63f94bbebffc03820d,7520eccc04220698cd31264e0839a0f3894ef793,4663820647b22f8155bc55bfcc441f78163e8b69f55b897d114606f0759028d9,50956af31dd37f9e6160ae94e9a6fb4349f2798be39989b42fa24c57b7398a1011a671d6c214173d5ccaa53397b29cc82f3cdec41016336cd686d969076b65c2
potopoto,Poto Poto,ポトポト,1994-03,9e0f2e2c7f64078db436b58f3e864a36,c98d93ecdf835c6d77d52b1c5b245ec34b0f8e7b,d125769d28106345af72f9d5550fa963a5880dd6632872a6af3a182273bc84e9,7ba0bafcad23396ed59cd2e5a7a330f95e7c60da10e53acf5a95d9635293162996a3d95d06a88152f83504d057d3400c37fcc2d20adbf6016f4bbc3edc4c5ca3
powerdrift,Power Drift,,1988-08-05,0f4d8b5ea7a04e1eac38661dcfa0f233,ee6c5105c489c15fb07ca0fc3140b0246208f400,1e2251afaa15332c51705b30bc44cbf812811c4fdcc118bb244b8d8edbf856cc,d86661623b69a0bd9462ebfba40276aff0d2f75052f648e1323ead1958a41e14ef5985f18701ca0d39f92ef5a798162a0e6c3a5cf7688d34b815c77309e9ee19
powerdrift,Power Drift,,1988,0f4d8b5ea7a04e1eac38661dcfa0f233,ee6c5105c489c15fb07ca0fc3140b0246208f400,1e2251afaa15332c51705b30bc44cbf812811c4fdcc118bb244b8d8edbf856cc,d86661623b69a0bd9462ebfba40276aff0d2f75052f648e1323ead1958a41e14ef5985f18701ca0d39f92ef5a798162a0e6c3a5cf7688d34b815c77309e9ee19
powerdrift,Power Drift,,1988,0f4d8b5ea7a04e1eac38661dcfa0f233,ee6c5105c489c15fb07ca0fc3140b0246208f400,1e2251afaa15332c51705b30bc44cbf812811c4fdcc118bb244b8d8edbf856cc,d86661623b69a0bd9462ebfba40276aff0d2f75052f648e1323ead1958a41e14ef5985f18701ca0d39f92ef5a798162a0e6c3a5cf7688d34b815c77309e9ee19
powerdrift,Power Drift,,1988,0f4d8b5ea7a04e1eac38661dcfa0f233,ee6c5105c489c15fb07ca0fc3140b0246208f400,1e2251afaa15332c51705b30bc44cbf812811c4fdcc118bb244b8d8edbf856cc,d86661623b69a0bd9462ebfba40276aff0d2f75052f648e1323ead1958a41e14ef5985f18701ca0d39f92ef5a798162a0e6c3a5cf7688d34b815c77309e9ee19
powerdrift,Power Drift: Tsūshin System,Power Drift 通信システム,1988,125a31a2a329f6fe02c7abbc2994ba82,5218c5521901c9c8841ddc3610afb131ea22c5f9,862e82a05ab7d6df51468569ccf2e0dc54b02733693e0c822683006bbd9ad2ea,711c0332580b68fae23519a0ef8a3effe12399a5d93d05c7765b737c5487596265a1b2f267779da5f4417cd2571adf97826ef7885ae967cdb2961317473dce01
printclub,Print Club,プリント倶楽部,1995,4944980e7a5979fc4d72cced715d7da2,8eb37b0df8ec564bb446422ebbdb2d537c62fc1a,8987132112c49909ca202fcc003c92f89714c45b9807613e38bf30544d49d3cc,88eebb7480641210735bd0a38a6653e56934553bb0526218b72c2024884f5caba30b04575f27f9a66da7a40851ec3d8e7efcfa0f0b4ca6216124303bafaba148
printclub2,Print Club 2,,1997-09-21,8001c8e6124257d0d3797dc545c9c63f,b6c48ce026e05b65f891e785bf401643ad003de8,5dd30d141b3ba2da1792d21a27efa88587239868be9d5826d740129fcd5b4a34,6ef8b07b57b679171995202750ef7d26e539893c93f371b110a6b9eb99a1c18ab5cb18a454b1b124fe11333e0cc9782e828ab21c463d5712ad9a9d8600d371de
printclub2,Print Club Vol.2: Winter Version,ウィンターバージョン プリント倶楽部 Vol.2,1995,a88b05b7757b94442b84e7ed2a0ed696,4ab7431cc0fb1921f5c31e88dac0745afdf1f81b,f55463411d2808034aaf681b4a4bc6bd098cb306aeab1cea6be58b14275a9da1,1b5bbcf16a0b4e24054591df62a6f46753e3edb43b603dc43f0bb2713483cfeb80f7d636b091438504a46aa60c63a8cb69b807155bfca9f2e362c237aa580ce9
printclub2,Print Club,,1995,a88b05b7757b94442b84e7ed2a0ed696,4ab7431cc0fb1921f5c31e88dac0745afdf1f81b,f55463411d2808034aaf681b4a4bc6bd098cb306aeab1cea6be58b14275a9da1,1b5bbcf16a0b4e24054591df62a6f46753e3edb43b603dc43f0bb2713483cfeb80f7d636b091438504a46aa60c63a8cb69b807155bfca9f2e362c237aa580ce9
printclub4,Print Club Vol.4: Summer Version,サマーバージョン プリント倶楽部 Vol.4,1996,ae2331efc616058248dc076a761642d0,d2927f6d25305854cea86d8a055a150276d76934,6651fe60a122afe825bcb54c98acd9c83abe836f2cca36457ff204acc46459b5,14266dae9c41176b0d924a3a5e448f6d92313515350130db2a5ce514ff97afa525842da4dc64db150e3b2e558cd9f1fe2f8b20d5659efcb5396f84af4b622dce
printclub5,Print Club Vol.5: Autumn Version,オータムバージョン プリント倶楽部 Vol.5,1996,be1d745411da87e1a26ad4d0894cf370,a56e69824a69bafe4a5b72226bf0905555ac3251,d5a64ab21f0235e9271a724f5c91a3d6feb399cadaebe65877d56129b3d12b77,1efa456382afebdc3c62ac6212385f11e78aa0bbc2fd7a5cf3aa936ae170c2c093a24256543945ec92a9c157f7c3d712af21d6c03aeb9e0d6082edc955328596
printclubpokemonb,Print Club: Pokémon B,Pokémon: Gotta Catch'em all!,1999-11-26,2e98d298c9682ea211907017fdb7d2d0,f8426ccb9003bfc722177b1247b0611929ada50c,de1931c4dcae54491a59f398bbede603fbadcf7b70c42fac18b32b89794a828c,49b510a1709c0603a5d5426a29c42cc74c9c22822e650116f6bb3cc9fdc30c41a63b382a78f21aaaa83498290e794e7f6c06c1181f8a299217b75c24e1337773
purikuradaisakusen,PuriKura Daisakusen: Princess Kurara,プリクラ大作戦 プリンセス クララ,1996-09-10,a2a087f16bf85d079ebff2b782d80bd4,8e5b1234e353dd4be13558d636c2cc0bbab706e3,e9be40d20f3452c7c96391263b46e0667b66508742f3780c3b481e389378c923,b9f8a3b82f7cbe4b4165a930ddd5f465b0b16b40af771b4aafb70a59ab25c13918237f5760559f4e6474678966ed518a73a5ba5e37908bed18aaa2bff42e6431
promahjongkiwames,Pro Mahjong Kiwame S,プロ麻雀 極S Kiwame・S,1995-10-20,1fab9605f9cabd2c776e206203885666,e55bd33636f2c469015b4af5136e5b3f9f0f8420,14b43b7fc887fadafc2e264eeb4958db6a298dbe920908ea16caa51cc6688558,79526e2b0cf23fbe0427d2d5765dd0f2ce3b60e5de4ec37a620a98d38af66371f647e4da74b4265ef134edacd26d3ce6fbbd9a023a1a73398338bd6dfe6a13d9
puyopuyo,Puyo Puyo,ぷよぷよ,1992-10,ffa39264c5c61b69e75684101f715779,7f184c0062c0304bac1503000ed045631090e08b,801e0b514e5751a554f66a6ab513b6056f1576bd310bcf349ad4c6b844e1e309,f9b1f07f2b76f141f0552e5d0a40511de14c86bed258146c4d7d6c657267819d296359e17dea48ebe25d4e8b4963a692e3ae4bcf3dce477cf7293f219eac52ae
puyopuyo,Puyo Puyo,ぷよぷよ,1992,ffa39264c5c61b69e75684101f715779,7f184c0062c0304bac1503000ed045631090e08b,801e0b514e5751a554f66a6ab513b6056f1576bd310bcf349ad4c6b844e1e309,f9b1f07f2b76f141f0552e5d0a40511de14c86bed258146c4d7d6c657267819d296359e17dea48ebe25d4e8b4963a692e3ae4bcf3dce477cf7293f219eac52ae
puyopuyo,Puyo Puyo,,1992,ffa39264c5c61b69e75684101f715779,7f184c0062c0304bac1503000ed045631090e08b,801e0b514e5751a554f66a6ab513b6056f1576bd310bcf349ad4c6b844e1e309,f9b1f07f2b76f141f0552e5d0a40511de14c86bed258146c4d7d6c657267819d296359e17dea48ebe25d4e8b4963a692e3ae4bcf3dce477cf7293f219eac52ae
puyopuyo2,Puyo Puyo Tsū,ぷよぷよ通,1994-09,978a9a6b0337859ed27e32dce5f338b4,6b6d6caecb3d8eafaa482ab1300b6d0ce3cea662,57ef1cd7fd719ecf3fa64bb3c46a2e71da56ec3bc025018f39519687e763dc2c,4e0d53aa5d3f744bc888623f2a8f90647d9dd3f8400c3638a142504880857c4c66415403c0cde50e2d6023a534639a86cd621a691c5310f94e0b6eda6684fab3
puyopuyosun,Puyo Puyo Sun,ぷよぷよSun,1996-11-15,c8d1ddb7c651ca38c91c8762a5695ae7,955aeda4abb8c63b4784a727339166b5c3539177,a41c404bcb0c26e77e76a407ab6ca2c25e4258b7ad98a2c6b41528c94560f794,1dd816b403b9c86a36a21e9dbc4f2ed5bddf33ef4c86a4b33211064c2cfcca0bf4d2fd8141957dc36ed9494d987b01931740da132a0598cedfa8d746bfbf8b0e
ichidantr,Puzzle & Action: Ichidant-R,Puzzle & Action イチダントア～ル,1994-06,0ddf0a06ece50e7c52328771d92930ff,39610e987df9d11d9c0aa1fe8e9f3691891a9eb2,0214d7bb03436fe3aca4bd1b6e948ce1929a352242a0e13e8c217d155e3ba474,b461c5fee370c873dadcd151fdd20ae267d16d14f02284c04c8596dc91578147e864d92e38a242aa0790c8cd8bb7e024a1b84430a9ed0aa7e41480e8b2dab807
ichidantr,Puzzle & Action: Ichidant-R,,1994,0ddf0a06ece50e7c52328771d92930ff,39610e987df9d11d9c0aa1fe8e9f3691891a9eb2,0214d7bb03436fe3aca4bd1b6e948ce1929a352242a0e13e8c217d155e3ba474,b461c5fee370c873dadcd151fdd20ae267d16d14f02284c04c8596dc91578147e864d92e38a242aa0790c8cd8bb7e024a1b84430a9ed0aa7e41480e8b2dab807
ichidantr,Puzzle & Action: Ichidant-R,,1994,0ddf0a06ece50e7c52328771d92930ff,39610e987df9d11d9c0aa1fe8e9f3691891a9eb2,0214d7bb03436fe3aca4bd1b6e948ce1929a352242a0e13e8c217d155e3ba474,b461c5fee370c873dadcd151fdd20ae267d16d14f02284c04c8596dc91578147e864d92e38a242aa0790c8cd8bb7e024a1b84430a9ed0aa7e41480e8b2dab807
tantr,Puzzle & Action: Tant-R,Puzzle & Action タントア～ル,1993-06,cc97c44662b14249010f32009f4040a0,dc3d77350217697548d250699a34f252562ea71b,0e8adfb2c095fec8539970e92f9a44085fa93a17ed9e3b22fab75c7fa3a1ea9e,3a217cdabfd0e59dc534660bd5803b7ad1135ebd3cf7757673d8bd57d4be97002035c285456faa84f2c81e8c294379cf89badb7f970521d9d2efc9e9e98020de
tantr,Puzzle & Action: Tant-R,Puzzle & Action タントア～ル,1993,cc97c44662b14249010f32009f4040a0,dc3d77350217697548d250699a34f252562ea71b,0e8adfb2c095fec8539970e92f9a44085fa93a17ed9e3b22fab75c7fa3a1ea9e,3a217cdabfd0e59dc534660bd5803b7ad1135ebd3cf7757673d8bd57d4be97002035c285456faa84f2c81e8c294379cf89badb7f970521d9d2efc9e9e98020de
sandr,Puzzle & Action: BoMulEul Chajara,Puzzle & Action 보물을찾아라,1997-01-25,befb9c1eee2ddefc106e2c295999fd22,180fb854d7f7564359046fed2ee6efbf691f135e,874f67af1a1ff0b5f9880bf19166eaf0ab2d667eaef7022305d2b118f67fa06e,1c645c68011152bc154f5f38e33d3322249511770842e21994b63e3774b6ea5accdc9353e14086d613f296802a2e6f64e7f1bc32e196f887f557c9261f23d81d
sandr,Puzzle & Action: Sand-R,Puzzle & Action サンドア～ル,1995-11-14,befb9c1eee2ddefc106e2c295999fd22,180fb854d7f7564359046fed2ee6efbf691f135e,874f67af1a1ff0b5f9880bf19166eaf0ab2d667eaef7022305d2b118f67fa06e,1c645c68011152bc154f5f38e33d3322249511770842e21994b63e3774b6ea5accdc9353e14086d613f296802a2e6f64e7f1bc32e196f887f557c9261f23d81d
sandr,Puzzle & Action: Treasure Hunt,,1997-09-01,befb9c1eee2ddefc106e2c295999fd22,180fb854d7f7564359046fed2ee6efbf691f135e,874f67af1a1ff0b5f9880bf19166eaf0ab2d667eaef7022305d2b118f67fa06e,1c645c68011152bc154f5f38e33d3322249511770842e21994b63e3774b6ea5accdc9353e14086d613f296802a2e6f64e7f1bc32e196f887f557c9261f23d81d
quartet,Quartet,,1986-04-10,f7482d757b5dd787fa16b823f95479dc,6b299cdbba9b70657ce8375fd1fdeaf53118df0b,a635613ef676e265671267d02aa1fd290be0b47ab6399b649765fb0d5c3bcda9,1953d50c407334456eb3f538a16cfb0907dafdfcbcd877bea5f20da7ee2e83e571a63b43e1e98d822fbd8714c95c2f3ba3978465c949c3e19083237c1e408545
quartet,Quartet,,1986,f7482d757b5dd787fa16b823f95479dc,6b299cdbba9b70657ce8375fd1fdeaf53118df0b,a635613ef676e265671267d02aa1fd290be0b47ab6399b649765fb0d5c3bcda9,1953d50c407334456eb3f538a16cfb0907dafdfcbcd877bea5f20da7ee2e83e571a63b43e1e98d822fbd8714c95c2f3ba3978465c949c3e19083237c1e408545
quartet2,Quartet 2,,1986-05-10,f7482d757b5dd787fa16b823f95479dc,6b299cdbba9b70657ce8375fd1fdeaf53118df0b,a635613ef676e265671267d02aa1fd290be0b47ab6399b649765fb0d5c3bcda9,1953d50c407334456eb3f538a16cfb0907dafdfcbcd877bea5f20da7ee2e83e571a63b43e1e98d822fbd8714c95c2f3ba3978465c949c3e19083237c1e408545
quartet2,Quartet 2,,1986,f7482d757b5dd787fa16b823f95479dc,6b299cdbba9b70657ce8375fd1fdeaf53118df0b,a635613ef676e265671267d02aa1fd290be0b47ab6399b649765fb0d5c3bcda9,1953d50c407334456eb3f538a16cfb0907dafdfcbcd877bea5f20da7ee2e83e571a63b43e1e98d822fbd8714c95c2f3ba3978465c949c3e19083237c1e408545
quizghosthunter,Quiz Ghost Hunter: The Quiz Adventure,クイズ　ゴースト　ハンター The Adventure Quiz,1994-09,807264007cca6d6de127be90ee35954a,25b83b7072085a8cba5db8ef64acc1a2a92c27ad,1f34b084f7dcac4e63f6cf76f790c5a232e39808ce9296d2aa02aefec19b8823,c09ba81d62a4f799df6135b92af0667cf5644836a759fde9e63d9824c32d56a59faf60429c4f01e33c56268fb8aac3f35f68cd4c4b9b5e92df340afe33b055aa
quizmekurumeku,Quiz Mekurumeku Story,クイズめくるめくストーリー,1993-05,8255934575a6c774d02f8f97ae3a83df,b36bc2a63475a94001efb032e9133cb3e19feddf,f430bb41bd2a01357e7ba7991b849fca57e1f2d2a1a320489aba6fae0dcf8a1e,19c5f4a3178a73332fa8a00cd4416ac6a7bb11008ac051364c12f027bf648da6887f64e6880a38d4c9d450c75224bc75127f77ce776ab94772c533b2b11f791f
quizomaenipiponcho,Quiz Omae ni Pipon Cho!,Quiz おまえに　Pipon チョ!,1996,,,,
quizroukanitattenasai,Quiz Rōka ni Tattenasai!,クイズ 廊下に立ってなさい!,1991-12,82bfb0c38cd7f532149b8b00dc4eb032,95909f7166b680261cdd2a83cbbb50b09455afe0,a23367a082f3a7babb8b05b1155cd6e467065deec7a329bd9807c7ed3b4702cb,39a35286a6ec17dd9ccf962fd3962228352a797803ca1c5e6b898fb53964b2659ad49de45a46910680b36c4863b4c75ec264e95a3875c45d032fe88402fbc145
quizshukudaiwowasuremashita,Quiz Shukudai wo Wasuremashita!,クイズ 宿題を忘れました!,1991-02,06ae931214d215ec9d0610c9a5b26eef,e8bd517e3604b61c52a69b561e07fef681774374,b540a5c0d3deba5cbb981c05b27519a119c7b42d35983896d9641579e2a50811,95d204b4176006610228fcc65ac8c9dc4dd5a37407aa737c8b2e68a4ca50bca8322ea8107c6317aa3d797a0950910a71b93f19e5aabafb2dbeb1f2935927f548
racinghero,Racing Hero,,1990-03,74b3aa77063f9a380329c4c1fcfb5fd6,b20d544e5102f63a30535592ad7fa05dcc5ec9cf,5b1d3a1fb2380c513c671299b0e4abbb5ae0e680d92ea02e6ca9760b2d0b21d4,6f28fb6f31a3fb9e894047da511db6a14c5812c868bb2b87226c577684bf34bc28b8626c3e11b930088f09dbd8897f448d9d8c082abbef93f498d3c0a4ca7955
radmobile,Rad Mobile,,1991,b6012aa92643928ea3641c77a703d07c,0852fda2358dd93ec8bd5a1537e0951575432139,d7aabc0c9f639e2bda2bb8660706d686537222b710852e2a48fd12843ff6cbc7,efe906681bcd7943ba478048a953b936a88d078b7b2ac0a71dfecf692469b2803b53ad9343592099da2962cf4c7eb02f65ad4cd6d6c2099c3266ad93c173b77c
radmobile,Rad Mobile,,1991-02,b6012aa92643928ea3641c77a703d07c,0852fda2358dd93ec8bd5a1537e0951575432139,d7aabc0c9f639e2bda2bb8660706d686537222b710852e2a48fd12843ff6cbc7,efe906681bcd7943ba478048a953b936a88d078b7b2ac0a71dfecf692469b2803b53ad9343592099da2962cf4c7eb02f65ad4cd6d6c2099c3266ad93c173b77c
radrally,Rad Rally,,1990,86722806cd222382c0b0d38eb1c07e56,3f006c495322e3f0c0041df99eda43b1ae4167c9,905b2588701e4a193ccca2126d2b2eb7879bde537255cb31675e027381def888,3f166a2a7a4e6e0bd809be2e09149de3271087878ed3d559418e4d67602398cfe5dd169ad570d877a703795790a7edfd3f2897e63e37196521fa88826710b79b
radrally,Rad Rally,,1990,86722806cd222382c0b0d38eb1c07e56,3f006c495322e3f0c0041df99eda43b1ae4167c9,905b2588701e4a193ccca2126d2b2eb7879bde537255cb31675e027381def888,3f166a2a7a4e6e0bd809be2e09149de3271087878ed3d559418e4d67602398cfe5dd169ad570d877a703795790a7edfd3f2897e63e37196521fa88826710b79b
radrally,Rad Rally,,1990,86722806cd222382c0b0d38eb1c07e56,3f006c495322e3f0c0041df99eda43b1ae4167c9,905b2588701e4a193ccca2126d2b2eb7879bde537255cb31675e027381def888,3f166a2a7a4e6e0bd809be2e09149de3271087878ed3d559418e4d67602398cfe5dd169ad570d877a703795790a7edfd3f2897e63e37196521fa88826710b79b
radiantsilvergun,Radiant Silvergun,Radiant Silvergun レイディアント　シルバ　ガン,1998-05-23,69a2ae5a1e0fa6d081b6f7d2673c80b4,54be42bf3528a79a3c74ab46ec1357d812654fd7,15dacafa66d3018840326e89de1685b9c0ab5c94217b9d659f0043fa3f86a2a5,96c3444a1454095986b7582cbd1c3772a87aa28db1c29091c675702592b64e197c0e327fb6518b1dc03f8a9abebd68eae5a0f67a4474a6845244b66702cb7de2
rafflesia,Rafflesia,,1986-02,2cc03034e3ecbe5b7acb30e840918831,633000ee952a93f6f9071596013e775614bd82fe,ef507428c116e56fb6ca21274c8a067aa00eb3aa714a357439f89edd0ead0077,736064b702d968452d0c0c3601d41900f6718faf283d98c232759c13ad5d91edac58f85a304acff77396a9f6a197de14866dd5d3f1e309710e8fe5c4e4a22eb3
railchase,Rail Chase,,1991-09,abaa9a071a54b55d574499d4544839bd,7204425b9ccf3294b209550c49d86d9de1c8d109,705264b38489618560bcd8364266a2ac45df693be1ddc12bace66b0bcebdcaf2,070a0e357eb353c1eaffc29495f19b486cbf5d65a49c97190a6ffb26c8caadb016749b85186588e5452accda12a1c476dc7ce9daf0cd6529253ecc3e16e0acad
railchase,Rail Chase,,1991,abaa9a071a54b55d574499d4544839bd,7204425b9ccf3294b209550c49d86d9de1c8d109,705264b38489618560bcd8364266a2ac45df693be1ddc12bace66b0bcebdcaf2,070a0e357eb353c1eaffc29495f19b486cbf5d65a49c97190a6ffb26c8caadb016749b85186588e5452accda12a1c476dc7ce9daf0cd6529253ecc3e16e0acad
razzmatazz,Razzmatazz,,1983,4919dfd3de021f000b5a2008dc93e531,5dfb989172db0ccb260edf3c176582e6d20a0b82,e07361d46281dd0ce9e765072eac7bfd71dc6ba5686faf20557fdbf20bf530e8,116c5f887d91769fd2e486b9c72f159898b9902ea41562744bf858f111e79633f85175861aeb3c0d58af995247bfa23841435fa94f8f5d394d674278d94bc176
regulus,Regulus,,1983-12,43dbe59754c11eec3fe5563e47f6c42f,8d4c981af9d477a79bc6239c99784a7ba164501d,766051b27d327b82db3e87df592774df669760c22a0468ef231df92d56c3b49a,07c36d94505cbc64b90713322b2a0ed0e790830ad6d38cb283bf0d5c3ce97ca606fb19ac8e4170eee9c790352afcdb63adeadf534dcd5c8f0ccebd25a555e19d
ribbit,Ribbit!,,1991,c7678b85a3a34f7193ac661db0ca266d,1f3274612d25357440a2e03350f870dfefdc84a3,16d5047ec8cf085fceadb50f258c109eb216960836d222d9b8d5c76a3b0c11f5,4332f63a45008e2765ed98fd2b67f140a65b9446116d478b66aae3c3caabeccb22af01bb4f7e849182183649d517a86c6efb679c330ae7145c3bee15a4f9d3db
ribbit,Ribbit!,,1991,c7678b85a3a34f7193ac661db0ca266d,1f3274612d25357440a2e03350f870dfefdc84a3,16d5047ec8cf085fceadb50f258c109eb216960836d222d9b8d5c76a3b0c11f5,4332f63a45008e2765ed98fd2b67f140a65b9446116d478b66aae3c3caabeccb22af01bb4f7e849182183649d517a86c6efb679c330ae7145c3bee15a4f9d3db
pythagorasnonazo,Riddle of Pythagoras,ピタゴラスの謎 Riddle of Pythagoras,1986-12,244bd57d9cb909418f1bd883c8f2170e,b3972a95513ad36007f4e33a4669db84b4fa785c,b3a2df382bc31b0a3adb344e41482f10b0c5638047819809b9dcf7c2584f093b,ee8d968af2acca8d96d8b75f09742b9dde8292644be3c4014d180fbf0a0cef2e76520af87454a782ae4b5ba596fe54298677b57f48fdd1baecbf28b81d1d32e4
riotcity,Riot City,,1991,bc132152288a2d94c173e50a9bf8957d,238fefad10ecd021fe224424a481b881c1e465c9,97f34850606040dd9865cf99626c3d2521e5fd5d78626dd61d59c93dc0f813ec,71ae15051fd6ae6f618d156e00d251dd51af93ac2bbeb297ae4e80a204707e0d76a1063e2caa1b0de05acc7c3787aa6b2282736fdec72382925f24928dcc4445
robowres2001,Robo Wres 2001,,1986-04,6211027b4d02f4c794dd2e8f82428eec,d2548cda38381034054377fea6db16208cf8b21f,f44d9e3088e3a06da1987b3e9fc6271c0d542768de890ba5316c5b1bfd8c190a,229cfc3a5dc856ea67e7bcdbeca7a0e8d9fdeab846b144534c30b4a4db0a391ed8fd4d2c02ff3b21542550e880204f18d8f87dc619b0259e3398defdd2527247
roughracer,Rough Racer,,1990-03,ea95f4777fb5540ec74bb91b55f169ad,5da83b6db297c2a27ebdabe2757b9623a722fb77,b4a276c1ce287699380ecec388ab692ce40b2209c823765f8b6d7606615579fc,7f28a943fa33c7bace6764a289e93d7540b9ce6bc21db53635c7d4f116b285ccb70a6e19dfbbb5bfbf7b3d8ea4739d867a5850151c8cf3b9b4514ecbfb73df54
ryuukyuu,Ryu Kyu,Ryu Kyu 琉球,1990-10,f09eaa9edee5fffd8ff5571578afcf25,1c1f3722021b09bd55e46dd8fc1811a0980abe23,49d08ff61471ff20950330484da303d790bb6df4ee91370b5533c8caf586d5ce,cdd557c2fc91461cae29f4637d905b356215ceab329c9b7560a176696b3123b7db4ac569d47c1b22dcf57a83884a77c27df210baa41c29bfd1284e0028aba53c
ryuukyuu,Ryu Kyu,Ryu Kyu 琉球,1990-10,f09eaa9edee5fffd8ff5571578afcf25,1c1f3722021b09bd55e46dd8fc1811a0980abe23,49d08ff61471ff20950330484da303d790bb6df4ee91370b5533c8caf586d5ce,cdd557c2fc91461cae29f4637d905b356215ceab329c9b7560a176696b3123b7db4ac569d47c1b22dcf57a83884a77c27df210baa41c29bfd1284e0028aba53c
sakurataisenhanagumitaisencolumns,Sakura Taisen: Hanagumi Taisen Columns,サクラ大戦 Sakura Taisen 花組対戦コラムス,1997-10-07,8eaf3945bab3856d502a909c023db305,235dd1eaf1829749fd28f327ec14cf9860a49058,61dae769176fad44ae27aefc042e6ed0369498b77faaae810812ba840040c50a,1e01f67280d64ae1e81a45daf1bd50e9c1de981ef33ddb963958490b194ecb6063bcb701bd8bf030b95f133ddc7972533dec76ad9c0e1538f2116d853b46e857
sanrinsanchan,Sanrin San-chan,三輪サンちゃん Tricycle-san,1984-12,f656670dbe1c20090f52ffb89d02b604,d94b134734017bfe61a634cf7c155a937ee0b6fc,21085905dfe199440fe2326be689aae37c02fd4202fa20235fc3eb19ac617cd1,a6bbf15b16f5cda877b0581d427acb039dfb920a62421518c22eeb68237df2d2cb9d2b962e13d1393e0fc52ae8276163c168c2973b72e2aac152450965aecff6
sanrinsanchan,Spatter,,1984,f656670dbe1c20090f52ffb89d02b604,d94b134734017bfe61a634cf7c155a937ee0b6fc,21085905dfe199440fe2326be689aae37c02fd4202fa20235fc3eb19ac617cd1,a6bbf15b16f5cda877b0581d427acb039dfb920a62421518c22eeb68237df2d2cb9d2b962e13d1393e0fc52ae8276163c168c2973b72e2aac152450965aecff6
sdi,SDI: Strategic Defense Initiative,,1987-04-20,4ac82c2321581f58cbe9dfd54a2a8929,755509fe55a0879d0a10758358ee5ba2175a39de,5676bbcee694112b0858fee9be50339bff8cb72fd726bbed7878887bd9ae9c00,d7dca1dfd67748a218a34a3b22cedd8e858ed9b8797a0f901ad887ff66ee0a25684f2f02d72bd9f006ab9dd6fcdcdfb4bb029d68ee54f68084529329b6527610
sdi,SDI: Strategic Defense Initiative,,1987,4ac82c2321581f58cbe9dfd54a2a8929,755509fe55a0879d0a10758358ee5ba2175a39de,5676bbcee694112b0858fee9be50339bff8cb72fd726bbed7878887bd9ae9c00,d7dca1dfd67748a218a34a3b22cedd8e858ed9b8797a0f901ad887ff66ee0a25684f2f02d72bd9f006ab9dd6fcdcdfb4bb029d68ee54f68084529329b6527610
sdi,SDI: Strategic Defense Initiative,,1987,4ac82c2321581f58cbe9dfd54a2a8929,755509fe55a0879d0a10758358ee5ba2175a39de,5676bbcee694112b0858fee9be50339bff8cb72fd726bbed7878887bd9ae9c00,d7dca1dfd67748a218a34a3b22cedd8e858ed9b8797a0f901ad887ff66ee0a25684f2f02d72bd9f006ab9dd6fcdcdfb4bb029d68ee54f68084529329b6527610
sdi,Defense,,1987,4ac82c2321581f58cbe9dfd54a2a8929,755509fe55a0879d0a10758358ee5ba2175a39de,5676bbcee694112b0858fee9be50339bff8cb72fd726bbed7878887bd9ae9c00,d7dca1dfd67748a218a34a3b22cedd8e858ed9b8797a0f901ad887ff66ee0a25684f2f02d72bd9f006ab9dd6fcdcdfb4bb029d68ee54f68084529329b6527610
seabassfishing,Sea Bass Fishing,,1997-11-10,95e5d5c00c31f41e4392abc6d25d0837,be8db520f36d4cd7ec879967f74fda7bb263f2cd,45406e2fc79ed489d25bb3e9d2f1e28947417954275e61fe15866fbe5f2bb983,db118a81b0e036f34f18269d93ba9309c3179d72b627ecfdb7308b768efcaf7c658d9f691c7560bf02f97f07dfd4c9f2cdf89ba65e22bbd6dd6162ceb8568bba
segasonicbros,Segasonic Bros.,,1992,2d04aa7dd8a8d32605eb6a01c9cf30c1,0a35288d29bca6647a8f81bbbab20b467413a485,0e2166adaf44011692879868aede01844db3673a5ff16eb1d3d0f6d66cb76141,a4ca7bdacf1c96ed3ec9ee5f1d14daeb018d6ff7281b6dc15fd243dc55b6794a246a3c0f76c851a89f8c5732951d2ebf146aba7d00aa699ebcab3f0dee0200ce
segasoniccosmofighter,Segasonic Cosmo Fighter,セガソニック・コスモファイター,1993,d41d8cd98f00b204e9800998ecf8427e,da39a3ee5e6b4b0d3255bfef95601890afd80709,e3b0c44298fc1c149afbf4c8996fb92427ae41e4649b934ca495991b7852b855,cf83e1357eefb8bdf1542850d66d8007d620e4050b5715dc83f4a921d36ce9ce47d0d13c5d85f2b0ff8318d2877eec2f63b931bd47417a81a538327af927da3e
segasoniccosmofighter,Segasonic Cosmo Fighter,,1993,d41d8cd98f00b204e9800998ecf8427e,da39a3ee5e6b4b0d3255bfef95601890afd80709,e3b0c44298fc1c149afbf4c8996fb92427ae41e4649b934ca495991b7852b855,cf83e1357eefb8bdf1542850d66d8007d620e4050b5715dc83f4a921d36ce9ce47d0d13c5d85f2b0ff8318d2877eec2f63b931bd47417a81a538327af927da3e
segasonicpopcornshop,Segasonic Popcorn Shop,,1993,0f056e9c8c2bad0bc7a63cf75b83b543,bb4af9a31745b8bf44dd582b5c45e3fa315b3a89,d9a1512157db4af1f06da3a7895bfd23aba0f082b8a452a823b73c9604a000be,58910466b50e0c70d8ac139654a5ac4f975b944aced2d5887050f59607779dba1417b278570dea0291ac1feed14a0bef85bf647a8190fc0c69b71c5e68b900d5
segasonicthehedgehog,Segasonic The Hedgehog,,1993-10,761fc9cba9f170bf75b80a027498ab07,521c512f6564112e0ad292544758fdb66cb794e1,a963f816e8747772a8de5f0593400a073ee15ef47b1a750daf723bd1136a3622,8f2974fb82280ce3572ae4ceec7a00e0088eca9bf3152baf0412225e5b4a68295573b24505a3c8ae80e3fac18ab2a71618af9ff4ff6fc84b44eafdca57f9a5bc
segasonicthehedgehog,Segasonic The Hedgehog,,1993,761fc9cba9f170bf75b80a027498ab07,521c512f6564112e0ad292544758fdb66cb794e1,a963f816e8747772a8de5f0593400a073ee15ef47b1a750daf723bd1136a3622,8f2974fb82280ce3572ae4ceec7a00e0088eca9bf3152baf0412225e5b4a68295573b24505a3c8ae80e3fac18ab2a71618af9ff4ff6fc84b44eafdca57f9a5bc
scramblespirits,Scramble Spirits,,1988-10,788d0f1506a7a390c4f97bd702e3521d,0b009cd75a3044ac47d2afa2cff2c64a8b64396a,c84984e988a4aaa812fc7f30e72551a4b813a2819051f030e1b0a1ae8a211ad3,3a8134835b150221fb2b2e26d28ed2130d99c14da858dd91c0c9f8dec3d2a0f6ac64a58f18bbe990989d825671ba4900002576925f861bdea337ce984ae511ed
scramblespirits,Scramble Spirits,,1988,788d0f1506a7a390c4f97bd702e3521d,0b009cd75a3044ac47d2afa2cff2c64a8b64396a,c84984e988a4aaa812fc7f30e72551a4b813a2819051f030e1b0a1ae8a211ad3,3a8134835b150221fb2b2e26d28ed2130d99c14da858dd91c0c9f8dec3d2a0f6ac64a58f18bbe990989d825671ba4900002576925f861bdea337ce984ae511ed
scramblespirits,Scramble Spirits,,1988,788d0f1506a7a390c4f97bd702e3521d,0b009cd75a3044ac47d2afa2cff2c64a8b64396a,c84984e988a4aaa812fc7f30e72551a4b813a2819051f030e1b0a1ae8a211ad3,3a8134835b150221fb2b2e26d28ed2130d99c14da858dd91c0c9f8dec3d2a0f6ac64a58f18bbe990989d825671ba4900002576925f861bdea337ce984ae511ed
seishunscandal,Seishun Scandal,青春スキャンダル,1985-07,768110805a269be6e1126239bd9f42da,e6f8ed0f1ae1832f8ec66f58a3e8d14e62e4a7dc,00293ca752bc67dede523d682b25eab74fe5b80c15ebd97ee459bca6c7f0bcf2,d56319e4615cf9639b31cb24074c3d9dc0839b5ee6b896067b2b98c97297f8ac55f6fd2a8cfbd1c37e98c30f8895c308f0a57dc71b380ce60c76faaa86ad0941
seishunscandal,My Hero,,1985,768110805a269be6e1126239bd9f42da,e6f8ed0f1ae1832f8ec66f58a3e8d14e62e4a7dc,00293ca752bc67dede523d682b25eab74fe5b80c15ebd97ee459bca6c7f0bcf2,d56319e4615cf9639b31cb24074c3d9dc0839b5ee6b896067b2b98c97297f8ac55f6fd2a8cfbd1c37e98c30f8895c308f0a57dc71b380ce60c76faaa86ad0941
shadowdancer,Shadow Dancer,,1989-11,fc71fcceadefb69e8cc976004f097628,5e75a6aa62f01345b5a04868ecbe2993dfd5a5e1,116acb611d788c82ebaa62dada7eff77633eb5731e7c1e5be3f5372212f51152,392b374e1214066e22e217b434558c0a3efd44267e52b4b43a957c6265074b48d593a604774281c3d35769c8a7ea47791d8e43e0a716a3c98d64f1f1e909b33b
shadowdancer,Shadow Dancer,,1989,fc71fcceadefb69e8cc976004f097628,5e75a6aa62f01345b5a04868ecbe2993dfd5a5e1,116acb611d788c82ebaa62dada7eff77633eb5731e7c1e5be3f5372212f51152,392b374e1214066e22e217b434558c0a3efd44267e52b4b43a957c6265074b48d593a604774281c3d35769c8a7ea47791d8e43e0a716a3c98d64f1f1e909b33b
shadowdancer,Shadow Dancer,,1989,fc71fcceadefb69e8cc976004f097628,5e75a6aa62f01345b5a04868ecbe2993dfd5a5e1,116acb611d788c82ebaa62dada7eff77633eb5731e7c1e5be3f5372212f51152,392b374e1214066e22e217b434558c0a3efd44267e52b4b43a957c6265074b48d593a604774281c3d35769c8a7ea47791d8e43e0a716a3c98d64f1f1e909b33b
shanghaibanrinochoujouthegreatwall,Shanghai: Banri no Chōjō: The Great Wall,上海 万里の長城 The Great Wall,1995-06-23,1ad26295519599f95c9b640d591a6539,25d39924f4ad06c9ea94aa5a6351e85028945113,5daed47d24c8cfd9fd10795e2ad35c74145fbcf8acd3c0c88ed2537b7c0f1b51,ea8213fdfc1f4a3235bd94a31d2a0f25cd6c0596728e2df06471da733ba30d52e80af6394abbcb5f85fa153f2544440fed0a50a89272ebd4f98cebf6d5aec46c
shienryuu,Shienryū,紫炎龍,1996-12-26,81b44f8265feb1a3572877182c3d7187,0ce84f21cbfe5be15cc2aa2e3b6c510541d96031,b2952de90d28dedfffe41776d2fde56344fe008ae7334ebfe4ef5f15d7cabd0c,887468282ea0ce48cb3292268e4f43f40effc0d4cdcbf66e7f29f5764dd748419ab46612d1bcc6ad46dd8d5644537a228f9945d73107b8ba9991551d8aa61392
shinobi,Shinobi,Shinobi 忍,1987-11-16,42628fdb04a6cf33d0619af227f825ac,a7a0ce96dedfa13669ff617a392fb3a0bbf43ef5,bc0462cbc3098fab57b148d00ed729b2d532c79bae52d714e8d832dddf2fc442,d0af83bb3381d98512e673b8f94163aa8b78bc14c0a7c4e24b3d5d6af4fc92cecf6e71330628773263f1b6b26e54fe0e838304d566cc7ab92f8ee60dcdcf6e89
shinobi,Shinobi,Shinobi 忍,1987,42628fdb04a6cf33d0619af227f825ac,a7a0ce96dedfa13669ff617a392fb3a0bbf43ef5,bc0462cbc3098fab57b148d00ed729b2d532c79bae52d714e8d832dddf2fc442,d0af83bb3381d98512e673b8f94163aa8b78bc14c0a7c4e24b3d5d6af4fc92cecf6e71330628773263f1b6b26e54fe0e838304d566cc7ab92f8ee60dcdcf6e89
shinobi,Shinobi,Shinobi 忍,1987,42628fdb04a6cf33d0619af227f825ac,a7a0ce96dedfa13669ff617a392fb3a0bbf43ef5,bc0462cbc3098fab57b148d00ed729b2d532c79bae52d714e8d832dddf2fc442,d0af83bb3381d98512e673b8f94163aa8b78bc14c0a7c4e24b3d5d6af4fc92cecf6e71330628773263f1b6b26e54fe0e838304d566cc7ab92f8ee60dcdcf6e89
shinobi,Shinobi,Shinobi 忍,1987,42628fdb04a6cf33d0619af227f825ac,a7a0ce96dedfa13669ff617a392fb3a0bbf43ef5,bc0462cbc3098fab57b148d00ed729b2d532c79bae52d714e8d832dddf2fc442,d0af83bb3381d98512e673b8f94163aa8b78bc14c0a7c4e24b3d5d6af4fc92cecf6e71330628773263f1b6b26e54fe0e838304d566cc7ab92f8ee60dcdcf6e89
shinobi,Shinobi,Shinobi 忍,1987,42628fdb04a6cf33d0619af227f825ac,a7a0ce96dedfa13669ff617a392fb3a0bbf43ef5,bc0462cbc3098fab57b148d00ed729b2d532c79bae52d714e8d832dddf2fc442,d0af83bb3381d98512e673b8f94163aa8b78bc14c0a7c4e24b3d5d6af4fc92cecf6e71330628773263f1b6b26e54fe0e838304d566cc7ab92f8ee60dcdcf6e89
shinobi,Shinobi,Shinobi 忍,1987,42628fdb04a6cf33d0619af227f825ac,a7a0ce96dedfa13669ff617a392fb3a0bbf43ef5,bc0462cbc3098fab57b148d00ed729b2d532c79bae52d714e8d832dddf2fc442,d0af83bb3381d98512e673b8f94163aa8b78bc14c0a7c4e24b3d5d6af4fc92cecf6e71330628773263f1b6b26e54fe0e838304d566cc7ab92f8ee60dcdcf6e89
shinobi,Shinobi,Shinobi 忍,1987,42628fdb04a6cf33d0619af227f825ac,a7a0ce96dedfa13669ff617a392fb3a0bbf43ef5,bc0462cbc3098fab57b148d00ed729b2d532c79bae52d714e8d832dddf2fc442,d0af83bb3381d98512e673b8f94163aa8b78bc14c0a7c4e24b3d5d6af4fc92cecf6e71330628773263f1b6b26e54fe0e838304d566cc7ab92f8ee60dcdcf6e89
slapshooter,Slap Shooter,,1986-03,bb4955fe435dd838b94478e2c0383bdb,8368b9dc769873416986c21ee8c723c1788b82cd,fc6f8402e462e583e3ad804bf60e194041fb739a50c7e58ece317a322bc4db30,a94c7c7f8c255d2c62668c6f210a42ec52b5bc16f0a728df6756241299a86565dfb0f583f8bdb3bdc9517370daa3da2b587d52ce746c628a99b4ce47c790111f
slipstream,Slipstream,,1995-05-15,f84a62f7d3096c818e9aa10d194dedc1,a1564f1986a7737edc21555ef61d3b74a0424c5c,c2dd5ca8e2053d347de9e7edf17089f3dd36f1f1c7597a2225e1f6002bafae07,486f55f4b34dae7cbfbfa0121bb163907274ee1828fb1011b6e39cc14483fd6c1daa7715871afbb196530b51c51fbc1cd76cb54d3faf40374c5c9afc64bfd8bf
slipstream,Slipstream,,1995-05-15,f84a62f7d3096c818e9aa10d194dedc1,a1564f1986a7737edc21555ef61d3b74a0424c5c,c2dd5ca8e2053d347de9e7edf17089f3dd36f1f1c7597a2225e1f6002bafae07,486f55f4b34dae7cbfbfa0121bb163907274ee1828fb1011b6e39cc14483fd6c1daa7715871afbb196530b51c51fbc1cd76cb54d3faf40374c5c9afc64bfd8bf
snapper,Snapper,,1990,54bb9a37331570b77b18991557d5b5e7,6956e39b8ebe7ca5b3452ae68d8031e0322fc095,1fd71f2b14b6b3ae8a7e5df2a2eb101f5ea0a91aee2232ebccd3b4b045f7258b,dc20e85b610ff806ec33dbbdc06d777af6c8c251ffa2fef2890c4bfb3fe9c0cad983bc32802032e9e40f27e3083b8e54aa61b61ada0a4af36b455139687a792f
soukyuugurentai,Sōkyūgurentai,蒼穹紅蓮隊,1996-08-21,49450603303a3940025873be9f3e2f4b,c57471321acdae910133408aabf563a5e8f9facb,96e3369f56c433d7099f8367f3cc4caa3a162d9deb4c4f88f65fc420a74d2520,b0e38afdd800da5946af04df9656914c0844656ac90d036f1ecc4935de189a8c6ca14b48f024982570043032dd48b49e18ca124fc65e455ac738aed2e0e26d0e
sonicboom,Sonic Boom,,1987-12-22,f38335989e4ea2e82e0004df84f01d9d,ea1a5ef9eeb89e163e00f612d5c7767c82ee8ef1,ec4388206b82fb43ca2bec1a144ff692ce049b5e0d90b74a8a7cb56235740d03,99b1df320b9690af3fb964bdcf9420b841bfa7667240742fb6d78e94860d907c6d0f4c91d71746116456e4d80a716b393b5eb4f21f273f6e9d92e71cb14da657
soreikeanpanmanpopcornkoujou,Soreike! Anpanman: Popcorn Kōjō,それいけ！アンパンマン ポップコーン こうじょう,1992,8f6b0fec816b74d9826ae63cbd8137b6,c690d00a38082cebd8f100647375cbd6039a053c,6d22029b0c150a4bec98528dd766937539889b73320ccd083b2a8571bb88135e,e276d1dd52d4bf091f7db398a2da6b29b1ae870d01a32a36194055e45274edb7bebd76dce249b42de824652078c6bc52dc1e8640fd200f14c567be3db6ac8038
soreikeanpanmanpopcornkoujou,Soreike! Anpanman: Popcorn Kōjō,それいけ！アンパンマン ポップコーン こうじょう,1992,8f6b0fec816b74d9826ae63cbd8137b6,c690d00a38082cebd8f100647375cbd6039a053c,6d22029b0c150a4bec98528dd766937539889b73320ccd083b2a8571bb88135e,e276d1dd52d4bf091f7db398a2da6b29b1ae870d01a32a36194055e45274edb7bebd76dce249b42de824652078c6bc52dc1e8640fd200f14c567be3db6ac8038
soreikekokology,Soreike Kokology,それいけココロジー,1991-11,052a675cf1610f0d30dab19a099fee60,7d0c66a9d4450f8afe8868f7d4c235d400a76e29,f8200deb20373da2fcdcc080ec7eb2f53cfc7f0f13675d144ed984e77ca72a4a,131c70f231ac209fbf3b1ab7daa7dadf1149848ab2e7694fbcfeae72058677a0fab695c5ef2f83183949fa2a996b56260e7c65eee16a2600442c63793fe49cc9
soreikekokology,Soreike Kokology,それいけココロジー,1991,052a675cf1610f0d30dab19a099fee60,7d0c66a9d4450f8afe8868f7d4c235d400a76e29,f8200deb20373da2fcdcc080ec7eb2f53cfc7f0f13675d144ed984e77ca72a4a,131c70f231ac209fbf3b1ab7daa7dadf1149848ab2e7694fbcfeae72058677a0fab695c5ef2f83183949fa2a996b56260e7c65eee16a2600442c63793fe49cc9
soreikekokology2,Soreike Kokology Vol.2: Kokoro no Tanteikyoku,それいけココロジー Vol.2 ココロの探偵局,1993-12,b1560af3a9564278d77e6c1a2dff9a44,d2a2e2fa3c9135504df5645e5e3a4831694d8a95,099e2239a6cc1e49bb109529e42dbb8bd8ce9378f7340e02ede735a710df7693,ac34d391c06bf1de2f9161e7cc01356d3bedc2f98757068c55acabeeb982faaa4504f1f9b913950cc3635afbe898286e90a2b05c4646f238fcdcb620c5a8f304
spaceharrier,Space Harrier,,1985-10,abbf1498ee69e5bdc765aeb61c7048d9,786cb31e24b6db6464cf6d99a619e154fd0fe566,0c54f4dcaa6759cf652baf323345e70faa85dc58a3abe2deaf5414b96ee1ec58,c83ff7daf1fc47ea62aca86daee580c48ee1dd3326907901489ac308cee7e00b263147fbb5dd12c601fea41411a3d60891f82ae4079b0d536e83f116a204d036
spaceharrier,Space Harrier,,1985,abbf1498ee69e5bdc765aeb61c7048d9,786cb31e24b6db6464cf6d99a619e154fd0fe566,0c54f4dcaa6759cf652baf323345e70faa85dc58a3abe2deaf5414b96ee1ec58,c83ff7daf1fc47ea62aca86daee580c48ee1dd3326907901489ac308cee7e00b263147fbb5dd12c601fea41411a3d60891f82ae4079b0d536e83f116a204d036
spaceposition,Space Position,,1986-07-25,61001347e39ae1d3f94747af89ab52b3,c88dfcfc6f2d2a0f797df4de1255b903be63e236,f260aaad45a2145f0fe09b72322aac3cbef91b4736c0ba0997f02d68c67374bb,9ba9a6eae5be364c9921a6fb9482316320158433118c312691a456c6bd67a8f74d93d65e607f33afded60eb2d33a59f0cc946010886b1d9b243feb96f074edd2
spidermanthevideogame,Spider-Man: The Videogame,,1991-09,1131f147380a3a02a2d181d5245adf8a,6cd4bc8b3bd75ebc4aef5900a469a0861ebc21a6,ce1fa8e7fda8f5d95505f82fa01df5d8ea02aa1337dd5f0c3b25d9bd85c62e77,3c1d90181811054cf1c14d9a91fb73741b51888e66e4c267219a21e3f3bd78d87bc55faba3018998d2c998c052d92eee7eda76d2ebacac4acc4f4b3162aac1ef
spidermanthevideogame,Spider-Man: The Videogame,,1991,1131f147380a3a02a2d181d5245adf8a,6cd4bc8b3bd75ebc4aef5900a469a0861ebc21a6,ce1fa8e7fda8f5d95505f82fa01df5d8ea02aa1337dd5f0c3b25d9bd85c62e77,3c1d90181811054cf1c14d9a91fb73741b51888e66e4c267219a21e3f3bd78d87bc55faba3018998d2c998c052d92eee7eda76d2ebacac4acc4f4b3162aac1ef
spidermanthevideogame,Spider-Man: The Videogame,,1991,1131f147380a3a02a2d181d5245adf8a,6cd4bc8b3bd75ebc4aef5900a469a0861ebc21a6,ce1fa8e7fda8f5d95505f82fa01df5d8ea02aa1337dd5f0c3b25d9bd85c62e77,3c1d90181811054cf1c14d9a91fb73741b51888e66e4c267219a21e3f3bd78d87bc55faba3018998d2c998c052d92eee7eda76d2ebacac4acc4f4b3162aac1ef
sportsfishing,Sports Fishing,,1994-07,,,,
sportfishing2,Sport Fishing 2,,1995-12-01,6d8b73ca9b2eff7d6dda4b2cb3d84b98,98424f293c9b75ca657759ea7d102057645beb35,159544e09ef55311cdfc75b7154363d7668ab71010c0f9b331d5b1b45b222931,afda0070c469cd55aa7d8cc6af80c197336a380f0d8733dbdebb07e44b293ec6eb96c6db7f1579c5cb466f2bc203ac04a2c2451dc3aaa3316124fcfb4123c747
sportfishing2,Sport Fishing 2,,1995-11-06,6d8b73ca9b2eff7d6dda4b2cb3d84b98,98424f293c9b75ca657759ea7d102057645beb35,159544e09ef55311cdfc75b7154363d7668ab71010c0f9b331d5b1b45b222931,afda0070c469cd55aa7d8cc6af80c197336a380f0d8733dbdebb07e44b293ec6eb96c6db7f1579c5cb466f2bc203ac04a2c2451dc3aaa3316124fcfb4123c747
stackcolumns,Stack Columns,,1994-05,e261cc4f2d495f8af04a316b3a9dbdb0,42b0b677718c9374b8cd134b577d3d462cab8a49,0e3eae5c797572c5c97bdb2fb7cd44b15ad184d63480a6c83005469de618063d,084991e8e5bb406e5128961edca48f455ba562f26ccbddb1034400b74ddb193dd67bc11240cd13d9700b934a6c5eb4a8827d42ad9b6a1169a920569d67c880c7
stackcolumns,Stack Columns,,1994,e261cc4f2d495f8af04a316b3a9dbdb0,42b0b677718c9374b8cd134b577d3d462cab8a49,0e3eae5c797572c5c97bdb2fb7cd44b15ad184d63480a6c83005469de618063d,084991e8e5bb406e5128961edca48f455ba562f26ccbddb1034400b74ddb193dd67bc11240cd13d9700b934a6c5eb4a8827d42ad9b6a1169a920569d67c880c7
stadiumcross,Stadium Cross,,1992-09,f3755401c5e39538afb1b5abed839d68,575faafcfe5122535e3cfdbc00c26ed52d4f4591,0d043b12fb3542b1e82c21a1fa62efe67823aaebe413b13f586cc3ac95ed0d9d,06c57fdd4610e1175d67d7f3a25b130399e42a3604fe03a9df85a061817152497790713c7a49b7c28b61641f8090293ea60d932f2badcf68b73e664216b90775
stadiumcross,Stadium Cross,,1992-07,f3755401c5e39538afb1b5abed839d68,575faafcfe5122535e3cfdbc00c26ed52d4f4591,0d043b12fb3542b1e82c21a1fa62efe67823aaebe413b13f586cc3ac95ed0d9d,06c57fdd4610e1175d67d7f3a25b130399e42a3604fe03a9df85a061817152497790713c7a49b7c28b61641f8090293ea60d932f2badcf68b73e664216b90775
stadiumcross,Stadium Cross,,1992-09,f3755401c5e39538afb1b5abed839d68,575faafcfe5122535e3cfdbc00c26ed52d4f4591,0d043b12fb3542b1e82c21a1fa62efe67823aaebe413b13f586cc3ac95ed0d9d,06c57fdd4610e1175d67d7f3a25b130399e42a3604fe03a9df85a061817152497790713c7a49b7c28b61641f8090293ea60d932f2badcf68b73e664216b90775
starjacker,Star Jacker,,1983-06,8d8550fa861fdf5bb6aa8ce3cbaa828d,fd69548f3a6dc67727ad77f734ccb06b64b1c8b5,3297fc498459cd2a4f212396a7830bfce7031d75e30611bb1a389c49c6ee607f,7ef497bc9c485715bf3e3dd72490c7aecf7ec6caa2b0e0c4a06fe040891f11f315235c5b834c1ba3ae0367056d92c7146feca8b840599328d23b3d10663dbce4
starjacker,Star Jacker,,1983,8d8550fa861fdf5bb6aa8ce3cbaa828d,fd69548f3a6dc67727ad77f734ccb06b64b1c8b5,3297fc498459cd2a4f212396a7830bfce7031d75e30611bb1a389c49c6ee607f,7ef497bc9c485715bf3e3dd72490c7aecf7ec6caa2b0e0c4a06fe040891f11f315235c5b834c1ba3ae0367056d92c7146feca8b840599328d23b3d10663dbce4
steepslopesliders,Steep Slope Sliders,Steep Slope Sliders スティープ スロープ スライダーズ,1998-11-10,5a4f6da2f5d6926f1566e8b9d1b2f304,438f419c23b9a28fb5246fb930b3c83f8fff9e2b,fe161ef5516195e5117da16b1a07262f806138dfc69126e1a18223bfe644bc2c,bd77d6d6a25448566e99733acb32c9ab14827ab3dde4b7c93b27f264afaa8546d27d5fb47b793b2bc2636a06e2753a9b559067479758b573e994fd8890bb6d27
strikefighter,Strike Fighter,,1991-06,17dcea68fc7a12ec8c87b58ded89afae,e4de6d6e710fa26d040e2fa94cf2f3f9fc6fe17f,5b6b65003fcc51406c1c54a39ce9465c0266bf4d47e1722917d41dc457dda133,92adaf967ec97d5a1d0f4b60e8c91b288bbe773d2528c8a41834d60183a9b0de402d88c61d3acb66e77948dc34bb8a64396cd1eb36ab5f4ea491e2d373073af2
strikefighter,Strike Fighter,,1991,17dcea68fc7a12ec8c87b58ded89afae,e4de6d6e710fa26d040e2fa94cf2f3f9fc6fe17f,5b6b65003fcc51406c1c54a39ce9465c0266bf4d47e1722917d41dc457dda133,92adaf967ec97d5a1d0f4b60e8c91b288bbe773d2528c8a41834d60183a9b0de402d88c61d3acb66e77948dc34bb8a64396cd1eb36ab5f4ea491e2d373073af2
subroc3d,SubRoc-3D,,1982,170691ba43da594d0276df6cfd3a2fda,acdf2a754d71133b0e4de332b2b3a5c01efa5a6c,3c5e5ab084f6a319b14028f8fdd3e3cc8829284a7bfc15d859f2823ccabdc9a9,3b1fe3a7230224b65ca31280bb5ab942f327c3e7fcf9ebff8e5662a9ac699d7426ddcac9b393e3cdc76d20a61ef4b56821c257a463cf37444aeaf9c151a71f9a
suikoenbu,Suiko Enbu,水滸演武,1995-03-14,45f6de12117b835b70b0067932f02dee,28aa2244c5c81ceab696b325879617f490ba159e,efb8e2cdb842e3b88d843d20ab15f3757abd310d30b299bd89ea5482dd0bd65b,bb28f82821f99585e8ce92fe25c26e25f9bb6e52e7fef38667a5bf5cf9300faa8efee8ececb6c7bdec7fd30fc1688895ac2bebf853858dea7e710c70e82ff420
sukebanjanshiryuuko,Sukeban Janshi Ryūko,スケバン雀士 竜子,1988,3f3479d22a5fa6afa75cf28ab124c1d4,80f914b4962c903dcd78c4020f6f0f933042804d,b66be2be3157b572ae37a06a876b8b55e2b1fcfe76d96b1e2fd19c3372bf4f6e,0058f214da8a8897c24c8b880f3cdad8b987e74707fee106f5c681ff4a663ab8e4ba9295a9618d2137b9a6df093158c6045f60a4dbe2ebd28fdf22f0db93dd5d
sukebanjanshiryuuko,Sukeban Janshi Ryūko,スケバン雀士 竜子,1988,3f3479d22a5fa6afa75cf28ab124c1d4,80f914b4962c903dcd78c4020f6f0f933042804d,b66be2be3157b572ae37a06a876b8b55e2b1fcfe76d96b1e2fd19c3372bf4f6e,0058f214da8a8897c24c8b880f3cdad8b987e74707fee106f5c681ff4a663ab8e4ba9295a9618d2137b9a6df093158c6045f60a4dbe2ebd28fdf22f0db93dd5d
superhangon,Super Hang-On (Mini ride-on),,1987-04,95559b4e8ee9dc57dbcf32604a262be4,d7ca440929126bf321794e383de677f6a0c3e1f3,671587b7c5a3258b245e6e7069fb346904e88e6437565cf673b27e1edf7a6449,7c882f3ea122ff830d23c1d5c66eebb7bb33755d361f3000978510f5273b8624a1cfec64afb15430fdb72d39d0c4a965e778a190db64eb652d3233b4f96de831
superhangon,Super Hang-On (Mini ride-on),,1987,95559b4e8ee9dc57dbcf32604a262be4,d7ca440929126bf321794e383de677f6a0c3e1f3,671587b7c5a3258b245e6e7069fb346904e88e6437565cf673b27e1edf7a6449,7c882f3ea122ff830d23c1d5c66eebb7bb33755d361f3000978510f5273b8624a1cfec64afb15430fdb72d39d0c4a965e778a190db64eb652d3233b4f96de831
superhangon,Super Hang-On,,1987,95559b4e8ee9dc57dbcf32604a262be4,d7ca440929126bf321794e383de677f6a0c3e1f3,671587b7c5a3258b245e6e7069fb346904e88e6437565cf673b27e1edf7a6449,7c882f3ea122ff830d23c1d5c66eebb7bb33755d361f3000978510f5273b8624a1cfec64afb15430fdb72d39d0c4a965e778a190db64eb652d3233b4f96de831
superhangon,Super Hang-On,,1987,95559b4e8ee9dc57dbcf32604a262be4,d7ca440929126bf321794e383de677f6a0c3e1f3,671587b7c5a3258b245e6e7069fb346904e88e6437565cf673b27e1edf7a6449,7c882f3ea122ff830d23c1d5c66eebb7bb33755d361f3000978510f5273b8624a1cfec64afb15430fdb72d39d0c4a965e778a190db64eb652d3233b4f96de831
superhangon,Super Hang-On,,1987,95559b4e8ee9dc57dbcf32604a262be4,d7ca440929126bf321794e383de677f6a0c3e1f3,671587b7c5a3258b245e6e7069fb346904e88e6437565cf673b27e1edf7a6449,7c882f3ea122ff830d23c1d5c66eebb7bb33755d361f3000978510f5273b8624a1cfec64afb15430fdb72d39d0c4a965e778a190db64eb652d3233b4f96de831
superhangon,Super Hang-On (Conversion) (Ride-on),,1987,95559b4e8ee9dc57dbcf32604a262be4,d7ca440929126bf321794e383de677f6a0c3e1f3,671587b7c5a3258b245e6e7069fb346904e88e6437565cf673b27e1edf7a6449,7c882f3ea122ff830d23c1d5c66eebb7bb33755d361f3000978510f5273b8624a1cfec64afb15430fdb72d39d0c4a965e778a190db64eb652d3233b4f96de831
superhangon,Limited Edition Hang-On (Ride-on),,1991,95559b4e8ee9dc57dbcf32604a262be4,d7ca440929126bf321794e383de677f6a0c3e1f3,671587b7c5a3258b245e6e7069fb346904e88e6437565cf673b27e1edf7a6449,7c882f3ea122ff830d23c1d5c66eebb7bb33755d361f3000978510f5273b8624a1cfec64afb15430fdb72d39d0c4a965e778a190db64eb652d3233b4f96de831
superleague,Super League,,1987-09,e240759f82d4084926569e3ceca95960,dd1a610a0e5615028b6cf7aa1fbd55c485f8ba14,c7be8c7f3a8903a072c79563ee5632bc0b8907573b391026382fe3011ada7120,a085d937373be783b363b1081c45c3d3bc8706704226045c9d2d871b9572a24bebfaef0cef602e08ff21e5f29e9ba20c3ee088b6b9dbc64c3a42d2058b96fe9f
supermonacogp,Super Monaco GP,,1989-05,41f879924286a060bb031946e7e714c0,af4b82f00df2d59867344c7935ba18b1879f53d8,98ce42d61273d78fe21edab376d941ac0cecdab6c99ce51859dd2bbfea3ff155,9549c49d1dc9109c3ca8fd98a110eb1b299866be4e37a1f9e3f1b0827a3d4c5a41f9de960bc494fa2d4ebf4b62231a6426804d55b57084b92368a42e0e8e6acf
supermonacogp,Super Monaco GP,,1989,41f879924286a060bb031946e7e714c0,af4b82f00df2d59867344c7935ba18b1879f53d8,98ce42d61273d78fe21edab376d941ac0cecdab6c99ce51859dd2bbfea3ff155,9549c49d1dc9109c3ca8fd98a110eb1b299866be4e37a1f9e3f1b0827a3d4c5a41f9de960bc494fa2d4ebf4b62231a6426804d55b57084b92368a42e0e8e6acf
supermonacogp,Super Monaco GP,,1989,41f879924286a060bb031946e7e714c0,af4b82f00df2d59867344c7935ba18b1879f53d8,98ce42d61273d78fe21edab376d941ac0cecdab6c99ce51859dd2bbfea3ff155,9549c49d1dc9109c3ca8fd98a110eb1b299866be4e37a1f9e3f1b0827a3d4c5a41f9de960bc494fa2d4ebf4b62231a6426804d55b57084b92368a42e0e8e6acf
superzaxxon,Super Zaxxon,,1982-09-30,9abe5c25831ce71e4d619ccd918bc1be,b2a7c1cc98c3ff7afcdb377535fc6da4032eb717,4a378c780ff3b6b4f0f26abe6d98547c376c3ebf875de657d4c3b31b59795acc,dc8e5f4e59c808637d9f607b243ba2ee98083e797a01ee2ed3cc3389f5c6a63e80b9aab4e32eeb18e1be02594c8379698678b0f7b2b9a1783b32b2835dabac54
stressbusters,Stress Busters,ストレス バスターズ,1998-10-20,d9504be054155fedd12695eda81ca15c,fa4027499acd98bc7520b679098647a14081d204,b8fa2f4d69b31c7cf0c0416fe6d2be4887cf6e5798584884dd30fdb4bfa8a08e,76ba659efdf88fe45f445dd0b851c850bab4a1740bbf7ac959af0e72e0d94eae639f28a24204897f4eeb15ae570573d8b4905007f1204411653bcc0b2fc372b0
swat,SWAT,,1984-02,644cdbdaa52e0b8da029e28d1e9bed8a,994089f516f0d1b6a667e4bb5d874cb62d46c654,b280ad1437dfbf73919735630790b35d29a4699a57b6d62b1682c6a77c567862,ad1a0204bf9d30adea4195e7638830b24683062da1cc1bed6c1f2c2d51cffc2afb913c91ee2a1858c33d1ae2e73300ee76db739af4d15d720c9d6036e98310e5
taisentantrsasissu,Taisen Tant-R: Sasissu!!,対戦タントアール サシっす!!,1998-02-16,578641e6d4cb62496b987cf462464f1e,9df0578ab756b9d763a8edf7d68d4c2be62729d4,012fecc87a5dd5aa5f349be66ef71fd4af933e682c49f6b768d654ff50493f64,c88482cc2347c0915fa3b7423d02b3dbcbd8947c4dc2f7397c8c8af32055a178e0021904fffedd7a6e8a5359ce7edc71782a8339f4c6c9bbd1a68baff90e497a
taisentantrsasissu,DaeJeon! SanJeon SuJeon,대전!! 산전수전!,1999-04-12,578641e6d4cb62496b987cf462464f1e,9df0578ab756b9d763a8edf7d68d4c2be62729d4,012fecc87a5dd5aa5f349be66ef71fd4af933e682c49f6b768d654ff50493f64,c88482cc2347c0915fa3b7423d02b3dbcbd8947c4dc2f7397c8c8af32055a178e0021904fffedd7a6e8a5359ce7edc71782a8339f4c6c9bbd1a68baff90e497a
tatacot,Tatacot,タタコット,1995-11-28,89c2a3b1cd48c57d9e82d2f8fa848484,dc7e8d287304bf450399d4315b9f651ed189773c,6774be0a50d31f531d6802c116926d78a64e5cc4c655f039e8cb27a527fa2f49,37e787b063c7544d8c8fd7771f4a14f6cec19d241ef06bdc7559940a6225a1bfc42446170c1a2c856d2dd24b45b10935a72f09fb7b02b2fcb307e6aa451a887f
tatacot,Critter Crusher,,1995-12-04,89c2a3b1cd48c57d9e82d2f8fa848484,dc7e8d287304bf450399d4315b9f651ed189773c,6774be0a50d31f531d6802c116926d78a64e5cc4c655f039e8cb27a527fa2f49,37e787b063c7544d8c8fd7771f4a14f6cec19d241ef06bdc7559940a6225a1bfc42446170c1a2c856d2dd24b45b10935a72f09fb7b02b2fcb307e6aa451a887f
technicalbowling,Technical Bowling,テクニカルボーリング,1997-12-12,23ddeaa3a6db839e6d5df75a085bbbba,1ca021f391c7e09c96331df553e97f6bc6a453ad,26e41c1ac799c10e6d8e6f4c88c136fd0e65d9e7a21219ba07a06b273f75e757,941170e940cb1537f4a2a1f9ce0986c1b8f5c1542471fcde983e74b6c30ff3b100035f6c9d9f23b15daccf5bcf3704a5c4c71bf36fe2fc8bc652054636364b45
tecmoworldcup98,Tecmo World Cup '98,,1998-04-10,a6c1a582865e4e10ce159f98aff389fd,b189228e38e9c2ac5a6837ac4dbaa305d0706857,df466d1ade8b58939561ac625a6a42fdd60a5ddf63f9a403c30b292747a7e200,6d35c7609edbd4bb5e9081a259a76c09e21e6938f87d1555adf6545b879e5f38693d55bb26e2eb16c6c680f469f2fa49ef1ff4b10cdb1902c1c4b0e03b22873b
tecmoworldcup98,Tecmo World Soccer '98,,1998-04-10,a6c1a582865e4e10ce159f98aff389fd,b189228e38e9c2ac5a6837ac4dbaa305d0706857,df466d1ade8b58939561ac625a6a42fdd60a5ddf63f9a403c30b292747a7e200,6d35c7609edbd4bb5e9081a259a76c09e21e6938f87d1555adf6545b879e5f38693d55bb26e2eb16c6c680f469f2fa49ef1ff4b10cdb1902c1c4b0e03b22873b
teddyboyblues,Teddy Boy Blues,,1985-05,064c6861a2ce26eb0803495c2dd6d389,5056460ba19e3d4350c69e2cf7f344c5cba1390f,a6539f1e5fc6d2cd757ed189bf3ff76ebd79e0dbdd3d3d0794c59960f9ef46c0,b5f3d65db0ae3a8ad9d864532b75c2f21403bdac64225c381e808e2681f82aa3c8c9256c05358faf8f07b9fab53e40c7e9564cb43790554b2335842876aefe87
tetris,Tetris,,1988-12,0c2e60c5a653994794e3c77e444b76b1,1498d17ad5a27de08bb0fee85bf1674a68dc01bb,d7b07f453bb18bd76a7cf3e519d02e307a7f256e33b68c88000dea4caffd21c7,3101cf6eb0e1bf9c63ab4177623a0de1e1cfc92047e13e222d81b9bca933a261ce39d6b5d6691562b16c0516427e086aebac950387807e13d89cafa11ea56790
tetris,Tetris,,1988-12,0c2e60c5a653994794e3c77e444b76b1,1498d17ad5a27de08bb0fee85bf1674a68dc01bb,d7b07f453bb18bd76a7cf3e519d02e307a7f256e33b68c88000dea4caffd21c7,3101cf6eb0e1bf9c63ab4177623a0de1e1cfc92047e13e222d81b9bca933a261ce39d6b5d6691562b16c0516427e086aebac950387807e13d89cafa11ea56790
tetris,Tetris,,1988-12,0c2e60c5a653994794e3c77e444b76b1,1498d17ad5a27de08bb0fee85bf1674a68dc01bb,d7b07f453bb18bd76a7cf3e519d02e307a7f256e33b68c88000dea4caffd21c7,3101cf6eb0e1bf9c63ab4177623a0de1e1cfc92047e13e222d81b9bca933a261ce39d6b5d6691562b16c0516427e086aebac950387807e13d89cafa11ea56790
tetris,Tetris,,1988-12,0c2e60c5a653994794e3c77e444b76b1,1498d17ad5a27de08bb0fee85bf1674a68dc01bb,d7b07f453bb18bd76a7cf3e519d02e307a7f256e33b68c88000dea4caffd21c7,3101cf6eb0e1bf9c63ab4177623a0de1e1cfc92047e13e222d81b9bca933a261ce39d6b5d6691562b16c0516427e086aebac950387807e13d89cafa11ea56790
tetris,Tetris,,1988-12,0c2e60c5a653994794e3c77e444b76b1,1498d17ad5a27de08bb0fee85bf1674a68dc01bb,d7b07f453bb18bd76a7cf3e519d02e307a7f256e33b68c88000dea4caffd21c7,3101cf6eb0e1bf9c63ab4177623a0de1e1cfc92047e13e222d81b9bca933a261ce39d6b5d6691562b16c0516427e086aebac950387807e13d89cafa11ea56790
tetris,Tetris,,1988-12,0c2e60c5a653994794e3c77e444b76b1,1498d17ad5a27de08bb0fee85bf1674a68dc01bb,d7b07f453bb18bd76a7cf3e519d02e307a7f256e33b68c88000dea4caffd21c7,3101cf6eb0e1bf9c63ab4177623a0de1e1cfc92047e13e222d81b9bca933a261ce39d6b5d6691562b16c0516427e086aebac950387807e13d89cafa11ea56790
tetris,Tetris,,1988-12,0c2e60c5a653994794e3c77e444b76b1,1498d17ad5a27de08bb0fee85bf1674a68dc01bb,d7b07f453bb18bd76a7cf3e519d02e307a7f256e33b68c88000dea4caffd21c7,3101cf6eb0e1bf9c63ab4177623a0de1e1cfc92047e13e222d81b9bca933a261ce39d6b5d6691562b16c0516427e086aebac950387807e13d89cafa11ea56790
tetris,Tetris,,1988-12,0c2e60c5a653994794e3c77e444b76b1,1498d17ad5a27de08bb0fee85bf1674a68dc01bb,d7b07f453bb18bd76a7cf3e519d02e307a7f256e33b68c88000dea4caffd21c7,3101cf6eb0e1bf9c63ab4177623a0de1e1cfc92047e13e222d81b9bca933a261ce39d6b5d6691562b16c0516427e086aebac950387807e13d89cafa11ea56790
tetris,Tetris,,1988-12,0c2e60c5a653994794e3c77e444b76b1,1498d17ad5a27de08bb0fee85bf1674a68dc01bb,d7b07f453bb18bd76a7cf3e519d02e307a7f256e33b68c88000dea4caffd21c7,3101cf6eb0e1bf9c63ab4177623a0de1e1cfc92047e13e222d81b9bca933a261ce39d6b5d6691562b16c0516427e086aebac950387807e13d89cafa11ea56790
tokinosenshics,Toki no Senshi: Chrono Soldier,時の戦士 Chrono-Soldier,1987-04,427a6e372185bc86e6ae4b8641a71383,f3a8bd4cdf1097dda102244e9f32753e4cd52780,19b6fe16a63348df37bbb2d49c8491af0392434da118493a11fae872591c4b0f,5511aec19b39cb27a33c141afdf40f84bd37a586419f3c483738c2502c4a3680d30c392eee03ebeb9abad5fb5b27a2dee8c50b14e72f37cdbe23c1d37c54c52f
tokinosenshics,Toki no Senshi: Chrono Soldier,時の戦士 Chrono-Soldier,1987,427a6e372185bc86e6ae4b8641a71383,f3a8bd4cdf1097dda102244e9f32753e4cd52780,19b6fe16a63348df37bbb2d49c8491af0392434da118493a11fae872591c4b0f,5511aec19b39cb27a33c141afdf40f84bd37a586419f3c483738c2502c4a3680d30c392eee03ebeb9abad5fb5b27a2dee8c50b14e72f37cdbe23c1d37c54c52f
touryuudensetsuelandoree,Tōryū Densetsu Elan Doreé,闘龍伝説エランドール Elan Doreé,1998-09-22,e7f696eb1f5b8f1dc71d5d02748c2644,6d95eff054e8ecc9af6916bd01c1d4a61fde5d38,e532a3725d84dafaaf8f958bde687c07d9fdfa140517339328681d78f6631eb7,0951d243fa60645e763e663431d953aad994d1e8ca2ee54a2f2620cb3538d874a7c77ed956c42c08a992a2e0b1392a783374a5135798c956f8bd79f580677c67
toryuumon,Toryūmon,登龍門,1995-04,5bb09b49334e278513bf851b75ae5fa8,099b8f82b8daffaa19d760acfde161322e9d085e,fd501a8b49d4dc5b24ec337e139eb27b033fd38c177671f750cf0528847cd8c9,1ede7291ca86c0b6f6fc3923f6c59d8a3515be6fcf4978b9dbebe026dbbcd0fc99196f0e3ddd39efe8f70a64c9a087131ee964fb14f40ddbddfe19d06a380f84
thedestroyerfromjail,The Destroyer From Jail,,1991,3a64d07c0edb390669ebeee3459c9d83,597a420b56e7aa1be90a2c34d8365ea007ce0166,405cf8345aba65832db9f55efa917a3f6e49956dc23740cd24769e63a4b2cc74,8071db07fd75fb106fbc09c2d5f8003b61999e11b5c0430f319c01ab8f5fe8020b6f75bb58a1bf3410e18d435dc6ce3172e710412298efd7f76a7e0683394b08
thejleague1994,The J.League 1994,,1994-07,34c6b6d2791ca32327886f26f32d67c2,faad74fec17748b1cb78f694d093b88574a9f517,a8b7006b1ba62905409b22fa73aef5fdfcf264f1096edf678f2680d074c4f2f7,76877c466e8d1b897ae00fca161a3ad5b9b1bdb694d5d32c6b64973e4453800423ed5cf28f058fd24d6be3b7563f63dd5edf96c60b7a8cfc66abc0a1a5795655
thejleague1994,The J.League 1994,,1994-07,34c6b6d2791ca32327886f26f32d67c2,faad74fec17748b1cb78f694d093b88574a9f517,a8b7006b1ba62905409b22fa73aef5fdfcf264f1096edf678f2680d074c4f2f7,76877c466e8d1b897ae00fca161a3ad5b9b1bdb694d5d32c6b64973e4453800423ed5cf28f058fd24d6be3b7563f63dd5edf96c60b7a8cfc66abc0a1a5795655
thejleague1994,Super Visual Soccer: SEGA Cup,,1994,34c6b6d2791ca32327886f26f32d67c2,faad74fec17748b1cb78f694d093b88574a9f517,a8b7006b1ba62905409b22fa73aef5fdfcf264f1096edf678f2680d074c4f2f7,76877c466e8d1b897ae00fca161a3ad5b9b1bdb694d5d32c6b64973e4453800423ed5cf28f058fd24d6be3b7563f63dd5edf96c60b7a8cfc66abc0a1a5795655
thejleague1994,Super Visual Football: European SEGA Club,,1994,34c6b6d2791ca32327886f26f32d67c2,faad74fec17748b1cb78f694d093b88574a9f517,a8b7006b1ba62905409b22fa73aef5fdfcf264f1096edf678f2680d074c4f2f7,76877c466e8d1b897ae00fca161a3ad5b9b1bdb694d5d32c6b64973e4453800423ed5cf28f058fd24d6be3b7563f63dd5edf96c60b7a8cfc66abc0a1a5795655
thejleague1994,Super Visual Football: European SEGA Club,,1994,34c6b6d2791ca32327886f26f32d67c2,faad74fec17748b1cb78f694d093b88574a9f517,a8b7006b1ba62905409b22fa73aef5fdfcf264f1096edf678f2680d074c4f2f7,76877c466e8d1b897ae00fca161a3ad5b9b1bdb694d5d32c6b64973e4453800423ed5cf28f058fd24d6be3b7563f63dd5edf96c60b7a8cfc66abc0a1a5795655
thetougyuu,The Tōgyū,ザ闘牛,1984,1db6fc31c03fdfa4dfa1736f8a4d2b09,63709aa6dee0cd5b5b838b02a59a22aecec60a50,d5bf3a534f974a995bca6f73b1ff43beace922e70efd85fdb27bc4089ca78849,a3fc205e6d2b4ef1fa7387db48158deb56f87f8856314079f07ffd03f75f08173b86b027853342ebaeeb35f017167aaad0114b9f3548a6dea64893e9b4bb9130
thetougyuu,BullFight,,1984,1db6fc31c03fdfa4dfa1736f8a4d2b09,63709aa6dee0cd5b5b838b02a59a22aecec60a50,d5bf3a534f974a995bca6f73b1ff43beace922e70efd85fdb27bc4089ca78849,a3fc205e6d2b4ef1fa7387db48158deb56f87f8856314079f07ffd03f75f08173b86b027853342ebaeeb35f017167aaad0114b9f3548a6dea64893e9b4bb9130
thunderblade,Thunder Blade,,1987-12-18,e52986c8530b07105bf0a9002d8eb534,c0088552b9913f609e9eec38d386846fa8a0a66c,cfd4a06a0c2dabc0cdbac2158b05d193a51c0c27df2dda94f78fa8c8d934dde6,bb271fdb3204761424e3b007d831a667849b3d638f00b7123fa45a085303e636c66a8d5ecb18d64de8e3aa63aba262c06d4a94d3e7064c51fb8016b09a35a532
thunderblade,Thunder Blade (Deluxe),,1988-02,e52986c8530b07105bf0a9002d8eb534,c0088552b9913f609e9eec38d386846fa8a0a66c,cfd4a06a0c2dabc0cdbac2158b05d193a51c0c27df2dda94f78fa8c8d934dde6,bb271fdb3204761424e3b007d831a667849b3d638f00b7123fa45a085303e636c66a8d5ecb18d64de8e3aa63aba262c06d4a94d3e7064c51fb8016b09a35a532
thunderforceac,Thunder Force AC,,1990-12,a8f541d27c437a4dd04a5aaeef846617,fcaf7122f784e0b65072dfb611540ce9623de1f0,bebf7e443d26feacbd09467ee94b561439dc7d673f50da2fafaf44b85f9a5454,f6a43a5d31cc1e2239591a2f56e22ad14c616bec989d724f5d1dec7619e533ea08843e260a797d80bec63afb09d37ed3a865c21d355d15297bf299015c74ae24
thunderforceac,Thunder Force AC,,1990,a8f541d27c437a4dd04a5aaeef846617,fcaf7122f784e0b65072dfb611540ce9623de1f0,bebf7e443d26feacbd09467ee94b561439dc7d673f50da2fafaf44b85f9a5454,f6a43a5d31cc1e2239591a2f56e22ad14c616bec989d724f5d1dec7619e533ea08843e260a797d80bec63afb09d37ed3a865c21d355d15297bf299015c74ae24
thunderforceac,Thunder Force AC,,1990-12,a8f541d27c437a4dd04a5aaeef846617,fcaf7122f784e0b65072dfb611540ce9623de1f0,bebf7e443d26feacbd09467ee94b561439dc7d673f50da2fafaf44b85f9a5454,f6a43a5d31cc1e2239591a2f56e22ad14c616bec989d724f5d1dec7619e533ea08843e260a797d80bec63afb09d37ed3a865c21d355d15297bf299015c74ae24
timescanner,Time Scanner,,1987,427dd85a5c56cf7b3736c8ba1dc85a44,c914fa0c86dea3a66bb7e61f2a9b59968ec4a96a,6b264099bb0c01356ecca03db689fbeab34c9db4aec7eecc416c5727c5c4a510,82574191dcbd32dc9898ed5608818a0c0e63d9eaedd55effbd5f86e8db49a56d2ba59ad2ed853473707d0347eb5aba708f5240636ed0622090ea2104f1b17189
timescanner,Time Scanner,,1987-03-10,427dd85a5c56cf7b3736c8ba1dc85a44,c914fa0c86dea3a66bb7e61f2a9b59968ec4a96a,6b264099bb0c01356ecca03db689fbeab34c9db4aec7eecc416c5727c5c4a510,82574191dcbd32dc9898ed5608818a0c0e63d9eaedd55effbd5f86e8db49a56d2ba59ad2ed853473707d0347eb5aba708f5240636ed0622090ea2104f1b17189
timescanner,Time Scanner,,1987,427dd85a5c56cf7b3736c8ba1dc85a44,c914fa0c86dea3a66bb7e61f2a9b59968ec4a96a,6b264099bb0c01356ecca03db689fbeab34c9db4aec7eecc416c5727c5c4a510,82574191dcbd32dc9898ed5608818a0c0e63d9eaedd55effbd5f86e8db49a56d2ba59ad2ed853473707d0347eb5aba708f5240636ed0622090ea2104f1b17189
titlefight,Title Fight,,1992,29a766913d3cc2f3ac5aa57e6804a5af,a2c6a9f6602651e822aaa116e6ccc9bc7c8bcbcd,0f4ddc74be718f234ba5978cc2a9535978038171794f6073b5422292d0c96038,9f41cc393dd1db926878466d3ff71bb42e714f5b0638f8043ef9bf1a8f2e34b3337ee39352d12ee4a9104510d3808e2a9fab7f39ccfccc3d4114111170998c36
titlefight,Title Fight,,1992,29a766913d3cc2f3ac5aa57e6804a5af,a2c6a9f6602651e822aaa116e6ccc9bc7c8bcbcd,0f4ddc74be718f234ba5978cc2a9535978038171794f6073b5422292d0c96038,9f41cc393dd1db926878466d3ff71bb42e714f5b0638f8043ef9bf1a8f2e34b3337ee39352d12ee4a9104510d3808e2a9fab7f39ccfccc3d4114111170998c36
titlefight,Title Fight,,1992,29a766913d3cc2f3ac5aa57e6804a5af,a2c6a9f6602651e822aaa116e6ccc9bc7c8bcbcd,0f4ddc74be718f234ba5978cc2a9535978038171794f6073b5422292d0c96038,9f41cc393dd1db926878466d3ff71bb42e714f5b0638f8043ef9bf1a8f2e34b3337ee39352d12ee4a9104510d3808e2a9fab7f39ccfccc3d4114111170998c36
tokorosannomahmahjong,Tokoro-san no Mahmahjong,所さんのまーまーじゃん,1992-12,82631c53770035a63e069e88f94cf322,0c100a32085b2097a6a25ad28cee3e822b65f000,e60243377fccd92cb7996ff5066a6d3c68b380c424fa332976603c95e79e8c8a,c3ef31bc80a31662c25305c5262c7fd51bd42a9e863dbcf87abc77a13e01fc8be912715dd1abdb30b1506c6b5ce5de7a786e71c0b0abc33eec713a66e69c316b
tokorosannomahmahjong2,Tokoro-san no Mahmahjong 2: ToKoRo's Cup,所さんのまーまーじゃん ToKoRO'sCup,1994-05,ad367fcd2a02f4b88822f1eb4f0ae61f,baedddf1f33fc697629c77cb57e0c5993298ca4a,82c7036c311c2d6f0763b88479601cfa9f15fefcafd8e78bda4a712a62fc7cd5,f0eefad668ba9cda8ba6bba261ded279ca803b46494211de35af386b79ec63de7eeede7814105f528ea6a99c9ec64522adbd42aee68cf2be0777f705aa1422e4
turbo,Turbo,,1981-10-18,14ce106d00f4e1fb87a0a9edb69c893e,48c5d85a0c096f1bbf472424df93a84f5292b0a7,f3029559f9d7037bbb9d70fa4cd1aa3b45ca3afb1b5e6e005d4ff3bba8857f77,78da7a6f3f2e04a885a37cb930f4439d711425e91d327cf7916c04473769ef685660583cec07762bacca127f98a63e1f5c5472dc677c111e918182e5008d7224
turbo,Turbo,,1981,14ce106d00f4e1fb87a0a9edb69c893e,48c5d85a0c096f1bbf472424df93a84f5292b0a7,f3029559f9d7037bbb9d70fa4cd1aa3b45ca3afb1b5e6e005d4ff3bba8857f77,78da7a6f3f2e04a885a37cb930f4439d711425e91d327cf7916c04473769ef685660583cec07762bacca127f98a63e1f5c5472dc677c111e918182e5008d7224
turbo,Turbo,,1981,14ce106d00f4e1fb87a0a9edb69c893e,48c5d85a0c096f1bbf472424df93a84f5292b0a7,f3029559f9d7037bbb9d70fa4cd1aa3b45ca3afb1b5e6e005d4ff3bba8857f77,78da7a6f3f2e04a885a37cb930f4439d711425e91d327cf7916c04473769ef685660583cec07762bacca127f98a63e1f5c5472dc677c111e918182e5008d7224
turbo,Turbo,,1981,14ce106d00f4e1fb87a0a9edb69c893e,48c5d85a0c096f1bbf472424df93a84f5292b0a7,f3029559f9d7037bbb9d70fa4cd1aa3b45ca3afb1b5e6e005d4ff3bba8857f77,78da7a6f3f2e04a885a37cb930f4439d711425e91d327cf7916c04473769ef685660583cec07762bacca127f98a63e1f5c5472dc677c111e918182e5008d7224
turbo,Turbo,,1981,14ce106d00f4e1fb87a0a9edb69c893e,48c5d85a0c096f1bbf472424df93a84f5292b0a7,f3029559f9d7037bbb9d70fa4cd1aa3b45ca3afb1b5e6e005d4ff3bba8857f77,78da7a6f3f2e04a885a37cb930f4439d711425e91d327cf7916c04473769ef685660583cec07762bacca127f98a63e1f5c5472dc677c111e918182e5008d7224
turbo,Turbo,,1981,14ce106d00f4e1fb87a0a9edb69c893e,48c5d85a0c096f1bbf472424df93a84f5292b0a7,f3029559f9d7037bbb9d70fa4cd1aa3b45ca3afb1b5e6e005d4ff3bba8857f77,78da7a6f3f2e04a885a37cb930f4439d711425e91d327cf7916c04473769ef685660583cec07762bacca127f98a63e1f5c5472dc677c111e918182e5008d7224
turbo,Indianapolis,,1981,14ce106d00f4e1fb87a0a9edb69c893e,48c5d85a0c096f1bbf472424df93a84f5292b0a7,f3029559f9d7037bbb9d70fa4cd1aa3b45ca3afb1b5e6e005d4ff3bba8857f77,78da7a6f3f2e04a885a37cb930f4439d711425e91d327cf7916c04473769ef685660583cec07762bacca127f98a63e1f5c5472dc677c111e918182e5008d7224
turbooutrun,Turbo OutRun,,1989-02-11,9e91053e185d887c49fe93e302a7e915,e7b38c6b5bbe8fd04e63f19f4f1e68d49af7a30e,ddbdfd36760e538cbc0c9b27e7782e96090524a6e2b50da99e6468273d601655,634d79212ba8ce928608456ac36b087ffcd3ed31f0ea4a56629d0f0ebd447adbc478c2147570cde72dbceb6d8a6b4a80f901e28cfbbe5023fc409adc9a786f18
turbooutrun,Turbo OutRun (Upgrade),,1989-02-11,9e91053e185d887c49fe93e302a7e915,e7b38c6b5bbe8fd04e63f19f4f1e68d49af7a30e,ddbdfd36760e538cbc0c9b27e7782e96090524a6e2b50da99e6468273d601655,634d79212ba8ce928608456ac36b087ffcd3ed31f0ea4a56629d0f0ebd447adbc478c2147570cde72dbceb6d8a6b4a80f901e28cfbbe5023fc409adc9a786f18
turbooutrun,Turbo OutRun (Deluxe),,1989,9e91053e185d887c49fe93e302a7e915,e7b38c6b5bbe8fd04e63f19f4f1e68d49af7a30e,ddbdfd36760e538cbc0c9b27e7782e96090524a6e2b50da99e6468273d601655,634d79212ba8ce928608456ac36b087ffcd3ed31f0ea4a56629d0f0ebd447adbc478c2147570cde72dbceb6d8a6b4a80f901e28cfbbe5023fc409adc9a786f18
turbooutrun,Turbo OutRun,,1989,9e91053e185d887c49fe93e302a7e915,e7b38c6b5bbe8fd04e63f19f4f1e68d49af7a30e,ddbdfd36760e538cbc0c9b27e7782e96090524a6e2b50da99e6468273d601655,634d79212ba8ce928608456ac36b087ffcd3ed31f0ea4a56629d0f0ebd447adbc478c2147570cde72dbceb6d8a6b4a80f901e28cfbbe5023fc409adc9a786f18
turbooutrun,Turbo OutRun,,1989,9e91053e185d887c49fe93e302a7e915,e7b38c6b5bbe8fd04e63f19f4f1e68d49af7a30e,ddbdfd36760e538cbc0c9b27e7782e96090524a6e2b50da99e6468273d601655,634d79212ba8ce928608456ac36b087ffcd3ed31f0ea4a56629d0f0ebd447adbc478c2147570cde72dbceb6d8a6b4a80f901e28cfbbe5023fc409adc9a786f18
turbooutrun,Turbo OutRun (Upgrade),,1989,9e91053e185d887c49fe93e302a7e915,e7b38c6b5bbe8fd04e63f19f4f1e68d49af7a30e,ddbdfd36760e538cbc0c9b27e7782e96090524a6e2b50da99e6468273d601655,634d79212ba8ce928608456ac36b087ffcd3ed31f0ea4a56629d0f0ebd447adbc478c2147570cde72dbceb6d8a6b4a80f901e28cfbbe5023fc409adc9a786f18
toughturf,Tough Turf,,1989-01,39f402945b1744fad9e4d0f3a536d07c,e5800df81bdcebed0a4448d7b4ef73ba7392fc06,1f80c5d1b646faa6e699ef90137b93c9cd7132081bd03961a1762670d81c4a94,c6305f5cc5657e4da8b6c08b2ea9dc87325ddf4370b661d1dac06070b959b1b31ada1b60ceb701e8ae26e47fd07a05ea3865db4b92eb45c0be79304ce05a8b39
toughturf,Tough Turf,,1989,39f402945b1744fad9e4d0f3a536d07c,e5800df81bdcebed0a4448d7b4ef73ba7392fc06,1f80c5d1b646faa6e699ef90137b93c9cd7132081bd03961a1762670d81c4a94,c6305f5cc5657e4da8b6c08b2ea9dc87325ddf4370b661d1dac06070b959b1b31ada1b60ceb701e8ae26e47fd07a05ea3865db4b92eb45c0be79304ce05a8b39
twinsquash,Twin Squash,,1991,72a416f693432509a0ddedbe7a14c692,fcc3ea46d912e5bd495424abd77fb84475c26562,796ba6373ad0a6a1c4753759546d8a2bcf350e1076d4fab1dde43dc0d3a17e99,082d44ca4077d3451d18e7e346945c61ffbfd6cec2efa708ee63f7ce31d4c9b04d8a9095aa9acdf7a5af214495bd9128101b3249d4cc8cdb6c0df5d853b9fa5c
ufosenshiyoukochan,UFO Senshi Yōko-chan,UFO戦士 ようこちゃん,1988-06,d0f0466509135ee78cdf258ff40913fa,128acc1bc8f9142986406272f18e09e5ecc2d9d1,565ab56ff0caaec81763f66dcd952cb8add91f308ebdad1c1ee7d4329eb4f5fd,dd0b8489e86607354ad415194288c8b48fde4cf666ee883008708fbdb586ba2825f0c9698abbe08e064561bf62bb20d25339dfd1afbc4ca3ae7fe1833d482abb
ufosenshiyoukochan,UFO Senshi Yōko-chan,UFO戦士 ようこちゃん,1988,d0f0466509135ee78cdf258ff40913fa,128acc1bc8f9142986406272f18e09e5ecc2d9d1,565ab56ff0caaec81763f66dcd952cb8add91f308ebdad1c1ee7d4329eb4f5fd,dd0b8489e86607354ad415194288c8b48fde4cf666ee883008708fbdb586ba2825f0c9698abbe08e064561bf62bb20d25339dfd1afbc4ca3ae7fe1833d482abb
upndown,Up'n Down,,1983-09,6b93cb3200e5a8b09f6a8ca1f37d8e49,76698c100efd6a84a1045abe8981cee27aea7e32,853887f497b49d7a652513dc3e0445126ae5780a9b5443cfaa06a565a64ef46b,71757d899a9583552cdbbb24a2e6e0f0fb549cfaf5202924f8e4276fe617f0d74665804c412be4339d1b4bb0a103bcfb38f922a61f34d40eebdaa4b1e44bb740
upndown,Up'n Down,,1983,6b93cb3200e5a8b09f6a8ca1f37d8e49,76698c100efd6a84a1045abe8981cee27aea7e32,853887f497b49d7a652513dc3e0445126ae5780a9b5443cfaa06a565a64ef46b,71757d899a9583552cdbbb24a2e6e0f0fb549cfaf5202924f8e4276fe617f0d74665804c412be4339d1b4bb0a103bcfb38f922a61f34d40eebdaa4b1e44bb740
virtuafighterkids,Virtua Fighter Kids,,1996-03-19,d580a83247e3e571af72d6c5734efa0b,3f7e193c4764cf063a0c532b2f017ebe1575612f,c915acbb6e67ed0b560b4ca752410f6ed05d9060a9e1bc5500c74fe23654cb21,e0f37427d1b19ae561b6f4ad8d0b2554999e19b714ebbec25e12c9e48bd804bb3a44d4d14503a2f3ea8210935e3f75af0f2c6787fce9f5cb4214888e7a3c050f
virtuafighterremix,Virtua Fighter Remix,,1995-04-28,8e0c28202242f69f64928b2d786bd86f,9fea35a65264c3a512b463e9333b53a3db8a4eb9,e9b8a2fc47ee5e559cdc10e2e227fd5fe4fe47d88acbc4af81e69c4d3811274e,225115b89af919c65e9f910ab9ad97b5ac5b0583cded94360d8fbe9ae5417699ddb2c2786b0a95b465df6ed0f7769adfc208d77d44507c3324e6b207e3fc3b06
virtualmahjong,Virtual Mahjong,Virtual 麻雀,1996-12-14,51489427317327442d4bbeb725c05573,412393547f654453baf370d9108d22aa18808b08,b374fad6ac87d0c4a55970869cfeec565eeead09bea999766d6c28f5cd3f1880,bc88a5fd30934e1ba0ee2981970aafb88c607a25126ffb2ba5c15b42946289b96cb01d81d6618779311574527e539835ca991e68ac016701310cf9bba81b502a
wakuwakuanpanman,Waku Waku Anpanman,わくわくアンパンマン,1991,b4105325e5a693447a66f8b8592b31f1,1db3c7983629fd5d5d152d852f11b4834c92ff8b,4479cd6573f4a6528d2acc3dfe7b9727b60db5af46f9103f998b7063f0710b82,018a6d7f75ebbbb4528a00c1145969697a7240d84669250d5cd479310026246e8a6e40c55558c0a56a167a59825402f3519bbf946e9cfedba5b7564494bcf696
wakuwakumarine,Waku Waku Marine: Umi no Bōken,わくわくマリン うみのぼうけん,1992-10,6870c0463c8f0e1f65e836a6ccf63564,8a204583e3ee1f25f0ac7a16a22d7eaafc3392ea,6dbeaa226c944fc9c655a59c59b4d07402457cb7fd0bc5bbd87acf511a50a3d1,38729a9983befeb16eebd4ced5f162f7d460443f7747090982dc0bf2f15899fcea54a86a865341fad8799783e2866e66b6de0411b20ebef1f2f1bc1b0a75b24a
wakuwakuultramanracing,Waku Waku Ultraman Racing,わくわくウルトラマンレーシング,1996,7f8402191c7bf81f95def4194b7da6ea,fafb7be4126beeec832fe142c181cc82faed0348,37ba1fae1590290004072a973e447efa3c5628587ea6d7260e6d06d1e557eaa4,556c32df65632b95940d2de6d917fac8de37d51019125ea443c390cd557c13ca16f5d87af9318658878e168374af24ad197017a867497d60f90ccc5bac341080
wakuwakushinkansen,Waku Waku Shinkansen,わくわく新幹線,1997-11,,,,
wakuwakusonicpatrolcar,Waku Waku Sonic Patrol Car (Harinezumi Sonic no Omawari-san),わくわくソニックパトカー (はりねずみ ソニックのおまわりさん),1991,2d961721af01c03cc5486094228790e3,c1914d2a849cae10f8d195986fe14bb89f098264,30f6ff5c7fbc75abc9aab79eebbf65ed258440118f3b632d0ef7432b3c49e5f4,d6d93c4be910bf54b8f26c06cd58f975801920b51f97ec18226289377860eecac351dd79d664cdf742da786716d9f080390a71fa156e0766c191edcad6303f61
wallywosagase,Wally wo Sagase!,ウォーリーをさがせ!,1992-06,4a9061b1f2d85428fb3fe2e5d36caa44,008290ab47c22127bd185250002c423d567926d5,a123f5a2687d3da4e396686a763fa214015a6756e30b87a4a63b3b3f5f4852b9,faefc576e241f5ec2eab80c3a8f6e74297032b9a845d94d202feda1d06d6505fc3195de2e6e16a045cd0b4c0691efd26907ada77446b1977cc87fe1817371760
wallywosagase,Wally wo Sagase!,ウォーリーをさがせ!,1992,4a9061b1f2d85428fb3fe2e5d36caa44,008290ab47c22127bd185250002c423d567926d5,a123f5a2687d3da4e396686a763fa214015a6756e30b87a4a63b3b3f5f4852b9,faefc576e241f5ec2eab80c3a8f6e74297032b9a845d94d202feda1d06d6505fc3195de2e6e16a045cd0b4c0691efd26907ada77446b1977cc87fe1817371760
wallywosagase,Wally wo Sagase!,ウォーリーをさがせ!,1992,4a9061b1f2d85428fb3fe2e5d36caa44,008290ab47c22127bd185250002c423d567926d5,a123f5a2687d3da4e396686a763fa214015a6756e30b87a4a63b3b3f5f4852b9,faefc576e241f5ec2eab80c3a8f6e74297032b9a845d94d202feda1d06d6505fc3195de2e6e16a045cd0b4c0691efd26907ada77446b1977cc87fe1817371760
wanpakusafari,Wanpaku Safari,わんぱくサファリ,1998-11-09,cce8cba3ef6f963d94396bd81f05ab6a,8cce486c065c8810a7be79eada9293ec9b47995c,6e07522cbf11269b1d9ebbc0021b7b9ec172c728dc38b5e039b97400f78df2e4,d227095a0a506291ca74a97f9c9ce48abe9b124f501f36076a418ef0a911accf0d36a6d50e66fec738fbbb3bc827cf0540019dbf6e38dded01e49b044190ef56
watermatch,Water Match,,1984-07,711b73ed8cf71c4d4dfd6d0dda2835fa,6a4703c48d92c7bcff51f351c8f7a638ea6ce82e,bd5a91c330c1f5ad87558b90575067de911980810768c9574d8a25404f5ec305,695e32c8afcb19162f1eefebb7d2882a475c481d4ea268d47c9ff614a2249eeb439fdbc89768e2619cdecf5a507c44d11c3cb6e4097aca04586f4c2897371741
winterheat,Winter Heat,,1997-10-12,802af67e3161d8fd999bee6573ed362f,f99b44df73301b28fe372fa84402e3af8c78afa9,b01611996a835b22e963488c13ec03da2fcdae07582ac8c57f87f65bb9ff0e64,67744e3d5f4ce46454912ae24af42403ca4125fb6eb474bbec4cb81766de1e3ad261a77e8813d2fedd08a3108330fb63f48ecdf0bf9393d209a003f2114c40e0
wonderboy,Wonder Boy,,1986-04-21,7695787dda869635b72508a69e3b284e,eb2aec8378ccc5436d766c98b9f7c0cb8cc66583,d5eb6df0da1bd76aeb69688608af12258d3a4edb32bab918e66263e4985b104d,67a78bd8fd2db56c9f3f9f19e24b5bfab48bd3e8a7f1e3063e0210b4eb5f29e88a25e484fc8b2f7a81ee1bc645338e2ee4e9bd11c141d0e075cd41d2986b3a31
wonderboy,Wonder Boy,,1986,7695787dda869635b72508a69e3b284e,eb2aec8378ccc5436d766c98b9f7c0cb8cc66583,d5eb6df0da1bd76aeb69688608af12258d3a4edb32bab918e66263e4985b104d,67a78bd8fd2db56c9f3f9f19e24b5bfab48bd3e8a7f1e3063e0210b4eb5f29e88a25e484fc8b2f7a81ee1bc645338e2ee4e9bd11c141d0e075cd41d2986b3a31
wonderboy,Wonder Boy,,1986,7695787dda869635b72508a69e3b284e,eb2aec8378ccc5436d766c98b9f7c0cb8cc66583,d5eb6df0da1bd76aeb69688608af12258d3a4edb32bab918e66263e4985b104d,67a78bd8fd2db56c9f3f9f19e24b5bfab48bd3e8a7f1e3063e0210b4eb5f29e88a25e484fc8b2f7a81ee1bc645338e2ee4e9bd11c141d0e075cd41d2986b3a31
wonderboy,Wonder Boy,,1986,7695787dda869635b72508a69e3b284e,eb2aec8378ccc5436d766c98b9f7c0cb8cc66583,d5eb6df0da1bd76aeb69688608af12258d3a4edb32bab918e66263e4985b104d,67a78bd8fd2db56c9f3f9f19e24b5bfab48bd3e8a7f1e3063e0210b4eb5f29e88a25e484fc8b2f7a81ee1bc645338e2ee4e9bd11c141d0e075cd41d2986b3a31
wonderboy,Wonder Boy,,1986,7695787dda869635b72508a69e3b284e,eb2aec8378ccc5436d766c98b9f7c0cb8cc66583,d5eb6df0da1bd76aeb69688608af12258d3a4edb32bab918e66263e4985b104d,67a78bd8fd2db56c9f3f9f19e24b5bfab48bd3e8a7f1e3063e0210b4eb5f29e88a25e484fc8b2f7a81ee1bc645338e2ee4e9bd11c141d0e075cd41d2986b3a31
wonderboy,Wonder Boy,,1986,7695787dda869635b72508a69e3b284e,eb2aec8378ccc5436d766c98b9f7c0cb8cc66583,d5eb6df0da1bd76aeb69688608af12258d3a4edb32bab918e66263e4985b104d,67a78bd8fd2db56c9f3f9f19e24b5bfab48bd3e8a7f1e3063e0210b4eb5f29e88a25e484fc8b2f7a81ee1bc645338e2ee4e9bd11c141d0e075cd41d2986b3a31
wonderboymonsterland,Wonder Boy: Monster Land,Wonder Boy モンスターランド,1987-07,6f652fa20974916ca962e364b99c6ad0,691cbb85ee4b5a8efc18c2cf28a7939532bacd69,8035edcf2780ef571ebf86159619997487d234a42a600d2d42bc8ec43b91899b,7bffe1def99af3edd62d56a5aab4a24b3c14b3586183f85e61febc7cfeb76016ca0c3218c1cc5c502e5d2a81602aa7cd107faaa3eec8d54b5607d2f967818ebe
wonderboymonsterland,Wonder Boy: Monster Land,Wonder Boy モンスターランド,1987,6f652fa20974916ca962e364b99c6ad0,691cbb85ee4b5a8efc18c2cf28a7939532bacd69,8035edcf2780ef571ebf86159619997487d234a42a600d2d42bc8ec43b91899b,7bffe1def99af3edd62d56a5aab4a24b3c14b3586183f85e61febc7cfeb76016ca0c3218c1cc5c502e5d2a81602aa7cd107faaa3eec8d54b5607d2f967818ebe
wonderboymonsterland,Wonder Boy: Monster Land,,2012-05-10,6f652fa20974916ca962e364b99c6ad0,691cbb85ee4b5a8efc18c2cf28a7939532bacd69,8035edcf2780ef571ebf86159619997487d234a42a600d2d42bc8ec43b91899b,7bffe1def99af3edd62d56a5aab4a24b3c14b3586183f85e61febc7cfeb76016ca0c3218c1cc5c502e5d2a81602aa7cd107faaa3eec8d54b5607d2f967818ebe
wonderboy3monsterlair,Wonder Boy III: Monster Lair,,1988-11,045a9116c9cf7a06631970dc747396ea,38e6ac577a7dcbe497d5a87feff09e471b3c3559,86064cd37ae0a3b5bb0e9d65693240ae6d62e698bc0614b28ea8c823fd12f1fa,9a9dbb0795423968c3763fc2c39da7cb8ae11f28bd15836aeaaee5a95546d0b3fafc882ec1b63624aeae4d8fb3abae39e1c3248f9c760c68ef0ada478c4b6da9
wonderboy3monsterlair,Wonder Boy III: Monster Lair,,1988-11,045a9116c9cf7a06631970dc747396ea,38e6ac577a7dcbe497d5a87feff09e471b3c3559,86064cd37ae0a3b5bb0e9d65693240ae6d62e698bc0614b28ea8c823fd12f1fa,9a9dbb0795423968c3763fc2c39da7cb8ae11f28bd15836aeaaee5a95546d0b3fafc882ec1b63624aeae4d8fb3abae39e1c3248f9c760c68ef0ada478c4b6da9
wonderboy3monsterlair,Wonder Boy III: Monster Lair,,1988,045a9116c9cf7a06631970dc747396ea,38e6ac577a7dcbe497d5a87feff09e471b3c3559,86064cd37ae0a3b5bb0e9d65693240ae6d62e698bc0614b28ea8c823fd12f1fa,9a9dbb0795423968c3763fc2c39da7cb8ae11f28bd15836aeaaee5a95546d0b3fafc882ec1b63624aeae4d8fb3abae39e1c3248f9c760c68ef0ada478c4b6da9
wonderboy3monsterlair,Wonder Boy III: Monster Lair,,1988,045a9116c9cf7a06631970dc747396ea,38e6ac577a7dcbe497d5a87feff09e471b3c3559,86064cd37ae0a3b5bb0e9d65693240ae6d62e698bc0614b28ea8c823fd12f1fa,9a9dbb0795423968c3763fc2c39da7cb8ae11f28bd15836aeaaee5a95546d0b3fafc882ec1b63624aeae4d8fb3abae39e1c3248f9c760c68ef0ada478c4b6da9
wonderboy3monsterlair,Wonder Boy III: Monster Lair,,1988,045a9116c9cf7a06631970dc747396ea,38e6ac577a7dcbe497d5a87feff09e471b3c3559,86064cd37ae0a3b5bb0e9d65693240ae6d62e698bc0614b28ea8c823fd12f1fa,9a9dbb0795423968c3763fc2c39da7cb8ae11f28bd15836aeaaee5a95546d0b3fafc882ec1b63624aeae4d8fb3abae39e1c3248f9c760c68ef0ada478c4b6da9
wonderboy3monsterlair,Wonder Boy III: Monster Lair,,1988,045a9116c9cf7a06631970dc747396ea,38e6ac577a7dcbe497d5a87feff09e471b3c3559,86064cd37ae0a3b5bb0e9d65693240ae6d62e698bc0614b28ea8c823fd12f1fa,9a9dbb0795423968c3763fc2c39da7cb8ae11f28bd15836aeaaee5a95546d0b3fafc882ec1b63624aeae4d8fb3abae39e1c3248f9c760c68ef0ada478c4b6da9
wrestlewar,Wrestle War,,1989-02,bfb52f4182f5c39abc325d1f9921d3b5,3bec027a98e4ce6246da6068c0b48774012e1e95,e64d7549fd858f8d269c1076b294e483a50cd5725cd230d3293e56185695c36d,a565e84b0ad5a779b9f7f0577ed4125ff9a7259f8db8a268d89b9768cbb23d1b05dc753f7cb90e36c788039d11e30da8a5eec5f127bb467862cdbe6e1df0eb70
wrestlewar,Wrestle War,,1989,bfb52f4182f5c39abc325d1f9921d3b5,3bec027a98e4ce6246da6068c0b48774012e1e95,e64d7549fd858f8d269c1076b294e483a50cd5725cd230d3293e56185695c36d,a565e84b0ad5a779b9f7f0577ed4125ff9a7259f8db8a268d89b9768cbb23d1b05dc753f7cb90e36c788039d11e30da8a5eec5f127bb467862cdbe6e1df0eb70
wrestlewar,Wrestle War,,1989,bfb52f4182f5c39abc325d1f9921d3b5,3bec027a98e4ce6246da6068c0b48774012e1e95,e64d7549fd858f8d269c1076b294e483a50cd5725cd230d3293e56185695c36d,a565e84b0ad5a779b9f7f0577ed4125ff9a7259f8db8a268d89b9768cbb23d1b05dc753f7cb90e36c788039d11e30da8a5eec5f127bb467862cdbe6e1df0eb70
yattermanplus,Yatterman Plus,ヤッターマン プラス,1998-10-06,1fbbca289e31fef43e300df5f2e38958,ddd8cee0026b4b02b56d5f0fd010acebe10e0ad3,2c265d0cc34c1f210fa0f808b580190e9d5d61de39bbb9c87bad046cf8c5e989,c9acaee78af14e295c8a5513ad59dd879093014b86cc36479b71a0d21a31fb0df4e9d9714d6369505576dbc58caef17153e25a48ea5011bd2c8dc8be22a8d5bc
zaxxon,Zaxxon,,1982,28a5d494ae74bc4a13e0034d3fa858d8,89808904af001b29f82fbc0d3b38c316bd89eeb1,964828f2cbad8df034ffe5ea719959735e2801937607fdf0610150eb9250351e,966a9cb00942e6cc70001cf897bc16271afcfc8ea37d392d669e8167b200039bf185d32502e1f050397623e395c785b97de66191ffdca2c0bcb643a49df77c52
zennihonprowresfeaturingvirtua,Zen Nihon ProWres Featuring Virtua,全日本プロレス Featuring Virtua: All Japan Pro Wrestling,1997-11-23,fbf5fbb5ffc2c33eb0b6d053b7999c5b,aa2bf0c107152a6fe9756b356adbc7a301b8d822,2d8cbcfc1fd59158835fc7a41d8b2a47b909c7b2b54c8e59a921001b5718a332,15da05955192bed72955ce167b3f94a2ce57e545686d79dc5b701d3edd0f170af397c065375a438ed66659cee544872dbbed7f368392bb5f9ad9efb400b61b20
zennihonprowresfeaturingvirtua,All Japan Pro-Wrestling Featuring Virtua,,1997-11-23,fbf5fbb5ffc2c33eb0b6d053b7999c5b,aa2bf0c107152a6fe9756b356adbc7a301b8d822,2d8cbcfc1fd59158835fc7a41d8b2a47b909c7b2b54c8e59a921001b5718a332,15da05955192bed72955ce167b3f94a2ce57e545686d79dc5b701d3edd0f170af397c065375a438ed66659cee544872dbbed7f368392bb5f9ad9efb400b61b20
zenkokuseifukubishoujograndprixfindlove,Zenkoku Seifuku Bishōjo Grand-Prix: Find Love,全国制服美少女グランプリ Find Love ファインドラブ,1997-12-12,57e71d9036087beda027592bd9dc83e3,e54d25db6454304dcace5c7c91a19bdca4e40eb3,10c4846c39189b98109a5b8d0ea4e43c2732cd7c5ce48e44dbe597e58d299da7,516aa961225e55941aaf4eed024b6c6906ef82bf83398649f097b9b8a5066a74eda0536ae855ebce9c0518a9099d861c06300644a097da76ef1e04979c9863b0
zoom909,Zoom 909,,1982-11-30,dceb48c483f667b02fb9c2b892698e9d,bef7c006f4b6b24eb9fa28e58fc0712f6f9d79cf,76d5fa5fcfa4b17938c6323988d0ad0ae40ef48609f67b55a45e378697080024,ad2cdd75a350c882eb0bdf9eb918068756c5b9308fb04b22eac452e8aff4cab736b6c7e4640ec3bc269ceeb567f26b102a272a2d4a8b76e8bbeee3a67d369b0a
zoom909,Buck Rogers: Planet of Zoom,,1982-11-30,dceb48c483f667b02fb9c2b892698e9d,bef7c006f4b6b24eb9fa28e58fc0712f6f9d79cf,76d5fa5fcfa4b17938c6323988d0ad0ae40ef48609f67b55a45e378697080024,ad2cdd75a350c882eb0bdf9eb918068756c5b9308fb04b22eac452e8aff4cab736b6c7e4640ec3bc269ceeb567f26b102a272a2d4a8b76e8bbeee3a67d369b0a
zoom909,Buck Rogers: Planet of Zoom,,1982-11-30,dceb48c483f667b02fb9c2b892698e9d,bef7c006f4b6b24eb9fa28e58fc0712f6f9d79cf,76d5fa5fcfa4b17938c6323988d0ad0ae40ef48609f67b55a45e378697080024,ad2cdd75a350c882eb0bdf9eb918068756c5b9308fb04b22eac452e8aff4cab736b6c7e4640ec3bc269ceeb567f26b102a272a2d4a8b76e8bbeee3a67d369b0a
zoom909,Buck Rogers: Planet of Zoom,,1982-11-30,dceb48c483f667b02fb9c2b892698e9d,bef7c006f4b6b24eb9fa28e58fc0712f6f9d79cf,76d5fa5fcfa4b17938c6323988d0ad0ae40ef48609f67b55a45e378697080024,ad2cdd75a350c882eb0bdf9eb918068756c5b9308fb04b22eac452e8aff4cab736b6c7e4640ec3bc269ceeb567f26b102a272a2d4a8b76e8bbeee3a67d369b0a
zunzunkyounoyabou,Zunzunkyō no Yabō,ずんずん教の野望,1994-08,9d4f6d8e407952fc076214152b92ada3,ca26857672fbfced1719ac995f381b31f9350c00,fdde141d9c123f4e87135ebddcc28585301d419ba81e7eda2c55669addec9553,539dbbf727e430125ea21e826bc098807decc3e123d5a988acf3395155339d43b2c608a5b63ce8207e3e8420afeec9625af5e1c872c9ac1324f5a8682740200d
